Model,Step,Method,Bin_ID,Feature_Value
124M,23000,Frequency,0,2.381438732147217
124M,23000,Frequency,1,2.2982006072998047
124M,23000,Frequency,2,2.2178852558135986
124M,23000,Frequency,3,2.1448557376861572
124M,23000,Frequency,4,2.071800947189331
124M,23000,Frequency,5,2.008706569671631
124M,23000,Frequency,6,1.942885160446167
124M,23000,Frequency,7,1.8810391426086426
124M,23000,Frequency,8,1.8202943801879883
124M,23000,Frequency,9,1.7647087574005127
124M,23000,Frequency,10,1.7174710035324097
124M,23000,Frequency,11,1.6743061542510986
124M,23000,Frequency,12,1.6164077520370483
124M,23000,Frequency,13,1.5750312805175781
124M,23000,Frequency,14,1.5196410417556763
124M,23000,Frequency,15,1.5034198760986328
124M,23000,Frequency,16,1.46225905418396
124M,23000,Frequency,17,1.4282636642456055
124M,23000,Frequency,18,1.3780051469802856
124M,23000,Frequency,19,1.36661696434021
124M,23000,Frequency,20,1.3289660215377808
124M,23000,Frequency,21,1.2809231281280518
124M,23000,Frequency,22,1.277466058731079
124M,23000,Frequency,23,1.2376855611801147
124M,23000,Frequency,24,1.2056273221969604
124M,23000,Frequency,25,1.1807825565338135
124M,23000,Frequency,26,1.1566269397735596
124M,23000,Frequency,27,1.128522515296936
124M,23000,Frequency,28,1.103602647781372
124M,23000,Frequency,29,1.0724018812179565
124M,23000,Frequency,30,1.0454702377319336
124M,23000,Frequency,31,1.0068532228469849
124M,23000,Frequency,32,0.9872974753379822
124M,23000,Frequency,33,0.9406107068061829
124M,23000,Frequency,34,0.9082448482513428
124M,23000,Frequency,35,0.8704374432563782
124M,23000,Frequency,36,0.8323317170143127
124M,23000,Frequency,37,0.7820638418197632
124M,23000,Frequency,38,0.7433925271034241
124M,23000,Frequency,39,0.6901519894599915
124M,23000,Frequency,40,0.649134635925293
124M,23000,Frequency,41,0.6147043108940125
124M,23000,Frequency,42,0.5903156995773315
124M,23000,Frequency,43,0.5723751187324524
124M,23000,Frequency,44,0.5685052275657654
124M,23000,Random,0,1.331434965133667
124M,23000,Random,1,1.3487064838409424
124M,23000,Random,2,1.3636877536773682
124M,23000,Random,3,1.348156213760376
124M,23000,Random,4,1.3392351865768433
124M,23000,Random,5,1.3379029035568237
124M,23000,Random,6,1.3139349222183228
124M,23000,Random,7,1.3166570663452148
124M,23000,Random,8,1.333922266960144
124M,23000,Random,9,1.3098249435424805
124M,23000,Random,10,1.315757155418396
124M,23000,Random,11,1.3344074487686157
124M,23000,Random,12,1.3305573463439941
124M,23000,Random,13,1.338202953338623
124M,23000,Random,14,1.3541799783706665
124M,23000,Random,15,1.290949821472168
124M,23000,Random,16,1.3420771360397339
124M,23000,Random,17,1.3225922584533691
124M,23000,Random,18,1.3624743223190308
124M,23000,Random,19,1.3191893100738525
124M,23000,Random,20,1.3478089570999146
124M,23000,Random,21,1.3563894033432007
124M,23000,Random,22,1.310689926147461
124M,23000,Random,23,1.3525725603103638
124M,23000,Random,24,1.3738210201263428
124M,23000,Random,25,1.3295104503631592
124M,23000,Random,26,1.3341037034988403
124M,23000,Random,27,1.3409085273742676
124M,23000,Random,28,1.3409597873687744
124M,23000,Random,29,1.3361350297927856
124M,23000,Random,30,1.3263550996780396
124M,23000,Random,31,1.34685218334198
124M,23000,Random,32,1.3472028970718384
124M,23000,Random,33,1.3317890167236328
124M,23000,Random,34,1.343797206878662
124M,23000,Random,35,1.3410180807113647
124M,23000,Random,36,1.320265293121338
124M,23000,Random,37,1.3442062139511108
124M,23000,Random,38,1.3076448440551758
124M,23000,Random,39,1.3443822860717773
124M,23000,Random,40,1.3378520011901855
124M,23000,Random,41,1.3301222324371338
124M,23000,Random,42,1.3505022525787354
124M,23000,Random,43,1.3369816541671753
124M,23000,Random,44,1.3456310033798218
124M,23000,Stat,Mean,1.2426005601882935
124M,23000,Stat,Std,0.5518159866333008
124M,23000,Stat,Max,2.884148359298706
124M,23500,Frequency,0,2.4038567543029785
124M,23500,Frequency,1,2.3220455646514893
124M,23500,Frequency,2,2.240274667739868
124M,23500,Frequency,3,2.166285753250122
124M,23500,Frequency,4,2.092378854751587
124M,23500,Frequency,5,2.0289313793182373
124M,23500,Frequency,6,1.9631325006484985
124M,23500,Frequency,7,1.9001929759979248
124M,23500,Frequency,8,1.838665246963501
124M,23500,Frequency,9,1.782015323638916
124M,23500,Frequency,10,1.7345441579818726
124M,23500,Frequency,11,1.6914751529693604
124M,23500,Frequency,12,1.6318955421447754
124M,23500,Frequency,13,1.5904124975204468
124M,23500,Frequency,14,1.5339710712432861
124M,23500,Frequency,15,1.517886757850647
124M,23500,Frequency,16,1.4760127067565918
124M,23500,Frequency,17,1.4414706230163574
124M,23500,Frequency,18,1.3901772499084473
124M,23500,Frequency,19,1.3790251016616821
124M,23500,Frequency,20,1.3410080671310425
124M,23500,Frequency,21,1.2931371927261353
124M,23500,Frequency,22,1.289562702178955
124M,23500,Frequency,23,1.2489131689071655
124M,23500,Frequency,24,1.216795563697815
124M,23500,Frequency,25,1.1910685300827026
124M,23500,Frequency,26,1.1668424606323242
124M,23500,Frequency,27,1.1386401653289795
124M,23500,Frequency,28,1.112493872642517
124M,23500,Frequency,29,1.0812804698944092
124M,23500,Frequency,30,1.054245948791504
124M,23500,Frequency,31,1.0148876905441284
124M,23500,Frequency,32,0.9947909116744995
124M,23500,Frequency,33,0.9474033713340759
124M,23500,Frequency,34,0.9142782688140869
124M,23500,Frequency,35,0.8763031363487244
124M,23500,Frequency,36,0.8375685811042786
124M,23500,Frequency,37,0.7862601280212402
124M,23500,Frequency,38,0.747366189956665
124M,23500,Frequency,39,0.6928830146789551
124M,23500,Frequency,40,0.650908350944519
124M,23500,Frequency,41,0.6158981919288635
124M,23500,Frequency,42,0.5910547375679016
124M,23500,Frequency,43,0.5726907849311829
124M,23500,Frequency,44,0.5685963034629822
124M,23500,Random,0,1.343498706817627
124M,23500,Random,1,1.3607285022735596
124M,23500,Random,2,1.3753513097763062
124M,23500,Random,3,1.3601758480072021
124M,23500,Random,4,1.3515517711639404
124M,23500,Random,5,1.3496737480163574
124M,23500,Random,6,1.3257685899734497
124M,23500,Random,7,1.3278580904006958
124M,23500,Random,8,1.3455557823181152
124M,23500,Random,9,1.321938157081604
124M,23500,Random,10,1.3274871110916138
124M,23500,Random,11,1.3457709550857544
124M,23500,Random,12,1.3428232669830322
124M,23500,Random,13,1.3499836921691895
124M,23500,Random,14,1.3661705255508423
124M,23500,Random,15,1.3018414974212646
124M,23500,Random,16,1.3538566827774048
124M,23500,Random,17,1.3340048789978027
124M,23500,Random,18,1.3746778964996338
124M,23500,Random,19,1.3310974836349487
124M,23500,Random,20,1.3602737188339233
124M,23500,Random,21,1.3683689832687378
124M,23500,Random,22,1.3218315839767456
124M,23500,Random,23,1.3646533489227295
124M,23500,Random,24,1.3864421844482422
124M,23500,Random,25,1.3414052724838257
124M,23500,Random,26,1.3457773923873901
124M,23500,Random,27,1.3529250621795654
124M,23500,Random,28,1.351934790611267
124M,23500,Random,29,1.347269892692566
124M,23500,Random,30,1.3376967906951904
124M,23500,Random,31,1.35899019241333
124M,23500,Random,32,1.3589640855789185
124M,23500,Random,33,1.3442531824111938
124M,23500,Random,34,1.3562589883804321
124M,23500,Random,35,1.3521480560302734
124M,23500,Random,36,1.3315836191177368
124M,23500,Random,37,1.356329083442688
124M,23500,Random,38,1.3187475204467773
124M,23500,Random,39,1.3561941385269165
124M,23500,Random,40,1.3500750064849854
124M,23500,Random,41,1.341943621635437
124M,23500,Random,42,1.3619909286499023
124M,23500,Random,43,1.3486906290054321
124M,23500,Random,44,1.357231616973877
124M,23500,Stat,Mean,1.2529816627502441
124M,23500,Stat,Std,0.5591087341308594
124M,23500,Stat,Max,2.9111948013305664
124M,24000,Frequency,0,2.4267501831054688
124M,24000,Frequency,1,2.3439385890960693
124M,24000,Frequency,2,2.263186454772949
124M,24000,Frequency,3,2.1878623962402344
124M,24000,Frequency,4,2.1134250164031982
124M,24000,Frequency,5,2.050025463104248
124M,24000,Frequency,6,1.9822262525558472
124M,24000,Frequency,7,1.9181879758834839
124M,24000,Frequency,8,1.856833815574646
124M,24000,Frequency,9,1.7995680570602417
124M,24000,Frequency,10,1.7518965005874634
124M,24000,Frequency,11,1.7078745365142822
124M,24000,Frequency,12,1.647843837738037
124M,24000,Frequency,13,1.6055662631988525
124M,24000,Frequency,14,1.5483214855194092
124M,24000,Frequency,15,1.5323331356048584
124M,24000,Frequency,16,1.4896690845489502
124M,24000,Frequency,17,1.4551538228988647
124M,24000,Frequency,18,1.4033405780792236
124M,24000,Frequency,19,1.3904613256454468
124M,24000,Frequency,20,1.353055715560913
124M,24000,Frequency,21,1.3047568798065186
124M,24000,Frequency,22,1.3006752729415894
124M,24000,Frequency,23,1.2597240209579468
124M,24000,Frequency,24,1.227484941482544
124M,24000,Frequency,25,1.2012312412261963
124M,24000,Frequency,26,1.1767613887786865
124M,24000,Frequency,27,1.1479922533035278
124M,24000,Frequency,28,1.1217564344406128
124M,24000,Frequency,29,1.0897935628890991
124M,24000,Frequency,30,1.062880039215088
124M,24000,Frequency,31,1.0225415229797363
124M,24000,Frequency,32,1.0021370649337769
124M,24000,Frequency,33,0.9543799161911011
124M,24000,Frequency,34,0.9207957983016968
124M,24000,Frequency,35,0.882247805595398
124M,24000,Frequency,36,0.8428486585617065
124M,24000,Frequency,37,0.7902514934539795
124M,24000,Frequency,38,0.7513221502304077
124M,24000,Frequency,39,0.6957021355628967
124M,24000,Frequency,40,0.6531128883361816
124M,24000,Frequency,41,0.61723393201828
124M,24000,Frequency,42,0.5919182300567627
124M,24000,Frequency,43,0.5729973316192627
124M,24000,Frequency,44,0.5688658952713013
124M,24000,Random,0,1.354839563369751
124M,24000,Random,1,1.3724497556686401
124M,24000,Random,2,1.3878028392791748
124M,24000,Random,3,1.3721916675567627
124M,24000,Random,4,1.3631950616836548
124M,24000,Random,5,1.360845923423767
124M,24000,Random,6,1.3372361660003662
124M,24000,Random,7,1.338882327079773
124M,24000,Random,8,1.357225775718689
124M,24000,Random,9,1.3336130380630493
124M,24000,Random,10,1.3391029834747314
124M,24000,Random,11,1.3571292161941528
124M,24000,Random,12,1.3541122674942017
124M,24000,Random,13,1.3610199689865112
124M,24000,Random,14,1.377770185470581
124M,24000,Random,15,1.3131537437438965
124M,24000,Random,16,1.3659976720809937
124M,24000,Random,17,1.3456238508224487
124M,24000,Random,18,1.3861660957336426
124M,24000,Random,19,1.3418766260147095
124M,24000,Random,20,1.3723698854446411
124M,24000,Random,21,1.3807284832000732
124M,24000,Random,22,1.3331212997436523
124M,24000,Random,23,1.376312017440796
124M,24000,Random,24,1.3985168933868408
124M,24000,Random,25,1.3532047271728516
124M,24000,Random,26,1.3581054210662842
124M,24000,Random,27,1.3647595643997192
124M,24000,Random,28,1.363201379776001
124M,24000,Random,29,1.3598791360855103
124M,24000,Random,30,1.3492099046707153
124M,24000,Random,31,1.3707964420318604
124M,24000,Random,32,1.3713128566741943
124M,24000,Random,33,1.3567073345184326
124M,24000,Random,34,1.3686202764511108
124M,24000,Random,35,1.3635791540145874
124M,24000,Random,36,1.3431048393249512
124M,24000,Random,37,1.367889642715454
124M,24000,Random,38,1.3301842212677002
124M,24000,Random,39,1.3671690225601196
124M,24000,Random,40,1.3623062372207642
124M,24000,Random,41,1.3538155555725098
124M,24000,Random,42,1.3734959363937378
124M,24000,Random,43,1.360086441040039
124M,24000,Random,44,1.3694895505905151
124M,24000,Stat,Mean,1.2632728815078735
124M,24000,Stat,Std,0.5662581920623779
124M,24000,Stat,Max,2.939845561981201
124M,24500,Frequency,0,2.4495959281921387
124M,24500,Frequency,1,2.36700701713562
124M,24500,Frequency,2,2.284430980682373
124M,24500,Frequency,3,2.2094521522521973
124M,24500,Frequency,4,2.133235454559326
124M,24500,Frequency,5,2.0703113079071045
124M,24500,Frequency,6,2.0026867389678955
124M,24500,Frequency,7,1.937504529953003
124M,24500,Frequency,8,1.8748242855072021
124M,24500,Frequency,9,1.8164522647857666
124M,24500,Frequency,10,1.7681609392166138
124M,24500,Frequency,11,1.7236993312835693
124M,24500,Frequency,12,1.6637872457504272
124M,24500,Frequency,13,1.620553970336914
124M,24500,Frequency,14,1.5626128911972046
124M,24500,Frequency,15,1.546741008758545
124M,24500,Frequency,16,1.504123330116272
124M,24500,Frequency,17,1.46882164478302
124M,24500,Frequency,18,1.416383147239685
124M,24500,Frequency,19,1.4033839702606201
124M,24500,Frequency,20,1.365173101425171
124M,24500,Frequency,21,1.3160053491592407
124M,24500,Frequency,22,1.3127187490463257
124M,24500,Frequency,23,1.2704756259918213
124M,24500,Frequency,24,1.2387937307357788
124M,24500,Frequency,25,1.211154580116272
124M,24500,Frequency,26,1.186680555343628
124M,24500,Frequency,27,1.1569538116455078
124M,24500,Frequency,28,1.1308085918426514
124M,24500,Frequency,29,1.098475456237793
124M,24500,Frequency,30,1.071502923965454
124M,24500,Frequency,31,1.0301263332366943
124M,24500,Frequency,32,1.0096858739852905
124M,24500,Frequency,33,0.9618000388145447
124M,24500,Frequency,34,0.9272944331169128
124M,24500,Frequency,35,0.8884263634681702
124M,24500,Frequency,36,0.848353385925293
124M,24500,Frequency,37,0.7948810458183289
124M,24500,Frequency,38,0.7551253437995911
124M,24500,Frequency,39,0.69870525598526
124M,24500,Frequency,40,0.655449390411377
124M,24500,Frequency,41,0.6188911199569702
124M,24500,Frequency,42,0.5927954316139221
124M,24500,Frequency,43,0.573348343372345
124M,24500,Frequency,44,0.5691440105438232
124M,24500,Random,0,1.3671584129333496
124M,24500,Random,1,1.3839216232299805
124M,24500,Random,2,1.3998178243637085
124M,24500,Random,3,1.3831372261047363
124M,24500,Random,4,1.3754093647003174
124M,24500,Random,5,1.3726822137832642
124M,24500,Random,6,1.3487876653671265
124M,24500,Random,7,1.3505184650421143
124M,24500,Random,8,1.3689402341842651
124M,24500,Random,9,1.3451628684997559
124M,24500,Random,10,1.3510196208953857
124M,24500,Random,11,1.3688541650772095
124M,24500,Random,12,1.3659844398498535
124M,24500,Random,13,1.3724920749664307
124M,24500,Random,14,1.3897416591644287
124M,24500,Random,15,1.324596881866455
124M,24500,Random,16,1.3780865669250488
124M,24500,Random,17,1.3568562269210815
124M,24500,Random,18,1.3985565900802612
124M,24500,Random,19,1.3531262874603271
124M,24500,Random,20,1.384798526763916
124M,24500,Random,21,1.3924119472503662
124M,24500,Random,22,1.344822883605957
124M,24500,Random,23,1.3884183168411255
124M,24500,Random,24,1.411041021347046
124M,24500,Random,25,1.3654427528381348
124M,24500,Random,26,1.3700661659240723
124M,24500,Random,27,1.3761948347091675
124M,24500,Random,28,1.3749377727508545
124M,24500,Random,29,1.3712834119796753
124M,24500,Random,30,1.3602733612060547
124M,24500,Random,31,1.3825005292892456
124M,24500,Random,32,1.3827905654907227
124M,24500,Random,33,1.3682764768600464
124M,24500,Random,34,1.3805598020553589
124M,24500,Random,35,1.3757824897766113
124M,24500,Random,36,1.3545575141906738
124M,24500,Random,37,1.3794342279434204
124M,24500,Random,38,1.3410816192626953
124M,24500,Random,39,1.379018783569336
124M,24500,Random,40,1.373763918876648
124M,24500,Random,41,1.3654571771621704
124M,24500,Random,42,1.385744571685791
124M,24500,Random,43,1.3714874982833862
124M,24500,Random,44,1.381978154182434
124M,24500,Stat,Mean,1.2736077308654785
124M,24500,Stat,Std,0.5734204649925232
124M,24500,Stat,Max,2.954313039779663
124M,25000,Frequency,0,2.4706037044525146
124M,25000,Frequency,1,2.3895394802093506
124M,25000,Frequency,2,2.3056180477142334
124M,25000,Frequency,3,2.2317636013031006
124M,25000,Frequency,4,2.1534862518310547
124M,25000,Frequency,5,2.0900068283081055
124M,25000,Frequency,6,2.0210719108581543
124M,25000,Frequency,7,1.9558274745941162
124M,25000,Frequency,8,1.8928521871566772
124M,25000,Frequency,9,1.8340198993682861
124M,25000,Frequency,10,1.784008264541626
124M,25000,Frequency,11,1.7389471530914307
124M,25000,Frequency,12,1.6790508031845093
124M,25000,Frequency,13,1.6362115144729614
124M,25000,Frequency,14,1.5763733386993408
124M,25000,Frequency,15,1.5608983039855957
124M,25000,Frequency,16,1.517764925956726
124M,25000,Frequency,17,1.4816913604736328
124M,25000,Frequency,18,1.4290413856506348
124M,25000,Frequency,19,1.4159172773361206
124M,25000,Frequency,20,1.3776006698608398
124M,25000,Frequency,21,1.3278272151947021
124M,25000,Frequency,22,1.3234978914260864
124M,25000,Frequency,23,1.281625747680664
124M,25000,Frequency,24,1.249448299407959
124M,25000,Frequency,25,1.2215371131896973
124M,25000,Frequency,26,1.1964237689971924
124M,25000,Frequency,27,1.1664340496063232
124M,25000,Frequency,28,1.1398793458938599
124M,25000,Frequency,29,1.1070032119750977
124M,25000,Frequency,30,1.0805310010910034
124M,25000,Frequency,31,1.0377156734466553
124M,25000,Frequency,32,1.0168488025665283
124M,25000,Frequency,33,0.9686405658721924
124M,25000,Frequency,34,0.9338982701301575
124M,25000,Frequency,35,0.893541693687439
124M,25000,Frequency,36,0.8528746962547302
124M,25000,Frequency,37,0.7996405959129333
124M,25000,Frequency,38,0.7589738965034485
124M,25000,Frequency,39,0.7014932632446289
124M,25000,Frequency,40,0.6574733853340149
124M,25000,Frequency,41,0.620445191860199
124M,25000,Frequency,42,0.5936951637268066
124M,25000,Frequency,43,0.5737981200218201
124M,25000,Frequency,44,0.5694180130958557
124M,25000,Random,0,1.3788899183273315
124M,25000,Random,1,1.3950177431106567
124M,25000,Random,2,1.412037968635559
124M,25000,Random,3,1.394473671913147
124M,25000,Random,4,1.3871548175811768
124M,25000,Random,5,1.3840861320495605
124M,25000,Random,6,1.3604412078857422
124M,25000,Random,7,1.3614706993103027
124M,25000,Random,8,1.379730224609375
124M,25000,Random,9,1.3566173315048218
124M,25000,Random,10,1.3618003129959106
124M,25000,Random,11,1.3805571794509888
124M,25000,Random,12,1.3773694038391113
124M,25000,Random,13,1.3846405744552612
124M,25000,Random,14,1.4015148878097534
124M,25000,Random,15,1.3349562883377075
124M,25000,Random,16,1.3894505500793457
124M,25000,Random,17,1.367935061454773
124M,25000,Random,18,1.4102343320846558
124M,25000,Random,19,1.3644752502441406
124M,25000,Random,20,1.395755410194397
124M,25000,Random,21,1.4043997526168823
124M,25000,Random,22,1.3565921783447266
124M,25000,Random,23,1.400032877922058
124M,25000,Random,24,1.4228606224060059
124M,25000,Random,25,1.3773598670959473
124M,25000,Random,26,1.381509780883789
124M,25000,Random,27,1.3877358436584473
124M,25000,Random,28,1.3857781887054443
124M,25000,Random,29,1.383111834526062
124M,25000,Random,30,1.371333122253418
124M,25000,Random,31,1.394097089767456
124M,25000,Random,32,1.3946595191955566
124M,25000,Random,33,1.3798784017562866
124M,25000,Random,34,1.392297387123108
124M,25000,Random,35,1.3870986700057983
124M,25000,Random,36,1.3655356168746948
124M,25000,Random,37,1.390910029411316
124M,25000,Random,38,1.3521945476531982
124M,25000,Random,39,1.3915138244628906
124M,25000,Random,40,1.3853628635406494
124M,25000,Random,41,1.3767859935760498
124M,25000,Random,42,1.3970612287521362
124M,25000,Random,43,1.3833527565002441
124M,25000,Random,44,1.3946088552474976
124M,25000,Stat,Mean,1.2837200164794922
124M,25000,Stat,Std,0.5803900361061096
124M,25000,Stat,Max,2.9857277870178223
124M,25500,Frequency,0,2.4933207035064697
124M,25500,Frequency,1,2.4118571281433105
124M,25500,Frequency,2,2.326669216156006
124M,25500,Frequency,3,2.252429962158203
124M,25500,Frequency,4,2.173886775970459
124M,25500,Frequency,5,2.1096794605255127
124M,25500,Frequency,6,2.04006290435791
124M,25500,Frequency,7,1.9742581844329834
124M,25500,Frequency,8,1.9103626012802124
124M,25500,Frequency,9,1.8516156673431396
124M,25500,Frequency,10,1.8005073070526123
124M,25500,Frequency,11,1.7543009519577026
124M,25500,Frequency,12,1.69497811794281
124M,25500,Frequency,13,1.6514172554016113
124M,25500,Frequency,14,1.590675711631775
124M,25500,Frequency,15,1.5754655599594116
124M,25500,Frequency,16,1.5317299365997314
124M,25500,Frequency,17,1.4957139492034912
124M,25500,Frequency,18,1.4413385391235352
124M,25500,Frequency,19,1.428030014038086
124M,25500,Frequency,20,1.3892475366592407
124M,25500,Frequency,21,1.3398830890655518
124M,25500,Frequency,22,1.3353896141052246
124M,25500,Frequency,23,1.2925300598144531
124M,25500,Frequency,24,1.2601425647735596
124M,25500,Frequency,25,1.2312877178192139
124M,25500,Frequency,26,1.2062722444534302
124M,25500,Frequency,27,1.1757550239562988
124M,25500,Frequency,28,1.1491644382476807
124M,25500,Frequency,29,1.1153544187545776
124M,25500,Frequency,30,1.088854193687439
124M,25500,Frequency,31,1.0448784828186035
124M,25500,Frequency,32,1.024176836013794
124M,25500,Frequency,33,0.9756126999855042
124M,25500,Frequency,34,0.940525233745575
124M,25500,Frequency,35,0.900114893913269
124M,25500,Frequency,36,0.8578411340713501
124M,25500,Frequency,37,0.8043915033340454
124M,25500,Frequency,38,0.7626088857650757
124M,25500,Frequency,39,0.7051807045936584
124M,25500,Frequency,40,0.6596536636352539
124M,25500,Frequency,41,0.6219995021820068
124M,25500,Frequency,42,0.5945687890052795
124M,25500,Frequency,43,0.5741434693336487
124M,25500,Frequency,44,0.5697923302650452
124M,25500,Random,0,1.3907033205032349
124M,25500,Random,1,1.406793236732483
124M,25500,Random,2,1.424188256263733
124M,25500,Random,3,1.4057296514511108
124M,25500,Random,4,1.3981146812438965
124M,25500,Random,5,1.3960615396499634
124M,25500,Random,6,1.3722617626190186
124M,25500,Random,7,1.3723610639572144
124M,25500,Random,8,1.391350269317627
124M,25500,Random,9,1.3678195476531982
124M,25500,Random,10,1.3726881742477417
124M,25500,Random,11,1.3927174806594849
124M,25500,Random,12,1.3889219760894775
124M,25500,Random,13,1.3963749408721924
124M,25500,Random,14,1.4137643575668335
124M,25500,Random,15,1.3460525274276733
124M,25500,Random,16,1.401193618774414
124M,25500,Random,17,1.3791557550430298
124M,25500,Random,18,1.4218530654907227
124M,25500,Random,19,1.375984787940979
124M,25500,Random,20,1.4074102640151978
124M,25500,Random,21,1.4166316986083984
124M,25500,Random,22,1.3677116632461548
124M,25500,Random,23,1.4110653400421143
124M,25500,Random,24,1.4348976612091064
124M,25500,Random,25,1.3885290622711182
124M,25500,Random,26,1.3934683799743652
124M,25500,Random,27,1.3990219831466675
124M,25500,Random,28,1.3978604078292847
124M,25500,Random,29,1.39540433883667
124M,25500,Random,30,1.3824000358581543
124M,25500,Random,31,1.406219482421875
124M,25500,Random,32,1.4058525562286377
124M,25500,Random,33,1.3911640644073486
124M,25500,Random,34,1.404120922088623
124M,25500,Random,35,1.3985605239868164
124M,25500,Random,36,1.376844048500061
124M,25500,Random,37,1.4027760028839111
124M,25500,Random,38,1.3628737926483154
124M,25500,Random,39,1.403043508529663
124M,25500,Random,40,1.3970119953155518
124M,25500,Random,41,1.3878947496414185
124M,25500,Random,42,1.409515142440796
124M,25500,Random,43,1.3948713541030884
124M,25500,Random,44,1.4076931476593018
124M,25500,Stat,Mean,1.2939162254333496
124M,25500,Stat,Std,0.5873711109161377
124M,25500,Stat,Max,3.0333759784698486
124M,26000,Frequency,0,2.5151731967926025
124M,26000,Frequency,1,2.434000253677368
124M,26000,Frequency,2,2.3468692302703857
124M,26000,Frequency,3,2.2735378742218018
124M,26000,Frequency,4,2.1935856342315674
124M,26000,Frequency,5,2.12919282913208
124M,26000,Frequency,6,2.0583608150482178
124M,26000,Frequency,7,1.9925776720046997
124M,26000,Frequency,8,1.9285097122192383
124M,26000,Frequency,9,1.8684664964675903
124M,26000,Frequency,10,1.8168028593063354
124M,26000,Frequency,11,1.7713390588760376
124M,26000,Frequency,12,1.7114330530166626
124M,26000,Frequency,13,1.6662917137145996
124M,26000,Frequency,14,1.6042544841766357
124M,26000,Frequency,15,1.5890904664993286
124M,26000,Frequency,16,1.5453150272369385
124M,26000,Frequency,17,1.5081043243408203
124M,26000,Frequency,18,1.4535975456237793
124M,26000,Frequency,19,1.440872073173523
124M,26000,Frequency,20,1.4017568826675415
124M,26000,Frequency,21,1.3508169651031494
124M,26000,Frequency,22,1.347127914428711
124M,26000,Frequency,23,1.3035175800323486
124M,26000,Frequency,24,1.2702723741531372
124M,26000,Frequency,25,1.241271734237671
124M,26000,Frequency,26,1.2154957056045532
124M,26000,Frequency,27,1.1848645210266113
124M,26000,Frequency,28,1.1582560539245605
124M,26000,Frequency,29,1.1237810850143433
124M,26000,Frequency,30,1.0972416400909424
124M,26000,Frequency,31,1.0527098178863525
124M,26000,Frequency,32,1.0320913791656494
124M,26000,Frequency,33,0.9822416305541992
124M,26000,Frequency,34,0.9466581344604492
124M,26000,Frequency,35,0.9055838584899902
124M,26000,Frequency,36,0.8628782629966736
124M,26000,Frequency,37,0.8084588646888733
124M,26000,Frequency,38,0.7658235430717468
124M,26000,Frequency,39,0.7085543274879456
124M,26000,Frequency,40,0.6615779995918274
124M,26000,Frequency,41,0.623435914516449
124M,26000,Frequency,42,0.5954321026802063
124M,26000,Frequency,43,0.5746119022369385
124M,26000,Frequency,44,0.5701830387115479
124M,26000,Random,0,1.4022074937820435
124M,26000,Random,1,1.4176621437072754
124M,26000,Random,2,1.4355908632278442
124M,26000,Random,3,1.4171671867370605
124M,26000,Random,4,1.4095207452774048
124M,26000,Random,5,1.4078456163406372
124M,26000,Random,6,1.383937954902649
124M,26000,Random,7,1.3839411735534668
124M,26000,Random,8,1.4026386737823486
124M,26000,Random,9,1.3795897960662842
124M,26000,Random,10,1.3836697340011597
124M,26000,Random,11,1.4038853645324707
124M,26000,Random,12,1.4004665613174438
124M,26000,Random,13,1.4079076051712036
124M,26000,Random,14,1.4249439239501953
124M,26000,Random,15,1.3575308322906494
124M,26000,Random,16,1.412564754486084
124M,26000,Random,17,1.3911042213439941
124M,26000,Random,18,1.4331477880477905
124M,26000,Random,19,1.3870608806610107
124M,26000,Random,20,1.418705940246582
124M,26000,Random,21,1.4282047748565674
124M,26000,Random,22,1.3790249824523926
124M,26000,Random,23,1.4229822158813477
124M,26000,Random,24,1.4464654922485352
124M,26000,Random,25,1.4001632928848267
124M,26000,Random,26,1.4052836894989014
124M,26000,Random,27,1.4097998142242432
124M,26000,Random,28,1.4089733362197876
124M,26000,Random,29,1.4061285257339478
124M,26000,Random,30,1.393662929534912
124M,26000,Random,31,1.4177793264389038
124M,26000,Random,32,1.4178099632263184
124M,26000,Random,33,1.4019004106521606
124M,26000,Random,34,1.415819525718689
124M,26000,Random,35,1.4099246263504028
124M,26000,Random,36,1.3877854347229004
124M,26000,Random,37,1.4142597913742065
124M,26000,Random,38,1.3742457628250122
124M,26000,Random,39,1.41459059715271
124M,26000,Random,40,1.408288836479187
124M,26000,Random,41,1.3994508981704712
124M,26000,Random,42,1.420745611190796
124M,26000,Random,43,1.4059741497039795
124M,26000,Random,44,1.4195096492767334
124M,26000,Stat,Mean,1.3039458990097046
124M,26000,Stat,Std,0.5942511558532715
124M,26000,Stat,Max,3.0944769382476807
124M,26500,Frequency,0,2.5382401943206787
124M,26500,Frequency,1,2.455380916595459
124M,26500,Frequency,2,2.3682303428649902
124M,26500,Frequency,3,2.2944159507751465
124M,26500,Frequency,4,2.2135891914367676
124M,26500,Frequency,5,2.1477081775665283
124M,26500,Frequency,6,2.077016830444336
124M,26500,Frequency,7,2.0112946033477783
124M,26500,Frequency,8,1.9459139108657837
124M,26500,Frequency,9,1.8853121995925903
124M,26500,Frequency,10,1.8331189155578613
124M,26500,Frequency,11,1.7876033782958984
124M,26500,Frequency,12,1.7266796827316284
124M,26500,Frequency,13,1.6813303232192993
124M,26500,Frequency,14,1.6184970140457153
124M,26500,Frequency,15,1.6026453971862793
124M,26500,Frequency,16,1.5591318607330322
124M,26500,Frequency,17,1.5211280584335327
124M,26500,Frequency,18,1.4665876626968384
124M,26500,Frequency,19,1.453240990638733
124M,26500,Frequency,20,1.4137197732925415
124M,26500,Frequency,21,1.3625963926315308
124M,26500,Frequency,22,1.358060359954834
124M,26500,Frequency,23,1.3138213157653809
124M,26500,Frequency,24,1.2807600498199463
124M,26500,Frequency,25,1.251551866531372
124M,26500,Frequency,26,1.22450852394104
124M,26500,Frequency,27,1.1939448118209839
124M,26500,Frequency,28,1.167534351348877
124M,26500,Frequency,29,1.1324161291122437
124M,26500,Frequency,30,1.1050657033920288
124M,26500,Frequency,31,1.0602518320083618
124M,26500,Frequency,32,1.0395857095718384
124M,26500,Frequency,33,0.9883834719657898
124M,26500,Frequency,34,0.9527395963668823
124M,26500,Frequency,35,0.9120221734046936
124M,26500,Frequency,36,0.8676450252532959
124M,26500,Frequency,37,0.8130386471748352
124M,26500,Frequency,38,0.7694460153579712
124M,26500,Frequency,39,0.7115297913551331
124M,26500,Frequency,40,0.6636698842048645
124M,26500,Frequency,41,0.6247958540916443
124M,26500,Frequency,42,0.5963560938835144
124M,26500,Frequency,43,0.5749877095222473
124M,26500,Frequency,44,0.5704572200775146
124M,26500,Random,0,1.4128739833831787
124M,26500,Random,1,1.4294575452804565
124M,26500,Random,2,1.447149395942688
124M,26500,Random,3,1.428645133972168
124M,26500,Random,4,1.4209778308868408
124M,26500,Random,5,1.4188406467437744
124M,26500,Random,6,1.3949482440948486
124M,26500,Random,7,1.3958803415298462
124M,26500,Random,8,1.4142848253250122
124M,26500,Random,9,1.3911242485046387
124M,26500,Random,10,1.3944858312606812
124M,26500,Random,11,1.4154152870178223
124M,26500,Random,12,1.412105917930603
124M,26500,Random,13,1.4197602272033691
124M,26500,Random,14,1.4359335899353027
124M,26500,Random,15,1.3678314685821533
124M,26500,Random,16,1.4242206811904907
124M,26500,Random,17,1.4026858806610107
124M,26500,Random,18,1.4444162845611572
124M,26500,Random,19,1.3982080221176147
124M,26500,Random,20,1.4301947355270386
124M,26500,Random,21,1.4395779371261597
124M,26500,Random,22,1.3895701169967651
124M,26500,Random,23,1.4346221685409546
124M,26500,Random,24,1.4585157632827759
124M,26500,Random,25,1.4122657775878906
124M,26500,Random,26,1.4160314798355103
124M,26500,Random,27,1.420587182044983
124M,26500,Random,28,1.4208041429519653
124M,26500,Random,29,1.4174460172653198
124M,26500,Random,30,1.4053961038589478
124M,26500,Random,31,1.4290333986282349
124M,26500,Random,32,1.4292293787002563
124M,26500,Random,33,1.4133291244506836
124M,26500,Random,34,1.4278430938720703
124M,26500,Random,35,1.4211452007293701
124M,26500,Random,36,1.3991447687149048
124M,26500,Random,37,1.4256089925765991
124M,26500,Random,38,1.3857996463775635
124M,26500,Random,39,1.4256662130355835
124M,26500,Random,40,1.419308066368103
124M,26500,Random,41,1.411133885383606
124M,26500,Random,42,1.4321098327636719
124M,26500,Random,43,1.4175420999526978
124M,26500,Random,44,1.4312872886657715
124M,26500,Stat,Mean,1.3139688968658447
124M,26500,Stat,Std,0.6012113690376282
124M,26500,Stat,Max,3.1105737686157227
124M,27000,Frequency,0,2.5594334602355957
124M,27000,Frequency,1,2.476816177368164
124M,27000,Frequency,2,2.3885645866394043
124M,27000,Frequency,3,2.315659284591675
124M,27000,Frequency,4,2.2336204051971436
124M,27000,Frequency,5,2.1659462451934814
124M,27000,Frequency,6,2.09517765045166
124M,27000,Frequency,7,2.0290327072143555
124M,27000,Frequency,8,1.9628322124481201
124M,27000,Frequency,9,1.9014040231704712
124M,27000,Frequency,10,1.848590612411499
124M,27000,Frequency,11,1.803452968597412
124M,27000,Frequency,12,1.7416157722473145
124M,27000,Frequency,13,1.6950854063034058
124M,27000,Frequency,14,1.6324151754379272
124M,27000,Frequency,15,1.6161328554153442
124M,27000,Frequency,16,1.5724427700042725
124M,27000,Frequency,17,1.5340361595153809
124M,27000,Frequency,18,1.4788330793380737
124M,27000,Frequency,19,1.4654263257980347
124M,27000,Frequency,20,1.4260996580123901
124M,27000,Frequency,21,1.373351812362671
124M,27000,Frequency,22,1.3690626621246338
124M,27000,Frequency,23,1.324198603630066
124M,27000,Frequency,24,1.290798544883728
124M,27000,Frequency,25,1.2612278461456299
124M,27000,Frequency,26,1.2346972227096558
124M,27000,Frequency,27,1.2030811309814453
124M,27000,Frequency,28,1.1765153408050537
124M,27000,Frequency,29,1.1404154300689697
124M,27000,Frequency,30,1.1131575107574463
124M,27000,Frequency,31,1.0685735940933228
124M,27000,Frequency,32,1.0470242500305176
124M,27000,Frequency,33,0.9956072568893433
124M,27000,Frequency,34,0.9591587781906128
124M,27000,Frequency,35,0.9178656935691833
124M,27000,Frequency,36,0.8731708526611328
124M,27000,Frequency,37,0.8182314038276672
124M,27000,Frequency,38,0.7733100652694702
124M,27000,Frequency,39,0.7146280407905579
124M,27000,Frequency,40,0.6658802032470703
124M,27000,Frequency,41,0.6261423230171204
124M,27000,Frequency,42,0.5974660515785217
124M,27000,Frequency,43,0.5753121972084045
124M,27000,Frequency,44,0.5710079669952393
124M,27000,Random,0,1.4232478141784668
124M,27000,Random,1,1.4399712085723877
124M,27000,Random,2,1.4593243598937988
124M,27000,Random,3,1.4407448768615723
124M,27000,Random,4,1.4318639039993286
124M,27000,Random,5,1.4297311305999756
124M,27000,Random,6,1.405259609222412
124M,27000,Random,7,1.4061863422393799
124M,27000,Random,8,1.4243937730789185
124M,27000,Random,9,1.4026011228561401
124M,27000,Random,10,1.4061857461929321
124M,27000,Random,11,1.4266340732574463
124M,27000,Random,12,1.4233014583587646
124M,27000,Random,13,1.4309254884719849
124M,27000,Random,14,1.4469105005264282
124M,27000,Random,15,1.3791072368621826
124M,27000,Random,16,1.435597538948059
124M,27000,Random,17,1.4133837223052979
124M,27000,Random,18,1.4559826850891113
124M,27000,Random,19,1.409543514251709
124M,27000,Random,20,1.4422897100448608
124M,27000,Random,21,1.4515074491500854
124M,27000,Random,22,1.400846004486084
124M,27000,Random,23,1.44569730758667
124M,27000,Random,24,1.4709641933441162
124M,27000,Random,25,1.42339026927948
124M,27000,Random,26,1.4274275302886963
124M,27000,Random,27,1.4314792156219482
124M,27000,Random,28,1.4319988489151
124M,27000,Random,29,1.4285407066345215
124M,27000,Random,30,1.4162328243255615
124M,27000,Random,31,1.4398411512374878
124M,27000,Random,32,1.4412422180175781
124M,27000,Random,33,1.4250967502593994
124M,27000,Random,34,1.4395214319229126
124M,27000,Random,35,1.4318207502365112
124M,27000,Random,36,1.4106780290603638
124M,27000,Random,37,1.4370081424713135
124M,27000,Random,38,1.3958998918533325
124M,27000,Random,39,1.4369930028915405
124M,27000,Random,40,1.430560827255249
124M,27000,Random,41,1.422533392906189
124M,27000,Random,42,1.4437294006347656
124M,27000,Random,43,1.4283957481384277
124M,27000,Random,44,1.4421027898788452
124M,27000,Stat,Mean,1.3238407373428345
124M,27000,Stat,Std,0.607898473739624
124M,27000,Stat,Max,3.1594526767730713
124M,27500,Frequency,0,2.5816287994384766
124M,27500,Frequency,1,2.4979188442230225
124M,27500,Frequency,2,2.40891170501709
124M,27500,Frequency,3,2.3358922004699707
124M,27500,Frequency,4,2.2530782222747803
124M,27500,Frequency,5,2.184465169906616
124M,27500,Frequency,6,2.1136109828948975
124M,27500,Frequency,7,2.046745777130127
124M,27500,Frequency,8,1.9797955751419067
124M,27500,Frequency,9,1.9175851345062256
124M,27500,Frequency,10,1.86476469039917
124M,27500,Frequency,11,1.8185585737228394
124M,27500,Frequency,12,1.7562365531921387
124M,27500,Frequency,13,1.7093909978866577
124M,27500,Frequency,14,1.6452019214630127
124M,27500,Frequency,15,1.6295441389083862
124M,27500,Frequency,16,1.5848664045333862
124M,27500,Frequency,17,1.5467724800109863
124M,27500,Frequency,18,1.4915851354599
124M,27500,Frequency,19,1.4777345657348633
124M,27500,Frequency,20,1.4382377862930298
124M,27500,Frequency,21,1.3845789432525635
124M,27500,Frequency,22,1.3792853355407715
124M,27500,Frequency,23,1.3348054885864258
124M,27500,Frequency,24,1.3013207912445068
124M,27500,Frequency,25,1.271037220954895
124M,27500,Frequency,26,1.2451523542404175
124M,27500,Frequency,27,1.2118730545043945
124M,27500,Frequency,28,1.1853665113449097
124M,27500,Frequency,29,1.1490918397903442
124M,27500,Frequency,30,1.1217916011810303
124M,27500,Frequency,31,1.0773983001708984
124M,27500,Frequency,32,1.0545151233673096
124M,27500,Frequency,33,1.0023468732833862
124M,27500,Frequency,34,0.9655492901802063
124M,27500,Frequency,35,0.9236807227134705
124M,27500,Frequency,36,0.878637433052063
124M,27500,Frequency,37,0.8231245279312134
124M,27500,Frequency,38,0.7773535847663879
124M,27500,Frequency,39,0.7177485227584839
124M,27500,Frequency,40,0.6676751375198364
124M,27500,Frequency,41,0.627374529838562
124M,27500,Frequency,42,0.5982831716537476
124M,27500,Frequency,43,0.5757544636726379
124M,27500,Frequency,44,0.5711522698402405
124M,27500,Random,0,1.4339361190795898
124M,27500,Random,1,1.4509042501449585
124M,27500,Random,2,1.4711576700210571
124M,27500,Random,3,1.4519332647323608
124M,27500,Random,4,1.4430385828018188
124M,27500,Random,5,1.4404122829437256
124M,27500,Random,6,1.4160014390945435
124M,27500,Random,7,1.417399287223816
124M,27500,Random,8,1.435949444770813
124M,27500,Random,9,1.413886547088623
124M,27500,Random,10,1.417598843574524
124M,27500,Random,11,1.437339425086975
124M,27500,Random,12,1.4344099760055542
124M,27500,Random,13,1.4423511028289795
124M,27500,Random,14,1.4576835632324219
124M,27500,Random,15,1.390636920928955
124M,27500,Random,16,1.4473601579666138
124M,27500,Random,17,1.4242082834243774
124M,27500,Random,18,1.4670336246490479
124M,27500,Random,19,1.419968843460083
124M,27500,Random,20,1.453008770942688
124M,27500,Random,21,1.4630436897277832
124M,27500,Random,22,1.4116499423980713
124M,27500,Random,23,1.4578644037246704
124M,27500,Random,24,1.482871651649475
124M,27500,Random,25,1.4343174695968628
124M,27500,Random,26,1.438571572303772
124M,27500,Random,27,1.4429683685302734
124M,27500,Random,28,1.4434784650802612
124M,27500,Random,29,1.4400386810302734
124M,27500,Random,30,1.4271667003631592
124M,27500,Random,31,1.4509291648864746
124M,27500,Random,32,1.4527560472488403
124M,27500,Random,33,1.4356122016906738
124M,27500,Random,34,1.4512643814086914
124M,27500,Random,35,1.442826271057129
124M,27500,Random,36,1.421872615814209
124M,27500,Random,37,1.4476670026779175
124M,27500,Random,38,1.407149076461792
124M,27500,Random,39,1.4489158391952515
124M,27500,Random,40,1.4418458938598633
124M,27500,Random,41,1.4339030981063843
124M,27500,Random,42,1.45441472530365
124M,27500,Random,43,1.4394439458847046
124M,27500,Random,44,1.452600359916687
124M,27500,Stat,Mean,1.3336864709854126
124M,27500,Stat,Std,0.6145308017730713
124M,27500,Stat,Max,3.1910808086395264
124M,28000,Frequency,0,2.6041259765625
124M,28000,Frequency,1,2.5196831226348877
124M,28000,Frequency,2,2.430387496948242
124M,28000,Frequency,3,2.356520652770996
124M,28000,Frequency,4,2.272202491760254
124M,28000,Frequency,5,2.2023656368255615
124M,28000,Frequency,6,2.1308698654174805
124M,28000,Frequency,7,2.0639564990997314
124M,28000,Frequency,8,1.9965242147445679
124M,28000,Frequency,9,1.93357515335083
124M,28000,Frequency,10,1.8805471658706665
124M,28000,Frequency,11,1.8329658508300781
124M,28000,Frequency,12,1.7707550525665283
124M,28000,Frequency,13,1.722658634185791
124M,28000,Frequency,14,1.6588255167007446
124M,28000,Frequency,15,1.643309473991394
124M,28000,Frequency,16,1.5974042415618896
124M,28000,Frequency,17,1.5598719120025635
124M,28000,Frequency,18,1.5031942129135132
124M,28000,Frequency,19,1.4899214506149292
124M,28000,Frequency,20,1.4494777917861938
124M,28000,Frequency,21,1.3955570459365845
124M,28000,Frequency,22,1.3900614976882935
124M,28000,Frequency,23,1.34551203250885
124M,28000,Frequency,24,1.311269760131836
124M,28000,Frequency,25,1.2807754278182983
124M,28000,Frequency,26,1.2542227506637573
124M,28000,Frequency,27,1.2206625938415527
124M,28000,Frequency,28,1.1941511631011963
124M,28000,Frequency,29,1.1577481031417847
124M,28000,Frequency,30,1.1296873092651367
124M,28000,Frequency,31,1.0845887660980225
124M,28000,Frequency,32,1.0614746809005737
124M,28000,Frequency,33,1.0086504220962524
124M,28000,Frequency,34,0.9716981053352356
124M,28000,Frequency,35,0.9294623136520386
124M,28000,Frequency,36,0.8834628462791443
124M,28000,Frequency,37,0.8274154663085938
124M,28000,Frequency,38,0.7805989980697632
124M,28000,Frequency,39,0.7208166122436523
124M,28000,Frequency,40,0.670054018497467
124M,28000,Frequency,41,0.6288213729858398
124M,28000,Frequency,42,0.5990983843803406
124M,28000,Frequency,43,0.5762396454811096
124M,28000,Frequency,44,0.5713794231414795
124M,28000,Random,0,1.4447375535964966
124M,28000,Random,1,1.462005376815796
124M,28000,Random,2,1.4817190170288086
124M,28000,Random,3,1.4632459878921509
124M,28000,Random,4,1.4544967412948608
124M,28000,Random,5,1.451509714126587
124M,28000,Random,6,1.4268429279327393
124M,28000,Random,7,1.4280908107757568
124M,28000,Random,8,1.4466878175735474
124M,28000,Random,9,1.4243955612182617
124M,28000,Random,10,1.4287445545196533
124M,28000,Random,11,1.4487186670303345
124M,28000,Random,12,1.4448002576828003
124M,28000,Random,13,1.4531311988830566
124M,28000,Random,14,1.4685180187225342
124M,28000,Random,15,1.4011142253875732
124M,28000,Random,16,1.4582449197769165
124M,28000,Random,17,1.4350031614303589
124M,28000,Random,18,1.4776157140731812
124M,28000,Random,19,1.430861473083496
124M,28000,Random,20,1.4639954566955566
124M,28000,Random,21,1.474372386932373
124M,28000,Random,22,1.4226373434066772
124M,28000,Random,23,1.4689780473709106
124M,28000,Random,24,1.4949872493743896
124M,28000,Random,25,1.4444247484207153
124M,28000,Random,26,1.4495940208435059
124M,28000,Random,27,1.453800082206726
124M,28000,Random,28,1.4546501636505127
124M,28000,Random,29,1.451227068901062
124M,28000,Random,30,1.438116192817688
124M,28000,Random,31,1.461796760559082
124M,28000,Random,32,1.4636601209640503
124M,28000,Random,33,1.446679711341858
124M,28000,Random,34,1.4633690118789673
124M,28000,Random,35,1.454270601272583
124M,28000,Random,36,1.4321116209030151
124M,28000,Random,37,1.4588249921798706
124M,28000,Random,38,1.417612910270691
124M,28000,Random,39,1.4604839086532593
124M,28000,Random,40,1.4530986547470093
124M,28000,Random,41,1.4444018602371216
124M,28000,Random,42,1.4654197692871094
124M,28000,Random,43,1.4502618312835693
124M,28000,Random,44,1.4625979661941528
124M,28000,Stat,Mean,1.3433359861373901
124M,28000,Stat,Std,0.621175229549408
124M,28000,Stat,Max,3.2470703125
124M,28500,Frequency,0,2.625077486038208
124M,28500,Frequency,1,2.540543794631958
124M,28500,Frequency,2,2.4501240253448486
124M,28500,Frequency,3,2.3749051094055176
124M,28500,Frequency,4,2.2918596267700195
124M,28500,Frequency,5,2.2211105823516846
124M,28500,Frequency,6,2.1483521461486816
124M,28500,Frequency,7,2.080749988555908
124M,28500,Frequency,8,2.0128092765808105
124M,28500,Frequency,9,1.949965476989746
124M,28500,Frequency,10,1.896862268447876
124M,28500,Frequency,11,1.8470444679260254
124M,28500,Frequency,12,1.7857446670532227
124M,28500,Frequency,13,1.7364991903305054
124M,28500,Frequency,14,1.6722941398620605
124M,28500,Frequency,15,1.656180739402771
124M,28500,Frequency,16,1.6099039316177368
124M,28500,Frequency,17,1.5724165439605713
124M,28500,Frequency,18,1.5150110721588135
124M,28500,Frequency,19,1.5020400285720825
124M,28500,Frequency,20,1.4608465433120728
124M,28500,Frequency,21,1.4068549871444702
124M,28500,Frequency,22,1.4007174968719482
124M,28500,Frequency,23,1.3564201593399048
124M,28500,Frequency,24,1.3210115432739258
124M,28500,Frequency,25,1.2902268171310425
124M,28500,Frequency,26,1.2640541791915894
124M,28500,Frequency,27,1.2295467853546143
124M,28500,Frequency,28,1.2029250860214233
124M,28500,Frequency,29,1.166195273399353
124M,28500,Frequency,30,1.1377308368682861
124M,28500,Frequency,31,1.091921091079712
124M,28500,Frequency,32,1.068943738937378
124M,28500,Frequency,33,1.0159040689468384
124M,28500,Frequency,34,0.9781113266944885
124M,28500,Frequency,35,0.9356387853622437
124M,28500,Frequency,36,0.8886436223983765
124M,28500,Frequency,37,0.8315631151199341
124M,28500,Frequency,38,0.7844706177711487
124M,28500,Frequency,39,0.723755955696106
124M,28500,Frequency,40,0.671948254108429
124M,28500,Frequency,41,0.6305168867111206
124M,28500,Frequency,42,0.5998964309692383
124M,28500,Frequency,43,0.5765977501869202
124M,28500,Frequency,44,0.5717649459838867
124M,28500,Random,0,1.4562760591506958
124M,28500,Random,1,1.4731088876724243
124M,28500,Random,2,1.4926728010177612
124M,28500,Random,3,1.4739296436309814
124M,28500,Random,4,1.4652349948883057
124M,28500,Random,5,1.4617491960525513
124M,28500,Random,6,1.4373975992202759
124M,28500,Random,7,1.4387168884277344
124M,28500,Random,8,1.4576717615127563
124M,28500,Random,9,1.434984564781189
124M,28500,Random,10,1.4396424293518066
124M,28500,Random,11,1.459755539894104
124M,28500,Random,12,1.4559282064437866
124M,28500,Random,13,1.4644122123718262
124M,28500,Random,14,1.4793082475662231
124M,28500,Random,15,1.412153720855713
124M,28500,Random,16,1.468749761581421
124M,28500,Random,17,1.4452686309814453
124M,28500,Random,18,1.4894564151763916
124M,28500,Random,19,1.441680908203125
124M,28500,Random,20,1.4753648042678833
124M,28500,Random,21,1.4854626655578613
124M,28500,Random,22,1.433229923248291
124M,28500,Random,23,1.4802024364471436
124M,28500,Random,24,1.506322979927063
124M,28500,Random,25,1.4552321434020996
124M,28500,Random,26,1.4604816436767578
124M,28500,Random,27,1.4643964767456055
124M,28500,Random,28,1.465553879737854
124M,28500,Random,29,1.4626251459121704
124M,28500,Random,30,1.4487934112548828
124M,28500,Random,31,1.4732732772827148
124M,28500,Random,32,1.4738878011703491
124M,28500,Random,33,1.4568463563919067
124M,28500,Random,34,1.4743847846984863
124M,28500,Random,35,1.4657660722732544
124M,28500,Random,36,1.442643165588379
124M,28500,Random,37,1.4698213338851929
124M,28500,Random,38,1.4281383752822876
124M,28500,Random,39,1.4718401432037354
124M,28500,Random,40,1.4646726846694946
124M,28500,Random,41,1.4550975561141968
124M,28500,Random,42,1.4764028787612915
124M,28500,Random,43,1.4609237909317017
124M,28500,Random,44,1.473260521888733
124M,28500,Stat,Mean,1.352943778038025
124M,28500,Stat,Std,0.6276595592498779
124M,28500,Stat,Max,3.266268253326416
124M,0,Frequency,0,0.554082989692688
124M,0,Frequency,1,0.5537384748458862
124M,0,Frequency,2,0.5545311570167542
124M,0,Frequency,3,0.5538786053657532
124M,0,Frequency,4,0.5542061924934387
124M,0,Frequency,5,0.5535675883293152
124M,0,Frequency,6,0.5539221167564392
124M,0,Frequency,7,0.5535328388214111
124M,0,Frequency,8,0.5545030236244202
124M,0,Frequency,9,0.5541737079620361
124M,0,Frequency,10,0.5539720058441162
124M,0,Frequency,11,0.5540157556533813
124M,0,Frequency,12,0.5548612475395203
124M,0,Frequency,13,0.5540137887001038
124M,0,Frequency,14,0.5546512603759766
124M,0,Frequency,15,0.5541754961013794
124M,0,Frequency,16,0.5539895296096802
124M,0,Frequency,17,0.5540133118629456
124M,0,Frequency,18,0.5538199543952942
124M,0,Frequency,19,0.5542171597480774
124M,0,Frequency,20,0.5545248985290527
124M,0,Frequency,21,0.5542948842048645
124M,0,Frequency,22,0.5537866950035095
124M,0,Frequency,23,0.5535888075828552
124M,0,Frequency,24,0.5537328720092773
124M,0,Frequency,25,0.5539534091949463
124M,0,Frequency,26,0.5546188950538635
124M,0,Frequency,27,0.553630530834198
124M,0,Frequency,28,0.5538594126701355
124M,0,Frequency,29,0.553341269493103
124M,0,Frequency,30,0.5552322864532471
124M,0,Frequency,31,0.5537704229354858
124M,0,Frequency,32,0.5542322397232056
124M,0,Frequency,33,0.5535023212432861
124M,0,Frequency,34,0.5542249083518982
124M,0,Frequency,35,0.5545177459716797
124M,0,Frequency,36,0.5553227663040161
124M,0,Frequency,37,0.5545111298561096
124M,0,Frequency,38,0.5540049076080322
124M,0,Frequency,39,0.5543064475059509
124M,0,Frequency,40,0.5534115433692932
124M,0,Frequency,41,0.5540700554847717
124M,0,Frequency,42,0.5543742179870605
124M,0,Frequency,43,0.5543235540390015
124M,0,Frequency,44,0.5549556016921997
124M,0,Random,0,0.5541565418243408
124M,0,Random,1,0.5539258718490601
124M,0,Random,2,0.5542188882827759
124M,0,Random,3,0.5537310242652893
124M,0,Random,4,0.5541586875915527
124M,0,Random,5,0.5539215207099915
124M,0,Random,6,0.5542734265327454
124M,0,Random,7,0.5544118285179138
124M,0,Random,8,0.5533537864685059
124M,0,Random,9,0.554172158241272
124M,0,Random,10,0.5541442632675171
124M,0,Random,11,0.5544443130493164
124M,0,Random,12,0.5541478395462036
124M,0,Random,13,0.5541931390762329
124M,0,Random,14,0.554140567779541
124M,0,Random,15,0.5531097650527954
124M,0,Random,16,0.5543531775474548
124M,0,Random,17,0.5544636845588684
124M,0,Random,18,0.5548357367515564
124M,0,Random,19,0.553913414478302
124M,0,Random,20,0.5544764399528503
124M,0,Random,21,0.5546152591705322
124M,0,Random,22,0.5545624494552612
124M,0,Random,23,0.552935004234314
124M,0,Random,24,0.5544248223304749
124M,0,Random,25,0.5545272827148438
124M,0,Random,26,0.5538716316223145
124M,0,Random,27,0.5549905300140381
124M,0,Random,28,0.5539833307266235
124M,0,Random,29,0.5534213781356812
124M,0,Random,30,0.5545694231987
124M,0,Random,31,0.5540931224822998
124M,0,Random,32,0.5540400743484497
124M,0,Random,33,0.5534921884536743
124M,0,Random,34,0.5535649061203003
124M,0,Random,35,0.5536984801292419
124M,0,Random,36,0.5545833706855774
124M,0,Random,37,0.5540083646774292
124M,0,Random,38,0.5541704297065735
124M,0,Random,39,0.5540486574172974
124M,0,Random,40,0.5544635057449341
124M,0,Random,41,0.5546693205833435
124M,0,Random,42,0.5538803339004517
124M,0,Random,43,0.5541547536849976
124M,0,Random,44,0.5537005066871643
124M,0,Stat,Mean,0.5541074275970459
124M,0,Stat,Std,0.014134179800748825
124M,0,Stat,Max,0.6144962906837463
124M,500,Frequency,0,0.7002552151679993
124M,500,Frequency,1,0.6659650206565857
124M,500,Frequency,2,0.6529135704040527
124M,500,Frequency,3,0.6431062817573547
124M,500,Frequency,4,0.6334154009819031
124M,500,Frequency,5,0.6264588236808777
124M,500,Frequency,6,0.6205846667289734
124M,500,Frequency,7,0.6145555377006531
124M,500,Frequency,8,0.611319363117218
124M,500,Frequency,9,0.6062109470367432
124M,500,Frequency,10,0.6032459735870361
124M,500,Frequency,11,0.5995805859565735
124M,500,Frequency,12,0.5964793562889099
124M,500,Frequency,13,0.5930643081665039
124M,500,Frequency,14,0.5909059643745422
124M,500,Frequency,15,0.5885202884674072
124M,500,Frequency,16,0.58601313829422
124M,500,Frequency,17,0.5844736099243164
124M,500,Frequency,18,0.580858588218689
124M,500,Frequency,19,0.5807815194129944
124M,500,Frequency,20,0.5789135694503784
124M,500,Frequency,21,0.5762550234794617
124M,500,Frequency,22,0.5753515362739563
124M,500,Frequency,23,0.5743160843849182
124M,500,Frequency,24,0.5731790661811829
124M,500,Frequency,25,0.5721347332000732
124M,500,Frequency,26,0.5706251859664917
124M,500,Frequency,27,0.5685567855834961
124M,500,Frequency,28,0.5690529942512512
124M,500,Frequency,29,0.5666288137435913
124M,500,Frequency,30,0.566918134689331
124M,500,Frequency,31,0.5646694302558899
124M,500,Frequency,32,0.5636725425720215
124M,500,Frequency,33,0.5618411302566528
124M,500,Frequency,34,0.5622203350067139
124M,500,Frequency,35,0.5610269904136658
124M,500,Frequency,36,0.5605496168136597
124M,500,Frequency,37,0.5587698817253113
124M,500,Frequency,38,0.5572096109390259
124M,500,Frequency,39,0.5564858317375183
124M,500,Frequency,40,0.5550171136856079
124M,500,Frequency,41,0.5549641251564026
124M,500,Frequency,42,0.5549401640892029
124M,500,Frequency,43,0.5546141266822815
124M,500,Frequency,44,0.5552739500999451
124M,500,Random,0,0.587165117263794
124M,500,Random,1,0.5872119665145874
124M,500,Random,2,0.5884778499603271
124M,500,Random,3,0.5885255932807922
124M,500,Random,4,0.5871224403381348
124M,500,Random,5,0.5861468315124512
124M,500,Random,6,0.5850903391838074
124M,500,Random,7,0.5856422781944275
124M,500,Random,8,0.5860750675201416
124M,500,Random,9,0.585739016532898
124M,500,Random,10,0.5857473015785217
124M,500,Random,11,0.5871300101280212
124M,500,Random,12,0.5867276787757874
124M,500,Random,13,0.5864428877830505
124M,500,Random,14,0.588202953338623
124M,500,Random,15,0.5831292271614075
124M,500,Random,16,0.5878877639770508
124M,500,Random,17,0.587398886680603
124M,500,Random,18,0.5907752513885498
124M,500,Random,19,0.5851667523384094
124M,500,Random,20,0.5866951942443848
124M,500,Random,21,0.5873929262161255
124M,500,Random,22,0.5854281783103943
124M,500,Random,23,0.58829265832901
124M,500,Random,24,0.5905001163482666
124M,500,Random,25,0.5861116051673889
124M,500,Random,26,0.5853601098060608
124M,500,Random,27,0.5878667831420898
124M,500,Random,28,0.5881384015083313
124M,500,Random,29,0.587461531162262
124M,500,Random,30,0.5872882008552551
124M,500,Random,31,0.5871338844299316
124M,500,Random,32,0.5869094133377075
124M,500,Random,33,0.5857605338096619
124M,500,Random,34,0.5871652960777283
124M,500,Random,35,0.5884582996368408
124M,500,Random,36,0.5874898433685303
124M,500,Random,37,0.5867387652397156
124M,500,Random,38,0.58580482006073
124M,500,Random,39,0.5876416563987732
124M,500,Random,40,0.5875369310379028
124M,500,Random,41,0.5868074297904968
124M,500,Random,42,0.5876694321632385
124M,500,Random,43,0.5873522162437439
124M,500,Random,44,0.5866438150405884
124M,500,Stat,Mean,0.5830725431442261
124M,500,Stat,Std,0.03936060145497322
124M,500,Stat,Max,0.9202321171760559
124M,1000,Frequency,0,0.7913503050804138
124M,1000,Frequency,1,0.7479825615882874
124M,1000,Frequency,2,0.7267923951148987
124M,1000,Frequency,3,0.7130555510520935
124M,1000,Frequency,4,0.7001781463623047
124M,1000,Frequency,5,0.688721776008606
124M,1000,Frequency,6,0.6779213547706604
124M,1000,Frequency,7,0.6692410111427307
124M,1000,Frequency,8,0.6634870767593384
124M,1000,Frequency,9,0.6537498831748962
124M,1000,Frequency,10,0.6478922963142395
124M,1000,Frequency,11,0.6426117420196533
124M,1000,Frequency,12,0.6362950205802917
124M,1000,Frequency,13,0.6309437155723572
124M,1000,Frequency,14,0.6247484087944031
124M,1000,Frequency,15,0.6228242516517639
124M,1000,Frequency,16,0.6186646223068237
124M,1000,Frequency,17,0.61492520570755
124M,1000,Frequency,18,0.6097142100334167
124M,1000,Frequency,19,0.6085845232009888
124M,1000,Frequency,20,0.6053550839424133
124M,1000,Frequency,21,0.6012018918991089
124M,1000,Frequency,22,0.6004692912101746
124M,1000,Frequency,23,0.5969748497009277
124M,1000,Frequency,24,0.5940533876419067
124M,1000,Frequency,25,0.5923522114753723
124M,1000,Frequency,26,0.5890311598777771
124M,1000,Frequency,27,0.5857502818107605
124M,1000,Frequency,28,0.5845853686332703
124M,1000,Frequency,29,0.5810747146606445
124M,1000,Frequency,30,0.5806162357330322
124M,1000,Frequency,31,0.576912522315979
124M,1000,Frequency,32,0.575071394443512
124M,1000,Frequency,33,0.5714627504348755
124M,1000,Frequency,34,0.5701013207435608
124M,1000,Frequency,35,0.5686013698577881
124M,1000,Frequency,36,0.5669218301773071
124M,1000,Frequency,37,0.5633835792541504
124M,1000,Frequency,38,0.5608907341957092
124M,1000,Frequency,39,0.5591806769371033
124M,1000,Frequency,40,0.5566423535346985
124M,1000,Frequency,41,0.5561109781265259
124M,1000,Frequency,42,0.5555440783500671
124M,1000,Frequency,43,0.5550192594528198
124M,1000,Frequency,44,0.5558478832244873
124M,1000,Random,0,0.6171883344650269
124M,1000,Random,1,0.6169509291648865
124M,1000,Random,2,0.6189481019973755
124M,1000,Random,3,0.6190208792686462
124M,1000,Random,4,0.6172702312469482
124M,1000,Random,5,0.6153262853622437
124M,1000,Random,6,0.6131609678268433
124M,1000,Random,7,0.6139399409294128
124M,1000,Random,8,0.6158095002174377
124M,1000,Random,9,0.6137787699699402
124M,1000,Random,10,0.6137552261352539
124M,1000,Random,11,0.6167523264884949
124M,1000,Random,12,0.6168159246444702
124M,1000,Random,13,0.6161603331565857
124M,1000,Random,14,0.6182993054389954
124M,1000,Random,15,0.6100776195526123
124M,1000,Random,16,0.6173993945121765
124M,1000,Random,17,0.6167332530021667
124M,1000,Random,18,0.6215207576751709
124M,1000,Random,19,0.6135639548301697
124M,1000,Random,20,0.6158848404884338
124M,1000,Random,21,0.6178045272827148
124M,1000,Random,22,0.6139441132545471
124M,1000,Random,23,0.6185909509658813
124M,1000,Random,24,0.6217426657676697
124M,1000,Random,25,0.6152758598327637
124M,1000,Random,26,0.6139677166938782
124M,1000,Random,27,0.6174823045730591
124M,1000,Random,28,0.617838978767395
124M,1000,Random,29,0.6169235110282898
124M,1000,Random,30,0.6167193651199341
124M,1000,Random,31,0.6171390414237976
124M,1000,Random,32,0.6171151399612427
124M,1000,Random,33,0.6143218874931335
124M,1000,Random,34,0.6167757511138916
124M,1000,Random,35,0.6177475452423096
124M,1000,Random,36,0.6160401105880737
124M,1000,Random,37,0.6154100298881531
124M,1000,Random,38,0.614454984664917
124M,1000,Random,39,0.6175798773765564
124M,1000,Random,40,0.6167390942573547
124M,1000,Random,41,0.614973247051239
124M,1000,Random,42,0.6180205345153809
124M,1000,Random,43,0.6173868179321289
124M,1000,Random,44,0.6146464347839355
124M,1000,Stat,Mean,0.6089497804641724
124M,1000,Stat,Std,0.06422342360019684
124M,1000,Stat,Max,1.0255322456359863
124M,1500,Frequency,0,0.8718422651290894
124M,1500,Frequency,1,0.8219959735870361
124M,1500,Frequency,2,0.7945084571838379
124M,1500,Frequency,3,0.7767329216003418
124M,1500,Frequency,4,0.7611233592033386
124M,1500,Frequency,5,0.7446476817131042
124M,1500,Frequency,6,0.730341911315918
124M,1500,Frequency,7,0.7183778882026672
124M,1500,Frequency,8,0.7109366655349731
124M,1500,Frequency,9,0.6980008482933044
124M,1500,Frequency,10,0.6897807121276855
124M,1500,Frequency,11,0.683777928352356
124M,1500,Frequency,12,0.6733274459838867
124M,1500,Frequency,13,0.6657204627990723
124M,1500,Frequency,14,0.6584084630012512
124M,1500,Frequency,15,0.6552050113677979
124M,1500,Frequency,16,0.6495359539985657
124M,1500,Frequency,17,0.6438590288162231
124M,1500,Frequency,18,0.6358836889266968
124M,1500,Frequency,19,0.6349461674690247
124M,1500,Frequency,20,0.6303281188011169
124M,1500,Frequency,21,0.6245416402816772
124M,1500,Frequency,22,0.6245983242988586
124M,1500,Frequency,23,0.6180101037025452
124M,1500,Frequency,24,0.6145079135894775
124M,1500,Frequency,25,0.6127105951309204
124M,1500,Frequency,26,0.6063708066940308
124M,1500,Frequency,27,0.6025440096855164
124M,1500,Frequency,28,0.6004161238670349
124M,1500,Frequency,29,0.5958443284034729
124M,1500,Frequency,30,0.5941343307495117
124M,1500,Frequency,31,0.5894027352333069
124M,1500,Frequency,32,0.5868001580238342
124M,1500,Frequency,33,0.5809070467948914
124M,1500,Frequency,34,0.5789095163345337
124M,1500,Frequency,35,0.5767144560813904
124M,1500,Frequency,36,0.5729292631149292
124M,1500,Frequency,37,0.568591833114624
124M,1500,Frequency,38,0.5645922422409058
124M,1500,Frequency,39,0.5616307258605957
124M,1500,Frequency,40,0.5585854649543762
124M,1500,Frequency,41,0.5573517084121704
124M,1500,Frequency,42,0.5560786724090576
124M,1500,Frequency,43,0.5554885268211365
124M,1500,Frequency,44,0.5562849640846252
124M,1500,Random,0,0.6460092067718506
124M,1500,Random,1,0.644287645816803
124M,1500,Random,2,0.6471233367919922
124M,1500,Random,3,0.6479084491729736
124M,1500,Random,4,0.6442702412605286
124M,1500,Random,5,0.6433231830596924
124M,1500,Random,6,0.6401207447052002
124M,1500,Random,7,0.6405492424964905
124M,1500,Random,8,0.6431791186332703
124M,1500,Random,9,0.6394566893577576
124M,1500,Random,10,0.6395155191421509
124M,1500,Random,11,0.6451551914215088
124M,1500,Random,12,0.6443784236907959
124M,1500,Random,13,0.643471360206604
124M,1500,Random,14,0.6459052562713623
124M,1500,Random,15,0.6357435584068298
124M,1500,Random,16,0.6455779075622559
124M,1500,Random,17,0.6441779732704163
124M,1500,Random,18,0.6488226056098938
124M,1500,Random,19,0.640178382396698
124M,1500,Random,20,0.6430662274360657
124M,1500,Random,21,0.6453342437744141
124M,1500,Random,22,0.6404277086257935
124M,1500,Random,23,0.6466526389122009
124M,1500,Random,24,0.6510635018348694
124M,1500,Random,25,0.6421850323677063
124M,1500,Random,26,0.6408833265304565
124M,1500,Random,27,0.6442207098007202
124M,1500,Random,28,0.6455698013305664
124M,1500,Random,29,0.6442145109176636
124M,1500,Random,30,0.6443800330162048
124M,1500,Random,31,0.6454249620437622
124M,1500,Random,32,0.6450609564781189
124M,1500,Random,33,0.641941249370575
124M,1500,Random,34,0.6449391841888428
124M,1500,Random,35,0.6457104682922363
124M,1500,Random,36,0.6433387398719788
124M,1500,Random,37,0.643258810043335
124M,1500,Random,38,0.6404525637626648
124M,1500,Random,39,0.6447934508323669
124M,1500,Random,40,0.6451299786567688
124M,1500,Random,41,0.6415022015571594
124M,1500,Random,42,0.6462239027023315
124M,1500,Random,43,0.6446688771247864
124M,1500,Random,44,0.6420050859451294
124M,1500,Stat,Mean,0.6331067681312561
124M,1500,Stat,Std,0.08670094609260559
124M,1500,Stat,Max,1.1313081979751587
124M,2000,Frequency,0,0.9420230984687805
124M,2000,Frequency,1,0.8884825706481934
124M,2000,Frequency,2,0.8563230037689209
124M,2000,Frequency,3,0.8348237872123718
124M,2000,Frequency,4,0.8168798089027405
124M,2000,Frequency,5,0.7966303825378418
124M,2000,Frequency,6,0.779765784740448
124M,2000,Frequency,7,0.7651976943016052
124M,2000,Frequency,8,0.7550795674324036
124M,2000,Frequency,9,0.7401595115661621
124M,2000,Frequency,10,0.7288870811462402
124M,2000,Frequency,11,0.7213934659957886
124M,2000,Frequency,12,0.7088375687599182
124M,2000,Frequency,13,0.7001484632492065
124M,2000,Frequency,14,0.6892064809799194
124M,2000,Frequency,15,0.6858444213867188
124M,2000,Frequency,16,0.6793743968009949
124M,2000,Frequency,17,0.6722530722618103
124M,2000,Frequency,18,0.6613826751708984
124M,2000,Frequency,19,0.6597984433174133
124M,2000,Frequency,20,0.6545093059539795
124M,2000,Frequency,21,0.6466731429100037
124M,2000,Frequency,22,0.6463151574134827
124M,2000,Frequency,23,0.6384046077728271
124M,2000,Frequency,24,0.6346494555473328
124M,2000,Frequency,25,0.6309248208999634
124M,2000,Frequency,26,0.6238487958908081
124M,2000,Frequency,27,0.6201863288879395
124M,2000,Frequency,28,0.6168124675750732
124M,2000,Frequency,29,0.6110663414001465
124M,2000,Frequency,30,0.6080691814422607
124M,2000,Frequency,31,0.6010543704032898
124M,2000,Frequency,32,0.5992681980133057
124M,2000,Frequency,33,0.5914012789726257
124M,2000,Frequency,34,0.5878448486328125
124M,2000,Frequency,35,0.5841173529624939
124M,2000,Frequency,36,0.5792533755302429
124M,2000,Frequency,37,0.5737589597702026
124M,2000,Frequency,38,0.5687541365623474
124M,2000,Frequency,39,0.5643203258514404
124M,2000,Frequency,40,0.5603457093238831
124M,2000,Frequency,41,0.5590057373046875
124M,2000,Frequency,42,0.5567445158958435
124M,2000,Frequency,43,0.5558520555496216
124M,2000,Frequency,44,0.5567637085914612
124M,2000,Random,0,0.6719340682029724
124M,2000,Random,1,0.6708212494850159
124M,2000,Random,2,0.6738892793655396
124M,2000,Random,3,0.6740193367004395
124M,2000,Random,4,0.6710018515586853
124M,2000,Random,5,0.6694697141647339
124M,2000,Random,6,0.6654389500617981
124M,2000,Random,7,0.6655037999153137
124M,2000,Random,8,0.6690502166748047
124M,2000,Random,9,0.6635738611221313
124M,2000,Random,10,0.6643633842468262
124M,2000,Random,11,0.6700924634933472
124M,2000,Random,12,0.6698542833328247
124M,2000,Random,13,0.6698986887931824
124M,2000,Random,14,0.6723121404647827
124M,2000,Random,15,0.6600565314292908
124M,2000,Random,16,0.6716976761817932
124M,2000,Random,17,0.6698444485664368
124M,2000,Random,18,0.675862193107605
124M,2000,Random,19,0.6657834649085999
124M,2000,Random,20,0.6686723828315735
124M,2000,Random,21,0.6717362403869629
124M,2000,Random,22,0.6649929285049438
124M,2000,Random,23,0.6730145812034607
124M,2000,Random,24,0.6780474185943604
124M,2000,Random,25,0.6684671640396118
124M,2000,Random,26,0.6666590571403503
124M,2000,Random,27,0.6702204346656799
124M,2000,Random,28,0.672071635723114
124M,2000,Random,29,0.6705211400985718
124M,2000,Random,30,0.6698444485664368
124M,2000,Random,31,0.6716328263282776
124M,2000,Random,32,0.6712897419929504
124M,2000,Random,33,0.6679463982582092
124M,2000,Random,34,0.6720143556594849
124M,2000,Random,35,0.6718747019767761
124M,2000,Random,36,0.6685436964035034
124M,2000,Random,37,0.6690003275871277
124M,2000,Random,38,0.6657482385635376
124M,2000,Random,39,0.6715517640113831
124M,2000,Random,40,0.6710270047187805
124M,2000,Random,41,0.6668372750282288
124M,2000,Random,42,0.6718049049377441
124M,2000,Random,43,0.669662594795227
124M,2000,Random,44,0.6693074107170105
124M,2000,Stat,Mean,0.655886709690094
124M,2000,Stat,Std,0.10727302730083466
124M,2000,Stat,Max,1.2014895677566528
124M,2500,Frequency,0,1.007362723350525
124M,2500,Frequency,1,0.9491142630577087
124M,2500,Frequency,2,0.9136500358581543
124M,2500,Frequency,3,0.8899202942848206
124M,2500,Frequency,4,0.869225263595581
124M,2500,Frequency,5,0.8446502089500427
124M,2500,Frequency,6,0.826948881149292
124M,2500,Frequency,7,0.8095622062683105
124M,2500,Frequency,8,0.7976887822151184
124M,2500,Frequency,9,0.7797474265098572
124M,2500,Frequency,10,0.767719030380249
124M,2500,Frequency,11,0.7567510008811951
124M,2500,Frequency,12,0.742300808429718
124M,2500,Frequency,13,0.7328457832336426
124M,2500,Frequency,14,0.7208065390586853
124M,2500,Frequency,15,0.7163327932357788
124M,2500,Frequency,16,0.7078012824058533
124M,2500,Frequency,17,0.6992208957672119
124M,2500,Frequency,18,0.6863274574279785
124M,2500,Frequency,19,0.6840430498123169
124M,2500,Frequency,20,0.6777703762054443
124M,2500,Frequency,21,0.6690448522567749
124M,2500,Frequency,22,0.6685105562210083
124M,2500,Frequency,23,0.6587826013565063
124M,2500,Frequency,24,0.6527901291847229
124M,2500,Frequency,25,0.6490234732627869
124M,2500,Frequency,26,0.6414597034454346
124M,2500,Frequency,27,0.6365313529968262
124M,2500,Frequency,28,0.6323484778404236
124M,2500,Frequency,29,0.625615119934082
124M,2500,Frequency,30,0.6217800378799438
124M,2500,Frequency,31,0.6139771938323975
124M,2500,Frequency,32,0.6113056540489197
124M,2500,Frequency,33,0.6012513637542725
124M,2500,Frequency,34,0.5967738628387451
124M,2500,Frequency,35,0.5920464992523193
124M,2500,Frequency,36,0.5859937071800232
124M,2500,Frequency,37,0.5796448588371277
124M,2500,Frequency,38,0.5728687047958374
124M,2500,Frequency,39,0.5672193169593811
124M,2500,Frequency,40,0.5622592568397522
124M,2500,Frequency,41,0.5603586435317993
124M,2500,Frequency,42,0.5575036406517029
124M,2500,Frequency,43,0.5562133193016052
124M,2500,Frequency,44,0.5568722486495972
124M,2500,Random,0,0.6963918805122375
124M,2500,Random,1,0.6959384679794312
124M,2500,Random,2,0.6998103857040405
124M,2500,Random,3,0.6995006203651428
124M,2500,Random,4,0.6952474117279053
124M,2500,Random,5,0.6943243741989136
124M,2500,Random,6,0.6888166666030884
124M,2500,Random,7,0.68940669298172
124M,2500,Random,8,0.6939375400543213
124M,2500,Random,9,0.6865140795707703
124M,2500,Random,10,0.6884667873382568
124M,2500,Random,11,0.6959556341171265
124M,2500,Random,12,0.6947511434555054
124M,2500,Random,13,0.6937953233718872
124M,2500,Random,14,0.6970117688179016
124M,2500,Random,15,0.6836889982223511
124M,2500,Random,16,0.696903645992279
124M,2500,Random,17,0.694469690322876
124M,2500,Random,18,0.7024465203285217
124M,2500,Random,19,0.6899701952934265
124M,2500,Random,20,0.6932235360145569
124M,2500,Random,21,0.6973006725311279
124M,2500,Random,22,0.6888288259506226
124M,2500,Random,23,0.698668897151947
124M,2500,Random,24,0.7051460146903992
124M,2500,Random,25,0.6927733421325684
124M,2500,Random,26,0.6921703219413757
124M,2500,Random,27,0.6953762173652649
124M,2500,Random,28,0.6972064971923828
124M,2500,Random,29,0.695244550704956
124M,2500,Random,30,0.6945806741714478
124M,2500,Random,31,0.6958906054496765
124M,2500,Random,32,0.6967573165893555
124M,2500,Random,33,0.6925041079521179
124M,2500,Random,34,0.6981610655784607
124M,2500,Random,35,0.6966947317123413
124M,2500,Random,36,0.6920514702796936
124M,2500,Random,37,0.6941398978233337
124M,2500,Random,38,0.6890004873275757
124M,2500,Random,39,0.6962007880210876
124M,2500,Random,40,0.6954017281532288
124M,2500,Random,41,0.6924492716789246
124M,2500,Random,42,0.6972416043281555
124M,2500,Random,43,0.6944569945335388
124M,2500,Random,44,0.6945164799690247
124M,2500,Stat,Mean,0.6777233481407166
124M,2500,Stat,Std,0.12629398703575134
124M,2500,Stat,Max,1.301769733428955
124M,3000,Frequency,0,1.0666512250900269
124M,3000,Frequency,1,1.007002592086792
124M,3000,Frequency,2,0.9681974053382874
124M,3000,Frequency,3,0.9412667751312256
124M,3000,Frequency,4,0.9174025058746338
124M,3000,Frequency,5,0.8902562260627747
124M,3000,Frequency,6,0.8699755072593689
124M,3000,Frequency,7,0.8506796360015869
124M,3000,Frequency,8,0.8358674049377441
124M,3000,Frequency,9,0.8175508379936218
124M,3000,Frequency,10,0.8042970895767212
124M,3000,Frequency,11,0.7917739748954773
124M,3000,Frequency,12,0.7740721702575684
124M,3000,Frequency,13,0.7632628679275513
124M,3000,Frequency,14,0.7494760155677795
124M,3000,Frequency,15,0.7448257803916931
124M,3000,Frequency,16,0.7350664138793945
124M,3000,Frequency,17,0.724414050579071
124M,3000,Frequency,18,0.7099109888076782
124M,3000,Frequency,19,0.7084112763404846
124M,3000,Frequency,20,0.698896586894989
124M,3000,Frequency,21,0.6896650195121765
124M,3000,Frequency,22,0.6896831393241882
124M,3000,Frequency,23,0.6776100397109985
124M,3000,Frequency,24,0.670745849609375
124M,3000,Frequency,25,0.6670082211494446
124M,3000,Frequency,26,0.658737063407898
124M,3000,Frequency,27,0.6525223255157471
124M,3000,Frequency,28,0.6463320255279541
124M,3000,Frequency,29,0.6393714547157288
124M,3000,Frequency,30,0.6354926824569702
124M,3000,Frequency,31,0.6257988214492798
124M,3000,Frequency,32,0.6218308210372925
124M,3000,Frequency,33,0.6108909249305725
124M,3000,Frequency,34,0.6056540608406067
124M,3000,Frequency,35,0.6004918217658997
124M,3000,Frequency,36,0.5926955342292786
124M,3000,Frequency,37,0.58503657579422
124M,3000,Frequency,38,0.5774266123771667
124M,3000,Frequency,39,0.5702440142631531
124M,3000,Frequency,40,0.5644731521606445
124M,3000,Frequency,41,0.5615158677101135
124M,3000,Frequency,42,0.5582479238510132
124M,3000,Frequency,43,0.5565914511680603
124M,3000,Frequency,44,0.5572065114974976
124M,3000,Random,0,0.7195731401443481
124M,3000,Random,1,0.7195246815681458
124M,3000,Random,2,0.723429262638092
124M,3000,Random,3,0.7237441539764404
124M,3000,Random,4,0.7186136841773987
124M,3000,Random,5,0.7182887196540833
124M,3000,Random,6,0.7108463644981384
124M,3000,Random,7,0.7125333547592163
124M,3000,Random,8,0.7169883251190186
124M,3000,Random,9,0.7087452411651611
124M,3000,Random,10,0.711264431476593
124M,3000,Random,11,0.7200044989585876
124M,3000,Random,12,0.7174086570739746
124M,3000,Random,13,0.7176691293716431
124M,3000,Random,14,0.7209919095039368
124M,3000,Random,15,0.7063927054405212
124M,3000,Random,16,0.7215888500213623
124M,3000,Random,17,0.7179646492004395
124M,3000,Random,18,0.7262190580368042
124M,3000,Random,19,0.7133133411407471
124M,3000,Random,20,0.7179387211799622
124M,3000,Random,21,0.7220553755760193
124M,3000,Random,22,0.7106079459190369
124M,3000,Random,23,0.7222217917442322
124M,3000,Random,24,0.7288274765014648
124M,3000,Random,25,0.7164697647094727
124M,3000,Random,26,0.714662492275238
124M,3000,Random,27,0.7184913158416748
124M,3000,Random,28,0.7203413844108582
124M,3000,Random,29,0.7185905575752258
124M,3000,Random,30,0.7181836366653442
124M,3000,Random,31,0.7187798023223877
124M,3000,Random,32,0.7203212380409241
124M,3000,Random,33,0.7162058353424072
124M,3000,Random,34,0.7210994362831116
124M,3000,Random,35,0.7203710675239563
124M,3000,Random,36,0.7156511545181274
124M,3000,Random,37,0.7171425223350525
124M,3000,Random,38,0.7111768126487732
124M,3000,Random,39,0.7200962901115417
124M,3000,Random,40,0.7189399003982544
124M,3000,Random,41,0.7151976227760315
124M,3000,Random,42,0.7210372686386108
124M,3000,Random,43,0.7176769971847534
124M,3000,Random,44,0.7183791399002075
124M,3000,Stat,Mean,0.6983039379119873
124M,3000,Stat,Std,0.14399558305740356
124M,3000,Stat,Max,1.3859089612960815
124M,3500,Frequency,0,1.1229358911514282
124M,3500,Frequency,1,1.0594929456710815
124M,3500,Frequency,2,1.0182377099990845
124M,3500,Frequency,3,0.9893377423286438
124M,3500,Frequency,4,0.962710976600647
124M,3500,Frequency,5,0.9356554746627808
124M,3500,Frequency,6,0.91268390417099
124M,3500,Frequency,7,0.890367329120636
124M,3500,Frequency,8,0.8734745979309082
124M,3500,Frequency,9,0.8530060648918152
124M,3500,Frequency,10,0.8393824696540833
124M,3500,Frequency,11,0.8252476453781128
124M,3500,Frequency,12,0.8054473996162415
124M,3500,Frequency,13,0.7936482429504395
124M,3500,Frequency,14,0.7770749926567078
124M,3500,Frequency,15,0.7731252312660217
124M,3500,Frequency,16,0.7602828741073608
124M,3500,Frequency,17,0.7495329976081848
124M,3500,Frequency,18,0.732606828212738
124M,3500,Frequency,19,0.7308411598205566
124M,3500,Frequency,20,0.7214486598968506
124M,3500,Frequency,21,0.710570216178894
124M,3500,Frequency,22,0.7095752954483032
124M,3500,Frequency,23,0.6958514451980591
124M,3500,Frequency,24,0.6889437437057495
124M,3500,Frequency,25,0.6844426989555359
124M,3500,Frequency,26,0.6744382977485657
124M,3500,Frequency,27,0.6680920124053955
124M,3500,Frequency,28,0.6621624827384949
124M,3500,Frequency,29,0.6528176069259644
124M,3500,Frequency,30,0.6490035653114319
124M,3500,Frequency,31,0.6383203268051147
124M,3500,Frequency,32,0.6330835819244385
124M,3500,Frequency,33,0.6215501427650452
124M,3500,Frequency,34,0.6147685050964355
124M,3500,Frequency,35,0.6080709099769592
124M,3500,Frequency,36,0.5996484756469727
124M,3500,Frequency,37,0.5902755260467529
124M,3500,Frequency,38,0.5821014642715454
124M,3500,Frequency,39,0.5728835463523865
124M,3500,Frequency,40,0.5663661360740662
124M,3500,Frequency,41,0.5625935792922974
124M,3500,Frequency,42,0.558850884437561
124M,3500,Frequency,43,0.5568313002586365
124M,3500,Frequency,44,0.557659387588501
124M,3500,Random,0,0.7422963976860046
124M,3500,Random,1,0.7429277300834656
124M,3500,Random,2,0.7465492486953735
124M,3500,Random,3,0.7468018531799316
124M,3500,Random,4,0.7410979270935059
124M,3500,Random,5,0.7411611080169678
124M,3500,Random,6,0.7322137355804443
124M,3500,Random,7,0.7346200346946716
124M,3500,Random,8,0.7399284839630127
124M,3500,Random,9,0.7305173277854919
124M,3500,Random,10,0.7330628633499146
124M,3500,Random,11,0.7418132424354553
124M,3500,Random,12,0.7395017147064209
124M,3500,Random,13,0.740059494972229
124M,3500,Random,14,0.7434502840042114
124M,3500,Random,15,0.7275102138519287
124M,3500,Random,16,0.7442549467086792
124M,3500,Random,17,0.7391744256019592
124M,3500,Random,18,0.7489252090454102
124M,3500,Random,19,0.7351541519165039
124M,3500,Random,20,0.7414025664329529
124M,3500,Random,21,0.7450314164161682
124M,3500,Random,22,0.7329019904136658
124M,3500,Random,23,0.7454097867012024
124M,3500,Random,24,0.7527090907096863
124M,3500,Random,25,0.7386936545372009
124M,3500,Random,26,0.7373141646385193
124M,3500,Random,27,0.7416446805000305
124M,3500,Random,28,0.7431378364562988
124M,3500,Random,29,0.7424874901771545
124M,3500,Random,30,0.7410440444946289
124M,3500,Random,31,0.7418575286865234
124M,3500,Random,32,0.7433677911758423
124M,3500,Random,33,0.7389444708824158
124M,3500,Random,34,0.7439724802970886
124M,3500,Random,35,0.7423274517059326
124M,3500,Random,36,0.7381629347801208
124M,3500,Random,37,0.7398759722709656
124M,3500,Random,38,0.7325509190559387
124M,3500,Random,39,0.7432188987731934
124M,3500,Random,40,0.7428663372993469
124M,3500,Random,41,0.7371479272842407
124M,3500,Random,42,0.7446279525756836
124M,3500,Random,43,0.7399513125419617
124M,3500,Random,44,0.7428542375564575
124M,3500,Stat,Mean,0.7182130813598633
124M,3500,Stat,Std,0.1606663018465042
124M,3500,Stat,Max,1.4482824802398682
124M,4000,Frequency,0,1.1747167110443115
124M,4000,Frequency,1,1.1100795269012451
124M,4000,Frequency,2,1.066377878189087
124M,4000,Frequency,3,1.0344136953353882
124M,4000,Frequency,4,1.0068403482437134
124M,4000,Frequency,5,0.9773120880126953
124M,4000,Frequency,6,0.9540340900421143
124M,4000,Frequency,7,0.926953136920929
124M,4000,Frequency,8,0.9088871479034424
124M,4000,Frequency,9,0.8867536783218384
124M,4000,Frequency,10,0.8731388449668884
124M,4000,Frequency,11,0.8567852973937988
124M,4000,Frequency,12,0.8350682258605957
124M,4000,Frequency,13,0.8222312331199646
124M,4000,Frequency,14,0.8046771883964539
124M,4000,Frequency,15,0.799296498298645
124M,4000,Frequency,16,0.7849154472351074
124M,4000,Frequency,17,0.7751168012619019
124M,4000,Frequency,18,0.7569697499275208
124M,4000,Frequency,19,0.7538114786148071
124M,4000,Frequency,20,0.7433512806892395
124M,4000,Frequency,21,0.7311572432518005
124M,4000,Frequency,22,0.7290588617324829
124M,4000,Frequency,23,0.7153661251068115
124M,4000,Frequency,24,0.7062787413597107
124M,4000,Frequency,25,0.7018095254898071
124M,4000,Frequency,26,0.6907159090042114
124M,4000,Frequency,27,0.6830165386199951
124M,4000,Frequency,28,0.6769160032272339
124M,4000,Frequency,29,0.6674838662147522
124M,4000,Frequency,30,0.6630668044090271
124M,4000,Frequency,31,0.6500142216682434
124M,4000,Frequency,32,0.6448062062263489
124M,4000,Frequency,33,0.6316580772399902
124M,4000,Frequency,34,0.6249843835830688
124M,4000,Frequency,35,0.6162423491477966
124M,4000,Frequency,36,0.6064851880073547
124M,4000,Frequency,37,0.5953207612037659
124M,4000,Frequency,38,0.5861427783966064
124M,4000,Frequency,39,0.5761078000068665
124M,4000,Frequency,40,0.5686348676681519
124M,4000,Frequency,41,0.5638330578804016
124M,4000,Frequency,42,0.5596132874488831
124M,4000,Frequency,43,0.5571274757385254
124M,4000,Frequency,44,0.5577975511550903
124M,4000,Random,0,0.7642050981521606
124M,4000,Random,1,0.764937162399292
124M,4000,Random,2,0.7701612710952759
124M,4000,Random,3,0.7675797343254089
124M,4000,Random,4,0.7635194659233093
124M,4000,Random,5,0.7632547616958618
124M,4000,Random,6,0.7537394165992737
124M,4000,Random,7,0.7558100819587708
124M,4000,Random,8,0.761352002620697
124M,4000,Random,9,0.7526118159294128
124M,4000,Random,10,0.7532667517662048
124M,4000,Random,11,0.762873113155365
124M,4000,Random,12,0.7602925300598145
124M,4000,Random,13,0.7622779011726379
124M,4000,Random,14,0.7652236819267273
124M,4000,Random,15,0.748586118221283
124M,4000,Random,16,0.7664581537246704
124M,4000,Random,17,0.7606928944587708
124M,4000,Random,18,0.771713137626648
124M,4000,Random,19,0.7560783624649048
124M,4000,Random,20,0.7637918591499329
124M,4000,Random,21,0.7667167782783508
124M,4000,Random,22,0.7532035708427429
124M,4000,Random,23,0.7675179839134216
124M,4000,Random,24,0.7770252823829651
124M,4000,Random,25,0.7607426047325134
124M,4000,Random,26,0.7599243521690369
124M,4000,Random,27,0.7635912895202637
124M,4000,Random,28,0.7650399208068848
124M,4000,Random,29,0.7648733854293823
124M,4000,Random,30,0.7629227638244629
124M,4000,Random,31,0.7647783756256104
124M,4000,Random,32,0.7654816508293152
124M,4000,Random,33,0.760272204875946
124M,4000,Random,34,0.7668807506561279
124M,4000,Random,35,0.7644025087356567
124M,4000,Random,36,0.7597680687904358
124M,4000,Random,37,0.7619436383247375
124M,4000,Random,38,0.7537158727645874
124M,4000,Random,39,0.7657309770584106
124M,4000,Random,40,0.765129029750824
124M,4000,Random,41,0.758871853351593
124M,4000,Random,42,0.7666271328926086
124M,4000,Random,43,0.7625042796134949
124M,4000,Random,44,0.7645469307899475
124M,4000,Stat,Mean,0.7375102639198303
124M,4000,Stat,Std,0.17634470760822296
124M,4000,Stat,Max,1.5192865133285522
124M,4500,Frequency,0,1.2261481285095215
124M,4500,Frequency,1,1.1580859422683716
124M,4500,Frequency,2,1.1110718250274658
124M,4500,Frequency,3,1.0773818492889404
124M,4500,Frequency,4,1.0480263233184814
124M,4500,Frequency,5,1.0181620121002197
124M,4500,Frequency,6,0.9919130802154541
124M,4500,Frequency,7,0.9643093943595886
124M,4500,Frequency,8,0.9423102736473083
124M,4500,Frequency,9,0.9188462495803833
124M,4500,Frequency,10,0.9031577110290527
124M,4500,Frequency,11,0.8870850801467896
124M,4500,Frequency,12,0.8638230562210083
124M,4500,Frequency,13,0.8499222993850708
124M,4500,Frequency,14,0.8307494521141052
124M,4500,Frequency,15,0.824633777141571
124M,4500,Frequency,16,0.8096732497215271
124M,4500,Frequency,17,0.7984101176261902
124M,4500,Frequency,18,0.7792519927024841
124M,4500,Frequency,19,0.776045560836792
124M,4500,Frequency,20,0.7637616991996765
124M,4500,Frequency,21,0.7510988116264343
124M,4500,Frequency,22,0.7486262917518616
124M,4500,Frequency,23,0.7329214811325073
124M,4500,Frequency,24,0.7232115864753723
124M,4500,Frequency,25,0.7175582051277161
124M,4500,Frequency,26,0.7070751786231995
124M,4500,Frequency,27,0.6975681781768799
124M,4500,Frequency,28,0.6904634237289429
124M,4500,Frequency,29,0.6805161833763123
124M,4500,Frequency,30,0.6748446226119995
124M,4500,Frequency,31,0.6609380841255188
124M,4500,Frequency,32,0.6562821865081787
124M,4500,Frequency,33,0.6415089964866638
124M,4500,Frequency,34,0.6335815787315369
124M,4500,Frequency,35,0.6235139966011047
124M,4500,Frequency,36,0.6136213541030884
124M,4500,Frequency,37,0.6004787683486938
124M,4500,Frequency,38,0.590436577796936
124M,4500,Frequency,39,0.5790947079658508
124M,4500,Frequency,40,0.5704240798950195
124M,4500,Frequency,41,0.5650505423545837
124M,4500,Frequency,42,0.5604955554008484
124M,4500,Frequency,43,0.5575515627861023
124M,4500,Frequency,44,0.5582054853439331
124M,4500,Random,0,0.7843857407569885
124M,4500,Random,1,0.7856656908988953
124M,4500,Random,2,0.7927035093307495
124M,4500,Random,3,0.7878477573394775
124M,4500,Random,4,0.7845034599304199
124M,4500,Random,5,0.7844042778015137
124M,4500,Random,6,0.7731077671051025
124M,4500,Random,7,0.7757548689842224
124M,4500,Random,8,0.7818245887756348
124M,4500,Random,9,0.7728185057640076
124M,4500,Random,10,0.7745635509490967
124M,4500,Random,11,0.78317791223526
124M,4500,Random,12,0.7807790637016296
124M,4500,Random,13,0.7830401659011841
124M,4500,Random,14,0.7869209051132202
124M,4500,Random,15,0.7682618498802185
124M,4500,Random,16,0.7873795032501221
124M,4500,Random,17,0.7807534337043762
124M,4500,Random,18,0.7927497029304504
124M,4500,Random,19,0.7766350507736206
124M,4500,Random,20,0.785250723361969
124M,4500,Random,21,0.7877336144447327
124M,4500,Random,22,0.7739248275756836
124M,4500,Random,23,0.7890180349349976
124M,4500,Random,24,0.7995812296867371
124M,4500,Random,25,0.7822310328483582
124M,4500,Random,26,0.7806363701820374
124M,4500,Random,27,0.7845475673675537
124M,4500,Random,28,0.785843551158905
124M,4500,Random,29,0.7862681746482849
124M,4500,Random,30,0.7818653583526611
124M,4500,Random,31,0.785359799861908
124M,4500,Random,32,0.7866970896720886
124M,4500,Random,33,0.7809387445449829
124M,4500,Random,34,0.7881200313568115
124M,4500,Random,35,0.7854292988777161
124M,4500,Random,36,0.7803149223327637
124M,4500,Random,37,0.7834466695785522
124M,4500,Random,38,0.773526132106781
124M,4500,Random,39,0.7868907451629639
124M,4500,Random,40,0.7858830094337463
124M,4500,Random,41,0.7802616953849792
124M,4500,Random,42,0.7875391840934753
124M,4500,Random,43,0.7839725017547607
124M,4500,Random,44,0.7874147295951843
124M,4500,Stat,Mean,0.7558591961860657
124M,4500,Stat,Std,0.19135865569114685
124M,4500,Stat,Max,1.5544575452804565
124M,5000,Frequency,0,1.2727617025375366
124M,5000,Frequency,1,1.2042996883392334
124M,5000,Frequency,2,1.1557095050811768
124M,5000,Frequency,3,1.1181116104125977
124M,5000,Frequency,4,1.0888296365737915
124M,5000,Frequency,5,1.0563700199127197
124M,5000,Frequency,6,1.028774619102478
124M,5000,Frequency,7,1.0001649856567383
124M,5000,Frequency,8,0.9751061201095581
124M,5000,Frequency,9,0.9499498009681702
124M,5000,Frequency,10,0.9332566261291504
124M,5000,Frequency,11,0.9168998599052429
124M,5000,Frequency,12,0.8909593224525452
124M,5000,Frequency,13,0.8763384819030762
124M,5000,Frequency,14,0.8565588593482971
124M,5000,Frequency,15,0.8492149710655212
124M,5000,Frequency,16,0.8326944708824158
124M,5000,Frequency,17,0.8215656876564026
124M,5000,Frequency,18,0.8011141419410706
124M,5000,Frequency,19,0.7976040244102478
124M,5000,Frequency,20,0.7842027544975281
124M,5000,Frequency,21,0.769904613494873
124M,5000,Frequency,22,0.7676683068275452
124M,5000,Frequency,23,0.7510945200920105
124M,5000,Frequency,24,0.7409036755561829
124M,5000,Frequency,25,0.7335428595542908
124M,5000,Frequency,26,0.7222084999084473
124M,5000,Frequency,27,0.7121801376342773
124M,5000,Frequency,28,0.7046976685523987
124M,5000,Frequency,29,0.6941667199134827
124M,5000,Frequency,30,0.6870350241661072
124M,5000,Frequency,31,0.6724036931991577
124M,5000,Frequency,32,0.667729914188385
124M,5000,Frequency,33,0.6518912315368652
124M,5000,Frequency,34,0.6417134404182434
124M,5000,Frequency,35,0.631282389163971
124M,5000,Frequency,36,0.6203677654266357
124M,5000,Frequency,37,0.6059330701828003
124M,5000,Frequency,38,0.5949138402938843
124M,5000,Frequency,39,0.5822352170944214
124M,5000,Frequency,40,0.5728973150253296
124M,5000,Frequency,41,0.5665392875671387
124M,5000,Frequency,42,0.5611897706985474
124M,5000,Frequency,43,0.5579431653022766
124M,5000,Frequency,44,0.5583202838897705
124M,5000,Random,0,0.8040711879730225
124M,5000,Random,1,0.8065351247787476
124M,5000,Random,2,0.8139010667800903
124M,5000,Random,3,0.8078886866569519
124M,5000,Random,4,0.8050740361213684
124M,5000,Random,5,0.8060591816902161
124M,5000,Random,6,0.7931366562843323
124M,5000,Random,7,0.7954345345497131
124M,5000,Random,8,0.801794171333313
124M,5000,Random,9,0.7920529246330261
124M,5000,Random,10,0.7942709922790527
124M,5000,Random,11,0.8039854168891907
124M,5000,Random,12,0.800753653049469
124M,5000,Random,13,0.8035016059875488
124M,5000,Random,14,0.8081257343292236
124M,5000,Random,15,0.7881494760513306
124M,5000,Random,16,0.8077611327171326
124M,5000,Random,17,0.8008769154548645
124M,5000,Random,18,0.8143731951713562
124M,5000,Random,19,0.7963837385177612
124M,5000,Random,20,0.8059559464454651
124M,5000,Random,21,0.808849573135376
124M,5000,Random,22,0.7932408452033997
124M,5000,Random,23,0.8103333711624146
124M,5000,Random,24,0.8202319741249084
124M,5000,Random,25,0.8019260168075562
124M,5000,Random,26,0.801439642906189
124M,5000,Random,27,0.8055700659751892
124M,5000,Random,28,0.8073370456695557
124M,5000,Random,29,0.806610107421875
124M,5000,Random,30,0.8016031384468079
124M,5000,Random,31,0.8060445189476013
124M,5000,Random,32,0.8077768087387085
124M,5000,Random,33,0.8006323575973511
124M,5000,Random,34,0.8089803457260132
124M,5000,Random,35,0.805541455745697
124M,5000,Random,36,0.7997745275497437
124M,5000,Random,37,0.8032664060592651
124M,5000,Random,38,0.7927603125572205
124M,5000,Random,39,0.8074010014533997
124M,5000,Random,40,0.8059803247451782
124M,5000,Random,41,0.7998930215835571
124M,5000,Random,42,0.8088045120239258
124M,5000,Random,43,0.8043861985206604
124M,5000,Random,44,0.8091651201248169
124M,5000,Stat,Mean,0.7737935781478882
124M,5000,Stat,Std,0.20571739971637726
124M,5000,Stat,Max,1.5922565460205078
124M,5500,Frequency,0,1.3185099363327026
124M,5500,Frequency,1,1.2476516962051392
124M,5500,Frequency,2,1.19777512550354
124M,5500,Frequency,3,1.157747507095337
124M,5500,Frequency,4,1.12908935546875
124M,5500,Frequency,5,1.0927566289901733
124M,5500,Frequency,6,1.064385175704956
124M,5500,Frequency,7,1.0330694913864136
124M,5500,Frequency,8,1.0084960460662842
124M,5500,Frequency,9,0.9816667437553406
124M,5500,Frequency,10,0.9636499285697937
124M,5500,Frequency,11,0.9465850591659546
124M,5500,Frequency,12,0.9183393120765686
124M,5500,Frequency,13,0.903616189956665
124M,5500,Frequency,14,0.8810811638832092
124M,5500,Frequency,15,0.8747718334197998
124M,5500,Frequency,16,0.8565575480461121
124M,5500,Frequency,17,0.8426897525787354
124M,5500,Frequency,18,0.8227151036262512
124M,5500,Frequency,19,0.817668616771698
124M,5500,Frequency,20,0.8045459389686584
124M,5500,Frequency,21,0.7893106937408447
124M,5500,Frequency,22,0.7867707014083862
124M,5500,Frequency,23,0.7684949636459351
124M,5500,Frequency,24,0.7568666338920593
124M,5500,Frequency,25,0.7496972680091858
124M,5500,Frequency,26,0.7376213669776917
124M,5500,Frequency,27,0.7276012301445007
124M,5500,Frequency,28,0.7184247970581055
124M,5500,Frequency,29,0.707032322883606
124M,5500,Frequency,30,0.699809193611145
124M,5500,Frequency,31,0.684090256690979
124M,5500,Frequency,32,0.6786798238754272
124M,5500,Frequency,33,0.6606782078742981
124M,5500,Frequency,34,0.6503575444221497
124M,5500,Frequency,35,0.6391292214393616
124M,5500,Frequency,36,0.6271065473556519
124M,5500,Frequency,37,0.6112745404243469
124M,5500,Frequency,38,0.5991024374961853
124M,5500,Frequency,39,0.58527672290802
124M,5500,Frequency,40,0.5750570297241211
124M,5500,Frequency,41,0.5678064227104187
124M,5500,Frequency,42,0.5618749856948853
124M,5500,Frequency,43,0.5583285093307495
124M,5500,Frequency,44,0.5583750009536743
124M,5500,Random,0,0.8238147497177124
124M,5500,Random,1,0.8265472054481506
124M,5500,Random,2,0.8350487351417542
124M,5500,Random,3,0.8286775350570679
124M,5500,Random,4,0.8247880935668945
124M,5500,Random,5,0.8261632919311523
124M,5500,Random,6,0.8130679726600647
124M,5500,Random,7,0.8146125078201294
124M,5500,Random,8,0.8221409916877747
124M,5500,Random,9,0.8125056028366089
124M,5500,Random,10,0.8135615587234497
124M,5500,Random,11,0.8237742781639099
124M,5500,Random,12,0.8211648464202881
124M,5500,Random,13,0.8235914707183838
124M,5500,Random,14,0.8283243179321289
124M,5500,Random,15,0.8066805005073547
124M,5500,Random,16,0.8274586200714111
124M,5500,Random,17,0.8199257850646973
124M,5500,Random,18,0.8350768089294434
124M,5500,Random,19,0.8159685730934143
124M,5500,Random,20,0.8256133794784546
124M,5500,Random,21,0.8301568031311035
124M,5500,Random,22,0.812020480632782
124M,5500,Random,23,0.8307010531425476
124M,5500,Random,24,0.8411654233932495
124M,5500,Random,25,0.821243166923523
124M,5500,Random,26,0.8216716051101685
124M,5500,Random,27,0.8257612586021423
124M,5500,Random,28,0.827528178691864
124M,5500,Random,29,0.8262040019035339
124M,5500,Random,30,0.8208761811256409
124M,5500,Random,31,0.8267419338226318
124M,5500,Random,32,0.8280668258666992
124M,5500,Random,33,0.8204843997955322
124M,5500,Random,34,0.8290397524833679
124M,5500,Random,35,0.825312077999115
124M,5500,Random,36,0.8190620541572571
124M,5500,Random,37,0.8236271142959595
124M,5500,Random,38,0.8117039203643799
124M,5500,Random,39,0.8277019262313843
124M,5500,Random,40,0.8251503109931946
124M,5500,Random,41,0.8195529580116272
124M,5500,Random,42,0.8290912508964539
124M,5500,Random,43,0.8250485062599182
124M,5500,Random,44,0.8288238644599915
124M,5500,Stat,Mean,0.7913601398468018
124M,5500,Stat,Std,0.21956944465637207
124M,5500,Stat,Max,1.630733609199524
124M,6000,Frequency,0,1.3615180253982544
124M,6000,Frequency,1,1.2897648811340332
124M,6000,Frequency,2,1.2386037111282349
124M,6000,Frequency,3,1.1962741613388062
124M,6000,Frequency,4,1.1666394472122192
124M,6000,Frequency,5,1.128024697303772
124M,6000,Frequency,6,1.0987541675567627
124M,6000,Frequency,7,1.0668737888336182
124M,6000,Frequency,8,1.0394953489303589
124M,6000,Frequency,9,1.0108065605163574
124M,6000,Frequency,10,0.992682933807373
124M,6000,Frequency,11,0.974335253238678
124M,6000,Frequency,12,0.9457249045372009
124M,6000,Frequency,13,0.9286866188049316
124M,6000,Frequency,14,0.9046868681907654
124M,6000,Frequency,15,0.8985241651535034
124M,6000,Frequency,16,0.8790419697761536
124M,6000,Frequency,17,0.8638066649436951
124M,6000,Frequency,18,0.8429936170578003
124M,6000,Frequency,19,0.8375645875930786
124M,6000,Frequency,20,0.8239415884017944
124M,6000,Frequency,21,0.8067337274551392
124M,6000,Frequency,22,0.8050552606582642
124M,6000,Frequency,23,0.7854516506195068
124M,6000,Frequency,24,0.7719681859016418
124M,6000,Frequency,25,0.7647823691368103
124M,6000,Frequency,26,0.7526184916496277
124M,6000,Frequency,27,0.7422937750816345
124M,6000,Frequency,28,0.732435941696167
124M,6000,Frequency,29,0.7204946875572205
124M,6000,Frequency,30,0.7115241885185242
124M,6000,Frequency,31,0.6960494518280029
124M,6000,Frequency,32,0.6892820000648499
124M,6000,Frequency,33,0.6705301403999329
124M,6000,Frequency,34,0.6587727069854736
124M,6000,Frequency,35,0.6461341381072998
124M,6000,Frequency,36,0.6335772275924683
124M,6000,Frequency,37,0.616658627986908
124M,6000,Frequency,38,0.6034846305847168
124M,6000,Frequency,39,0.5884596705436707
124M,6000,Frequency,40,0.5772387981414795
124M,6000,Frequency,41,0.5691236853599548
124M,6000,Frequency,42,0.5627612471580505
124M,6000,Frequency,43,0.5588303208351135
124M,6000,Frequency,44,0.5587231516838074
124M,6000,Random,0,0.8430806398391724
124M,6000,Random,1,0.8462496399879456
124M,6000,Random,2,0.8555320501327515
124M,6000,Random,3,0.848598301410675
124M,6000,Random,4,0.8436865210533142
124M,6000,Random,5,0.8455186486244202
124M,6000,Random,6,0.8313015699386597
124M,6000,Random,7,0.8331881165504456
124M,6000,Random,8,0.8417304754257202
124M,6000,Random,9,0.830255389213562
124M,6000,Random,10,0.831965982913971
124M,6000,Random,11,0.8428471684455872
124M,6000,Random,12,0.8396284580230713
124M,6000,Random,13,0.8434755206108093
124M,6000,Random,14,0.8488692045211792
124M,6000,Random,15,0.8244044184684753
124M,6000,Random,16,0.8470150232315063
124M,6000,Random,17,0.8389374017715454
124M,6000,Random,18,0.8554848432540894
124M,6000,Random,19,0.8339022397994995
124M,6000,Random,20,0.8447775840759277
124M,6000,Random,21,0.849760115146637
124M,6000,Random,22,0.8311349749565125
124M,6000,Random,23,0.8506759405136108
124M,6000,Random,24,0.8606511950492859
124M,6000,Random,25,0.840132474899292
124M,6000,Random,26,0.8405112624168396
124M,6000,Random,27,0.8444193601608276
124M,6000,Random,28,0.8469811677932739
124M,6000,Random,29,0.8448176383972168
124M,6000,Random,30,0.8398929238319397
124M,6000,Random,31,0.8457711935043335
124M,6000,Random,32,0.8475703001022339
124M,6000,Random,33,0.8401803970336914
124M,6000,Random,34,0.8483231663703918
124M,6000,Random,35,0.8456010222434998
124M,6000,Random,36,0.8378973007202148
124M,6000,Random,37,0.8428676128387451
124M,6000,Random,38,0.830164909362793
124M,6000,Random,39,0.8480343818664551
124M,6000,Random,40,0.8434982299804688
124M,6000,Random,41,0.8384296894073486
124M,6000,Random,42,0.8486060500144958
124M,6000,Random,43,0.8444734215736389
124M,6000,Random,44,0.8485240936279297
124M,6000,Stat,Mean,0.808259904384613
124M,6000,Stat,Std,0.23289936780929565
124M,6000,Stat,Max,1.6815614700317383
124M,6500,Frequency,0,1.4049650430679321
124M,6500,Frequency,1,1.330199122428894
124M,6500,Frequency,2,1.2756761312484741
124M,6500,Frequency,3,1.2325998544692993
124M,6500,Frequency,4,1.2022578716278076
124M,6500,Frequency,5,1.1629043817520142
124M,6500,Frequency,6,1.1316850185394287
124M,6500,Frequency,7,1.0981539487838745
124M,6500,Frequency,8,1.070555567741394
124M,6500,Frequency,9,1.0395197868347168
124M,6500,Frequency,10,1.02142333984375
124M,6500,Frequency,11,1.0012174844741821
124M,6500,Frequency,12,0.9706827402114868
124M,6500,Frequency,13,0.953245222568512
124M,6500,Frequency,14,0.9278646111488342
124M,6500,Frequency,15,0.9219307899475098
124M,6500,Frequency,16,0.9013428688049316
124M,6500,Frequency,17,0.884916365146637
124M,6500,Frequency,18,0.8629160523414612
124M,6500,Frequency,19,0.8571478128433228
124M,6500,Frequency,20,0.8437873721122742
124M,6500,Frequency,21,0.8242784738540649
124M,6500,Frequency,22,0.8230419754981995
124M,6500,Frequency,23,0.8026074767112732
124M,6500,Frequency,24,0.7881549596786499
124M,6500,Frequency,25,0.7802960872650146
124M,6500,Frequency,26,0.7677727341651917
124M,6500,Frequency,27,0.7564282417297363
124M,6500,Frequency,28,0.7457398176193237
124M,6500,Frequency,29,0.7324548959732056
124M,6500,Frequency,30,0.7244156002998352
124M,6500,Frequency,31,0.7077251076698303
124M,6500,Frequency,32,0.6995606422424316
124M,6500,Frequency,33,0.6804838180541992
124M,6500,Frequency,34,0.6673586368560791
124M,6500,Frequency,35,0.6540292501449585
124M,6500,Frequency,36,0.6400507092475891
124M,6500,Frequency,37,0.6220552921295166
124M,6500,Frequency,38,0.6080520153045654
124M,6500,Frequency,39,0.5914064049720764
124M,6500,Frequency,40,0.5793030858039856
124M,6500,Frequency,41,0.5702965259552002
124M,6500,Frequency,42,0.5637223720550537
124M,6500,Frequency,43,0.5592650771141052
124M,6500,Frequency,44,0.559131383895874
124M,6500,Random,0,0.8614890575408936
124M,6500,Random,1,0.8661743998527527
124M,6500,Random,2,0.8745294213294983
124M,6500,Random,3,0.868330180644989
124M,6500,Random,4,0.862558126449585
124M,6500,Random,5,0.8640297651290894
124M,6500,Random,6,0.8497676849365234
124M,6500,Random,7,0.8525810837745667
124M,6500,Random,8,0.8604759573936462
124M,6500,Random,9,0.8497366309165955
124M,6500,Random,10,0.850663959980011
124M,6500,Random,11,0.8616976737976074
124M,6500,Random,12,0.857942521572113
124M,6500,Random,13,0.8626399636268616
124M,6500,Random,14,0.8672967553138733
124M,6500,Random,15,0.8425734639167786
124M,6500,Random,16,0.8660513758659363
124M,6500,Random,17,0.8573023676872253
124M,6500,Random,18,0.8741056323051453
124M,6500,Random,19,0.8515778183937073
124M,6500,Random,20,0.8637253046035767
124M,6500,Random,21,0.8694201707839966
124M,6500,Random,22,0.850033164024353
124M,6500,Random,23,0.8696697354316711
124M,6500,Random,24,0.879835844039917
124M,6500,Random,25,0.8588243126869202
124M,6500,Random,26,0.8587816953659058
124M,6500,Random,27,0.8633866310119629
124M,6500,Random,28,0.8654834032058716
124M,6500,Random,29,0.8631038665771484
124M,6500,Random,30,0.8586634397506714
124M,6500,Random,31,0.8646364212036133
124M,6500,Random,32,0.8667664527893066
124M,6500,Random,33,0.8586444854736328
124M,6500,Random,34,0.8666001558303833
124M,6500,Random,35,0.8638097047805786
124M,6500,Random,36,0.8567237257957458
124M,6500,Random,37,0.8618890643119812
124M,6500,Random,38,0.848383903503418
124M,6500,Random,39,0.8665178418159485
124M,6500,Random,40,0.8623242378234863
124M,6500,Random,41,0.8569350838661194
124M,6500,Random,42,0.8672629594802856
124M,6500,Random,43,0.864154040813446
124M,6500,Random,44,0.8659220337867737
124M,6500,Stat,Mean,0.8247866630554199
124M,6500,Stat,Std,0.24563904106616974
124M,6500,Stat,Max,1.7369952201843262
124M,7000,Frequency,0,1.4443539381027222
124M,7000,Frequency,1,1.3698115348815918
124M,7000,Frequency,2,1.3141405582427979
124M,7000,Frequency,3,1.2697187662124634
124M,7000,Frequency,4,1.236276388168335
124M,7000,Frequency,5,1.1965664625167847
124M,7000,Frequency,6,1.163930058479309
124M,7000,Frequency,7,1.1296911239624023
124M,7000,Frequency,8,1.099560022354126
124M,7000,Frequency,9,1.0695687532424927
124M,7000,Frequency,10,1.0487819910049438
124M,7000,Frequency,11,1.02726149559021
124M,7000,Frequency,12,0.9961694478988647
124M,7000,Frequency,13,0.9776615500450134
124M,7000,Frequency,14,0.9506683349609375
124M,7000,Frequency,15,0.943928062915802
124M,7000,Frequency,16,0.9235684871673584
124M,7000,Frequency,17,0.9054033756256104
124M,7000,Frequency,18,0.8822770714759827
124M,7000,Frequency,19,0.8768852949142456
124M,7000,Frequency,20,0.8630079030990601
124M,7000,Frequency,21,0.8416427373886108
124M,7000,Frequency,22,0.840394914150238
124M,7000,Frequency,23,0.8190010786056519
124M,7000,Frequency,24,0.8031687140464783
124M,7000,Frequency,25,0.7946169972419739
124M,7000,Frequency,26,0.7828638553619385
124M,7000,Frequency,27,0.7706414461135864
124M,7000,Frequency,28,0.7597004771232605
124M,7000,Frequency,29,0.7451135516166687
124M,7000,Frequency,30,0.7362180948257446
124M,7000,Frequency,31,0.7187256813049316
124M,7000,Frequency,32,0.7097548842430115
124M,7000,Frequency,33,0.6900659799575806
124M,7000,Frequency,34,0.6763315200805664
124M,7000,Frequency,35,0.6614108681678772
124M,7000,Frequency,36,0.6464588642120361
124M,7000,Frequency,37,0.627642810344696
124M,7000,Frequency,38,0.6122366189956665
124M,7000,Frequency,39,0.5944496393203735
124M,7000,Frequency,40,0.5815116167068481
124M,7000,Frequency,41,0.5716633200645447
124M,7000,Frequency,42,0.5647305846214294
124M,7000,Frequency,43,0.5598383545875549
124M,7000,Frequency,44,0.5596201419830322
124M,7000,Random,0,0.8801016807556152
124M,7000,Random,1,0.8843979239463806
124M,7000,Random,2,0.8934728503227234
124M,7000,Random,3,0.8873360753059387
124M,7000,Random,4,0.8804194927215576
124M,7000,Random,5,0.8836660981178284
124M,7000,Random,6,0.8678255081176758
124M,7000,Random,7,0.8704265356063843
124M,7000,Random,8,0.8787577748298645
124M,7000,Random,9,0.8687869906425476
124M,7000,Random,10,0.8688054084777832
124M,7000,Random,11,0.8801979422569275
124M,7000,Random,12,0.8767126202583313
124M,7000,Random,13,0.8809171319007874
124M,7000,Random,14,0.8845881819725037
124M,7000,Random,15,0.8590682744979858
124M,7000,Random,16,0.8843052983283997
124M,7000,Random,17,0.8759094476699829
124M,7000,Random,18,0.89277184009552
124M,7000,Random,19,0.8699236512184143
124M,7000,Random,20,0.8818866014480591
124M,7000,Random,21,0.8885117173194885
124M,7000,Random,22,0.8678452372550964
124M,7000,Random,23,0.889398455619812
124M,7000,Random,24,0.8980751633644104
124M,7000,Random,25,0.8766465783119202
124M,7000,Random,26,0.8773513436317444
124M,7000,Random,27,0.8820677995681763
124M,7000,Random,28,0.8843140006065369
124M,7000,Random,29,0.8813000321388245
124M,7000,Random,30,0.8766016960144043
124M,7000,Random,31,0.883621871471405
124M,7000,Random,32,0.8852266669273376
124M,7000,Random,33,0.8771661520004272
124M,7000,Random,34,0.8858721256256104
124M,7000,Random,35,0.8824016451835632
124M,7000,Random,36,0.8738404512405396
124M,7000,Random,37,0.8808736205101013
124M,7000,Random,38,0.8664552569389343
124M,7000,Random,39,0.8838959336280823
124M,7000,Random,40,0.881133496761322
124M,7000,Random,41,0.8743633031845093
124M,7000,Random,42,0.8860158324241638
124M,7000,Random,43,0.8828863501548767
124M,7000,Random,44,0.8860127925872803
124M,7000,Stat,Mean,0.8409843444824219
124M,7000,Stat,Std,0.25808098912239075
124M,7000,Stat,Max,1.7706489562988281
124M,7500,Frequency,0,1.4836041927337646
124M,7500,Frequency,1,1.4079594612121582
124M,7500,Frequency,2,1.3524469137191772
124M,7500,Frequency,3,1.3043808937072754
124M,7500,Frequency,4,1.2689932584762573
124M,7500,Frequency,5,1.228312611579895
124M,7500,Frequency,6,1.1953096389770508
124M,7500,Frequency,7,1.1597168445587158
124M,7500,Frequency,8,1.128253698348999
124M,7500,Frequency,9,1.096935749053955
124M,7500,Frequency,10,1.0756345987319946
124M,7500,Frequency,11,1.051720142364502
124M,7500,Frequency,12,1.0209541320800781
124M,7500,Frequency,13,1.0008772611618042
124M,7500,Frequency,14,0.9734456539154053
124M,7500,Frequency,15,0.9648851752281189
124M,7500,Frequency,16,0.944128155708313
124M,7500,Frequency,17,0.92491215467453
124M,7500,Frequency,18,0.900945246219635
124M,7500,Frequency,19,0.8952648639678955
124M,7500,Frequency,20,0.8811834454536438
124M,7500,Frequency,21,0.8584733605384827
124M,7500,Frequency,22,0.8574970364570618
124M,7500,Frequency,23,0.8353546261787415
124M,7500,Frequency,24,0.8181464672088623
124M,7500,Frequency,25,0.809100329875946
124M,7500,Frequency,26,0.7964893579483032
124M,7500,Frequency,27,0.783441424369812
124M,7500,Frequency,28,0.7718464732170105
124M,7500,Frequency,29,0.757274866104126
124M,7500,Frequency,30,0.7482905387878418
124M,7500,Frequency,31,0.7294517755508423
124M,7500,Frequency,32,0.7203485369682312
124M,7500,Frequency,33,0.699045717716217
124M,7500,Frequency,34,0.6843177676200867
124M,7500,Frequency,35,0.6690000295639038
124M,7500,Frequency,36,0.6530576944351196
124M,7500,Frequency,37,0.633029043674469
124M,7500,Frequency,38,0.616635799407959
124M,7500,Frequency,39,0.5972309112548828
124M,7500,Frequency,40,0.5836334824562073
124M,7500,Frequency,41,0.5728334188461304
124M,7500,Frequency,42,0.5654506087303162
124M,7500,Frequency,43,0.5601658821105957
124M,7500,Frequency,44,0.5601425766944885
124M,7500,Random,0,0.8970557451248169
124M,7500,Random,1,0.9031632542610168
124M,7500,Random,2,0.9112859964370728
124M,7500,Random,3,0.9048617482185364
124M,7500,Random,4,0.8973674178123474
124M,7500,Random,5,0.9010693430900574
124M,7500,Random,6,0.8848179578781128
124M,7500,Random,7,0.8881332874298096
124M,7500,Random,8,0.8963264226913452
124M,7500,Random,9,0.8852582573890686
124M,7500,Random,10,0.8863705396652222
124M,7500,Random,11,0.8980313539505005
124M,7500,Random,12,0.8949400782585144
124M,7500,Random,13,0.8991464376449585
124M,7500,Random,14,0.904005229473114
124M,7500,Random,15,0.8750614523887634
124M,7500,Random,16,0.9020484685897827
124M,7500,Random,17,0.892654538154602
124M,7500,Random,18,0.9101395606994629
124M,7500,Random,19,0.8873050212860107
124M,7500,Random,20,0.8996939063072205
124M,7500,Random,21,0.9066904187202454
124M,7500,Random,22,0.8849623799324036
124M,7500,Random,23,0.9079540371894836
124M,7500,Random,24,0.9173873662948608
124M,7500,Random,25,0.8941624164581299
124M,7500,Random,26,0.8947014808654785
124M,7500,Random,27,0.8999200463294983
124M,7500,Random,28,0.9031255841255188
124M,7500,Random,29,0.899703323841095
124M,7500,Random,30,0.8938118815422058
124M,7500,Random,31,0.902691662311554
124M,7500,Random,32,0.9033451676368713
124M,7500,Random,33,0.8949295282363892
124M,7500,Random,34,0.9037743210792542
124M,7500,Random,35,0.8988975882530212
124M,7500,Random,36,0.8910733461380005
124M,7500,Random,37,0.8988988399505615
124M,7500,Random,38,0.8840962052345276
124M,7500,Random,39,0.9018032550811768
124M,7500,Random,40,0.8987890481948853
124M,7500,Random,41,0.8910852670669556
124M,7500,Random,42,0.9040908813476562
124M,7500,Random,43,0.8999457955360413
124M,7500,Random,44,0.9031292796134949
124M,7500,Stat,Mean,0.8565582036972046
124M,7500,Stat,Std,0.27011731266975403
124M,7500,Stat,Max,1.8144867420196533
124M,8000,Frequency,0,1.5221377611160278
124M,8000,Frequency,1,1.446435809135437
124M,8000,Frequency,2,1.388043999671936
124M,8000,Frequency,3,1.3386081457138062
124M,8000,Frequency,4,1.3018547296524048
124M,8000,Frequency,5,1.2604248523712158
124M,8000,Frequency,6,1.2253185510635376
124M,8000,Frequency,7,1.1896588802337646
124M,8000,Frequency,8,1.1565791368484497
124M,8000,Frequency,9,1.1246315240859985
124M,8000,Frequency,10,1.1002917289733887
124M,8000,Frequency,11,1.0764333009719849
124M,8000,Frequency,12,1.044966220855713
124M,8000,Frequency,13,1.0230807065963745
124M,8000,Frequency,14,0.9955371618270874
124M,8000,Frequency,15,0.9862783551216125
124M,8000,Frequency,16,0.9643650054931641
124M,8000,Frequency,17,0.9435728788375854
124M,8000,Frequency,18,0.9195729494094849
124M,8000,Frequency,19,0.9132533073425293
124M,8000,Frequency,20,0.8985889554023743
124M,8000,Frequency,21,0.8743569850921631
124M,8000,Frequency,22,0.8745101690292358
124M,8000,Frequency,23,0.8506701588630676
124M,8000,Frequency,24,0.8327813148498535
124M,8000,Frequency,25,0.8233433365821838
124M,8000,Frequency,26,0.8099709153175354
124M,8000,Frequency,27,0.7965775728225708
124M,8000,Frequency,28,0.7837543487548828
124M,8000,Frequency,29,0.7689446210861206
124M,8000,Frequency,30,0.7592292428016663
124M,8000,Frequency,31,0.739008367061615
124M,8000,Frequency,32,0.7297166585922241
124M,8000,Frequency,33,0.7079097032546997
124M,8000,Frequency,34,0.6926799416542053
124M,8000,Frequency,35,0.6758077144622803
124M,8000,Frequency,36,0.6596919298171997
124M,8000,Frequency,37,0.6382409930229187
124M,8000,Frequency,38,0.6207113862037659
124M,8000,Frequency,39,0.600048840045929
124M,8000,Frequency,40,0.585753321647644
124M,8000,Frequency,41,0.5740731954574585
124M,8000,Frequency,42,0.5662853717803955
124M,8000,Frequency,43,0.5604631304740906
124M,8000,Frequency,44,0.5602760910987854
124M,8000,Random,0,0.9147157073020935
124M,8000,Random,1,0.9203686118125916
124M,8000,Random,2,0.9289451837539673
124M,8000,Random,3,0.9213816523551941
124M,8000,Random,4,0.9147512316703796
124M,8000,Random,5,0.9181690812110901
124M,8000,Random,6,0.9012763500213623
124M,8000,Random,7,0.9041837453842163
124M,8000,Random,8,0.9130344390869141
124M,8000,Random,9,0.9018986225128174
124M,8000,Random,10,0.9038213491439819
124M,8000,Random,11,0.9155835509300232
124M,8000,Random,12,0.9117245078086853
124M,8000,Random,13,0.9162023663520813
124M,8000,Random,14,0.9220656752586365
124M,8000,Random,15,0.8917648792266846
124M,8000,Random,16,0.9197066426277161
124M,8000,Random,17,0.9101777672767639
124M,8000,Random,18,0.9290499091148376
124M,8000,Random,19,0.9042906165122986
124M,8000,Random,20,0.9175735116004944
124M,8000,Random,21,0.925491213798523
124M,8000,Random,22,0.9013464450836182
124M,8000,Random,23,0.9254112839698792
124M,8000,Random,24,0.9347477555274963
124M,8000,Random,25,0.9106287956237793
124M,8000,Random,26,0.9117034673690796
124M,8000,Random,27,0.917797863483429
124M,8000,Random,28,0.9204230904579163
124M,8000,Random,29,0.916879415512085
124M,8000,Random,30,0.9100925326347351
124M,8000,Random,31,0.9197991490364075
124M,8000,Random,32,0.9209668040275574
124M,8000,Random,33,0.9120329022407532
124M,8000,Random,34,0.9213771224021912
124M,8000,Random,35,0.9171319603919983
124M,8000,Random,36,0.9079004526138306
124M,8000,Random,37,0.9167450070381165
124M,8000,Random,38,0.9002683758735657
124M,8000,Random,39,0.9185333251953125
124M,8000,Random,40,0.9163079261779785
124M,8000,Random,41,0.9087534546852112
124M,8000,Random,42,0.9217289090156555
124M,8000,Random,43,0.9174785614013672
124M,8000,Random,44,0.9214473962783813
124M,8000,Stat,Mean,0.8717644214630127
124M,8000,Stat,Std,0.2818981409072876
124M,8000,Stat,Max,1.8740054368972778
124M,8500,Frequency,0,1.559656023979187
124M,8500,Frequency,1,1.4825812578201294
124M,8500,Frequency,2,1.4216487407684326
124M,8500,Frequency,3,1.3723788261413574
124M,8500,Frequency,4,1.3335829973220825
124M,8500,Frequency,5,1.2909080982208252
124M,8500,Frequency,6,1.2563685178756714
124M,8500,Frequency,7,1.2185899019241333
124M,8500,Frequency,8,1.1836339235305786
124M,8500,Frequency,9,1.151915431022644
124M,8500,Frequency,10,1.1259139776229858
124M,8500,Frequency,11,1.1019136905670166
124M,8500,Frequency,12,1.0681465864181519
124M,8500,Frequency,13,1.0450118780136108
124M,8500,Frequency,14,1.0166704654693604
124M,8500,Frequency,15,1.007975459098816
124M,8500,Frequency,16,0.9852890372276306
124M,8500,Frequency,17,0.963771402835846
124M,8500,Frequency,18,0.9385724663734436
124M,8500,Frequency,19,0.9325322508811951
124M,8500,Frequency,20,0.916307806968689
124M,8500,Frequency,21,0.8908416032791138
124M,8500,Frequency,22,0.8914621472358704
124M,8500,Frequency,23,0.8663507699966431
124M,8500,Frequency,24,0.8476307392120361
124M,8500,Frequency,25,0.8378323316574097
124M,8500,Frequency,26,0.824769139289856
124M,8500,Frequency,27,0.8100727796554565
124M,8500,Frequency,28,0.7966413497924805
124M,8500,Frequency,29,0.780524730682373
124M,8500,Frequency,30,0.7708343267440796
124M,8500,Frequency,31,0.7498486042022705
124M,8500,Frequency,32,0.739580512046814
124M,8500,Frequency,33,0.717306911945343
124M,8500,Frequency,34,0.7011286616325378
124M,8500,Frequency,35,0.6831986904144287
124M,8500,Frequency,36,0.6656680703163147
124M,8500,Frequency,37,0.6438388824462891
124M,8500,Frequency,38,0.6253740191459656
124M,8500,Frequency,39,0.6033575534820557
124M,8500,Frequency,40,0.5881736874580383
124M,8500,Frequency,41,0.5754079818725586
124M,8500,Frequency,42,0.5670284032821655
124M,8500,Frequency,43,0.5607504844665527
124M,8500,Frequency,44,0.5605655312538147
124M,8500,Random,0,0.9325413703918457
124M,8500,Random,1,0.9382110238075256
124M,8500,Random,2,0.9473621845245361
124M,8500,Random,3,0.938567042350769
124M,8500,Random,4,0.931895911693573
124M,8500,Random,5,0.9349042773246765
124M,8500,Random,6,0.9192066192626953
124M,8500,Random,7,0.9208717942237854
124M,8500,Random,8,0.9299823045730591
124M,8500,Random,9,0.9192360639572144
124M,8500,Random,10,0.9208856821060181
124M,8500,Random,11,0.9325490593910217
124M,8500,Random,12,0.9296112060546875
124M,8500,Random,13,0.9331995844841003
124M,8500,Random,14,0.9399199485778809
124M,8500,Random,15,0.9083834886550903
124M,8500,Random,16,0.9365279674530029
124M,8500,Random,17,0.9274642467498779
124M,8500,Random,18,0.9471672177314758
124M,8500,Random,19,0.9219020009040833
124M,8500,Random,20,0.9354147911071777
124M,8500,Random,21,0.9428638219833374
124M,8500,Random,22,0.9179471731185913
124M,8500,Random,23,0.9433104991912842
124M,8500,Random,24,0.9526842832565308
124M,8500,Random,25,0.9283447861671448
124M,8500,Random,26,0.927625298500061
124M,8500,Random,27,0.9351728558540344
124M,8500,Random,28,0.9372356534004211
124M,8500,Random,29,0.9340839982032776
124M,8500,Random,30,0.9268438220024109
124M,8500,Random,31,0.9377827048301697
124M,8500,Random,32,0.9394720196723938
124M,8500,Random,33,0.9294095635414124
124M,8500,Random,34,0.9383345246315002
124M,8500,Random,35,0.9335606098175049
124M,8500,Random,36,0.9247188568115234
124M,8500,Random,37,0.933732807636261
124M,8500,Random,38,0.9168450832366943
124M,8500,Random,39,0.9363942742347717
124M,8500,Random,40,0.9346139430999756
124M,8500,Random,41,0.9253733158111572
124M,8500,Random,42,0.9392200708389282
124M,8500,Random,43,0.9353960752487183
124M,8500,Random,44,0.9389603137969971
124M,8500,Stat,Mean,0.88702392578125
124M,8500,Stat,Std,0.29332834482192993
124M,8500,Stat,Max,1.901235580444336
124M,9000,Frequency,0,1.596047043800354
124M,9000,Frequency,1,1.5183558464050293
124M,9000,Frequency,2,1.4563603401184082
124M,9000,Frequency,3,1.4049513339996338
124M,9000,Frequency,4,1.3653675317764282
124M,9000,Frequency,5,1.3218052387237549
124M,9000,Frequency,6,1.2858525514602661
124M,9000,Frequency,7,1.2457422018051147
124M,9000,Frequency,8,1.2107099294662476
124M,9000,Frequency,9,1.1767692565917969
124M,9000,Frequency,10,1.1507893800735474
124M,9000,Frequency,11,1.1250667572021484
124M,9000,Frequency,12,1.0906078815460205
124M,9000,Frequency,13,1.067981243133545
124M,9000,Frequency,14,1.0373578071594238
124M,9000,Frequency,15,1.0286785364151
124M,9000,Frequency,16,1.0044808387756348
124M,9000,Frequency,17,0.9830120801925659
124M,9000,Frequency,18,0.9570425152778625
124M,9000,Frequency,19,0.950218677520752
124M,9000,Frequency,20,0.9332723021507263
124M,9000,Frequency,21,0.907091498374939
124M,9000,Frequency,22,0.9076070189476013
124M,9000,Frequency,23,0.8819392919540405
124M,9000,Frequency,24,0.8623617887496948
124M,9000,Frequency,25,0.8514112830162048
124M,9000,Frequency,26,0.8380413055419922
124M,9000,Frequency,27,0.8231141567230225
124M,9000,Frequency,28,0.8089482188224792
124M,9000,Frequency,29,0.7914539575576782
124M,9000,Frequency,30,0.7815456390380859
124M,9000,Frequency,31,0.7602385878562927
124M,9000,Frequency,32,0.7490257620811462
124M,9000,Frequency,33,0.7259209156036377
124M,9000,Frequency,34,0.708697497844696
124M,9000,Frequency,35,0.6905235052108765
124M,9000,Frequency,36,0.6718191504478455
124M,9000,Frequency,37,0.6491098999977112
124M,9000,Frequency,38,0.629827082157135
124M,9000,Frequency,39,0.6063417792320251
124M,9000,Frequency,40,0.5902224183082581
124M,9000,Frequency,41,0.5766569972038269
124M,9000,Frequency,42,0.5676896572113037
124M,9000,Frequency,43,0.5610476136207581
124M,9000,Frequency,44,0.5606759786605835
124M,9000,Random,0,0.9489452838897705
124M,9000,Random,1,0.9551378488540649
124M,9000,Random,2,0.9657368063926697
124M,9000,Random,3,0.9551817178726196
124M,9000,Random,4,0.9489636421203613
124M,9000,Random,5,0.951246440410614
124M,9000,Random,6,0.936115562915802
124M,9000,Random,7,0.9373969435691833
124M,9000,Random,8,0.947118878364563
124M,9000,Random,9,0.9350552558898926
124M,9000,Random,10,0.9364800453186035
124M,9000,Random,11,0.949027955532074
124M,9000,Random,12,0.9458085298538208
124M,9000,Random,13,0.9508033394813538
124M,9000,Random,14,0.9577697515487671
124M,9000,Random,15,0.9238823056221008
124M,9000,Random,16,0.9531150460243225
124M,9000,Random,17,0.9424532651901245
124M,9000,Random,18,0.9640246629714966
124M,9000,Random,19,0.9380274415016174
124M,9000,Random,20,0.9522339701652527
124M,9000,Random,21,0.9603511691093445
124M,9000,Random,22,0.9340054988861084
124M,9000,Random,23,0.9607716202735901
124M,9000,Random,24,0.969941258430481
124M,9000,Random,25,0.9456527829170227
124M,9000,Random,26,0.9442930817604065
124M,9000,Random,27,0.9526819586753845
124M,9000,Random,28,0.9529167413711548
124M,9000,Random,29,0.9513716697692871
124M,9000,Random,30,0.9438537359237671
124M,9000,Random,31,0.9550132155418396
124M,9000,Random,32,0.9554796814918518
124M,9000,Random,33,0.9460261464118958
124M,9000,Random,34,0.9551194906234741
124M,9000,Random,35,0.9501752853393555
124M,9000,Random,36,0.9410990476608276
124M,9000,Random,37,0.9510721564292908
124M,9000,Random,38,0.9327684044837952
124M,9000,Random,39,0.953326404094696
124M,9000,Random,40,0.9516688585281372
124M,9000,Random,41,0.9425246119499207
124M,9000,Random,42,0.9561229348182678
124M,9000,Random,43,0.952024519443512
124M,9000,Random,44,0.9555312991142273
124M,9000,Stat,Mean,0.9017511010169983
124M,9000,Stat,Std,0.30452796816825867
124M,9000,Stat,Max,1.9710967540740967
124M,9500,Frequency,0,1.6320818662643433
124M,9500,Frequency,1,1.552973747253418
124M,9500,Frequency,2,1.4889097213745117
124M,9500,Frequency,3,1.4368091821670532
124M,9500,Frequency,4,1.396435022354126
124M,9500,Frequency,5,1.3527719974517822
124M,9500,Frequency,6,1.313582420349121
124M,9500,Frequency,7,1.273348093032837
124M,9500,Frequency,8,1.2370047569274902
124M,9500,Frequency,9,1.202388882637024
124M,9500,Frequency,10,1.1757639646530151
124M,9500,Frequency,11,1.1491942405700684
124M,9500,Frequency,12,1.113067626953125
124M,9500,Frequency,13,1.0903267860412598
124M,9500,Frequency,14,1.0580343008041382
124M,9500,Frequency,15,1.0495202541351318
124M,9500,Frequency,16,1.023612380027771
124M,9500,Frequency,17,1.0018516778945923
124M,9500,Frequency,18,0.9744603633880615
124M,9500,Frequency,19,0.9663283824920654
124M,9500,Frequency,20,0.9494725465774536
124M,9500,Frequency,21,0.9238712191581726
124M,9500,Frequency,22,0.9226487278938293
124M,9500,Frequency,23,0.8972361087799072
124M,9500,Frequency,24,0.8763134479522705
124M,9500,Frequency,25,0.8646138906478882
124M,9500,Frequency,26,0.8506447672843933
124M,9500,Frequency,27,0.8355172276496887
124M,9500,Frequency,28,0.8204482793807983
124M,9500,Frequency,29,0.8026488423347473
124M,9500,Frequency,30,0.7921792268753052
124M,9500,Frequency,31,0.7698684930801392
124M,9500,Frequency,32,0.7590798735618591
124M,9500,Frequency,33,0.7340541481971741
124M,9500,Frequency,34,0.7159561514854431
124M,9500,Frequency,35,0.6972459554672241
124M,9500,Frequency,36,0.6775172352790833
124M,9500,Frequency,37,0.6536917686462402
124M,9500,Frequency,38,0.6341122388839722
124M,9500,Frequency,39,0.6090258359909058
124M,9500,Frequency,40,0.5924719572067261
124M,9500,Frequency,41,0.5776568651199341
124M,9500,Frequency,42,0.5684859156608582
124M,9500,Frequency,43,0.5613484978675842
124M,9500,Frequency,44,0.5608361959457397
124M,9500,Random,0,0.965874195098877
124M,9500,Random,1,0.9715225100517273
124M,9500,Random,2,0.9829660654067993
124M,9500,Random,3,0.9719986319541931
124M,9500,Random,4,0.965290904045105
124M,9500,Random,5,0.9675264954566956
124M,9500,Random,6,0.9520118236541748
124M,9500,Random,7,0.9540294408798218
124M,9500,Random,8,0.9634074568748474
124M,9500,Random,9,0.9510712623596191
124M,9500,Random,10,0.9528809785842896
124M,9500,Random,11,0.965533435344696
124M,9500,Random,12,0.9623733758926392
124M,9500,Random,13,0.9670731425285339
124M,9500,Random,14,0.9747217893600464
124M,9500,Random,15,0.9399504065513611
124M,9500,Random,16,0.9696753621101379
124M,9500,Random,17,0.9581525921821594
124M,9500,Random,18,0.9811378717422485
124M,9500,Random,19,0.95406174659729
124M,9500,Random,20,0.9690836071968079
124M,9500,Random,21,0.976990282535553
124M,9500,Random,22,0.9492335319519043
124M,9500,Random,23,0.9763579368591309
124M,9500,Random,24,0.9864553809165955
124M,9500,Random,25,0.9619508981704712
124M,9500,Random,26,0.9599787592887878
124M,9500,Random,27,0.9691499471664429
124M,9500,Random,28,0.9687063694000244
124M,9500,Random,29,0.9672176241874695
124M,9500,Random,30,0.9604604244232178
124M,9500,Random,31,0.9718213081359863
124M,9500,Random,32,0.9715552926063538
124M,9500,Random,33,0.9624974131584167
124M,9500,Random,34,0.9719054698944092
124M,9500,Random,35,0.966218113899231
124M,9500,Random,36,0.9569368362426758
124M,9500,Random,37,0.96822190284729
124M,9500,Random,38,0.9486170411109924
124M,9500,Random,39,0.9694888591766357
124M,9500,Random,40,0.9681611061096191
124M,9500,Random,41,0.9593270421028137
124M,9500,Random,42,0.9718852043151855
124M,9500,Random,43,0.9685398936271667
124M,9500,Random,44,0.9727060198783875
124M,9500,Stat,Mean,0.9161472320556641
124M,9500,Stat,Std,0.3155580759048462
124M,9500,Stat,Max,2.0062570571899414
124M,10000,Frequency,0,1.667144536972046
124M,10000,Frequency,1,1.5858803987503052
124M,10000,Frequency,2,1.5218257904052734
124M,10000,Frequency,3,1.4684948921203613
124M,10000,Frequency,4,1.4270020723342896
124M,10000,Frequency,5,1.3822576999664307
124M,10000,Frequency,6,1.3414700031280518
124M,10000,Frequency,7,1.2999968528747559
124M,10000,Frequency,8,1.2630615234375
124M,10000,Frequency,9,1.2279539108276367
124M,10000,Frequency,10,1.2000731229782104
124M,10000,Frequency,11,1.1732944250106812
124M,10000,Frequency,12,1.1350667476654053
124M,10000,Frequency,13,1.1110289096832275
124M,10000,Frequency,14,1.0770399570465088
124M,10000,Frequency,15,1.068874716758728
124M,10000,Frequency,16,1.0431759357452393
124M,10000,Frequency,17,1.020723581314087
124M,10000,Frequency,18,0.9918348789215088
124M,10000,Frequency,19,0.9841028451919556
124M,10000,Frequency,20,0.9658674001693726
124M,10000,Frequency,21,0.9394373297691345
124M,10000,Frequency,22,0.9384093284606934
124M,10000,Frequency,23,0.9113715887069702
124M,10000,Frequency,24,0.8906207084655762
124M,10000,Frequency,25,0.8779529333114624
124M,10000,Frequency,26,0.8640812635421753
124M,10000,Frequency,27,0.8487845659255981
124M,10000,Frequency,28,0.8322237730026245
124M,10000,Frequency,29,0.8142374157905579
124M,10000,Frequency,30,0.8027747869491577
124M,10000,Frequency,31,0.7803658843040466
124M,10000,Frequency,32,0.7679281234741211
124M,10000,Frequency,33,0.7422714233398438
124M,10000,Frequency,34,0.7239483594894409
124M,10000,Frequency,35,0.7046822309494019
124M,10000,Frequency,36,0.6839256882667542
124M,10000,Frequency,37,0.6588132977485657
124M,10000,Frequency,38,0.6383489966392517
124M,10000,Frequency,39,0.6120721697807312
124M,10000,Frequency,40,0.5944884419441223
124M,10000,Frequency,41,0.5790426135063171
124M,10000,Frequency,42,0.569308340549469
124M,10000,Frequency,43,0.5617007613182068
124M,10000,Frequency,44,0.5612180233001709
124M,10000,Random,0,0.9818435907363892
124M,10000,Random,1,0.9884029626846313
124M,10000,Random,2,0.9991788268089294
124M,10000,Random,3,0.988960862159729
124M,10000,Random,4,0.9818773865699768
124M,10000,Random,5,0.983578085899353
124M,10000,Random,6,0.9678701162338257
124M,10000,Random,7,0.9700999855995178
124M,10000,Random,8,0.9797036051750183
124M,10000,Random,9,0.9662714600563049
124M,10000,Random,10,0.9687514305114746
124M,10000,Random,11,0.9817873239517212
124M,10000,Random,12,0.977939248085022
124M,10000,Random,13,0.9836680889129639
124M,10000,Random,14,0.9911857843399048
124M,10000,Random,15,0.9551255106925964
124M,10000,Random,16,0.9857782125473022
124M,10000,Random,17,0.9741747975349426
124M,10000,Random,18,0.9979509711265564
124M,10000,Random,19,0.9710432291030884
124M,10000,Random,20,0.9857176542282104
124M,10000,Random,21,0.9938598871231079
124M,10000,Random,22,0.9654901027679443
124M,10000,Random,23,0.9927744269371033
124M,10000,Random,24,1.0032460689544678
124M,10000,Random,25,0.9778701066970825
124M,10000,Random,26,0.9764255285263062
124M,10000,Random,27,0.9853190779685974
124M,10000,Random,28,0.9845538139343262
124M,10000,Random,29,0.982937753200531
124M,10000,Random,30,0.9757629036903381
124M,10000,Random,31,0.9886228442192078
124M,10000,Random,32,0.9881717562675476
124M,10000,Random,33,0.9785894751548767
124M,10000,Random,34,0.9885981678962708
124M,10000,Random,35,0.9820932745933533
124M,10000,Random,36,0.9729151725769043
124M,10000,Random,37,0.9841229319572449
124M,10000,Random,38,0.9647052884101868
124M,10000,Random,39,0.9866291880607605
124M,10000,Random,40,0.9840439558029175
124M,10000,Random,41,0.9756463766098022
124M,10000,Random,42,0.9886549115180969
124M,10000,Random,43,0.9848347306251526
124M,10000,Random,44,0.9876550436019897
124M,10000,Stat,Mean,0.9304434657096863
124M,10000,Stat,Std,0.32624346017837524
124M,10000,Stat,Max,2.0691869258880615
124M,10500,Frequency,0,1.7020745277404785
124M,10500,Frequency,1,1.6188631057739258
124M,10500,Frequency,2,1.5538307428359985
124M,10500,Frequency,3,1.4997751712799072
124M,10500,Frequency,4,1.4555882215499878
124M,10500,Frequency,5,1.4113832712173462
124M,10500,Frequency,6,1.3693574666976929
124M,10500,Frequency,7,1.326809048652649
124M,10500,Frequency,8,1.287998914718628
124M,10500,Frequency,9,1.2522317171096802
124M,10500,Frequency,10,1.2236721515655518
124M,10500,Frequency,11,1.1966826915740967
124M,10500,Frequency,12,1.156427264213562
124M,10500,Frequency,13,1.133133888244629
124M,10500,Frequency,14,1.0971777439117432
124M,10500,Frequency,15,1.0895284414291382
124M,10500,Frequency,16,1.0619434118270874
124M,10500,Frequency,17,1.0392155647277832
124M,10500,Frequency,18,1.0090172290802002
124M,10500,Frequency,19,1.0004545450210571
124M,10500,Frequency,20,0.9817380905151367
124M,10500,Frequency,21,0.954079806804657
124M,10500,Frequency,22,0.9540234208106995
124M,10500,Frequency,23,0.9256746768951416
124M,10500,Frequency,24,0.9045165777206421
124M,10500,Frequency,25,0.8911428451538086
124M,10500,Frequency,26,0.8763625621795654
124M,10500,Frequency,27,0.8611205220222473
124M,10500,Frequency,28,0.8434445858001709
124M,10500,Frequency,29,0.8257488012313843
124M,10500,Frequency,30,0.8132401704788208
124M,10500,Frequency,31,0.7899061441421509
124M,10500,Frequency,32,0.7782579660415649
124M,10500,Frequency,33,0.7513996362686157
124M,10500,Frequency,34,0.7315292954444885
124M,10500,Frequency,35,0.7118495106697083
124M,10500,Frequency,36,0.6899673938751221
124M,10500,Frequency,37,0.6636831164360046
124M,10500,Frequency,38,0.6426780223846436
124M,10500,Frequency,39,0.6153444051742554
124M,10500,Frequency,40,0.5967705249786377
124M,10500,Frequency,41,0.5802972912788391
124M,10500,Frequency,42,0.5701709985733032
124M,10500,Frequency,43,0.5621188282966614
124M,10500,Frequency,44,0.5613127946853638
124M,10500,Random,0,0.9980331063270569
124M,10500,Random,1,1.0046260356903076
124M,10500,Random,2,1.0157071352005005
124M,10500,Random,3,1.0053880214691162
124M,10500,Random,4,0.9981176853179932
124M,10500,Random,5,0.999841570854187
124M,10500,Random,6,0.9835768938064575
124M,10500,Random,7,0.9858652949333191
124M,10500,Random,8,0.9955369830131531
124M,10500,Random,9,0.9818523526191711
124M,10500,Random,10,0.9837904572486877
124M,10500,Random,11,0.9971574544906616
124M,10500,Random,12,0.9938526749610901
124M,10500,Random,13,0.9994071125984192
124M,10500,Random,14,1.007477879524231
124M,10500,Random,15,0.9703302383422852
124M,10500,Random,16,1.0011680126190186
124M,10500,Random,17,0.9895936250686646
124M,10500,Random,18,1.0146279335021973
124M,10500,Random,19,0.9861809611320496
124M,10500,Random,20,1.002376675605774
124M,10500,Random,21,1.0108524560928345
124M,10500,Random,22,0.9806385040283203
124M,10500,Random,23,1.0086134672164917
124M,10500,Random,24,1.0200610160827637
124M,10500,Random,25,0.993502676486969
124M,10500,Random,26,0.9932582974433899
124M,10500,Random,27,1.0011805295944214
124M,10500,Random,28,1.0006000995635986
124M,10500,Random,29,0.9988614320755005
124M,10500,Random,30,0.9911633729934692
124M,10500,Random,31,1.004446029663086
124M,10500,Random,32,1.0037341117858887
124M,10500,Random,33,0.9940857887268066
124M,10500,Random,34,1.005050778388977
124M,10500,Random,35,0.998353123664856
124M,10500,Random,36,0.9889118671417236
124M,10500,Random,37,0.9996514320373535
124M,10500,Random,38,0.9807121157646179
124M,10500,Random,39,1.0031694173812866
124M,10500,Random,40,1.0002589225769043
124M,10500,Random,41,0.9915187358856201
124M,10500,Random,42,1.0051255226135254
124M,10500,Random,43,1.0012410879135132
124M,10500,Random,44,1.0060170888900757
124M,10500,Stat,Mean,0.9445168972015381
124M,10500,Stat,Std,0.3367331922054291
124M,10500,Stat,Max,2.1486778259277344
124M,11000,Frequency,0,1.735219120979309
124M,11000,Frequency,1,1.6509463787078857
124M,11000,Frequency,2,1.5864068269729614
124M,11000,Frequency,3,1.5305087566375732
124M,11000,Frequency,4,1.4833557605743408
124M,11000,Frequency,5,1.4398354291915894
124M,11000,Frequency,6,1.3957009315490723
124M,11000,Frequency,7,1.3520653247833252
124M,11000,Frequency,8,1.3132883310317993
124M,11000,Frequency,9,1.2748637199401855
124M,11000,Frequency,10,1.2469714879989624
124M,11000,Frequency,11,1.2188293933868408
124M,11000,Frequency,12,1.1779720783233643
124M,11000,Frequency,13,1.1525318622589111
124M,11000,Frequency,14,1.1160621643066406
124M,11000,Frequency,15,1.1078388690948486
124M,11000,Frequency,16,1.0798773765563965
124M,11000,Frequency,17,1.0566259622573853
124M,11000,Frequency,18,1.0259997844696045
124M,11000,Frequency,19,1.016674280166626
124M,11000,Frequency,20,0.9973094463348389
124M,11000,Frequency,21,0.9693763852119446
124M,11000,Frequency,22,0.967988908290863
124M,11000,Frequency,23,0.9388495087623596
124M,11000,Frequency,24,0.9176734089851379
124M,11000,Frequency,25,0.9031047821044922
124M,11000,Frequency,26,0.8886268734931946
124M,11000,Frequency,27,0.8723718523979187
124M,11000,Frequency,28,0.8537927269935608
124M,11000,Frequency,29,0.837174654006958
124M,11000,Frequency,30,0.8228266835212708
124M,11000,Frequency,31,0.7987239956855774
124M,11000,Frequency,32,0.7864179015159607
124M,11000,Frequency,33,0.7596303224563599
124M,11000,Frequency,34,0.7392674684524536
124M,11000,Frequency,35,0.7188807725906372
124M,11000,Frequency,36,0.6958007216453552
124M,11000,Frequency,37,0.6686999797821045
124M,11000,Frequency,38,0.647047758102417
124M,11000,Frequency,39,0.6186872124671936
124M,11000,Frequency,40,0.599054753780365
124M,11000,Frequency,41,0.5815245509147644
124M,11000,Frequency,42,0.5710254907608032
124M,11000,Frequency,43,0.562444806098938
124M,11000,Frequency,44,0.5615987181663513
124M,11000,Random,0,1.012575387954712
124M,11000,Random,1,1.020455241203308
124M,11000,Random,2,1.031151533126831
124M,11000,Random,3,1.0216830968856812
124M,11000,Random,4,1.01424241065979
124M,11000,Random,5,1.0152075290679932
124M,11000,Random,6,0.9981065392494202
124M,11000,Random,7,1.000486969947815
124M,11000,Random,8,1.0111569166183472
124M,11000,Random,9,0.9969041347503662
124M,11000,Random,10,0.9987860321998596
124M,11000,Random,11,1.0117603540420532
124M,11000,Random,12,1.008710503578186
124M,11000,Random,13,1.01478910446167
124M,11000,Random,14,1.0229123830795288
124M,11000,Random,15,0.9843252897262573
124M,11000,Random,16,1.0172393321990967
124M,11000,Random,17,1.0054916143417358
124M,11000,Random,18,1.0294692516326904
124M,11000,Random,19,1.001800537109375
124M,11000,Random,20,1.0176197290420532
124M,11000,Random,21,1.0262060165405273
124M,11000,Random,22,0.9955248236656189
124M,11000,Random,23,1.024178147315979
124M,11000,Random,24,1.0361377000808716
124M,11000,Random,25,1.0083043575286865
124M,11000,Random,26,1.0085238218307495
124M,11000,Random,27,1.0164767503738403
124M,11000,Random,28,1.016556978225708
124M,11000,Random,29,1.0142759084701538
124M,11000,Random,30,1.0067710876464844
124M,11000,Random,31,1.0199599266052246
124M,11000,Random,32,1.0193768739700317
124M,11000,Random,33,1.0087451934814453
124M,11000,Random,34,1.0200849771499634
124M,11000,Random,35,1.013724446296692
124M,11000,Random,36,1.0042414665222168
124M,11000,Random,37,1.0153306722640991
124M,11000,Random,38,0.9962469339370728
124M,11000,Random,39,1.0181037187576294
124M,11000,Random,40,1.0159335136413574
124M,11000,Random,41,1.0066123008728027
124M,11000,Random,42,1.0209236145019531
124M,11000,Random,43,1.0162607431411743
124M,11000,Random,44,1.0214356184005737
124M,11000,Stat,Mean,0.958001971244812
124M,11000,Stat,Std,0.3469628393650055
124M,11000,Stat,Max,2.178269386291504
124M,11500,Frequency,0,1.7688606977462769
124M,11500,Frequency,1,1.6841193437576294
124M,11500,Frequency,2,1.6180635690689087
124M,11500,Frequency,3,1.5612760782241821
124M,11500,Frequency,4,1.512014627456665
124M,11500,Frequency,5,1.4677107334136963
124M,11500,Frequency,6,1.4231725931167603
124M,11500,Frequency,7,1.3783332109451294
124M,11500,Frequency,8,1.3372266292572021
124M,11500,Frequency,9,1.2974135875701904
124M,11500,Frequency,10,1.269406795501709
124M,11500,Frequency,11,1.2410194873809814
124M,11500,Frequency,12,1.198816180229187
124M,11500,Frequency,13,1.1723859310150146
124M,11500,Frequency,14,1.1359378099441528
124M,11500,Frequency,15,1.125087857246399
124M,11500,Frequency,16,1.0979313850402832
124M,11500,Frequency,17,1.0735511779785156
124M,11500,Frequency,18,1.0418775081634521
124M,11500,Frequency,19,1.0336838960647583
124M,11500,Frequency,20,1.0128707885742188
124M,11500,Frequency,21,0.983688235282898
124M,11500,Frequency,22,0.9831976294517517
124M,11500,Frequency,23,0.9528111815452576
124M,11500,Frequency,24,0.930819571018219
124M,11500,Frequency,25,0.9156234264373779
124M,11500,Frequency,26,0.901583194732666
124M,11500,Frequency,27,0.8838942050933838
124M,11500,Frequency,28,0.865001916885376
124M,11500,Frequency,29,0.8474431037902832
124M,11500,Frequency,30,0.8322563767433167
124M,11500,Frequency,31,0.8078466057777405
124M,11500,Frequency,32,0.7951043844223022
124M,11500,Frequency,33,0.7676056623458862
124M,11500,Frequency,34,0.7461338043212891
124M,11500,Frequency,35,0.7250321507453918
124M,11500,Frequency,36,0.7011992335319519
124M,11500,Frequency,37,0.6737228035926819
124M,11500,Frequency,38,0.6509121656417847
124M,11500,Frequency,39,0.6214905381202698
124M,11500,Frequency,40,0.60089111328125
124M,11500,Frequency,41,0.5829872488975525
124M,11500,Frequency,42,0.5717988014221191
124M,11500,Frequency,43,0.5627586245536804
124M,11500,Frequency,44,0.5619585514068604
124M,11500,Random,0,1.0267772674560547
124M,11500,Random,1,1.0363473892211914
124M,11500,Random,2,1.0469316244125366
124M,11500,Random,3,1.0370566844940186
124M,11500,Random,4,1.0289504528045654
124M,11500,Random,5,1.0306613445281982
124M,11500,Random,6,1.01261305809021
124M,11500,Random,7,1.0151541233062744
124M,11500,Random,8,1.0266468524932861
124M,11500,Random,9,1.0117714405059814
124M,11500,Random,10,1.013362169265747
124M,11500,Random,11,1.027008295059204
124M,11500,Random,12,1.0241490602493286
124M,11500,Random,13,1.0307782888412476
124M,11500,Random,14,1.0393601655960083
124M,11500,Random,15,0.9983262419700623
124M,11500,Random,16,1.0329062938690186
124M,11500,Random,17,1.0204262733459473
124M,11500,Random,18,1.0448640584945679
124M,11500,Random,19,1.0163034200668335
124M,11500,Random,20,1.0336319208145142
124M,11500,Random,21,1.0417813062667847
124M,11500,Random,22,1.0113062858581543
124M,11500,Random,23,1.0404325723648071
124M,11500,Random,24,1.051213026046753
124M,11500,Random,25,1.0236896276474
124M,11500,Random,26,1.0237658023834229
124M,11500,Random,27,1.0323989391326904
124M,11500,Random,28,1.0319287776947021
124M,11500,Random,29,1.0299184322357178
124M,11500,Random,30,1.0224987268447876
124M,11500,Random,31,1.0355184078216553
124M,11500,Random,32,1.0340882539749146
124M,11500,Random,33,1.0247868299484253
124M,11500,Random,34,1.0354989767074585
124M,11500,Random,35,1.0289857387542725
124M,11500,Random,36,1.0193723440170288
124M,11500,Random,37,1.0308226346969604
124M,11500,Random,38,1.0105494260787964
124M,11500,Random,39,1.0333209037780762
124M,11500,Random,40,1.03132164478302
124M,11500,Random,41,1.021877646446228
124M,11500,Random,42,1.037019968032837
124M,11500,Random,43,1.030580759048462
124M,11500,Random,44,1.0352890491485596
124M,11500,Stat,Mean,0.9714683890342712
124M,11500,Stat,Std,0.35724613070487976
124M,11500,Stat,Max,2.245201349258423
124M,12000,Frequency,0,1.8006479740142822
124M,12000,Frequency,1,1.7144635915756226
124M,12000,Frequency,2,1.6481130123138428
124M,12000,Frequency,3,1.5897985696792603
124M,12000,Frequency,4,1.5403634309768677
124M,12000,Frequency,5,1.4945367574691772
124M,12000,Frequency,6,1.4481703042984009
124M,12000,Frequency,7,1.403111219406128
124M,12000,Frequency,8,1.3619110584259033
124M,12000,Frequency,9,1.3200627565383911
124M,12000,Frequency,10,1.2916107177734375
124M,12000,Frequency,11,1.2616779804229736
124M,12000,Frequency,12,1.2192937135696411
124M,12000,Frequency,13,1.191766619682312
124M,12000,Frequency,14,1.1555842161178589
124M,12000,Frequency,15,1.1441245079040527
124M,12000,Frequency,16,1.1151716709136963
124M,12000,Frequency,17,1.090172290802002
124M,12000,Frequency,18,1.0582258701324463
124M,12000,Frequency,19,1.0492234230041504
124M,12000,Frequency,20,1.0273146629333496
124M,12000,Frequency,21,0.9979550242424011
124M,12000,Frequency,22,0.9964166283607483
124M,12000,Frequency,23,0.9669061303138733
124M,12000,Frequency,24,0.9441313147544861
124M,12000,Frequency,25,0.928429126739502
124M,12000,Frequency,26,0.9131879210472107
124M,12000,Frequency,27,0.8944030404090881
124M,12000,Frequency,28,0.8760899305343628
124M,12000,Frequency,29,0.8577855229377747
124M,12000,Frequency,30,0.8424209356307983
124M,12000,Frequency,31,0.8168357610702515
124M,12000,Frequency,32,0.8038583993911743
124M,12000,Frequency,33,0.7755780816078186
124M,12000,Frequency,34,0.7530812621116638
124M,12000,Frequency,35,0.7316827774047852
124M,12000,Frequency,36,0.7070921063423157
124M,12000,Frequency,37,0.6783937811851501
124M,12000,Frequency,38,0.6545647978782654
124M,12000,Frequency,39,0.6245772838592529
124M,12000,Frequency,40,0.6028999090194702
124M,12000,Frequency,41,0.5843523144721985
124M,12000,Frequency,42,0.5726132988929749
124M,12000,Frequency,43,0.5631847381591797
124M,12000,Frequency,44,0.5622212886810303
124M,12000,Random,0,1.040990948677063
124M,12000,Random,1,1.0507612228393555
124M,12000,Random,2,1.061908483505249
124M,12000,Random,3,1.0520951747894287
124M,12000,Random,4,1.0432547330856323
124M,12000,Random,5,1.0455608367919922
124M,12000,Random,6,1.0267908573150635
124M,12000,Random,7,1.0299192667007446
124M,12000,Random,8,1.0409150123596191
124M,12000,Random,9,1.026058554649353
124M,12000,Random,10,1.0275275707244873
124M,12000,Random,11,1.0413360595703125
124M,12000,Random,12,1.0394726991653442
124M,12000,Random,13,1.0459567308425903
124M,12000,Random,14,1.0552860498428345
124M,12000,Random,15,1.0126837491989136
124M,12000,Random,16,1.0481363534927368
124M,12000,Random,17,1.0354751348495483
124M,12000,Random,18,1.060552716255188
124M,12000,Random,19,1.0303159952163696
124M,12000,Random,20,1.0487853288650513
124M,12000,Random,21,1.0566825866699219
124M,12000,Random,22,1.025721788406372
124M,12000,Random,23,1.0555506944656372
124M,12000,Random,24,1.0670959949493408
124M,12000,Random,25,1.038685917854309
124M,12000,Random,26,1.0386801958084106
124M,12000,Random,27,1.0475682020187378
124M,12000,Random,28,1.0469366312026978
124M,12000,Random,29,1.044862985610962
124M,12000,Random,30,1.0373015403747559
124M,12000,Random,31,1.050479769706726
124M,12000,Random,32,1.049851894378662
124M,12000,Random,33,1.0397530794143677
124M,12000,Random,34,1.0508310794830322
124M,12000,Random,35,1.0442718267440796
124M,12000,Random,36,1.0329298973083496
124M,12000,Random,37,1.0463640689849854
124M,12000,Random,38,1.0244091749191284
124M,12000,Random,39,1.0482738018035889
124M,12000,Random,40,1.045828104019165
124M,12000,Random,41,1.0366284847259521
124M,12000,Random,42,1.0515379905700684
124M,12000,Random,43,1.0460290908813477
124M,12000,Random,44,1.0510804653167725
124M,12000,Stat,Mean,0.9845467805862427
124M,12000,Stat,Std,0.36706507205963135
124M,12000,Stat,Max,2.264803886413574
124M,12500,Frequency,0,1.8314690589904785
124M,12500,Frequency,1,1.7450401782989502
124M,12500,Frequency,2,1.6771167516708374
124M,12500,Frequency,3,1.6185719966888428
124M,12500,Frequency,4,1.5673270225524902
124M,12500,Frequency,5,1.5212652683258057
124M,12500,Frequency,6,1.4742792844772339
124M,12500,Frequency,7,1.4262793064117432
124M,12500,Frequency,8,1.3861305713653564
124M,12500,Frequency,9,1.3431485891342163
124M,12500,Frequency,10,1.3133124113082886
124M,12500,Frequency,11,1.2826178073883057
124M,12500,Frequency,12,1.2399919033050537
124M,12500,Frequency,13,1.2120426893234253
124M,12500,Frequency,14,1.1744133234024048
124M,12500,Frequency,15,1.163774847984314
124M,12500,Frequency,16,1.1326022148132324
124M,12500,Frequency,17,1.1074092388153076
124M,12500,Frequency,18,1.0747874975204468
124M,12500,Frequency,19,1.066061019897461
124M,12500,Frequency,20,1.0427911281585693
124M,12500,Frequency,21,1.0120823383331299
124M,12500,Frequency,22,1.01045560836792
124M,12500,Frequency,23,0.9802051782608032
124M,12500,Frequency,24,0.9575456976890564
124M,12500,Frequency,25,0.9412356019020081
124M,12500,Frequency,26,0.9261094331741333
124M,12500,Frequency,27,0.906480073928833
124M,12500,Frequency,28,0.8876283764839172
124M,12500,Frequency,29,0.8678840398788452
124M,12500,Frequency,30,0.8530735969543457
124M,12500,Frequency,31,0.8264187574386597
124M,12500,Frequency,32,0.8133007287979126
124M,12500,Frequency,33,0.7837806344032288
124M,12500,Frequency,34,0.7606808543205261
124M,12500,Frequency,35,0.7384461164474487
124M,12500,Frequency,36,0.7134719491004944
124M,12500,Frequency,37,0.6832037568092346
124M,12500,Frequency,38,0.6585333347320557
124M,12500,Frequency,39,0.627503514289856
124M,12500,Frequency,40,0.6051129102706909
124M,12500,Frequency,41,0.5854120850563049
124M,12500,Frequency,42,0.5732170343399048
124M,12500,Frequency,43,0.5635311007499695
124M,12500,Frequency,44,0.5623212456703186
124M,12500,Random,0,1.0558905601501465
124M,12500,Random,1,1.0657575130462646
124M,12500,Random,2,1.0772826671600342
124M,12500,Random,3,1.067419171333313
124M,12500,Random,4,1.0593727827072144
124M,12500,Random,5,1.0606780052185059
124M,12500,Random,6,1.041568636894226
124M,12500,Random,7,1.0449464321136475
124M,12500,Random,8,1.0561115741729736
124M,12500,Random,9,1.0407752990722656
124M,12500,Random,10,1.042654037475586
124M,12500,Random,11,1.0557187795639038
124M,12500,Random,12,1.0537408590316772
124M,12500,Random,13,1.0605683326721191
124M,12500,Random,14,1.0706504583358765
124M,12500,Random,15,1.027287244796753
124M,12500,Random,16,1.0625051259994507
124M,12500,Random,17,1.0505493879318237
124M,12500,Random,18,1.0761384963989258
124M,12500,Random,19,1.0452494621276855
124M,12500,Random,20,1.064028024673462
124M,12500,Random,21,1.0721787214279175
124M,12500,Random,22,1.0399997234344482
124M,12500,Random,23,1.0707402229309082
124M,12500,Random,24,1.0827120542526245
124M,12500,Random,25,1.052634835243225
124M,12500,Random,26,1.0534532070159912
124M,12500,Random,27,1.063012957572937
124M,12500,Random,28,1.0615339279174805
124M,12500,Random,29,1.0599257946014404
124M,12500,Random,30,1.0524804592132568
124M,12500,Random,31,1.0653979778289795
124M,12500,Random,32,1.0656235218048096
124M,12500,Random,33,1.0555298328399658
124M,12500,Random,34,1.0664949417114258
124M,12500,Random,35,1.0596624612808228
124M,12500,Random,36,1.0471564531326294
124M,12500,Random,37,1.061284065246582
124M,12500,Random,38,1.0383442640304565
124M,12500,Random,39,1.0631061792373657
124M,12500,Random,40,1.0610190629959106
124M,12500,Random,41,1.0512553453445435
124M,12500,Random,42,1.067264199256897
124M,12500,Random,43,1.060677409172058
124M,12500,Random,44,1.0657881498336792
124M,12500,Stat,Mean,0.9977586269378662
124M,12500,Stat,Std,0.37673938274383545
124M,12500,Stat,Max,2.315612554550171
124M,13000,Frequency,0,1.8624647855758667
124M,13000,Frequency,1,1.7754210233688354
124M,13000,Frequency,2,1.706878423690796
124M,13000,Frequency,3,1.6485908031463623
124M,13000,Frequency,4,1.5936870574951172
124M,13000,Frequency,5,1.547585129737854
124M,13000,Frequency,6,1.4996438026428223
124M,13000,Frequency,7,1.4507043361663818
124M,13000,Frequency,8,1.4100359678268433
124M,13000,Frequency,9,1.365986943244934
124M,13000,Frequency,10,1.3349374532699585
124M,13000,Frequency,11,1.3039805889129639
124M,13000,Frequency,12,1.2602821588516235
124M,13000,Frequency,13,1.2301177978515625
124M,13000,Frequency,14,1.1922866106033325
124M,13000,Frequency,15,1.181152105331421
124M,13000,Frequency,16,1.149871587753296
124M,13000,Frequency,17,1.1244187355041504
124M,13000,Frequency,18,1.0901609659194946
124M,13000,Frequency,19,1.0806899070739746
124M,13000,Frequency,20,1.0572218894958496
124M,13000,Frequency,21,1.0263612270355225
124M,13000,Frequency,22,1.0240391492843628
124M,13000,Frequency,23,0.9938580393791199
124M,13000,Frequency,24,0.9693571925163269
124M,13000,Frequency,25,0.9533510208129883
124M,13000,Frequency,26,0.9374305605888367
124M,13000,Frequency,27,0.9176455140113831
124M,13000,Frequency,28,0.8988007307052612
124M,13000,Frequency,29,0.8783937096595764
124M,13000,Frequency,30,0.8636230826377869
124M,13000,Frequency,31,0.8353368639945984
124M,13000,Frequency,32,0.8220062255859375
124M,13000,Frequency,33,0.7915521860122681
124M,13000,Frequency,34,0.7675085663795471
124M,13000,Frequency,35,0.7443991899490356
124M,13000,Frequency,36,0.719215452671051
124M,13000,Frequency,37,0.6875627636909485
124M,13000,Frequency,38,0.6622776985168457
124M,13000,Frequency,39,0.6302547454833984
124M,13000,Frequency,40,0.6069104075431824
124M,13000,Frequency,41,0.5865944027900696
124M,13000,Frequency,42,0.5738252997398376
124M,13000,Frequency,43,0.5639187097549438
124M,13000,Frequency,44,0.5626163482666016
124M,13000,Random,0,1.0711673498153687
124M,13000,Random,1,1.0802350044250488
124M,13000,Random,2,1.0919232368469238
124M,13000,Random,3,1.0821675062179565
124M,13000,Random,4,1.0735511779785156
124M,13000,Random,5,1.074789047241211
124M,13000,Random,6,1.0550029277801514
124M,13000,Random,7,1.0588734149932861
124M,13000,Random,8,1.0714207887649536
124M,13000,Random,9,1.0549150705337524
124M,13000,Random,10,1.0562241077423096
124M,13000,Random,11,1.0701042413711548
124M,13000,Random,12,1.0681843757629395
124M,13000,Random,13,1.0754764080047607
124M,13000,Random,14,1.085606575012207
124M,13000,Random,15,1.040541172027588
124M,13000,Random,16,1.0765087604522705
124M,13000,Random,17,1.064827561378479
124M,13000,Random,18,1.0919877290725708
124M,13000,Random,19,1.0591179132461548
124M,13000,Random,20,1.0784460306167603
124M,13000,Random,21,1.08750319480896
124M,13000,Random,22,1.0538644790649414
124M,13000,Random,23,1.0857501029968262
124M,13000,Random,24,1.097909927368164
124M,13000,Random,25,1.066821813583374
124M,13000,Random,26,1.067976713180542
124M,13000,Random,27,1.0777560472488403
124M,13000,Random,28,1.075789213180542
124M,13000,Random,29,1.0744534730911255
124M,13000,Random,30,1.067097783088684
124M,13000,Random,31,1.0796573162078857
124M,13000,Random,32,1.0802481174468994
124M,13000,Random,33,1.0702067613601685
124M,13000,Random,34,1.0811983346939087
124M,13000,Random,35,1.0753105878829956
124M,13000,Random,36,1.0621131658554077
124M,13000,Random,37,1.0763236284255981
124M,13000,Random,38,1.0528196096420288
124M,13000,Random,39,1.0778281688690186
124M,13000,Random,40,1.076448678970337
124M,13000,Random,41,1.066056251525879
124M,13000,Random,42,1.0824246406555176
124M,13000,Random,43,1.0750123262405396
124M,13000,Random,44,1.079484462738037
124M,13000,Stat,Mean,1.0105860233306885
124M,13000,Stat,Std,0.3864282965660095
124M,13000,Stat,Max,2.3476905822753906
124M,13500,Frequency,0,1.8932512998580933
124M,13500,Frequency,1,1.8056434392929077
124M,13500,Frequency,2,1.7359838485717773
124M,13500,Frequency,3,1.6766330003738403
124M,13500,Frequency,4,1.619935393333435
124M,13500,Frequency,5,1.573459267616272
124M,13500,Frequency,6,1.5245131254196167
124M,13500,Frequency,7,1.4744102954864502
124M,13500,Frequency,8,1.433557152748108
124M,13500,Frequency,9,1.3887230157852173
124M,13500,Frequency,10,1.3557065725326538
124M,13500,Frequency,11,1.3246816396713257
124M,13500,Frequency,12,1.279344916343689
124M,13500,Frequency,13,1.2486668825149536
124M,13500,Frequency,14,1.2105787992477417
124M,13500,Frequency,15,1.1988874673843384
124M,13500,Frequency,16,1.167504906654358
124M,13500,Frequency,17,1.1410123109817505
124M,13500,Frequency,18,1.1061538457870483
124M,13500,Frequency,19,1.0970864295959473
124M,13500,Frequency,20,1.0719300508499146
124M,13500,Frequency,21,1.0407609939575195
124M,13500,Frequency,22,1.0378769636154175
124M,13500,Frequency,23,1.0065293312072754
124M,13500,Frequency,24,0.9828011393547058
124M,13500,Frequency,25,0.9660738110542297
124M,13500,Frequency,26,0.9493042826652527
124M,13500,Frequency,27,0.9288551211357117
124M,13500,Frequency,28,0.9097014665603638
124M,13500,Frequency,29,0.8889162540435791
124M,13500,Frequency,30,0.8742755651473999
124M,13500,Frequency,31,0.8448630571365356
124M,13500,Frequency,32,0.8307700157165527
124M,13500,Frequency,33,0.7991927862167358
124M,13500,Frequency,34,0.7747269868850708
124M,13500,Frequency,35,0.7511452436447144
124M,13500,Frequency,36,0.7251244187355042
124M,13500,Frequency,37,0.6931755542755127
124M,13500,Frequency,38,0.6665357947349548
124M,13500,Frequency,39,0.6335400342941284
124M,13500,Frequency,40,0.6088816523551941
124M,13500,Frequency,41,0.5880018472671509
124M,13500,Frequency,42,0.5745534896850586
124M,13500,Frequency,43,0.5642874240875244
124M,13500,Frequency,44,0.5628999471664429
124M,13500,Random,0,1.0855439901351929
124M,13500,Random,1,1.09469735622406
124M,13500,Random,2,1.1068764925003052
124M,13500,Random,3,1.0974452495574951
124M,13500,Random,4,1.088876724243164
124M,13500,Random,5,1.0897375345230103
124M,13500,Random,6,1.0695393085479736
124M,13500,Random,7,1.0734076499938965
124M,13500,Random,8,1.0861464738845825
124M,13500,Random,9,1.0686516761779785
124M,13500,Random,10,1.0716971158981323
124M,13500,Random,11,1.084774374961853
124M,13500,Random,12,1.0831999778747559
124M,13500,Random,13,1.0897831916809082
124M,13500,Random,14,1.1001369953155518
124M,13500,Random,15,1.0542867183685303
124M,13500,Random,16,1.0908288955688477
124M,13500,Random,17,1.0793548822402954
124M,13500,Random,18,1.1075303554534912
124M,13500,Random,19,1.072403073310852
124M,13500,Random,20,1.0946534872055054
124M,13500,Random,21,1.1025325059890747
124M,13500,Random,22,1.0673179626464844
124M,13500,Random,23,1.101171612739563
124M,13500,Random,24,1.1128898859024048
124M,13500,Random,25,1.0810964107513428
124M,13500,Random,26,1.0827771425247192
124M,13500,Random,27,1.0920594930648804
124M,13500,Random,28,1.0912221670150757
124M,13500,Random,29,1.0890401601791382
124M,13500,Random,30,1.0817220211029053
124M,13500,Random,31,1.0938470363616943
124M,13500,Random,32,1.0946784019470215
124M,13500,Random,33,1.0847666263580322
124M,13500,Random,34,1.0951734781265259
124M,13500,Random,35,1.0900909900665283
124M,13500,Random,36,1.0756179094314575
124M,13500,Random,37,1.0917528867721558
124M,13500,Random,38,1.0676101446151733
124M,13500,Random,39,1.0928055047988892
124M,13500,Random,40,1.0897234678268433
124M,13500,Random,41,1.0805883407592773
124M,13500,Random,42,1.0977891683578491
124M,13500,Random,43,1.0894685983657837
124M,13500,Random,44,1.0939997434616089
124M,13500,Stat,Mean,1.0234655141830444
124M,13500,Stat,Std,0.3958471417427063
124M,13500,Stat,Max,2.3877713680267334
124M,14000,Frequency,0,1.9220259189605713
124M,14000,Frequency,1,1.8352656364440918
124M,14000,Frequency,2,1.7653727531433105
124M,14000,Frequency,3,1.705075979232788
124M,14000,Frequency,4,1.6455414295196533
124M,14000,Frequency,5,1.598320484161377
124M,14000,Frequency,6,1.5483161211013794
124M,14000,Frequency,7,1.498806118965149
124M,14000,Frequency,8,1.4561995267868042
124M,14000,Frequency,9,1.410437822341919
124M,14000,Frequency,10,1.3759357929229736
124M,14000,Frequency,11,1.3455570936203003
124M,14000,Frequency,12,1.2997651100158691
124M,14000,Frequency,13,1.2677558660507202
124M,14000,Frequency,14,1.2282733917236328
124M,14000,Frequency,15,1.2163305282592773
124M,14000,Frequency,16,1.1847845315933228
124M,14000,Frequency,17,1.1569631099700928
124M,14000,Frequency,18,1.1212819814682007
124M,14000,Frequency,19,1.1121940612792969
124M,14000,Frequency,20,1.0865737199783325
124M,14000,Frequency,21,1.054810881614685
124M,14000,Frequency,22,1.0515949726104736
124M,14000,Frequency,23,1.019752025604248
124M,14000,Frequency,24,0.9956221580505371
124M,14000,Frequency,25,0.9782551527023315
124M,14000,Frequency,26,0.9602524042129517
124M,14000,Frequency,27,0.9397871494293213
124M,14000,Frequency,28,0.9207175374031067
124M,14000,Frequency,29,0.8992668390274048
124M,14000,Frequency,30,0.8840110301971436
124M,14000,Frequency,31,0.8535779714584351
124M,14000,Frequency,32,0.8396564722061157
124M,14000,Frequency,33,0.8069184422492981
124M,14000,Frequency,34,0.7816983461380005
124M,14000,Frequency,35,0.7578520774841309
124M,14000,Frequency,36,0.7304490804672241
124M,14000,Frequency,37,0.6974417567253113
124M,14000,Frequency,38,0.6703125834465027
124M,14000,Frequency,39,0.6365606784820557
124M,14000,Frequency,40,0.6109551191329956
124M,14000,Frequency,41,0.589178204536438
124M,14000,Frequency,42,0.5754039287567139
124M,14000,Frequency,43,0.5646345019340515
124M,14000,Frequency,44,0.563159167766571
124M,14000,Random,0,1.0992985963821411
124M,14000,Random,1,1.1090975999832153
124M,14000,Random,2,1.121917724609375
124M,14000,Random,3,1.1120026111602783
124M,14000,Random,4,1.1032987833023071
124M,14000,Random,5,1.1038086414337158
124M,14000,Random,6,1.083328127861023
124M,14000,Random,7,1.088195562362671
124M,14000,Random,8,1.1005547046661377
124M,14000,Random,9,1.0825031995773315
124M,14000,Random,10,1.0861879587173462
124M,14000,Random,11,1.0992118120193481
124M,14000,Random,12,1.0975598096847534
124M,14000,Random,13,1.1037763357162476
124M,14000,Random,14,1.1154388189315796
124M,14000,Random,15,1.0685158967971802
124M,14000,Random,16,1.1051684617996216
124M,14000,Random,17,1.0935238599777222
124M,14000,Random,18,1.1215420961380005
124M,14000,Random,19,1.0865106582641602
124M,14000,Random,20,1.1093931198120117
124M,14000,Random,21,1.1174800395965576
124M,14000,Random,22,1.0820764303207397
124M,14000,Random,23,1.11490797996521
124M,14000,Random,24,1.1276800632476807
124M,14000,Random,25,1.0949985980987549
124M,14000,Random,26,1.096933126449585
124M,14000,Random,27,1.1060012578964233
124M,14000,Random,28,1.1053745746612549
124M,14000,Random,29,1.102853536605835
124M,14000,Random,30,1.0959148406982422
124M,14000,Random,31,1.1080385446548462
124M,14000,Random,32,1.1096704006195068
124M,14000,Random,33,1.0990608930587769
124M,14000,Random,34,1.1096677780151367
124M,14000,Random,35,1.1039702892303467
124M,14000,Random,36,1.089606761932373
124M,14000,Random,37,1.1060789823532104
124M,14000,Random,38,1.0811089277267456
124M,14000,Random,39,1.107064127922058
124M,14000,Random,40,1.1041656732559204
124M,14000,Random,41,1.0939958095550537
124M,14000,Random,42,1.1126497983932495
124M,14000,Random,43,1.1035209894180298
124M,14000,Random,44,1.1086686849594116
124M,14000,Stat,Mean,1.0360409021377563
124M,14000,Stat,Std,0.40513598918914795
124M,14000,Stat,Max,2.4428863525390625
124M,14500,Frequency,0,1.9506183862686157
124M,14500,Frequency,1,1.8646003007888794
124M,14500,Frequency,2,1.7938085794448853
124M,14500,Frequency,3,1.7323330640792847
124M,14500,Frequency,4,1.6727370023727417
124M,14500,Frequency,5,1.623337984085083
124M,14500,Frequency,6,1.5727003812789917
124M,14500,Frequency,7,1.521968126296997
124M,14500,Frequency,8,1.4778337478637695
124M,14500,Frequency,9,1.4329543113708496
124M,14500,Frequency,10,1.397143840789795
124M,14500,Frequency,11,1.36617910861969
124M,14500,Frequency,12,1.3191865682601929
124M,14500,Frequency,13,1.2865718603134155
124M,14500,Frequency,14,1.2464683055877686
124M,14500,Frequency,15,1.233618140220642
124M,14500,Frequency,16,1.2016241550445557
124M,14500,Frequency,17,1.1729811429977417
124M,14500,Frequency,18,1.1367557048797607
124M,14500,Frequency,19,1.1285834312438965
124M,14500,Frequency,20,1.1006802320480347
124M,14500,Frequency,21,1.0675044059753418
124M,14500,Frequency,22,1.065008521080017
124M,14500,Frequency,23,1.0325634479522705
124M,14500,Frequency,24,1.0080186128616333
124M,14500,Frequency,25,0.990070104598999
124M,14500,Frequency,26,0.9722500443458557
124M,14500,Frequency,27,0.9509600400924683
124M,14500,Frequency,28,0.9317480325698853
124M,14500,Frequency,29,0.9102017879486084
124M,14500,Frequency,30,0.8941376805305481
124M,14500,Frequency,31,0.8629873991012573
124M,14500,Frequency,32,0.8478564620018005
124M,14500,Frequency,33,0.814772367477417
124M,14500,Frequency,34,0.7892430424690247
124M,14500,Frequency,35,0.7639235258102417
124M,14500,Frequency,36,0.7367508411407471
124M,14500,Frequency,37,0.7020710706710815
124M,14500,Frequency,38,0.6744517087936401
124M,14500,Frequency,39,0.6392781734466553
124M,14500,Frequency,40,0.6130824089050293
124M,14500,Frequency,41,0.5905716419219971
124M,14500,Frequency,42,0.5762413144111633
124M,14500,Frequency,43,0.5649615526199341
124M,14500,Frequency,44,0.5634126663208008
124M,14500,Random,0,1.1132729053497314
124M,14500,Random,1,1.1240335702896118
124M,14500,Random,2,1.1361801624298096
124M,14500,Random,3,1.1263948678970337
124M,14500,Random,4,1.1171441078186035
124M,14500,Random,5,1.1182218790054321
124M,14500,Random,6,1.0976455211639404
124M,14500,Random,7,1.1014933586120605
124M,14500,Random,8,1.1147987842559814
124M,14500,Random,9,1.095808982849121
124M,14500,Random,10,1.1000326871871948
124M,14500,Random,11,1.113779902458191
124M,14500,Random,12,1.1120307445526123
124M,14500,Random,13,1.1180609464645386
124M,14500,Random,14,1.129330039024353
124M,14500,Random,15,1.0819149017333984
124M,14500,Random,16,1.119858980178833
124M,14500,Random,17,1.1067919731140137
124M,14500,Random,18,1.1359690427780151
124M,14500,Random,19,1.1003365516662598
124M,14500,Random,20,1.1234241724014282
124M,14500,Random,21,1.132602572441101
124M,14500,Random,22,1.0960266590118408
124M,14500,Random,23,1.1298881769180298
124M,14500,Random,24,1.1426763534545898
124M,14500,Random,25,1.108862042427063
124M,14500,Random,26,1.1114898920059204
124M,14500,Random,27,1.1202579736709595
124M,14500,Random,28,1.1202327013015747
124M,14500,Random,29,1.1179027557373047
124M,14500,Random,30,1.1105397939682007
124M,14500,Random,31,1.1221035718917847
124M,14500,Random,32,1.1237856149673462
124M,14500,Random,33,1.113806128501892
124M,14500,Random,34,1.1241942644119263
124M,14500,Random,35,1.1189384460449219
124M,14500,Random,36,1.1035124063491821
124M,14500,Random,37,1.1200060844421387
124M,14500,Random,38,1.094529390335083
124M,14500,Random,39,1.1217329502105713
124M,14500,Random,40,1.118568778038025
124M,14500,Random,41,1.108898401260376
124M,14500,Random,42,1.1273891925811768
124M,14500,Random,43,1.1175354719161987
124M,14500,Random,44,1.1229920387268066
124M,14500,Stat,Mean,1.048614501953125
124M,14500,Stat,Std,0.41434866189956665
124M,14500,Stat,Max,2.4704244136810303
124M,15000,Frequency,0,1.9793915748596191
124M,15000,Frequency,1,1.8937063217163086
124M,15000,Frequency,2,1.8211324214935303
124M,15000,Frequency,3,1.7595163583755493
124M,15000,Frequency,4,1.6994658708572388
124M,15000,Frequency,5,1.6480411291122437
124M,15000,Frequency,6,1.5967841148376465
124M,15000,Frequency,7,1.5454157590866089
124M,15000,Frequency,8,1.500710129737854
124M,15000,Frequency,9,1.4544339179992676
124M,15000,Frequency,10,1.4188737869262695
124M,15000,Frequency,11,1.3858643770217896
124M,15000,Frequency,12,1.337968349456787
124M,15000,Frequency,13,1.305154800415039
124M,15000,Frequency,14,1.2638221979141235
124M,15000,Frequency,15,1.251312017440796
124M,15000,Frequency,16,1.2188150882720947
124M,15000,Frequency,17,1.1892036199569702
124M,15000,Frequency,18,1.1517540216445923
124M,15000,Frequency,19,1.1434742212295532
124M,15000,Frequency,20,1.1151597499847412
124M,15000,Frequency,21,1.0814597606658936
124M,15000,Frequency,22,1.0785492658615112
124M,15000,Frequency,23,1.045305609703064
124M,15000,Frequency,24,1.019940733909607
124M,15000,Frequency,25,1.0020182132720947
124M,15000,Frequency,26,0.9829838871955872
124M,15000,Frequency,27,0.9619507789611816
124M,15000,Frequency,28,0.9428724646568298
124M,15000,Frequency,29,0.9202484488487244
124M,15000,Frequency,30,0.9038572907447815
124M,15000,Frequency,31,0.8718714118003845
124M,15000,Frequency,32,0.8565225601196289
124M,15000,Frequency,33,0.8227724432945251
124M,15000,Frequency,34,0.7968896627426147
124M,15000,Frequency,35,0.7699896097183228
124M,15000,Frequency,36,0.742492139339447
124M,15000,Frequency,37,0.7070296406745911
124M,15000,Frequency,38,0.6784453988075256
124M,15000,Frequency,39,0.6426243782043457
124M,15000,Frequency,40,0.6153322458267212
124M,15000,Frequency,41,0.5921457409858704
124M,15000,Frequency,42,0.5770719051361084
124M,15000,Frequency,43,0.5653720498085022
124M,15000,Frequency,44,0.5637902021408081
124M,15000,Random,0,1.1278131008148193
124M,15000,Random,1,1.1387202739715576
124M,15000,Random,2,1.1510093212127686
124M,15000,Random,3,1.140622615814209
124M,15000,Random,4,1.1304887533187866
124M,15000,Random,5,1.1316497325897217
124M,15000,Random,6,1.1114469766616821
124M,15000,Random,7,1.115231990814209
124M,15000,Random,8,1.1291497945785522
124M,15000,Random,9,1.110135555267334
124M,15000,Random,10,1.113463282585144
124M,15000,Random,11,1.128599762916565
124M,15000,Random,12,1.1261093616485596
124M,15000,Random,13,1.1311038732528687
124M,15000,Random,14,1.143682599067688
124M,15000,Random,15,1.095732569694519
124M,15000,Random,16,1.1345590353012085
124M,15000,Random,17,1.120387315750122
124M,15000,Random,18,1.150032877922058
124M,15000,Random,19,1.114794135093689
124M,15000,Random,20,1.1381897926330566
124M,15000,Random,21,1.1467540264129639
124M,15000,Random,22,1.109670639038086
124M,15000,Random,23,1.1438300609588623
124M,15000,Random,24,1.1576036214828491
124M,15000,Random,25,1.1234296560287476
124M,15000,Random,26,1.1262540817260742
124M,15000,Random,27,1.1347421407699585
124M,15000,Random,28,1.135014295578003
124M,15000,Random,29,1.131815791130066
124M,15000,Random,30,1.1243202686309814
124M,15000,Random,31,1.136897087097168
124M,15000,Random,32,1.138009786605835
124M,15000,Random,33,1.1281810998916626
124M,15000,Random,34,1.138427972793579
124M,15000,Random,35,1.1330479383468628
124M,15000,Random,36,1.117506980895996
124M,15000,Random,37,1.1344507932662964
124M,15000,Random,38,1.1082231998443604
124M,15000,Random,39,1.1352241039276123
124M,15000,Random,40,1.1324102878570557
124M,15000,Random,41,1.1225495338439941
124M,15000,Random,42,1.1416349411010742
124M,15000,Random,43,1.1320158243179321
124M,15000,Random,44,1.137323260307312
124M,15000,Stat,Mean,1.0610804557800293
124M,15000,Stat,Std,0.42333418130874634
124M,15000,Stat,Max,2.513549327850342
124M,15500,Frequency,0,2.006072521209717
124M,15500,Frequency,1,1.9230953454971313
124M,15500,Frequency,2,1.8485782146453857
124M,15500,Frequency,3,1.7865437269210815
124M,15500,Frequency,4,1.725701093673706
124M,15500,Frequency,5,1.6728523969650269
124M,15500,Frequency,6,1.6206200122833252
124M,15500,Frequency,7,1.5691062211990356
124M,15500,Frequency,8,1.522468090057373
124M,15500,Frequency,9,1.474841594696045
124M,15500,Frequency,10,1.4393457174301147
124M,15500,Frequency,11,1.4054956436157227
124M,15500,Frequency,12,1.3570326566696167
124M,15500,Frequency,13,1.3234636783599854
124M,15500,Frequency,14,1.2818925380706787
124M,15500,Frequency,15,1.2680668830871582
124M,15500,Frequency,16,1.2361440658569336
124M,15500,Frequency,17,1.2053356170654297
124M,15500,Frequency,18,1.1665809154510498
124M,15500,Frequency,19,1.1586121320724487
124M,15500,Frequency,20,1.1293354034423828
124M,15500,Frequency,21,1.0946930646896362
124M,15500,Frequency,22,1.091745376586914
124M,15500,Frequency,23,1.058935523033142
124M,15500,Frequency,24,1.0322445631027222
124M,15500,Frequency,25,1.0137602090835571
124M,15500,Frequency,26,0.994845449924469
124M,15500,Frequency,27,0.97333163022995
124M,15500,Frequency,28,0.9540320634841919
124M,15500,Frequency,29,0.9298783540725708
124M,15500,Frequency,30,0.913163423538208
124M,15500,Frequency,31,0.8801568746566772
124M,15500,Frequency,32,0.8654571771621704
124M,15500,Frequency,33,0.8302173018455505
124M,15500,Frequency,34,0.8038512468338013
124M,15500,Frequency,35,0.7760909199714661
124M,15500,Frequency,36,0.7480751276016235
124M,15500,Frequency,37,0.7118566632270813
124M,15500,Frequency,38,0.6826249361038208
124M,15500,Frequency,39,0.6456922888755798
124M,15500,Frequency,40,0.6175249218940735
124M,15500,Frequency,41,0.5935036540031433
124M,15500,Frequency,42,0.5777509808540344
124M,15500,Frequency,43,0.5658814907073975
124M,15500,Frequency,44,0.5643196702003479
124M,15500,Random,0,1.1417709589004517
124M,15500,Random,1,1.1528998613357544
124M,15500,Random,2,1.1662691831588745
124M,15500,Random,3,1.1552456617355347
124M,15500,Random,4,1.1449295282363892
124M,15500,Random,5,1.1459704637527466
124M,15500,Random,6,1.1247612237930298
124M,15500,Random,7,1.1297591924667358
124M,15500,Random,8,1.14338219165802
124M,15500,Random,9,1.1232751607894897
124M,15500,Random,10,1.1270791292190552
124M,15500,Random,11,1.142000675201416
124M,15500,Random,12,1.1392275094985962
124M,15500,Random,13,1.1450022459030151
124M,15500,Random,14,1.1583771705627441
124M,15500,Random,15,1.1082289218902588
124M,15500,Random,16,1.1485309600830078
124M,15500,Random,17,1.1340851783752441
124M,15500,Random,18,1.164859652519226
124M,15500,Random,19,1.1287521123886108
124M,15500,Random,20,1.1517311334609985
124M,15500,Random,21,1.1609487533569336
124M,15500,Random,22,1.1239590644836426
124M,15500,Random,23,1.1580075025558472
124M,15500,Random,24,1.1720924377441406
124M,15500,Random,25,1.1376394033432007
124M,15500,Random,26,1.1398431062698364
124M,15500,Random,27,1.1490612030029297
124M,15500,Random,28,1.148221492767334
124M,15500,Random,29,1.1458998918533325
124M,15500,Random,30,1.1377290487289429
124M,15500,Random,31,1.1519628763198853
124M,15500,Random,32,1.1514101028442383
124M,15500,Random,33,1.1420665979385376
124M,15500,Random,34,1.1525683403015137
124M,15500,Random,35,1.1470004320144653
124M,15500,Random,36,1.130924940109253
124M,15500,Random,37,1.1488590240478516
124M,15500,Random,38,1.1223279237747192
124M,15500,Random,39,1.1494396924972534
124M,15500,Random,40,1.1465193033218384
124M,15500,Random,41,1.1367430686950684
124M,15500,Random,42,1.1556460857391357
124M,15500,Random,43,1.1454659700393677
124M,15500,Random,44,1.1507600545883179
124M,15500,Stat,Mean,1.073394775390625
124M,15500,Stat,Std,0.4322918951511383
124M,15500,Stat,Max,2.56498646736145
124M,16000,Frequency,0,2.0329670906066895
124M,16000,Frequency,1,1.9512929916381836
124M,16000,Frequency,2,1.8759411573410034
124M,16000,Frequency,3,1.8135064840316772
124M,16000,Frequency,4,1.7512363195419312
124M,16000,Frequency,5,1.6966480016708374
124M,16000,Frequency,6,1.6442118883132935
124M,16000,Frequency,7,1.5922311544418335
124M,16000,Frequency,8,1.5443652868270874
124M,16000,Frequency,9,1.4958019256591797
124M,16000,Frequency,10,1.4594523906707764
124M,16000,Frequency,11,1.425360918045044
124M,16000,Frequency,12,1.3756157159805298
124M,16000,Frequency,13,1.3416141271591187
124M,16000,Frequency,14,1.2987563610076904
124M,16000,Frequency,15,1.2842801809310913
124M,16000,Frequency,16,1.2523661851882935
124M,16000,Frequency,17,1.2214059829711914
124M,16000,Frequency,18,1.1807283163070679
124M,16000,Frequency,19,1.1734660863876343
124M,16000,Frequency,20,1.1427488327026367
124M,16000,Frequency,21,1.1077321767807007
124M,16000,Frequency,22,1.104078769683838
124M,16000,Frequency,23,1.0707448720932007
124M,16000,Frequency,24,1.044211983680725
124M,16000,Frequency,25,1.0261956453323364
124M,16000,Frequency,26,1.0062692165374756
124M,16000,Frequency,27,0.9844374060630798
124M,16000,Frequency,28,0.9643495678901672
124M,16000,Frequency,29,0.9394018650054932
124M,16000,Frequency,30,0.922371506690979
124M,16000,Frequency,31,0.8889195919036865
124M,16000,Frequency,32,0.8739231824874878
124M,16000,Frequency,33,0.8380247950553894
124M,16000,Frequency,34,0.810820460319519
124M,16000,Frequency,35,0.7823697924613953
124M,16000,Frequency,36,0.7538362145423889
124M,16000,Frequency,37,0.7165889739990234
124M,16000,Frequency,38,0.686682939529419
124M,16000,Frequency,39,0.6484014391899109
124M,16000,Frequency,40,0.6195812821388245
124M,16000,Frequency,41,0.5949483513832092
124M,16000,Frequency,42,0.5786676406860352
124M,16000,Frequency,43,0.5663739442825317
124M,16000,Frequency,44,0.5646182298660278
124M,16000,Random,0,1.1553889513015747
124M,16000,Random,1,1.1672288179397583
124M,16000,Random,2,1.1806477308273315
124M,16000,Random,3,1.1687825918197632
124M,16000,Random,4,1.1588512659072876
124M,16000,Random,5,1.1593364477157593
124M,16000,Random,6,1.13865065574646
124M,16000,Random,7,1.1432644128799438
124M,16000,Random,8,1.1565370559692383
124M,16000,Random,9,1.1363911628723145
124M,16000,Random,10,1.1400798559188843
124M,16000,Random,11,1.1554765701293945
124M,16000,Random,12,1.1533799171447754
124M,16000,Random,13,1.1584820747375488
124M,16000,Random,14,1.1727629899978638
124M,16000,Random,15,1.1212705373764038
124M,16000,Random,16,1.1628940105438232
124M,16000,Random,17,1.1468356847763062
124M,16000,Random,18,1.1786555051803589
124M,16000,Random,19,1.1420015096664429
124M,16000,Random,20,1.165174126625061
124M,16000,Random,21,1.1743539571762085
124M,16000,Random,22,1.1368542909622192
124M,16000,Random,23,1.1729319095611572
124M,16000,Random,24,1.186759114265442
124M,16000,Random,25,1.15174400806427
124M,16000,Random,26,1.1540956497192383
124M,16000,Random,27,1.1631741523742676
124M,16000,Random,28,1.162494421005249
124M,16000,Random,29,1.1599297523498535
124M,16000,Random,30,1.151796817779541
124M,16000,Random,31,1.1663806438446045
124M,16000,Random,32,1.1661909818649292
124M,16000,Random,33,1.1558787822723389
124M,16000,Random,34,1.1655017137527466
124M,16000,Random,35,1.1604007482528687
124M,16000,Random,36,1.144071102142334
124M,16000,Random,37,1.162335991859436
124M,16000,Random,38,1.135312557220459
124M,16000,Random,39,1.1630141735076904
124M,16000,Random,40,1.1605181694030762
124M,16000,Random,41,1.1502948999404907
124M,16000,Random,42,1.1690949201583862
124M,16000,Random,43,1.1587450504302979
124M,16000,Random,44,1.1628620624542236
124M,16000,Stat,Mean,1.0854629278182983
124M,16000,Stat,Std,0.44110509753227234
124M,16000,Stat,Max,2.6042895317077637
124M,16500,Frequency,0,2.0594370365142822
124M,16500,Frequency,1,1.9784122705459595
124M,16500,Frequency,2,1.9029103517532349
124M,16500,Frequency,3,1.839832067489624
124M,16500,Frequency,4,1.775465965270996
124M,16500,Frequency,5,1.7209892272949219
124M,16500,Frequency,6,1.6671950817108154
124M,16500,Frequency,7,1.6155517101287842
124M,16500,Frequency,8,1.5658495426177979
124M,16500,Frequency,9,1.5168224573135376
124M,16500,Frequency,10,1.478940486907959
124M,16500,Frequency,11,1.444595456123352
124M,16500,Frequency,12,1.3942224979400635
124M,16500,Frequency,13,1.359241247177124
124M,16500,Frequency,14,1.3148695230484009
124M,16500,Frequency,15,1.3001115322113037
124M,16500,Frequency,16,1.2688219547271729
124M,16500,Frequency,17,1.2367196083068848
124M,16500,Frequency,18,1.1953219175338745
124M,16500,Frequency,19,1.1876397132873535
124M,16500,Frequency,20,1.1556360721588135
124M,16500,Frequency,21,1.1204785108566284
124M,16500,Frequency,22,1.117086410522461
124M,16500,Frequency,23,1.0822632312774658
124M,16500,Frequency,24,1.055857539176941
124M,16500,Frequency,25,1.0378965139389038
124M,16500,Frequency,26,1.0179201364517212
124M,16500,Frequency,27,0.995010256767273
124M,16500,Frequency,28,0.9745561480522156
124M,16500,Frequency,29,0.948817789554596
124M,16500,Frequency,30,0.9308695793151855
124M,16500,Frequency,31,0.8973089456558228
124M,16500,Frequency,32,0.8827716112136841
124M,16500,Frequency,33,0.845615029335022
124M,16500,Frequency,34,0.8178079724311829
124M,16500,Frequency,35,0.7887147068977356
124M,16500,Frequency,36,0.7595188021659851
124M,16500,Frequency,37,0.7216482162475586
124M,16500,Frequency,38,0.6900213956832886
124M,16500,Frequency,39,0.6515746116638184
124M,16500,Frequency,40,0.6215677857398987
124M,16500,Frequency,41,0.5961744785308838
124M,16500,Frequency,42,0.5793846249580383
124M,16500,Frequency,43,0.5666894912719727
124M,16500,Frequency,44,0.5647443532943726
124M,16500,Random,0,1.1682683229446411
124M,16500,Random,1,1.180692195892334
124M,16500,Random,2,1.1944071054458618
124M,16500,Random,3,1.1821647882461548
124M,16500,Random,4,1.1722753047943115
124M,16500,Random,5,1.1729708909988403
124M,16500,Random,6,1.1522067785263062
124M,16500,Random,7,1.155683159828186
124M,16500,Random,8,1.1695802211761475
124M,16500,Random,9,1.149749755859375
124M,16500,Random,10,1.1534048318862915
124M,16500,Random,11,1.1693835258483887
124M,16500,Random,12,1.1665892601013184
124M,16500,Random,13,1.1723829507827759
124M,16500,Random,14,1.1864370107650757
124M,16500,Random,15,1.1338835954666138
124M,16500,Random,16,1.1767977476119995
124M,16500,Random,17,1.1607863903045654
124M,16500,Random,18,1.1922545433044434
124M,16500,Random,19,1.1555362939834595
124M,16500,Random,20,1.1789528131484985
124M,16500,Random,21,1.187788486480713
124M,16500,Random,22,1.1497870683670044
124M,16500,Random,23,1.1860018968582153
124M,16500,Random,24,1.2000842094421387
124M,16500,Random,25,1.1654751300811768
124M,16500,Random,26,1.1681480407714844
124M,16500,Random,27,1.1769441366195679
124M,16500,Random,28,1.175489068031311
124M,16500,Random,29,1.1734659671783447
124M,16500,Random,30,1.1657353639602661
124M,16500,Random,31,1.1800528764724731
124M,16500,Random,32,1.179499864578247
124M,16500,Random,33,1.1691304445266724
124M,16500,Random,34,1.1783761978149414
124M,16500,Random,35,1.1738241910934448
124M,16500,Random,36,1.1569011211395264
124M,16500,Random,37,1.1750825643539429
124M,16500,Random,38,1.1486345529556274
124M,16500,Random,39,1.1768938302993774
124M,16500,Random,40,1.1738276481628418
124M,16500,Random,41,1.164339303970337
124M,16500,Random,42,1.1825995445251465
124M,16500,Random,43,1.172843098640442
124M,16500,Random,44,1.1784337759017944
124M,16500,Stat,Mean,1.0973068475723267
124M,16500,Stat,Std,0.44978585839271545
124M,16500,Stat,Max,2.612527370452881
124M,17000,Frequency,0,2.086609125137329
124M,17000,Frequency,1,2.0045368671417236
124M,17000,Frequency,2,1.9293757677078247
124M,17000,Frequency,3,1.8647176027297974
124M,17000,Frequency,4,1.7999236583709717
124M,17000,Frequency,5,1.744391918182373
124M,17000,Frequency,6,1.6901689767837524
124M,17000,Frequency,7,1.6375083923339844
124M,17000,Frequency,8,1.5875049829483032
124M,17000,Frequency,9,1.5375661849975586
124M,17000,Frequency,10,1.4981861114501953
124M,17000,Frequency,11,1.462886095046997
124M,17000,Frequency,12,1.4128108024597168
124M,17000,Frequency,13,1.377016305923462
124M,17000,Frequency,14,1.3310881853103638
124M,17000,Frequency,15,1.3162914514541626
124M,17000,Frequency,16,1.2846622467041016
124M,17000,Frequency,17,1.2521448135375977
124M,17000,Frequency,18,1.210157036781311
124M,17000,Frequency,19,1.202272653579712
124M,17000,Frequency,20,1.1701977252960205
124M,17000,Frequency,21,1.1328611373901367
124M,17000,Frequency,22,1.1307820081710815
124M,17000,Frequency,23,1.0952011346817017
124M,17000,Frequency,24,1.0678097009658813
124M,17000,Frequency,25,1.0493829250335693
124M,17000,Frequency,26,1.028292179107666
124M,17000,Frequency,27,1.0053985118865967
124M,17000,Frequency,28,0.9841184616088867
124M,17000,Frequency,29,0.9584305882453918
124M,17000,Frequency,30,0.939778745174408
124M,17000,Frequency,31,0.9058520793914795
124M,17000,Frequency,32,0.8911691308021545
124M,17000,Frequency,33,0.8533401489257812
124M,17000,Frequency,34,0.8249495029449463
124M,17000,Frequency,35,0.7947385311126709
124M,17000,Frequency,36,0.7651146054267883
124M,17000,Frequency,37,0.7260986566543579
124M,17000,Frequency,38,0.6940335035324097
124M,17000,Frequency,39,0.6542232036590576
124M,17000,Frequency,40,0.6237927675247192
124M,17000,Frequency,41,0.597367525100708
124M,17000,Frequency,42,0.5803285241127014
124M,17000,Frequency,43,0.5669981837272644
124M,17000,Frequency,44,0.5650249719619751
124M,17000,Random,0,1.1816269159317017
124M,17000,Random,1,1.194274663925171
124M,17000,Random,2,1.2082295417785645
124M,17000,Random,3,1.1950451135635376
124M,17000,Random,4,1.1855359077453613
124M,17000,Random,5,1.1862852573394775
124M,17000,Random,6,1.1648341417312622
124M,17000,Random,7,1.1684690713882446
124M,17000,Random,8,1.1829653978347778
124M,17000,Random,9,1.1630618572235107
124M,17000,Random,10,1.1665475368499756
124M,17000,Random,11,1.1827120780944824
124M,17000,Random,12,1.179439663887024
124M,17000,Random,13,1.185877799987793
124M,17000,Random,14,1.2000205516815186
124M,17000,Random,15,1.1471164226531982
124M,17000,Random,16,1.1897603273391724
124M,17000,Random,17,1.173891544342041
124M,17000,Random,18,1.205962896347046
124M,17000,Random,19,1.1693754196166992
124M,17000,Random,20,1.1931132078170776
124M,17000,Random,21,1.2015705108642578
124M,17000,Random,22,1.1630539894104004
124M,17000,Random,23,1.1993001699447632
124M,17000,Random,24,1.21452796459198
124M,17000,Random,25,1.1790063381195068
124M,17000,Random,26,1.1815105676651
124M,17000,Random,27,1.1900442838668823
124M,17000,Random,28,1.1892529726028442
124M,17000,Random,29,1.1858595609664917
124M,17000,Random,30,1.1781611442565918
124M,17000,Random,31,1.193924069404602
124M,17000,Random,32,1.1938273906707764
124M,17000,Random,33,1.1819194555282593
124M,17000,Random,34,1.1916627883911133
124M,17000,Random,35,1.187536597251892
124M,17000,Random,36,1.17044198513031
124M,17000,Random,37,1.1893230676651
124M,17000,Random,38,1.1617549657821655
124M,17000,Random,39,1.1903749704360962
124M,17000,Random,40,1.1874594688415527
124M,17000,Random,41,1.1775270700454712
124M,17000,Random,42,1.1963016986846924
124M,17000,Random,43,1.1858501434326172
124M,17000,Random,44,1.1904993057250977
124M,17000,Stat,Mean,1.109086513519287
124M,17000,Stat,Std,0.4582827091217041
124M,17000,Stat,Max,2.6381642818450928
124M,17500,Frequency,0,2.113463878631592
124M,17500,Frequency,1,2.030892848968506
124M,17500,Frequency,2,1.9561108350753784
124M,17500,Frequency,3,1.8888487815856934
124M,17500,Frequency,4,1.8231548070907593
124M,17500,Frequency,5,1.768985629081726
124M,17500,Frequency,6,1.712890386581421
124M,17500,Frequency,7,1.6594805717468262
124M,17500,Frequency,8,1.6080503463745117
124M,17500,Frequency,9,1.557554841041565
124M,17500,Frequency,10,1.5172358751296997
124M,17500,Frequency,11,1.4814519882202148
124M,17500,Frequency,12,1.4301857948303223
124M,17500,Frequency,13,1.3946698904037476
124M,17500,Frequency,14,1.3475911617279053
124M,17500,Frequency,15,1.3332202434539795
124M,17500,Frequency,16,1.3003969192504883
124M,17500,Frequency,17,1.2681975364685059
124M,17500,Frequency,18,1.2252435684204102
124M,17500,Frequency,19,1.2164303064346313
124M,17500,Frequency,20,1.1839141845703125
124M,17500,Frequency,21,1.146690845489502
124M,17500,Frequency,22,1.143888235092163
124M,17500,Frequency,23,1.107334852218628
124M,17500,Frequency,24,1.0800665616989136
124M,17500,Frequency,25,1.0608952045440674
124M,17500,Frequency,26,1.0393853187561035
124M,17500,Frequency,27,1.0159357786178589
124M,17500,Frequency,28,0.9950112104415894
124M,17500,Frequency,29,0.9681398272514343
124M,17500,Frequency,30,0.9493072032928467
124M,17500,Frequency,31,0.9151396751403809
124M,17500,Frequency,32,0.8996685147285461
124M,17500,Frequency,33,0.8612270355224609
124M,17500,Frequency,34,0.8326990008354187
124M,17500,Frequency,35,0.801224410533905
124M,17500,Frequency,36,0.771041989326477
124M,17500,Frequency,37,0.7310505509376526
124M,17500,Frequency,38,0.6982740759849548
124M,17500,Frequency,39,0.6570361852645874
124M,17500,Frequency,40,0.6260115504264832
124M,17500,Frequency,41,0.5990280508995056
124M,17500,Frequency,42,0.5811805129051208
124M,17500,Frequency,43,0.5675159692764282
124M,17500,Frequency,44,0.5655782222747803
124M,17500,Random,0,1.1949537992477417
124M,17500,Random,1,1.2080259323120117
124M,17500,Random,2,1.2214338779449463
124M,17500,Random,3,1.2087464332580566
124M,17500,Random,4,1.199047565460205
124M,17500,Random,5,1.1998037099838257
124M,17500,Random,6,1.1781141757965088
124M,17500,Random,7,1.1815649271011353
124M,17500,Random,8,1.1967577934265137
124M,17500,Random,9,1.1754858493804932
124M,17500,Random,10,1.1790730953216553
124M,17500,Random,11,1.196686863899231
124M,17500,Random,12,1.1927417516708374
124M,17500,Random,13,1.20000159740448
124M,17500,Random,14,1.2135522365570068
124M,17500,Random,15,1.159766435623169
124M,17500,Random,16,1.2038815021514893
124M,17500,Random,17,1.187098503112793
124M,17500,Random,18,1.2195312976837158
124M,17500,Random,19,1.1819125413894653
124M,17500,Random,20,1.206748366355896
124M,17500,Random,21,1.2152901887893677
124M,17500,Random,22,1.1758071184158325
124M,17500,Random,23,1.2137320041656494
124M,17500,Random,24,1.2288702726364136
124M,17500,Random,25,1.1913654804229736
124M,17500,Random,26,1.1947166919708252
124M,17500,Random,27,1.2037649154663086
124M,17500,Random,28,1.2022006511688232
124M,17500,Random,29,1.1998687982559204
124M,17500,Random,30,1.1913090944290161
124M,17500,Random,31,1.2071884870529175
124M,17500,Random,32,1.2076354026794434
124M,17500,Random,33,1.195438027381897
124M,17500,Random,34,1.2056490182876587
124M,17500,Random,35,1.2013806104660034
124M,17500,Random,36,1.183748483657837
124M,17500,Random,37,1.203129768371582
124M,17500,Random,38,1.1755552291870117
124M,17500,Random,39,1.2044358253479004
124M,17500,Random,40,1.2002822160720825
124M,17500,Random,41,1.1910626888275146
124M,17500,Random,42,1.2104887962341309
124M,17500,Random,43,1.1988528966903687
124M,17500,Random,44,1.2042198181152344
124M,17500,Stat,Mean,1.120941162109375
124M,17500,Stat,Std,0.46664896607398987
124M,17500,Stat,Max,2.6519381999969482
124M,18000,Frequency,0,2.1393139362335205
124M,18000,Frequency,1,2.056548595428467
124M,18000,Frequency,2,1.9820350408554077
124M,18000,Frequency,3,1.9138453006744385
124M,18000,Frequency,4,1.8475364446640015
124M,18000,Frequency,5,1.7919855117797852
124M,18000,Frequency,6,1.734953761100769
124M,18000,Frequency,7,1.6807386875152588
124M,18000,Frequency,8,1.6287366151809692
124M,18000,Frequency,9,1.5764871835708618
124M,18000,Frequency,10,1.535961627960205
124M,18000,Frequency,11,1.5007975101470947
124M,18000,Frequency,12,1.4486775398254395
124M,18000,Frequency,13,1.4121954441070557
124M,18000,Frequency,14,1.3643805980682373
124M,18000,Frequency,15,1.349509596824646
124M,18000,Frequency,16,1.31627357006073
124M,18000,Frequency,17,1.2833112478256226
124M,18000,Frequency,18,1.2407853603363037
124M,18000,Frequency,19,1.2300986051559448
124M,18000,Frequency,20,1.1976144313812256
124M,18000,Frequency,21,1.1595369577407837
124M,18000,Frequency,22,1.1566368341445923
124M,18000,Frequency,23,1.1196719408035278
124M,18000,Frequency,24,1.0923019647598267
124M,18000,Frequency,25,1.0716519355773926
124M,18000,Frequency,26,1.0510168075561523
124M,18000,Frequency,27,1.027217984199524
124M,18000,Frequency,28,1.0048421621322632
124M,18000,Frequency,29,0.9780967831611633
124M,18000,Frequency,30,0.9581579566001892
124M,18000,Frequency,31,0.923883855342865
124M,18000,Frequency,32,0.9075581431388855
124M,18000,Frequency,33,0.8678258061408997
124M,18000,Frequency,34,0.8402206301689148
124M,18000,Frequency,35,0.8078644871711731
124M,18000,Frequency,36,0.7765798568725586
124M,18000,Frequency,37,0.7358213067054749
124M,18000,Frequency,38,0.7024860978126526
124M,18000,Frequency,39,0.660018801689148
124M,18000,Frequency,40,0.6280036568641663
124M,18000,Frequency,41,0.6007509827613831
124M,18000,Frequency,42,0.5820140838623047
124M,18000,Frequency,43,0.5679534673690796
124M,18000,Frequency,44,0.5657285451889038
124M,18000,Random,0,1.2080869674682617
124M,18000,Random,1,1.221234917640686
124M,18000,Random,2,1.235080361366272
124M,18000,Random,3,1.2220988273620605
124M,18000,Random,4,1.211747169494629
124M,18000,Random,5,1.2130202054977417
124M,18000,Random,6,1.1909571886062622
124M,18000,Random,7,1.1943411827087402
124M,18000,Random,8,1.2093994617462158
124M,18000,Random,9,1.1877645254135132
124M,18000,Random,10,1.192073941230774
124M,18000,Random,11,1.210274338722229
124M,18000,Random,12,1.205655574798584
124M,18000,Random,13,1.212802529335022
124M,18000,Random,14,1.2276359796524048
124M,18000,Random,15,1.171812891960144
124M,18000,Random,16,1.2172777652740479
124M,18000,Random,17,1.2004221677780151
124M,18000,Random,18,1.2333935499191284
124M,18000,Random,19,1.1955569982528687
124M,18000,Random,20,1.2205857038497925
124M,18000,Random,21,1.2284953594207764
124M,18000,Random,22,1.1886192560195923
124M,18000,Random,23,1.2272469997406006
124M,18000,Random,24,1.242304801940918
124M,18000,Random,25,1.2051494121551514
124M,18000,Random,26,1.2085736989974976
124M,18000,Random,27,1.2173665761947632
124M,18000,Random,28,1.215846300125122
124M,18000,Random,29,1.2136987447738647
124M,18000,Random,30,1.2044979333877563
124M,18000,Random,31,1.220522403717041
124M,18000,Random,32,1.220651626586914
124M,18000,Random,33,1.2085214853286743
124M,18000,Random,34,1.2183961868286133
124M,18000,Random,35,1.2145750522613525
124M,18000,Random,36,1.1967711448669434
124M,18000,Random,37,1.2170259952545166
124M,18000,Random,38,1.1882539987564087
124M,18000,Random,39,1.218043565750122
124M,18000,Random,40,1.213212251663208
124M,18000,Random,41,1.204519510269165
124M,18000,Random,42,1.223751187324524
124M,18000,Random,43,1.2125331163406372
124M,18000,Random,44,1.2167359590530396
124M,18000,Stat,Mean,1.1326054334640503
124M,18000,Stat,Std,0.4749392569065094
124M,18000,Stat,Max,2.665651798248291
124M,18500,Frequency,0,2.164604425430298
124M,18500,Frequency,1,2.081425428390503
124M,18500,Frequency,2,2.0067310333251953
124M,18500,Frequency,3,1.9385240077972412
124M,18500,Frequency,4,1.8711680173873901
124M,18500,Frequency,5,1.814499020576477
124M,18500,Frequency,6,1.756832480430603
124M,18500,Frequency,7,1.7007570266723633
124M,18500,Frequency,8,1.648801326751709
124M,18500,Frequency,9,1.5959405899047852
124M,18500,Frequency,10,1.5548373460769653
124M,18500,Frequency,11,1.5190485715866089
124M,18500,Frequency,12,1.4669480323791504
124M,18500,Frequency,13,1.4291892051696777
124M,18500,Frequency,14,1.380794644355774
124M,18500,Frequency,15,1.3652702569961548
124M,18500,Frequency,16,1.3314085006713867
124M,18500,Frequency,17,1.2985044717788696
124M,18500,Frequency,18,1.2542914152145386
124M,18500,Frequency,19,1.2435941696166992
124M,18500,Frequency,20,1.2115241289138794
124M,18500,Frequency,21,1.1718549728393555
124M,18500,Frequency,22,1.1691373586654663
124M,18500,Frequency,23,1.1321083307266235
124M,18500,Frequency,24,1.1034808158874512
124M,18500,Frequency,25,1.083371877670288
124M,18500,Frequency,26,1.0618860721588135
124M,18500,Frequency,27,1.0385029315948486
124M,18500,Frequency,28,1.015379548072815
124M,18500,Frequency,29,0.9881269335746765
124M,18500,Frequency,30,0.9674016833305359
124M,18500,Frequency,31,0.933010458946228
124M,18500,Frequency,32,0.9158300757408142
124M,18500,Frequency,33,0.8752401471138
124M,18500,Frequency,34,0.8473353981971741
124M,18500,Frequency,35,0.8142763376235962
124M,18500,Frequency,36,0.7827392816543579
124M,18500,Frequency,37,0.7407333850860596
124M,18500,Frequency,38,0.7066991925239563
124M,18500,Frequency,39,0.6632508635520935
124M,18500,Frequency,40,0.6302352547645569
124M,18500,Frequency,41,0.6020742058753967
124M,18500,Frequency,42,0.5828909277915955
124M,18500,Frequency,43,0.5685303807258606
124M,18500,Frequency,44,0.5662372708320618
124M,18500,Random,0,1.2211320400238037
124M,18500,Random,1,1.2343566417694092
124M,18500,Random,2,1.2483011484146118
124M,18500,Random,3,1.2355742454528809
124M,18500,Random,4,1.2250102758407593
124M,18500,Random,5,1.2253953218460083
124M,18500,Random,6,1.2038875818252563
124M,18500,Random,7,1.2070918083190918
124M,18500,Random,8,1.22225022315979
124M,18500,Random,9,1.2004841566085815
124M,18500,Random,10,1.204882025718689
124M,18500,Random,11,1.2233704328536987
124M,18500,Random,12,1.2188687324523926
124M,18500,Random,13,1.2259389162063599
124M,18500,Random,14,1.2408058643341064
124M,18500,Random,15,1.1842293739318848
124M,18500,Random,16,1.2306958436965942
124M,18500,Random,17,1.2130459547042847
124M,18500,Random,18,1.2466895580291748
124M,18500,Random,19,1.2082878351211548
124M,18500,Random,20,1.2337907552719116
124M,18500,Random,21,1.2419772148132324
124M,18500,Random,22,1.200730800628662
124M,18500,Random,23,1.2404993772506714
124M,18500,Random,24,1.256515383720398
124M,18500,Random,25,1.218346357345581
124M,18500,Random,26,1.220968246459961
124M,18500,Random,27,1.2304909229278564
124M,18500,Random,28,1.2287309169769287
124M,18500,Random,29,1.226108431816101
124M,18500,Random,30,1.217984914779663
124M,18500,Random,31,1.2335721254348755
124M,18500,Random,32,1.233203411102295
124M,18500,Random,33,1.222005009651184
124M,18500,Random,34,1.2316347360610962
124M,18500,Random,35,1.22796630859375
124M,18500,Random,36,1.2095911502838135
124M,18500,Random,37,1.2297990322113037
124M,18500,Random,38,1.2010196447372437
124M,18500,Random,39,1.2312458753585815
124M,18500,Random,40,1.2260560989379883
124M,18500,Random,41,1.2179564237594604
124M,18500,Random,42,1.23707115650177
124M,18500,Random,43,1.2257773876190186
124M,18500,Random,44,1.2307024002075195
124M,18500,Stat,Mean,1.1440868377685547
124M,18500,Stat,Std,0.4829745590686798
124M,18500,Stat,Max,2.6962947845458984
124M,19000,Frequency,0,2.190443754196167
124M,19000,Frequency,1,2.1053717136383057
124M,19000,Frequency,2,2.0310213565826416
124M,19000,Frequency,3,1.961812973022461
124M,19000,Frequency,4,1.894470453262329
124M,19000,Frequency,5,1.8378547430038452
124M,19000,Frequency,6,1.7788084745407104
124M,19000,Frequency,7,1.7222055196762085
124M,19000,Frequency,8,1.6689765453338623
124M,19000,Frequency,9,1.6161593198776245
124M,19000,Frequency,10,1.5745651721954346
124M,19000,Frequency,11,1.5365110635757446
124M,19000,Frequency,12,1.4841877222061157
124M,19000,Frequency,13,1.4457112550735474
124M,19000,Frequency,14,1.3967785835266113
124M,19000,Frequency,15,1.3816760778427124
124M,19000,Frequency,16,1.346798300743103
124M,19000,Frequency,17,1.3140612840652466
124M,19000,Frequency,18,1.2688337564468384
124M,19000,Frequency,19,1.2575596570968628
124M,19000,Frequency,20,1.2250301837921143
124M,19000,Frequency,21,1.1839962005615234
124M,19000,Frequency,22,1.1815366744995117
124M,19000,Frequency,23,1.145005226135254
124M,19000,Frequency,24,1.114608883857727
124M,19000,Frequency,25,1.0945796966552734
124M,19000,Frequency,26,1.0729299783706665
124M,19000,Frequency,27,1.0491887331008911
124M,19000,Frequency,28,1.0259021520614624
124M,19000,Frequency,29,0.9972628355026245
124M,19000,Frequency,30,0.9760198593139648
124M,19000,Frequency,31,0.9415585994720459
124M,19000,Frequency,32,0.9246236085891724
124M,19000,Frequency,33,0.882672905921936
124M,19000,Frequency,34,0.8541169762611389
124M,19000,Frequency,35,0.8207535147666931
124M,19000,Frequency,36,0.7878531217575073
124M,19000,Frequency,37,0.7452254891395569
124M,19000,Frequency,38,0.7111029624938965
124M,19000,Frequency,39,0.6661216616630554
124M,19000,Frequency,40,0.6324790716171265
124M,19000,Frequency,41,0.6035712361335754
124M,19000,Frequency,42,0.5838780403137207
124M,19000,Frequency,43,0.5690024495124817
124M,19000,Frequency,44,0.5666228532791138
124M,19000,Random,0,1.233694076538086
124M,19000,Random,1,1.2482277154922485
124M,19000,Random,2,1.261491298675537
124M,19000,Random,3,1.248039722442627
124M,19000,Random,4,1.2375401258468628
124M,19000,Random,5,1.238429069519043
124M,19000,Random,6,1.2165923118591309
124M,19000,Random,7,1.2198656797409058
124M,19000,Random,8,1.2352582216262817
124M,19000,Random,9,1.2133983373641968
124M,19000,Random,10,1.217193603515625
124M,19000,Random,11,1.2356171607971191
124M,19000,Random,12,1.2317783832550049
124M,19000,Random,13,1.2388278245925903
124M,19000,Random,14,1.2541378736495972
124M,19000,Random,15,1.1964346170425415
124M,19000,Random,16,1.2430591583251953
124M,19000,Random,17,1.2270069122314453
124M,19000,Random,18,1.2600895166397095
124M,19000,Random,19,1.2212247848510742
124M,19000,Random,20,1.2472789287567139
124M,19000,Random,21,1.2549735307693481
124M,19000,Random,22,1.2135155200958252
124M,19000,Random,23,1.2542041540145874
124M,19000,Random,24,1.2701703310012817
124M,19000,Random,25,1.2314411401748657
124M,19000,Random,26,1.2337278127670288
124M,19000,Random,27,1.2431527376174927
124M,19000,Random,28,1.2414677143096924
124M,19000,Random,29,1.2393672466278076
124M,19000,Random,30,1.2302814722061157
124M,19000,Random,31,1.247125267982483
124M,19000,Random,32,1.2460906505584717
124M,19000,Random,33,1.2342591285705566
124M,19000,Random,34,1.2451194524765015
124M,19000,Random,35,1.2408148050308228
124M,19000,Random,36,1.2228209972381592
124M,19000,Random,37,1.2430291175842285
124M,19000,Random,38,1.2131184339523315
124M,19000,Random,39,1.24395751953125
124M,19000,Random,40,1.2392431497573853
124M,19000,Random,41,1.2316137552261353
124M,19000,Random,42,1.2502743005752563
124M,19000,Random,43,1.2391947507858276
124M,19000,Random,44,1.244050145149231
124M,19000,Stat,Mean,1.1555109024047852
124M,19000,Stat,Std,0.4910561144351959
124M,19000,Stat,Max,2.7258358001708984
124M,19500,Frequency,0,2.2154972553253174
124M,19500,Frequency,1,2.131129503250122
124M,19500,Frequency,2,2.056105852127075
124M,19500,Frequency,3,1.9860464334487915
124M,19500,Frequency,4,1.9165983200073242
124M,19500,Frequency,5,1.8604748249053955
124M,19500,Frequency,6,1.7993088960647583
124M,19500,Frequency,7,1.7420742511749268
124M,19500,Frequency,8,1.687925100326538
124M,19500,Frequency,9,1.6354526281356812
124M,19500,Frequency,10,1.593637466430664
124M,19500,Frequency,11,1.5543614625930786
124M,19500,Frequency,12,1.5004197359085083
124M,19500,Frequency,13,1.4619758129119873
124M,19500,Frequency,14,1.412819743156433
124M,19500,Frequency,15,1.3962740898132324
124M,19500,Frequency,16,1.3618764877319336
124M,19500,Frequency,17,1.3290022611618042
124M,19500,Frequency,18,1.2829668521881104
124M,19500,Frequency,19,1.2704814672470093
124M,19500,Frequency,20,1.2383794784545898
124M,19500,Frequency,21,1.1965041160583496
124M,19500,Frequency,22,1.1937991380691528
124M,19500,Frequency,23,1.1572133302688599
124M,19500,Frequency,24,1.126316785812378
124M,19500,Frequency,25,1.1057333946228027
124M,19500,Frequency,26,1.0831125974655151
124M,19500,Frequency,27,1.0593633651733398
124M,19500,Frequency,28,1.0357723236083984
124M,19500,Frequency,29,1.006683349609375
124M,19500,Frequency,30,0.9851351380348206
124M,19500,Frequency,31,0.9495974183082581
124M,19500,Frequency,32,0.932643711566925
124M,19500,Frequency,33,0.8901382088661194
124M,19500,Frequency,34,0.8604835867881775
124M,19500,Frequency,35,0.8275066018104553
124M,19500,Frequency,36,0.7938706278800964
124M,19500,Frequency,37,0.7496185898780823
124M,19500,Frequency,38,0.7150111198425293
124M,19500,Frequency,39,0.6687415838241577
124M,19500,Frequency,40,0.6342216730117798
124M,19500,Frequency,41,0.6049475073814392
124M,19500,Frequency,42,0.5848441123962402
124M,19500,Frequency,43,0.5693567991256714
124M,19500,Frequency,44,0.5668566823005676
124M,19500,Random,0,1.2463637590408325
124M,19500,Random,1,1.2612226009368896
124M,19500,Random,2,1.2741039991378784
124M,19500,Random,3,1.2611658573150635
124M,19500,Random,4,1.2506707906723022
124M,19500,Random,5,1.2513154745101929
124M,19500,Random,6,1.2290314435958862
124M,19500,Random,7,1.232486367225647
124M,19500,Random,8,1.248111605644226
124M,19500,Random,9,1.225874662399292
124M,19500,Random,10,1.2293504476547241
124M,19500,Random,11,1.2482277154922485
124M,19500,Random,12,1.2445987462997437
124M,19500,Random,13,1.2510415315628052
124M,19500,Random,14,1.2664902210235596
124M,19500,Random,15,1.2087857723236084
124M,19500,Random,16,1.2560710906982422
124M,19500,Random,17,1.239053726196289
124M,19500,Random,18,1.273321509361267
124M,19500,Random,19,1.2335726022720337
124M,19500,Random,20,1.2605096101760864
124M,19500,Random,21,1.2675718069076538
124M,19500,Random,22,1.2255914211273193
124M,19500,Random,23,1.2661221027374268
124M,19500,Random,24,1.2841838598251343
124M,19500,Random,25,1.244018316268921
124M,19500,Random,26,1.2469146251678467
124M,19500,Random,27,1.2555787563323975
124M,19500,Random,28,1.2541848421096802
124M,19500,Random,29,1.2521040439605713
124M,19500,Random,30,1.2432453632354736
124M,19500,Random,31,1.2597377300262451
124M,19500,Random,32,1.2589077949523926
124M,19500,Random,33,1.2472259998321533
124M,19500,Random,34,1.2580715417861938
124M,19500,Random,35,1.2533879280090332
124M,19500,Random,36,1.236127495765686
124M,19500,Random,37,1.256361484527588
124M,19500,Random,38,1.2247689962387085
124M,19500,Random,39,1.2567033767700195
124M,19500,Random,40,1.2519742250442505
124M,19500,Random,41,1.244019627571106
124M,19500,Random,42,1.262344479560852
124M,19500,Random,43,1.2508310079574585
124M,19500,Random,44,1.25792396068573
124M,19500,Stat,Mean,1.1666665077209473
124M,19500,Stat,Std,0.4989701807498932
124M,19500,Stat,Max,2.7206509113311768
124M,20000,Frequency,0,2.2398886680603027
124M,20000,Frequency,1,2.1556994915008545
124M,20000,Frequency,2,2.0799472332000732
124M,20000,Frequency,3,2.0099503993988037
124M,20000,Frequency,4,1.939652442932129
124M,20000,Frequency,5,1.8827126026153564
124M,20000,Frequency,6,1.8211238384246826
124M,20000,Frequency,7,1.7627036571502686
124M,20000,Frequency,8,1.707525610923767
124M,20000,Frequency,9,1.6542611122131348
124M,20000,Frequency,10,1.6120193004608154
124M,20000,Frequency,11,1.5720384120941162
124M,20000,Frequency,12,1.517515778541565
124M,20000,Frequency,13,1.4778032302856445
124M,20000,Frequency,14,1.428102731704712
124M,20000,Frequency,15,1.411824345588684
124M,20000,Frequency,16,1.376196265220642
124M,20000,Frequency,17,1.3440889120101929
124M,20000,Frequency,18,1.296854019165039
124M,20000,Frequency,19,1.284275770187378
124M,20000,Frequency,20,1.2512303590774536
124M,20000,Frequency,21,1.2084033489227295
124M,20000,Frequency,22,1.2062140703201294
124M,20000,Frequency,23,1.1689788103103638
124M,20000,Frequency,24,1.1378225088119507
124M,20000,Frequency,25,1.1163356304168701
124M,20000,Frequency,26,1.0933723449707031
124M,20000,Frequency,27,1.0696686506271362
124M,20000,Frequency,28,1.04567551612854
124M,20000,Frequency,29,1.0159072875976562
124M,20000,Frequency,30,0.9933350086212158
124M,20000,Frequency,31,0.9574649930000305
124M,20000,Frequency,32,0.9406065940856934
124M,20000,Frequency,33,0.8965758681297302
124M,20000,Frequency,34,0.8667811751365662
124M,20000,Frequency,35,0.8338193297386169
124M,20000,Frequency,36,0.799275279045105
124M,20000,Frequency,37,0.7546831369400024
124M,20000,Frequency,38,0.7194167375564575
124M,20000,Frequency,39,0.671524703502655
124M,20000,Frequency,40,0.6363459825515747
124M,20000,Frequency,41,0.6063298583030701
124M,20000,Frequency,42,0.585655152797699
124M,20000,Frequency,43,0.5697876811027527
124M,20000,Frequency,44,0.5670859813690186
124M,20000,Random,0,1.2582799196243286
124M,20000,Random,1,1.2740774154663086
124M,20000,Random,2,1.2871967554092407
124M,20000,Random,3,1.273651361465454
124M,20000,Random,4,1.2633498907089233
124M,20000,Random,5,1.2648111581802368
124M,20000,Random,6,1.2406129837036133
124M,20000,Random,7,1.2446634769439697
124M,20000,Random,8,1.2608894109725952
124M,20000,Random,9,1.2379015684127808
124M,20000,Random,10,1.2420060634613037
124M,20000,Random,11,1.2609316110610962
124M,20000,Random,12,1.257095456123352
124M,20000,Random,13,1.2638813257217407
124M,20000,Random,14,1.278847098350525
124M,20000,Random,15,1.2204272747039795
124M,20000,Random,16,1.2682722806930542
124M,20000,Random,17,1.2509649991989136
124M,20000,Random,18,1.2870774269104004
124M,20000,Random,19,1.2460745573043823
124M,20000,Random,20,1.272807002067566
124M,20000,Random,21,1.2809184789657593
124M,20000,Random,22,1.2373921871185303
124M,20000,Random,23,1.2787877321243286
124M,20000,Random,24,1.297735571861267
124M,20000,Random,25,1.2558972835540771
124M,20000,Random,26,1.2594908475875854
124M,20000,Random,27,1.2676337957382202
124M,20000,Random,28,1.2671769857406616
124M,20000,Random,29,1.2645913362503052
124M,20000,Random,30,1.2555668354034424
124M,20000,Random,31,1.2725661993026733
124M,20000,Random,32,1.271847128868103
124M,20000,Random,33,1.2596197128295898
124M,20000,Random,34,1.2702518701553345
124M,20000,Random,35,1.2669659852981567
124M,20000,Random,36,1.2486168146133423
124M,20000,Random,37,1.2682808637619019
124M,20000,Random,38,1.2367804050445557
124M,20000,Random,39,1.2702044248580933
124M,20000,Random,40,1.2646815776824951
124M,20000,Random,41,1.2560274600982666
124M,20000,Random,42,1.2756892442703247
124M,20000,Random,43,1.2636140584945679
124M,20000,Random,44,1.2708534002304077
124M,20000,Stat,Mean,1.1777303218841553
124M,20000,Stat,Std,0.5068190693855286
124M,20000,Stat,Max,2.75632905960083
124M,20500,Frequency,0,2.263500452041626
124M,20500,Frequency,1,2.1802945137023926
124M,20500,Frequency,2,2.103292226791382
124M,20500,Frequency,3,2.0336532592773438
124M,20500,Frequency,4,1.9626057147979736
124M,20500,Frequency,5,1.904059648513794
124M,20500,Frequency,6,1.8414362668991089
124M,20500,Frequency,7,1.7824068069458008
124M,20500,Frequency,8,1.7268075942993164
124M,20500,Frequency,9,1.6732343435287476
124M,20500,Frequency,10,1.6299331188201904
124M,20500,Frequency,11,1.5902223587036133
124M,20500,Frequency,12,1.534122347831726
124M,20500,Frequency,13,1.493621587753296
124M,20500,Frequency,14,1.4438389539718628
124M,20500,Frequency,15,1.4270851612091064
124M,20500,Frequency,16,1.3903759717941284
124M,20500,Frequency,17,1.358591079711914
124M,20500,Frequency,18,1.310972809791565
124M,20500,Frequency,19,1.2984906435012817
124M,20500,Frequency,20,1.2640461921691895
124M,20500,Frequency,21,1.2205883264541626
124M,20500,Frequency,22,1.2185765504837036
124M,20500,Frequency,23,1.1799811124801636
124M,20500,Frequency,24,1.1490832567214966
124M,20500,Frequency,25,1.1271789073944092
124M,20500,Frequency,26,1.104191541671753
124M,20500,Frequency,27,1.0798015594482422
124M,20500,Frequency,28,1.055425763130188
124M,20500,Frequency,29,1.0257798433303833
124M,20500,Frequency,30,1.002095341682434
124M,20500,Frequency,31,0.9659173488616943
124M,20500,Frequency,32,0.9487818479537964
124M,20500,Frequency,33,0.9036585688591003
124M,20500,Frequency,34,0.8735597133636475
124M,20500,Frequency,35,0.8398299813270569
124M,20500,Frequency,36,0.8047140836715698
124M,20500,Frequency,37,0.7597454190254211
124M,20500,Frequency,38,0.7232157588005066
124M,20500,Frequency,39,0.6744729280471802
124M,20500,Frequency,40,0.6381734013557434
124M,20500,Frequency,41,0.6076992750167847
124M,20500,Frequency,42,0.5862861275672913
124M,20500,Frequency,43,0.570159375667572
124M,20500,Frequency,44,0.5673409104347229
124M,20500,Random,0,1.2713358402252197
124M,20500,Random,1,1.2862176895141602
124M,20500,Random,2,1.3007434606552124
124M,20500,Random,3,1.2859718799591064
124M,20500,Random,4,1.2764934301376343
124M,20500,Random,5,1.2771514654159546
124M,20500,Random,6,1.2530148029327393
124M,20500,Random,7,1.2564797401428223
124M,20500,Random,8,1.2730441093444824
124M,20500,Random,9,1.2489209175109863
124M,20500,Random,10,1.2544727325439453
124M,20500,Random,11,1.2738614082336426
124M,20500,Random,12,1.2696505784988403
124M,20500,Random,13,1.2771093845367432
124M,20500,Random,14,1.2915942668914795
124M,20500,Random,15,1.2318865060806274
124M,20500,Random,16,1.281563401222229
124M,20500,Random,17,1.2629129886627197
124M,20500,Random,18,1.300173044204712
124M,20500,Random,19,1.258420467376709
124M,20500,Random,20,1.2850390672683716
124M,20500,Random,21,1.2938611507415771
124M,20500,Random,22,1.2505016326904297
124M,20500,Random,23,1.291239857673645
124M,20500,Random,24,1.3107337951660156
124M,20500,Random,25,1.2683063745498657
124M,20500,Random,26,1.271932601928711
124M,20500,Random,27,1.2800458669662476
124M,20500,Random,28,1.2793933153152466
124M,20500,Random,29,1.276435136795044
124M,20500,Random,30,1.267606496810913
124M,20500,Random,31,1.2849929332733154
124M,20500,Random,32,1.2848389148712158
124M,20500,Random,33,1.2713574171066284
124M,20500,Random,34,1.2827715873718262
124M,20500,Random,35,1.279844880104065
124M,20500,Random,36,1.2610443830490112
124M,20500,Random,37,1.2817834615707397
124M,20500,Random,38,1.2486531734466553
124M,20500,Random,39,1.2828948497772217
124M,20500,Random,40,1.276492953300476
124M,20500,Random,41,1.2682442665100098
124M,20500,Random,42,1.2882206439971924
124M,20500,Random,43,1.2760792970657349
124M,20500,Random,44,1.2829025983810425
124M,20500,Stat,Mean,1.1887173652648926
124M,20500,Stat,Std,0.5145389437675476
124M,20500,Stat,Max,2.7740752696990967
124M,21000,Frequency,0,2.2878639698028564
124M,21000,Frequency,1,2.2039008140563965
124M,21000,Frequency,2,2.126464366912842
124M,21000,Frequency,3,2.0565009117126465
124M,21000,Frequency,4,1.984692096710205
124M,21000,Frequency,5,1.9259155988693237
124M,21000,Frequency,6,1.8622146844863892
124M,21000,Frequency,7,1.802510380744934
124M,21000,Frequency,8,1.7462661266326904
124M,21000,Frequency,9,1.6917847394943237
124M,21000,Frequency,10,1.6480913162231445
124M,21000,Frequency,11,1.607519507408142
124M,21000,Frequency,12,1.5514594316482544
124M,21000,Frequency,13,1.5100123882293701
124M,21000,Frequency,14,1.4589816331863403
124M,21000,Frequency,15,1.4423730373382568
124M,21000,Frequency,16,1.4043418169021606
124M,21000,Frequency,17,1.3727787733078003
124M,21000,Frequency,18,1.3245991468429565
124M,21000,Frequency,19,1.3128583431243896
124M,21000,Frequency,20,1.2773871421813965
124M,21000,Frequency,21,1.2327879667282104
124M,21000,Frequency,22,1.2303524017333984
124M,21000,Frequency,23,1.191252589225769
124M,21000,Frequency,24,1.160705804824829
124M,21000,Frequency,25,1.1378483772277832
124M,21000,Frequency,26,1.1141350269317627
124M,21000,Frequency,27,1.0892869234085083
124M,21000,Frequency,28,1.0652917623519897
124M,21000,Frequency,29,1.035345435142517
124M,21000,Frequency,30,1.0110502243041992
124M,21000,Frequency,31,0.9744865894317627
124M,21000,Frequency,32,0.9555178880691528
124M,21000,Frequency,33,0.9109655022621155
124M,21000,Frequency,34,0.8804168701171875
124M,21000,Frequency,35,0.8453518152236938
124M,21000,Frequency,36,0.8100380301475525
124M,21000,Frequency,37,0.7648168206214905
124M,21000,Frequency,38,0.7269600629806519
124M,21000,Frequency,39,0.6773063540458679
124M,21000,Frequency,40,0.6401511430740356
124M,21000,Frequency,41,0.6093658208847046
124M,21000,Frequency,42,0.5870271325111389
124M,21000,Frequency,43,0.5705147981643677
124M,21000,Frequency,44,0.5674601197242737
124M,21000,Random,0,1.2834652662277222
124M,21000,Random,1,1.2989041805267334
124M,21000,Random,2,1.3137032985687256
124M,21000,Random,3,1.298529028892517
124M,21000,Random,4,1.2894208431243896
124M,21000,Random,5,1.2896437644958496
124M,21000,Random,6,1.2651644945144653
124M,21000,Random,7,1.269227147102356
124M,21000,Random,8,1.284643292427063
124M,21000,Random,9,1.2611759901046753
124M,21000,Random,10,1.2667137384414673
124M,21000,Random,11,1.2860815525054932
124M,21000,Random,12,1.2812378406524658
124M,21000,Random,13,1.2897517681121826
124M,21000,Random,14,1.3042999505996704
124M,21000,Random,15,1.2436540126800537
124M,21000,Random,16,1.293211817741394
124M,21000,Random,17,1.2749345302581787
124M,21000,Random,18,1.312767505645752
124M,21000,Random,19,1.27117121219635
124M,21000,Random,20,1.2981657981872559
124M,21000,Random,21,1.306010365486145
124M,21000,Random,22,1.2628469467163086
124M,21000,Random,23,1.3038393259048462
124M,21000,Random,24,1.3232734203338623
124M,21000,Random,25,1.280916690826416
124M,21000,Random,26,1.2846730947494507
124M,21000,Random,27,1.292751431465149
124M,21000,Random,28,1.291628360748291
124M,21000,Random,29,1.2882983684539795
124M,21000,Random,30,1.2798810005187988
124M,21000,Random,31,1.2983590364456177
124M,21000,Random,32,1.2971508502960205
124M,21000,Random,33,1.283517837524414
124M,21000,Random,34,1.2945866584777832
124M,21000,Random,35,1.292515516281128
124M,21000,Random,36,1.2729625701904297
124M,21000,Random,37,1.295008659362793
124M,21000,Random,38,1.2608246803283691
124M,21000,Random,39,1.2945334911346436
124M,21000,Random,40,1.2891361713409424
124M,21000,Random,41,1.2811980247497559
124M,21000,Random,42,1.3002372980117798
124M,21000,Random,43,1.288127064704895
124M,21000,Random,44,1.2957590818405151
124M,21000,Stat,Mean,1.199621558189392
124M,21000,Stat,Std,0.5222119092941284
124M,21000,Stat,Max,2.831648349761963
124M,21500,Frequency,0,2.3120734691619873
124M,21500,Frequency,1,2.2276558876037598
124M,21500,Frequency,2,2.150212049484253
124M,21500,Frequency,3,2.078442096710205
124M,21500,Frequency,4,2.0074703693389893
124M,21500,Frequency,5,1.947368860244751
124M,21500,Frequency,6,1.8827509880065918
124M,21500,Frequency,7,1.822950005531311
124M,21500,Frequency,8,1.7654602527618408
124M,21500,Frequency,9,1.71012282371521
124M,21500,Frequency,10,1.6658124923706055
124M,21500,Frequency,11,1.6248762607574463
124M,21500,Frequency,12,1.568119764328003
124M,21500,Frequency,13,1.5270116329193115
124M,21500,Frequency,14,1.474440097808838
124M,21500,Frequency,15,1.4577158689498901
124M,21500,Frequency,16,1.4192492961883545
124M,21500,Frequency,17,1.387346625328064
124M,21500,Frequency,18,1.3382084369659424
124M,21500,Frequency,19,1.326253890991211
124M,21500,Frequency,20,1.2907929420471191
124M,21500,Frequency,21,1.2451668977737427
124M,21500,Frequency,22,1.242775321006775
124M,21500,Frequency,23,1.2033270597457886
124M,21500,Frequency,24,1.1723061800003052
124M,21500,Frequency,25,1.1486802101135254
124M,21500,Frequency,26,1.1252505779266357
124M,21500,Frequency,27,1.099283218383789
124M,21500,Frequency,28,1.0751619338989258
124M,21500,Frequency,29,1.0447899103164673
124M,21500,Frequency,30,1.0200839042663574
124M,21500,Frequency,31,0.9828644394874573
124M,21500,Frequency,32,0.963658332824707
124M,21500,Frequency,33,0.918533444404602
124M,21500,Frequency,34,0.8871002197265625
124M,21500,Frequency,35,0.8517287969589233
124M,21500,Frequency,36,0.8155929446220398
124M,21500,Frequency,37,0.7689732909202576
124M,21500,Frequency,38,0.7309792041778564
124M,21500,Frequency,39,0.6805892586708069
124M,21500,Frequency,40,0.642285943031311
124M,21500,Frequency,41,0.6104053258895874
124M,21500,Frequency,42,0.5878568887710571
124M,21500,Frequency,43,0.5708027482032776
124M,21500,Frequency,44,0.567701518535614
124M,21500,Random,0,1.2957725524902344
124M,21500,Random,1,1.311137318611145
124M,21500,Random,2,1.3266719579696655
124M,21500,Random,3,1.3109675645828247
124M,21500,Random,4,1.3021286725997925
124M,21500,Random,5,1.3019697666168213
124M,21500,Random,6,1.2776882648468018
124M,21500,Random,7,1.2814033031463623
124M,21500,Random,8,1.2973971366882324
124M,21500,Random,9,1.2736008167266846
124M,21500,Random,10,1.2793567180633545
124M,21500,Random,11,1.2990132570266724
124M,21500,Random,12,1.2938807010650635
124M,21500,Random,13,1.3017995357513428
124M,21500,Random,14,1.3168737888336182
124M,21500,Random,15,1.255542516708374
124M,21500,Random,16,1.30548095703125
124M,21500,Random,17,1.287537693977356
124M,21500,Random,18,1.3254061937332153
124M,21500,Random,19,1.2833609580993652
124M,21500,Random,20,1.311440348625183
124M,21500,Random,21,1.3193604946136475
124M,21500,Random,22,1.2751637697219849
124M,21500,Random,23,1.3158543109893799
124M,21500,Random,24,1.3365869522094727
124M,21500,Random,25,1.292802095413208
124M,21500,Random,26,1.2974542379379272
124M,21500,Random,27,1.3052159547805786
124M,21500,Random,28,1.304351806640625
124M,21500,Random,29,1.3009438514709473
124M,21500,Random,30,1.2923533916473389
124M,21500,Random,31,1.3108302354812622
124M,21500,Random,32,1.3105499744415283
124M,21500,Random,33,1.2953627109527588
124M,21500,Random,34,1.3067020177841187
124M,21500,Random,35,1.305047631263733
124M,21500,Random,36,1.2852095365524292
124M,21500,Random,37,1.307409644126892
124M,21500,Random,38,1.2723442316055298
124M,21500,Random,39,1.3068492412567139
124M,21500,Random,40,1.3016700744628906
124M,21500,Random,41,1.2940021753311157
124M,21500,Random,42,1.3128401041030884
124M,21500,Random,43,1.3006606101989746
124M,21500,Random,44,1.3088082075119019
124M,21500,Stat,Mean,1.2106270790100098
124M,21500,Stat,Std,0.5298392176628113
124M,21500,Stat,Max,2.8625311851501465
124M,22000,Frequency,0,2.3361570835113525
124M,22000,Frequency,1,2.251779079437256
124M,22000,Frequency,2,2.1730613708496094
124M,22000,Frequency,3,2.1007187366485596
124M,22000,Frequency,4,2.028801918029785
124M,22000,Frequency,5,1.9670010805130005
124M,22000,Frequency,6,1.9031206369400024
124M,22000,Frequency,7,1.8428574800491333
124M,22000,Frequency,8,1.784112811088562
124M,22000,Frequency,9,1.72858464717865
124M,22000,Frequency,10,1.68297278881073
124M,22000,Frequency,11,1.641353726387024
124M,22000,Frequency,12,1.5850260257720947
124M,22000,Frequency,13,1.5429037809371948
124M,22000,Frequency,14,1.4891839027404785
124M,22000,Frequency,15,1.4724775552749634
124M,22000,Frequency,16,1.4334567785263062
124M,22000,Frequency,17,1.401621699333191
124M,22000,Frequency,18,1.3517959117889404
124M,22000,Frequency,19,1.3400825262069702
124M,22000,Frequency,20,1.3033596277236938
124M,22000,Frequency,21,1.2574104070663452
124M,22000,Frequency,22,1.2547407150268555
124M,22000,Frequency,23,1.2145700454711914
124M,22000,Frequency,24,1.1841155290603638
124M,22000,Frequency,25,1.1599657535552979
124M,22000,Frequency,26,1.1358674764633179
124M,22000,Frequency,27,1.1087027788162231
124M,22000,Frequency,28,1.0852248668670654
124M,22000,Frequency,29,1.0547211170196533
124M,22000,Frequency,30,1.0292065143585205
124M,22000,Frequency,31,0.9907751679420471
124M,22000,Frequency,32,0.9719703197479248
124M,22000,Frequency,33,0.9261219501495361
124M,22000,Frequency,34,0.8944684863090515
124M,22000,Frequency,35,0.8580266833305359
124M,22000,Frequency,36,0.821456789970398
124M,22000,Frequency,37,0.7735022902488708
124M,22000,Frequency,38,0.7348920702934265
124M,22000,Frequency,39,0.6839791536331177
124M,22000,Frequency,40,0.6443628668785095
124M,22000,Frequency,41,0.6116014719009399
124M,22000,Frequency,42,0.5886974334716797
124M,22000,Frequency,43,0.5713481903076172
124M,22000,Frequency,44,0.5679112672805786
124M,22000,Random,0,1.3081178665161133
124M,22000,Random,1,1.3236010074615479
124M,22000,Random,2,1.339165449142456
124M,22000,Random,3,1.3231102228164673
124M,22000,Random,4,1.3147106170654297
124M,22000,Random,5,1.3147988319396973
124M,22000,Random,6,1.2898623943328857
124M,22000,Random,7,1.293542504310608
124M,22000,Random,8,1.309457778930664
124M,22000,Random,9,1.2864373922348022
124M,22000,Random,10,1.2915085554122925
124M,22000,Random,11,1.3107478618621826
124M,22000,Random,12,1.3063818216323853
124M,22000,Random,13,1.3140722513198853
124M,22000,Random,14,1.3294677734375
124M,22000,Random,15,1.2672560214996338
124M,22000,Random,16,1.3180490732192993
124M,22000,Random,17,1.2995201349258423
124M,22000,Random,18,1.3379240036010742
124M,22000,Random,19,1.2953397035598755
124M,22000,Random,20,1.3234846591949463
124M,22000,Random,21,1.3325649499893188
124M,22000,Random,22,1.2869070768356323
124M,22000,Random,23,1.3281441926956177
124M,22000,Random,24,1.3492714166641235
124M,22000,Random,25,1.3050100803375244
124M,22000,Random,26,1.309096336364746
124M,22000,Random,27,1.3175933361053467
124M,22000,Random,28,1.3168838024139404
124M,22000,Random,29,1.3123117685317993
124M,22000,Random,30,1.3038008213043213
124M,22000,Random,31,1.3225847482681274
124M,22000,Random,32,1.3233635425567627
124M,22000,Random,33,1.3074997663497925
124M,22000,Random,34,1.3195209503173828
124M,22000,Random,35,1.3174877166748047
124M,22000,Random,36,1.2967345714569092
124M,22000,Random,37,1.3198784589767456
124M,22000,Random,38,1.284349799156189
124M,22000,Random,39,1.3195875883102417
124M,22000,Random,40,1.3141875267028809
124M,22000,Random,41,1.3065587282180786
124M,22000,Random,42,1.3261381387710571
124M,22000,Random,43,1.3125438690185547
124M,22000,Random,44,1.3212445974349976
124M,22000,Stat,Mean,1.2214449644088745
124M,22000,Stat,Std,0.5372520089149475
124M,22000,Stat,Max,2.872798204421997
124M,22500,Frequency,0,2.358938455581665
124M,22500,Frequency,1,2.2745487689971924
124M,22500,Frequency,2,2.1960482597351074
124M,22500,Frequency,3,2.122866153717041
124M,22500,Frequency,4,2.050551176071167
124M,22500,Frequency,5,1.988589882850647
124M,22500,Frequency,6,1.923265814781189
124M,22500,Frequency,7,1.861456036567688
124M,22500,Frequency,8,1.8020375967025757
124M,22500,Frequency,9,1.7466551065444946
124M,22500,Frequency,10,1.7007017135620117
124M,22500,Frequency,11,1.6575896739959717
124M,22500,Frequency,12,1.6008636951446533
124M,22500,Frequency,13,1.5594903230667114
124M,22500,Frequency,14,1.5037873983383179
124M,22500,Frequency,15,1.488466501235962
124M,22500,Frequency,16,1.4477596282958984
124M,22500,Frequency,17,1.4148722887039185
124M,22500,Frequency,18,1.3645856380462646
124M,22500,Frequency,19,1.3536444902420044
124M,22500,Frequency,20,1.3161327838897705
124M,22500,Frequency,21,1.26925790309906
124M,22500,Frequency,22,1.2661281824111938
124M,22500,Frequency,23,1.2257966995239258
124M,22500,Frequency,24,1.1947424411773682
124M,22500,Frequency,25,1.1702511310577393
124M,22500,Frequency,26,1.146043300628662
124M,22500,Frequency,27,1.118921160697937
124M,22500,Frequency,28,1.0945711135864258
124M,22500,Frequency,29,1.0634783506393433
124M,22500,Frequency,30,1.0378047227859497
124M,22500,Frequency,31,0.9988397359848022
124M,22500,Frequency,32,0.9795528054237366
124M,22500,Frequency,33,0.9336238503456116
124M,22500,Frequency,34,0.9011358618736267
124M,22500,Frequency,35,0.8641148805618286
124M,22500,Frequency,36,0.8270413875579834
124M,22500,Frequency,37,0.7776731252670288
124M,22500,Frequency,38,0.7391231656074524
124M,22500,Frequency,39,0.6868095993995667
124M,22500,Frequency,40,0.6465750932693481
124M,22500,Frequency,41,0.6128506064414978
124M,22500,Frequency,42,0.5895810723304749
124M,22500,Frequency,43,0.5718337297439575
124M,22500,Frequency,44,0.5682252645492554
124M,22500,Random,0,1.3195732831954956
124M,22500,Random,1,1.3367588520050049
124M,22500,Random,2,1.3509811162948608
124M,22500,Random,3,1.3357893228530884
124M,22500,Random,4,1.3268141746520996
124M,22500,Random,5,1.3261913061141968
124M,22500,Random,6,1.302276611328125
124M,22500,Random,7,1.3047751188278198
124M,22500,Random,8,1.321378469467163
124M,22500,Random,9,1.2983179092407227
124M,22500,Random,10,1.3031694889068604
124M,22500,Random,11,1.322209119796753
124M,22500,Random,12,1.3184086084365845
124M,22500,Random,13,1.325942873954773
124M,22500,Random,14,1.3419204950332642
124M,22500,Random,15,1.278881549835205
124M,22500,Random,16,1.3297545909881592
124M,22500,Random,17,1.311233401298523
124M,22500,Random,18,1.3502469062805176
124M,22500,Random,19,1.307245135307312
124M,22500,Random,20,1.3363728523254395
124M,22500,Random,21,1.3439815044403076
124M,22500,Random,22,1.2986211776733398
124M,22500,Random,23,1.3405860662460327
124M,22500,Random,24,1.361868143081665
124M,22500,Random,25,1.3171932697296143
124M,22500,Random,26,1.3219300508499146
124M,22500,Random,27,1.3292351961135864
124M,22500,Random,28,1.3294804096221924
124M,22500,Random,29,1.3245760202407837
124M,22500,Random,30,1.3143243789672852
124M,22500,Random,31,1.334505319595337
124M,22500,Random,32,1.3350950479507446
124M,22500,Random,33,1.3200609683990479
124M,22500,Random,34,1.3317588567733765
124M,22500,Random,35,1.3293640613555908
124M,22500,Random,36,1.3091200590133667
124M,22500,Random,37,1.3319803476333618
124M,22500,Random,38,1.2960319519042969
124M,22500,Random,39,1.3321741819381714
124M,22500,Random,40,1.3260576725006104
124M,22500,Random,41,1.3183151483535767
124M,22500,Random,42,1.3387517929077148
124M,22500,Random,43,1.3248100280761719
124M,22500,Random,44,1.33344304561615
124M,22500,Stat,Mean,1.2320410013198853
124M,22500,Stat,Std,0.5446087121963501
124M,22500,Stat,Max,2.8718602657318115
124M,29000,Frequency,0,2.6362111568450928
124M,29000,Frequency,1,2.55214786529541
124M,29000,Frequency,2,2.4606010913848877
124M,29000,Frequency,3,2.3852436542510986
124M,29000,Frequency,4,2.301420211791992
124M,29000,Frequency,5,2.2308542728424072
124M,29000,Frequency,6,2.15804386138916
124M,29000,Frequency,7,2.0891597270965576
124M,29000,Frequency,8,2.0209453105926514
124M,29000,Frequency,9,1.9579594135284424
124M,29000,Frequency,10,1.9043893814086914
124M,29000,Frequency,11,1.8548234701156616
124M,29000,Frequency,12,1.792880654335022
124M,29000,Frequency,13,1.74348783493042
124M,29000,Frequency,14,1.6794946193695068
124M,29000,Frequency,15,1.6635702848434448
124M,29000,Frequency,16,1.6162898540496826
124M,29000,Frequency,17,1.5789705514907837
124M,29000,Frequency,18,1.5210117101669312
124M,29000,Frequency,19,1.507959008216858
124M,29000,Frequency,20,1.4668127298355103
124M,29000,Frequency,21,1.4126884937286377
124M,29000,Frequency,22,1.4063743352890015
124M,29000,Frequency,23,1.361649990081787
124M,29000,Frequency,24,1.3261545896530151
124M,29000,Frequency,25,1.295082688331604
124M,29000,Frequency,26,1.2688496112823486
124M,29000,Frequency,27,1.2338789701461792
124M,29000,Frequency,28,1.2072089910507202
124M,29000,Frequency,29,1.1702669858932495
124M,29000,Frequency,30,1.1419860124588013
124M,29000,Frequency,31,1.095821738243103
124M,29000,Frequency,32,1.0727312564849854
124M,29000,Frequency,33,1.0192759037017822
124M,29000,Frequency,34,0.9813712239265442
124M,29000,Frequency,35,0.9385424256324768
124M,29000,Frequency,36,0.8915047645568848
124M,29000,Frequency,37,0.8339279890060425
124M,29000,Frequency,38,0.786430835723877
124M,29000,Frequency,39,0.725114107131958
124M,29000,Frequency,40,0.6730907559394836
124M,29000,Frequency,41,0.631119430065155
124M,29000,Frequency,42,0.6003199815750122
124M,29000,Frequency,43,0.5767418742179871
124M,29000,Frequency,44,0.5719719529151917
124M,29000,Random,0,1.46189546585083
124M,29000,Random,1,1.4786721467971802
124M,29000,Random,2,1.497998833656311
124M,29000,Random,3,1.479496955871582
124M,29000,Random,4,1.470745325088501
124M,29000,Random,5,1.467128038406372
124M,29000,Random,6,1.4430254697799683
124M,29000,Random,7,1.4443919658660889
124M,29000,Random,8,1.462921380996704
124M,29000,Random,9,1.4409027099609375
124M,29000,Random,10,1.4452444314956665
124M,29000,Random,11,1.4652488231658936
124M,29000,Random,12,1.4612228870391846
124M,29000,Random,13,1.4701597690582275
124M,29000,Random,14,1.4850904941558838
124M,29000,Random,15,1.4174437522888184
124M,29000,Random,16,1.4744055271148682
124M,29000,Random,17,1.4506721496582031
124M,29000,Random,18,1.4948588609695435
124M,29000,Random,19,1.4468142986297607
124M,29000,Random,20,1.4814237356185913
124M,29000,Random,21,1.4909110069274902
124M,29000,Random,22,1.4383764266967773
124M,29000,Random,23,1.4862351417541504
124M,29000,Random,24,1.5119714736938477
124M,29000,Random,25,1.4607239961624146
124M,29000,Random,26,1.465903401374817
124M,29000,Random,27,1.470095157623291
124M,29000,Random,28,1.4713122844696045
124M,29000,Random,29,1.468163013458252
124M,29000,Random,30,1.4538999795913696
124M,29000,Random,31,1.4792795181274414
124M,29000,Random,32,1.479602575302124
124M,29000,Random,33,1.462715744972229
124M,29000,Random,34,1.4805129766464233
124M,29000,Random,35,1.471717357635498
124M,29000,Random,36,1.4482871294021606
124M,29000,Random,37,1.4754887819290161
124M,29000,Random,38,1.4337122440338135
124M,29000,Random,39,1.4778969287872314
124M,29000,Random,40,1.470411777496338
124M,29000,Random,41,1.4609050750732422
124M,29000,Random,42,1.4820556640625
124M,29000,Random,43,1.4667534828186035
124M,29000,Random,44,1.4784557819366455
124M,29000,Stat,Mean,1.35788893699646
124M,29000,Stat,Std,0.6310647130012512
124M,29000,Stat,Max,3.2682318687438965
30M,24500,Frequency,0,1.8650647401809692
30M,24500,Frequency,1,1.83771812915802
30M,24500,Frequency,2,1.7936280965805054
30M,24500,Frequency,3,1.738654375076294
30M,24500,Frequency,4,1.6771022081375122
30M,24500,Frequency,5,1.637125849723816
30M,24500,Frequency,6,1.5790550708770752
30M,24500,Frequency,7,1.53155517578125
30M,24500,Frequency,8,1.4842370748519897
30M,24500,Frequency,9,1.4359960556030273
30M,24500,Frequency,10,1.3958054780960083
30M,24500,Frequency,11,1.356695532798767
30M,24500,Frequency,12,1.3072035312652588
30M,24500,Frequency,13,1.2688854932785034
30M,24500,Frequency,14,1.2213599681854248
30M,24500,Frequency,15,1.2125729322433472
30M,24500,Frequency,16,1.175657033920288
30M,24500,Frequency,17,1.1422233581542969
30M,24500,Frequency,18,1.09834885597229
30M,24500,Frequency,19,1.0834108591079712
30M,24500,Frequency,20,1.0556007623672485
30M,24500,Frequency,21,1.0141992568969727
30M,24500,Frequency,22,1.0091129541397095
30M,24500,Frequency,23,0.973238468170166
30M,24500,Frequency,24,0.9482613801956177
30M,24500,Frequency,25,0.923751711845398
30M,24500,Frequency,26,0.9021915793418884
30M,24500,Frequency,27,0.8774556517601013
30M,24500,Frequency,28,0.8528002500534058
30M,24500,Frequency,29,0.8287616968154907
30M,24500,Frequency,30,0.803028404712677
30M,24500,Frequency,31,0.7727142572402954
30M,24500,Frequency,32,0.7541565895080566
30M,24500,Frequency,33,0.7142572999000549
30M,24500,Frequency,34,0.6899759769439697
30M,24500,Frequency,35,0.6558658480644226
30M,24500,Frequency,36,0.6250424385070801
30M,24500,Frequency,37,0.57916659116745
30M,24500,Frequency,38,0.5480169057846069
30M,24500,Frequency,39,0.503713846206665
30M,24500,Frequency,40,0.4704389274120331
30M,24500,Frequency,41,0.44091957807540894
30M,24500,Frequency,42,0.4197857975959778
30M,24500,Frequency,43,0.4057861268520355
30M,24500,Frequency,44,0.40063604712486267
30M,24500,Random,0,1.069937825202942
30M,24500,Random,1,1.0468403100967407
30M,24500,Random,2,1.0829192399978638
30M,24500,Random,3,1.0427939891815186
30M,24500,Random,4,1.057643175125122
30M,24500,Random,5,1.0700349807739258
30M,24500,Random,6,1.0588217973709106
30M,24500,Random,7,1.0454212427139282
30M,24500,Random,8,1.0657835006713867
30M,24500,Random,9,1.0735245943069458
30M,24500,Random,10,1.0512120723724365
30M,24500,Random,11,1.0573580265045166
30M,24500,Random,12,1.0518486499786377
30M,24500,Random,13,1.042614459991455
30M,24500,Random,14,1.0551464557647705
30M,24500,Random,15,1.058462142944336
30M,24500,Random,16,1.062219500541687
30M,24500,Random,17,1.0841095447540283
30M,24500,Random,18,1.057653784751892
30M,24500,Random,19,1.0327465534210205
30M,24500,Random,20,1.0477429628372192
30M,24500,Random,21,1.061682105064392
30M,24500,Random,22,1.0558888912200928
30M,24500,Random,23,1.0526527166366577
30M,24500,Random,24,1.0571144819259644
30M,24500,Random,25,1.0411828756332397
30M,24500,Random,26,1.0474222898483276
30M,24500,Random,27,1.0505198240280151
30M,24500,Random,28,1.0389446020126343
30M,24500,Random,29,1.0654985904693604
30M,24500,Random,30,1.0608906745910645
30M,24500,Random,31,1.0579092502593994
30M,24500,Random,32,1.0475733280181885
30M,24500,Random,33,1.0393620729446411
30M,24500,Random,34,1.0515495538711548
30M,24500,Random,35,1.0585650205612183
30M,24500,Random,36,1.0644326210021973
30M,24500,Random,37,1.0399795770645142
30M,24500,Random,38,1.042624592781067
30M,24500,Random,39,1.0504590272903442
30M,24500,Random,40,1.066068172454834
30M,24500,Random,41,1.0617538690567017
30M,24500,Random,42,1.0693001747131348
30M,24500,Random,43,1.0521678924560547
30M,24500,Random,44,1.0519053936004639
30M,24500,Stat,Mean,0.9762253761291504
30M,24500,Stat,Std,0.4697503447532654
30M,24500,Stat,Max,2.5410923957824707
30M,25000,Frequency,0,1.8811386823654175
30M,25000,Frequency,1,1.8542553186416626
30M,25000,Frequency,2,1.8102797269821167
30M,25000,Frequency,3,1.7539479732513428
30M,25000,Frequency,4,1.692885160446167
30M,25000,Frequency,5,1.6518627405166626
30M,25000,Frequency,6,1.5941507816314697
30M,25000,Frequency,7,1.5453143119812012
30M,25000,Frequency,8,1.4980247020721436
30M,25000,Frequency,9,1.4496763944625854
30M,25000,Frequency,10,1.409093976020813
30M,25000,Frequency,11,1.369872808456421
30M,25000,Frequency,12,1.3192110061645508
30M,25000,Frequency,13,1.2812690734863281
30M,25000,Frequency,14,1.232809066772461
30M,25000,Frequency,15,1.2236086130142212
30M,25000,Frequency,16,1.1861714124679565
30M,25000,Frequency,17,1.1524481773376465
30M,25000,Frequency,18,1.1079741716384888
30M,25000,Frequency,19,1.0936425924301147
30M,25000,Frequency,20,1.0651073455810547
30M,25000,Frequency,21,1.0229253768920898
30M,25000,Frequency,22,1.0175961256027222
30M,25000,Frequency,23,0.9821416139602661
30M,25000,Frequency,24,0.9568896293640137
30M,25000,Frequency,25,0.9317601919174194
30M,25000,Frequency,26,0.9102041721343994
30M,25000,Frequency,27,0.8846504092216492
30M,25000,Frequency,28,0.8598635792732239
30M,25000,Frequency,29,0.8356569409370422
30M,25000,Frequency,30,0.8099511861801147
30M,25000,Frequency,31,0.7789292931556702
30M,25000,Frequency,32,0.7596858143806458
30M,25000,Frequency,33,0.7196130156517029
30M,25000,Frequency,34,0.6949878931045532
30M,25000,Frequency,35,0.6599665284156799
30M,25000,Frequency,36,0.6285285353660583
30M,25000,Frequency,37,0.5828474760055542
30M,25000,Frequency,38,0.550868570804596
30M,25000,Frequency,39,0.5059873461723328
30M,25000,Frequency,40,0.4721331000328064
30M,25000,Frequency,41,0.4420217275619507
30M,25000,Frequency,42,0.42041894793510437
30M,25000,Frequency,43,0.4060806930065155
30M,25000,Frequency,44,0.4008186459541321
30M,25000,Random,0,1.0793291330337524
30M,25000,Random,1,1.0558325052261353
30M,25000,Random,2,1.0924142599105835
30M,25000,Random,3,1.0517327785491943
30M,25000,Random,4,1.0663907527923584
30M,25000,Random,5,1.0799232721328735
30M,25000,Random,6,1.0676435232162476
30M,25000,Random,7,1.054017186164856
30M,25000,Random,8,1.0748552083969116
30M,25000,Random,9,1.0826194286346436
30M,25000,Random,10,1.0595413446426392
30M,25000,Random,11,1.0665409564971924
30M,25000,Random,12,1.0611271858215332
30M,25000,Random,13,1.0515104532241821
30M,25000,Random,14,1.0641276836395264
30M,25000,Random,15,1.0678037405014038
30M,25000,Random,16,1.0714373588562012
30M,25000,Random,17,1.093420386314392
30M,25000,Random,18,1.0666697025299072
30M,25000,Random,19,1.0414307117462158
30M,25000,Random,20,1.0571931600570679
30M,25000,Random,21,1.0703688859939575
30M,25000,Random,22,1.0644937753677368
30M,25000,Random,23,1.0614255666732788
30M,25000,Random,24,1.0661982297897339
30M,25000,Random,25,1.0498239994049072
30M,25000,Random,26,1.0573493242263794
30M,25000,Random,27,1.059664011001587
30M,25000,Random,28,1.0474129915237427
30M,25000,Random,29,1.0743705034255981
30M,25000,Random,30,1.069642186164856
30M,25000,Random,31,1.0669164657592773
30M,25000,Random,32,1.0566562414169312
30M,25000,Random,33,1.048484444618225
30M,25000,Random,34,1.0608031749725342
30M,25000,Random,35,1.066947340965271
30M,25000,Random,36,1.072744369506836
30M,25000,Random,37,1.0483810901641846
30M,25000,Random,38,1.0513322353363037
30M,25000,Random,39,1.059352993965149
30M,25000,Random,40,1.0751835107803345
30M,25000,Random,41,1.0702425241470337
30M,25000,Random,42,1.077911615371704
30M,25000,Random,43,1.060903787612915
30M,25000,Random,44,1.0605849027633667
30M,25000,Stat,Mean,0.9841040372848511
30M,25000,Stat,Std,0.47513777017593384
30M,25000,Stat,Max,2.5562520027160645
30M,25500,Frequency,0,1.896252155303955
30M,25500,Frequency,1,1.8704460859298706
30M,25500,Frequency,2,1.8272202014923096
30M,25500,Frequency,3,1.769842505455017
30M,25500,Frequency,4,1.706786870956421
30M,25500,Frequency,5,1.66657555103302
30M,25500,Frequency,6,1.6091409921646118
30M,25500,Frequency,7,1.5586457252502441
30M,25500,Frequency,8,1.511364221572876
30M,25500,Frequency,9,1.4634133577346802
30M,25500,Frequency,10,1.4216532707214355
30M,25500,Frequency,11,1.3823071718215942
30M,25500,Frequency,12,1.3323243856430054
30M,25500,Frequency,13,1.293120265007019
30M,25500,Frequency,14,1.2439637184143066
30M,25500,Frequency,15,1.2349365949630737
30M,25500,Frequency,16,1.1975743770599365
30M,25500,Frequency,17,1.163711428642273
30M,25500,Frequency,18,1.1180728673934937
30M,25500,Frequency,19,1.1033599376678467
30M,25500,Frequency,20,1.0746467113494873
30M,25500,Frequency,21,1.0320723056793213
30M,25500,Frequency,22,1.026418924331665
30M,25500,Frequency,23,0.9906533360481262
30M,25500,Frequency,24,0.965339183807373
30M,25500,Frequency,25,0.9396094679832458
30M,25500,Frequency,26,0.9175223112106323
30M,25500,Frequency,27,0.8920145034790039
30M,25500,Frequency,28,0.8667181730270386
30M,25500,Frequency,29,0.8426007032394409
30M,25500,Frequency,30,0.816480815410614
30M,25500,Frequency,31,0.7850001454353333
30M,25500,Frequency,32,0.765357255935669
30M,25500,Frequency,33,0.7251508235931396
30M,25500,Frequency,34,0.7004400491714478
30M,25500,Frequency,35,0.6648029088973999
30M,25500,Frequency,36,0.6325019001960754
30M,25500,Frequency,37,0.5864852070808411
30M,25500,Frequency,38,0.5537983775138855
30M,25500,Frequency,39,0.5088092684745789
30M,25500,Frequency,40,0.4737975001335144
30M,25500,Frequency,41,0.44315752387046814
30M,25500,Frequency,42,0.42106083035469055
30M,25500,Frequency,43,0.4063777029514313
30M,25500,Frequency,44,0.4010609984397888
30M,25500,Random,0,1.0878764390945435
30M,25500,Random,1,1.0651400089263916
30M,25500,Random,2,1.101603627204895
30M,25500,Random,3,1.060543417930603
30M,25500,Random,4,1.0753822326660156
30M,25500,Random,5,1.0890721082687378
30M,25500,Random,6,1.0766818523406982
30M,25500,Random,7,1.062491774559021
30M,25500,Random,8,1.0837455987930298
30M,25500,Random,9,1.0915088653564453
30M,25500,Random,10,1.0689373016357422
30M,25500,Random,11,1.0755115747451782
30M,25500,Random,12,1.0703262090682983
30M,25500,Random,13,1.0604218244552612
30M,25500,Random,14,1.0723928213119507
30M,25500,Random,15,1.0767297744750977
30M,25500,Random,16,1.0807080268859863
30M,25500,Random,17,1.1024730205535889
30M,25500,Random,18,1.0758329629898071
30M,25500,Random,19,1.050668716430664
30M,25500,Random,20,1.065954566001892
30M,25500,Random,21,1.0792440176010132
30M,25500,Random,22,1.0731192827224731
30M,25500,Random,23,1.0704206228256226
30M,25500,Random,24,1.075081467628479
30M,25500,Random,25,1.059004306793213
30M,25500,Random,26,1.066551685333252
30M,25500,Random,27,1.0686204433441162
30M,25500,Random,28,1.0556325912475586
30M,25500,Random,29,1.0829583406448364
30M,25500,Random,30,1.0784906148910522
30M,25500,Random,31,1.0760678052902222
30M,25500,Random,32,1.0655254125595093
30M,25500,Random,33,1.057342767715454
30M,25500,Random,34,1.069713830947876
30M,25500,Random,35,1.0763769149780273
30M,25500,Random,36,1.0818769931793213
30M,25500,Random,37,1.0570929050445557
30M,25500,Random,38,1.0601929426193237
30M,25500,Random,39,1.0682365894317627
30M,25500,Random,40,1.083899736404419
30M,25500,Random,41,1.0787464380264282
30M,25500,Random,42,1.0873790979385376
30M,25500,Random,43,1.0695679187774658
30M,25500,Random,44,1.0692634582519531
30M,25500,Stat,Mean,0.9919663667678833
30M,25500,Stat,Std,0.4803958833217621
30M,25500,Stat,Max,2.556244134902954
30M,26000,Frequency,0,1.9120146036148071
30M,26000,Frequency,1,1.8871302604675293
30M,26000,Frequency,2,1.842785358428955
30M,26000,Frequency,3,1.7856289148330688
30M,26000,Frequency,4,1.7214322090148926
30M,26000,Frequency,5,1.682148814201355
30M,26000,Frequency,6,1.6238633394241333
30M,26000,Frequency,7,1.5728732347488403
30M,26000,Frequency,8,1.5257107019424438
30M,26000,Frequency,9,1.4765150547027588
30M,26000,Frequency,10,1.4342522621154785
30M,26000,Frequency,11,1.39491868019104
30M,26000,Frequency,12,1.3454771041870117
30M,26000,Frequency,13,1.3048489093780518
30M,26000,Frequency,14,1.2550796270370483
30M,26000,Frequency,15,1.2456927299499512
30M,26000,Frequency,16,1.2083359956741333
30M,26000,Frequency,17,1.174045443534851
30M,26000,Frequency,18,1.1282436847686768
30M,26000,Frequency,19,1.1132316589355469
30M,26000,Frequency,20,1.0844205617904663
30M,26000,Frequency,21,1.041412115097046
30M,26000,Frequency,22,1.0353004932403564
30M,26000,Frequency,23,0.9994121789932251
30M,26000,Frequency,24,0.9730947017669678
30M,26000,Frequency,25,0.9478462338447571
30M,26000,Frequency,26,0.9250844120979309
30M,26000,Frequency,27,0.8991391062736511
30M,26000,Frequency,28,0.8739020824432373
30M,26000,Frequency,29,0.8496187329292297
30M,26000,Frequency,30,0.8233039379119873
30M,26000,Frequency,31,0.7910754680633545
30M,26000,Frequency,32,0.7712544202804565
30M,26000,Frequency,33,0.7301976084709167
30M,26000,Frequency,34,0.7053178548812866
30M,26000,Frequency,35,0.6690965890884399
30M,26000,Frequency,36,0.6366501450538635
30M,26000,Frequency,37,0.5897125601768494
30M,26000,Frequency,38,0.5565822124481201
30M,26000,Frequency,39,0.5113109350204468
30M,26000,Frequency,40,0.47529396414756775
30M,26000,Frequency,41,0.44404730200767517
30M,26000,Frequency,42,0.42177194356918335
30M,26000,Frequency,43,0.4066864848136902
30M,26000,Frequency,44,0.4012519121170044
30M,26000,Random,0,1.0972156524658203
30M,26000,Random,1,1.074035882949829
30M,26000,Random,2,1.1110615730285645
30M,26000,Random,3,1.0692731142044067
30M,26000,Random,4,1.0848479270935059
30M,26000,Random,5,1.0983166694641113
30M,26000,Random,6,1.0852899551391602
30M,26000,Random,7,1.0712839365005493
30M,26000,Random,8,1.0927826166152954
30M,26000,Random,9,1.1001360416412354
30M,26000,Random,10,1.0777451992034912
30M,26000,Random,11,1.083986759185791
30M,26000,Random,12,1.079129695892334
30M,26000,Random,13,1.0694477558135986
30M,26000,Random,14,1.0812437534332275
30M,26000,Random,15,1.0856614112854004
30M,26000,Random,16,1.0892212390899658
30M,26000,Random,17,1.1122541427612305
30M,26000,Random,18,1.0851945877075195
30M,26000,Random,19,1.059332013130188
30M,26000,Random,20,1.0747612714767456
30M,26000,Random,21,1.0884395837783813
30M,26000,Random,22,1.0817869901657104
30M,26000,Random,23,1.0791232585906982
30M,26000,Random,24,1.0841153860092163
30M,26000,Random,25,1.0674062967300415
30M,26000,Random,26,1.0751904249191284
30M,26000,Random,27,1.0771737098693848
30M,26000,Random,28,1.0642067193984985
30M,26000,Random,29,1.091549277305603
30M,26000,Random,30,1.0872339010238647
30M,26000,Random,31,1.0848709344863892
30M,26000,Random,32,1.0745937824249268
30M,26000,Random,33,1.0662031173706055
30M,26000,Random,34,1.0789904594421387
30M,26000,Random,35,1.0854287147521973
30M,26000,Random,36,1.0908957719802856
30M,26000,Random,37,1.0661735534667969
30M,26000,Random,38,1.068846583366394
30M,26000,Random,39,1.0769362449645996
30M,26000,Random,40,1.0933070182800293
30M,26000,Random,41,1.0872447490692139
30M,26000,Random,42,1.0967848300933838
30M,26000,Random,43,1.078305721282959
30M,26000,Random,44,1.078892469406128
30M,26000,Stat,Mean,0.999811589717865
30M,26000,Stat,Std,0.4857165217399597
30M,26000,Stat,Max,2.5747673511505127
30M,26500,Frequency,0,1.9277453422546387
30M,26500,Frequency,1,1.9038037061691284
30M,26500,Frequency,2,1.8588683605194092
30M,26500,Frequency,3,1.8008674383163452
30M,26500,Frequency,4,1.7376381158828735
30M,26500,Frequency,5,1.69693922996521
30M,26500,Frequency,6,1.6382832527160645
30M,26500,Frequency,7,1.5868945121765137
30M,26500,Frequency,8,1.5397180318832397
30M,26500,Frequency,9,1.4893461465835571
30M,26500,Frequency,10,1.446648120880127
30M,26500,Frequency,11,1.4078043699264526
30M,26500,Frequency,12,1.3573987483978271
30M,26500,Frequency,13,1.31697678565979
30M,26500,Frequency,14,1.266547679901123
30M,26500,Frequency,15,1.2562427520751953
30M,26500,Frequency,16,1.2193336486816406
30M,26500,Frequency,17,1.1846750974655151
30M,26500,Frequency,18,1.1380871534347534
30M,26500,Frequency,19,1.1228715181350708
30M,26500,Frequency,20,1.0937434434890747
30M,26500,Frequency,21,1.0507793426513672
30M,26500,Frequency,22,1.0437201261520386
30M,26500,Frequency,23,1.0072921514511108
30M,26500,Frequency,24,0.981072187423706
30M,26500,Frequency,25,0.9558588266372681
30M,26500,Frequency,26,0.9323095679283142
30M,26500,Frequency,27,0.9061715602874756
30M,26500,Frequency,28,0.8813570737838745
30M,26500,Frequency,29,0.8563095331192017
30M,26500,Frequency,30,0.8298436999320984
30M,26500,Frequency,31,0.7966973781585693
30M,26500,Frequency,32,0.7772485613822937
30M,26500,Frequency,33,0.7351168990135193
30M,26500,Frequency,34,0.7102031111717224
30M,26500,Frequency,35,0.6737298369407654
30M,26500,Frequency,36,0.6401441097259521
30M,26500,Frequency,37,0.5932213664054871
30M,26500,Frequency,38,0.5594202280044556
30M,26500,Frequency,39,0.5137046575546265
30M,26500,Frequency,40,0.47691214084625244
30M,26500,Frequency,41,0.4450490176677704
30M,26500,Frequency,42,0.4224574565887451
30M,26500,Frequency,43,0.4069357216358185
30M,26500,Frequency,44,0.401505708694458
30M,26500,Random,0,1.1062231063842773
30M,26500,Random,1,1.0830187797546387
30M,26500,Random,2,1.1202555894851685
30M,26500,Random,3,1.0772905349731445
30M,26500,Random,4,1.0934319496154785
30M,26500,Random,5,1.1069740056991577
30M,26500,Random,6,1.093969702720642
30M,26500,Random,7,1.079792857170105
30M,26500,Random,8,1.1015493869781494
30M,26500,Random,9,1.108902931213379
30M,26500,Random,10,1.0875072479248047
30M,26500,Random,11,1.093095302581787
30M,26500,Random,12,1.0881495475769043
30M,26500,Random,13,1.078250765800476
30M,26500,Random,14,1.0904120206832886
30M,26500,Random,15,1.0947209596633911
30M,26500,Random,16,1.0988410711288452
30M,26500,Random,17,1.121703863143921
30M,26500,Random,18,1.094425082206726
30M,26500,Random,19,1.0672653913497925
30M,26500,Random,20,1.0830574035644531
30M,26500,Random,21,1.0973495244979858
30M,26500,Random,22,1.0901813507080078
30M,26500,Random,23,1.0885366201400757
30M,26500,Random,24,1.092968463897705
30M,26500,Random,25,1.075950026512146
30M,26500,Random,26,1.0840786695480347
30M,26500,Random,27,1.0860962867736816
30M,26500,Random,28,1.0722121000289917
30M,26500,Random,29,1.1004289388656616
30M,26500,Random,30,1.0960602760314941
30M,26500,Random,31,1.0933234691619873
30M,26500,Random,32,1.0832690000534058
30M,26500,Random,33,1.07474946975708
30M,26500,Random,34,1.0875580310821533
30M,26500,Random,35,1.0942203998565674
30M,26500,Random,36,1.099579095840454
30M,26500,Random,37,1.07473623752594
30M,26500,Random,38,1.0779739618301392
30M,26500,Random,39,1.0857501029968262
30M,26500,Random,40,1.1015114784240723
30M,26500,Random,41,1.0964891910552979
30M,26500,Random,42,1.1065254211425781
30M,26500,Random,43,1.0870083570480347
30M,26500,Random,44,1.0866223573684692
30M,26500,Stat,Mean,1.0075774192810059
30M,26500,Stat,Std,0.49105462431907654
30M,26500,Stat,Max,2.5949454307556152
30M,27000,Frequency,0,1.9416197538375854
30M,27000,Frequency,1,1.9183646440505981
30M,27000,Frequency,2,1.8747477531433105
30M,27000,Frequency,3,1.816817283630371
30M,27000,Frequency,4,1.7529329061508179
30M,27000,Frequency,5,1.7119702100753784
30M,27000,Frequency,6,1.6525460481643677
30M,27000,Frequency,7,1.6010648012161255
30M,27000,Frequency,8,1.553597092628479
30M,27000,Frequency,9,1.5022331476211548
30M,27000,Frequency,10,1.4596364498138428
30M,27000,Frequency,11,1.420574426651001
30M,27000,Frequency,12,1.369273066520691
30M,27000,Frequency,13,1.3281090259552002
30M,27000,Frequency,14,1.27763032913208
30M,27000,Frequency,15,1.2670234441757202
30M,27000,Frequency,16,1.229928970336914
30M,27000,Frequency,17,1.1951117515563965
30M,27000,Frequency,18,1.1483955383300781
30M,27000,Frequency,19,1.1325631141662598
30M,27000,Frequency,20,1.1027377843856812
30M,27000,Frequency,21,1.059573769569397
30M,27000,Frequency,22,1.0528168678283691
30M,27000,Frequency,23,1.0158873796463013
30M,27000,Frequency,24,0.9895167946815491
30M,27000,Frequency,25,0.9635440111160278
30M,27000,Frequency,26,0.9401738047599792
30M,27000,Frequency,27,0.9135710000991821
30M,27000,Frequency,28,0.8885835409164429
30M,27000,Frequency,29,0.8629153370857239
30M,27000,Frequency,30,0.8368676900863647
30M,27000,Frequency,31,0.8029025793075562
30M,27000,Frequency,32,0.7829137444496155
30M,27000,Frequency,33,0.7403988838195801
30M,27000,Frequency,34,0.7151023745536804
30M,27000,Frequency,35,0.6779764294624329
30M,27000,Frequency,36,0.6442633271217346
30M,27000,Frequency,37,0.5972166657447815
30M,27000,Frequency,38,0.5624518990516663
30M,27000,Frequency,39,0.5161643624305725
30M,27000,Frequency,40,0.47867318987846375
30M,27000,Frequency,41,0.44607239961624146
30M,27000,Frequency,42,0.42327049374580383
30M,27000,Frequency,43,0.4071580171585083
30M,27000,Frequency,44,0.40181538462638855
30M,27000,Random,0,1.114970326423645
30M,27000,Random,1,1.0917657613754272
30M,27000,Random,2,1.1288976669311523
30M,27000,Random,3,1.0859034061431885
30M,27000,Random,4,1.102453589439392
30M,27000,Random,5,1.1161185503005981
30M,27000,Random,6,1.1029976606369019
30M,27000,Random,7,1.087920069694519
30M,27000,Random,8,1.1106927394866943
30M,27000,Random,9,1.1178696155548096
30M,27000,Random,10,1.0959378480911255
30M,27000,Random,11,1.102041482925415
30M,27000,Random,12,1.0967134237289429
30M,27000,Random,13,1.086990475654602
30M,27000,Random,14,1.0992016792297363
30M,27000,Random,15,1.1035579442977905
30M,27000,Random,16,1.1073201894760132
30M,27000,Random,17,1.131057620048523
30M,27000,Random,18,1.103210687637329
30M,27000,Random,19,1.076173186302185
30M,27000,Random,20,1.0913634300231934
30M,27000,Random,21,1.1056660413742065
30M,27000,Random,22,1.0995962619781494
30M,27000,Random,23,1.0974254608154297
30M,27000,Random,24,1.1016497611999512
30M,27000,Random,25,1.0846914052963257
30M,27000,Random,26,1.0927926301956177
30M,27000,Random,27,1.0946125984191895
30M,27000,Random,28,1.0810563564300537
30M,27000,Random,29,1.1093508005142212
30M,27000,Random,30,1.1049187183380127
30M,27000,Random,31,1.1019338369369507
30M,27000,Random,32,1.0920650959014893
30M,27000,Random,33,1.0835233926773071
30M,27000,Random,34,1.0960091352462769
30M,27000,Random,35,1.1037490367889404
30M,27000,Random,36,1.1090362071990967
30M,27000,Random,37,1.0830860137939453
30M,27000,Random,38,1.0865058898925781
30M,27000,Random,39,1.0948537588119507
30M,27000,Random,40,1.110780954360962
30M,27000,Random,41,1.1054797172546387
30M,27000,Random,42,1.1149170398712158
30M,27000,Random,43,1.0959054231643677
30M,27000,Random,44,1.0930992364883423
30M,27000,Stat,Mean,1.0153173208236694
30M,27000,Stat,Std,0.4962385296821594
30M,27000,Stat,Max,2.630418062210083
30M,27500,Frequency,0,1.9563360214233398
30M,27500,Frequency,1,1.9344450235366821
30M,27500,Frequency,2,1.8895400762557983
30M,27500,Frequency,3,1.8320282697677612
30M,27500,Frequency,4,1.7678250074386597
30M,27500,Frequency,5,1.7259043455123901
30M,27500,Frequency,6,1.666570782661438
30M,27500,Frequency,7,1.6148266792297363
30M,27500,Frequency,8,1.5665034055709839
30M,27500,Frequency,9,1.514827847480774
30M,27500,Frequency,10,1.47178053855896
30M,27500,Frequency,11,1.4327772855758667
30M,27500,Frequency,12,1.3809092044830322
30M,27500,Frequency,13,1.339611530303955
30M,27500,Frequency,14,1.2881784439086914
30M,27500,Frequency,15,1.277052640914917
30M,27500,Frequency,16,1.2407643795013428
30M,27500,Frequency,17,1.2054404020309448
30M,27500,Frequency,18,1.158379077911377
30M,27500,Frequency,19,1.1424940824508667
30M,27500,Frequency,20,1.1120641231536865
30M,27500,Frequency,21,1.068686604499817
30M,27500,Frequency,22,1.061208724975586
30M,27500,Frequency,23,1.024383306503296
30M,27500,Frequency,24,0.9978188872337341
30M,27500,Frequency,25,0.9713471531867981
30M,27500,Frequency,26,0.9479161500930786
30M,27500,Frequency,27,0.9207586646080017
30M,27500,Frequency,28,0.8959510922431946
30M,27500,Frequency,29,0.8699377775192261
30M,27500,Frequency,30,0.843858003616333
30M,27500,Frequency,31,0.8093461394309998
30M,27500,Frequency,32,0.7887395620346069
30M,27500,Frequency,33,0.745679497718811
30M,27500,Frequency,34,0.7203330397605896
30M,27500,Frequency,35,0.6826069355010986
30M,27500,Frequency,36,0.6483156681060791
30M,27500,Frequency,37,0.6007237434387207
30M,27500,Frequency,38,0.5656264424324036
30M,27500,Frequency,39,0.5185577869415283
30M,27500,Frequency,40,0.480080246925354
30M,27500,Frequency,41,0.4470100700855255
30M,27500,Frequency,42,0.4238685667514801
30M,27500,Frequency,43,0.40745946764945984
30M,27500,Frequency,44,0.40194037556648254
30M,27500,Random,0,1.123844861984253
30M,27500,Random,1,1.1009604930877686
30M,27500,Random,2,1.13776433467865
30M,27500,Random,3,1.0946725606918335
30M,27500,Random,4,1.1113859415054321
30M,27500,Random,5,1.1248739957809448
30M,27500,Random,6,1.111656665802002
30M,27500,Random,7,1.096361517906189
30M,27500,Random,8,1.1188629865646362
30M,27500,Random,9,1.1272480487823486
30M,27500,Random,10,1.1045985221862793
30M,27500,Random,11,1.1110674142837524
30M,27500,Random,12,1.1054601669311523
30M,27500,Random,13,1.0953620672225952
30M,27500,Random,14,1.1077122688293457
30M,27500,Random,15,1.1122194528579712
30M,27500,Random,16,1.1156837940216064
30M,27500,Random,17,1.1404980421066284
30M,27500,Random,18,1.1116230487823486
30M,27500,Random,19,1.08441960811615
30M,27500,Random,20,1.0998376607894897
30M,27500,Random,21,1.114820122718811
30M,27500,Random,22,1.108991265296936
30M,27500,Random,23,1.106109619140625
30M,27500,Random,24,1.1103074550628662
30M,27500,Random,25,1.0934396982192993
30M,27500,Random,26,1.1012662649154663
30M,27500,Random,27,1.1032702922821045
30M,27500,Random,28,1.0892685651779175
30M,27500,Random,29,1.118314504623413
30M,27500,Random,30,1.114022970199585
30M,27500,Random,31,1.1105594635009766
30M,27500,Random,32,1.1007475852966309
30M,27500,Random,33,1.0920720100402832
30M,27500,Random,34,1.1043621301651
30M,27500,Random,35,1.1119645833969116
30M,27500,Random,36,1.1176645755767822
30M,27500,Random,37,1.0915533304214478
30M,27500,Random,38,1.0941945314407349
30M,27500,Random,39,1.1036386489868164
30M,27500,Random,40,1.1195515394210815
30M,27500,Random,41,1.1144046783447266
30M,27500,Random,42,1.1233192682266235
30M,27500,Random,43,1.1044493913650513
30M,27500,Random,44,1.101003885269165
30M,27500,Stat,Mean,1.022950291633606
30M,27500,Stat,Std,0.5012811422348022
30M,27500,Stat,Max,2.645923137664795
30M,28000,Frequency,0,1.9713962078094482
30M,28000,Frequency,1,1.9499790668487549
30M,28000,Frequency,2,1.9048993587493896
30M,28000,Frequency,3,1.8478976488113403
30M,28000,Frequency,4,1.7826095819473267
30M,28000,Frequency,5,1.7405654191970825
30M,28000,Frequency,6,1.6800265312194824
30M,28000,Frequency,7,1.6283010244369507
30M,28000,Frequency,8,1.5793720483779907
30M,28000,Frequency,9,1.5275774002075195
30M,28000,Frequency,10,1.4841961860656738
30M,28000,Frequency,11,1.4446316957473755
30M,28000,Frequency,12,1.3925724029541016
30M,28000,Frequency,13,1.3507540225982666
30M,28000,Frequency,14,1.298771858215332
30M,28000,Frequency,15,1.287570595741272
30M,28000,Frequency,16,1.251247525215149
30M,28000,Frequency,17,1.2154510021209717
30M,28000,Frequency,18,1.167353630065918
30M,28000,Frequency,19,1.1522632837295532
30M,28000,Frequency,20,1.1209288835525513
30M,28000,Frequency,21,1.0775558948516846
30M,28000,Frequency,22,1.0697216987609863
30M,28000,Frequency,23,1.0326085090637207
30M,28000,Frequency,24,1.0057966709136963
30M,28000,Frequency,25,0.9787082076072693
30M,28000,Frequency,26,0.955147922039032
30M,28000,Frequency,27,0.9280259013175964
30M,28000,Frequency,28,0.9026113152503967
30M,28000,Frequency,29,0.8765944242477417
30M,28000,Frequency,30,0.8499797582626343
30M,28000,Frequency,31,0.8150837421417236
30M,28000,Frequency,32,0.7942264676094055
30M,28000,Frequency,33,0.7508045434951782
30M,28000,Frequency,34,0.7248026132583618
30M,28000,Frequency,35,0.6871407628059387
30M,28000,Frequency,36,0.6522513628005981
30M,28000,Frequency,37,0.6041433811187744
30M,28000,Frequency,38,0.5682024955749512
30M,28000,Frequency,39,0.5208457708358765
30M,28000,Frequency,40,0.48200422525405884
30M,28000,Frequency,41,0.4480716586112976
30M,28000,Frequency,42,0.42450353503227234
30M,28000,Frequency,43,0.40781471133232117
30M,28000,Frequency,44,0.40213221311569214
30M,28000,Random,0,1.1325703859329224
30M,28000,Random,1,1.1091980934143066
30M,28000,Random,2,1.1462485790252686
30M,28000,Random,3,1.1027541160583496
30M,28000,Random,4,1.1197973489761353
30M,28000,Random,5,1.1334023475646973
30M,28000,Random,6,1.1205064058303833
30M,28000,Random,7,1.104858636856079
30M,28000,Random,8,1.1281510591506958
30M,28000,Random,9,1.1364692449569702
30M,28000,Random,10,1.1133571863174438
30M,28000,Random,11,1.119879961013794
30M,28000,Random,12,1.1135592460632324
30M,28000,Random,13,1.1042883396148682
30M,28000,Random,14,1.115535855293274
30M,28000,Random,15,1.1210347414016724
30M,28000,Random,16,1.1244395971298218
30M,28000,Random,17,1.1489098072052002
30M,28000,Random,18,1.120220422744751
30M,28000,Random,19,1.092494249343872
30M,28000,Random,20,1.1085482835769653
30M,28000,Random,21,1.123789668083191
30M,28000,Random,22,1.1174627542495728
30M,28000,Random,23,1.1138792037963867
30M,28000,Random,24,1.1187245845794678
30M,28000,Random,25,1.1018062829971313
30M,28000,Random,26,1.1095771789550781
30M,28000,Random,27,1.111424207687378
30M,28000,Random,28,1.0975898504257202
30M,28000,Random,29,1.12696373462677
30M,28000,Random,30,1.1227043867111206
30M,28000,Random,31,1.1190561056137085
30M,28000,Random,32,1.1086399555206299
30M,28000,Random,33,1.1004031896591187
30M,28000,Random,34,1.1125574111938477
30M,28000,Random,35,1.1202912330627441
30M,28000,Random,36,1.1267478466033936
30M,28000,Random,37,1.0996747016906738
30M,28000,Random,38,1.1026357412338257
30M,28000,Random,39,1.1122188568115234
30M,28000,Random,40,1.1282259225845337
30M,28000,Random,41,1.1227353811264038
30M,28000,Random,42,1.1323344707489014
30M,28000,Random,43,1.1131067276000977
30M,28000,Random,44,1.1099120378494263
30M,28000,Stat,Mean,1.030443549156189
30M,28000,Stat,Std,0.5063495635986328
30M,28000,Stat,Max,2.661583423614502
30M,28500,Frequency,0,1.9852714538574219
30M,28500,Frequency,1,1.9661399126052856
30M,28500,Frequency,2,1.9196676015853882
30M,28500,Frequency,3,1.862296462059021
30M,28500,Frequency,4,1.7977020740509033
30M,28500,Frequency,5,1.7544481754302979
30M,28500,Frequency,6,1.6933097839355469
30M,28500,Frequency,7,1.6412736177444458
30M,28500,Frequency,8,1.5932484865188599
30M,28500,Frequency,9,1.5394060611724854
30M,28500,Frequency,10,1.4963499307632446
30M,28500,Frequency,11,1.4560885429382324
30M,28500,Frequency,12,1.4044790267944336
30M,28500,Frequency,13,1.361765742301941
30M,28500,Frequency,14,1.3097991943359375
30M,28500,Frequency,15,1.298312783241272
30M,28500,Frequency,16,1.2615351676940918
30M,28500,Frequency,17,1.2256413698196411
30M,28500,Frequency,18,1.177243709564209
30M,28500,Frequency,19,1.1615731716156006
30M,28500,Frequency,20,1.1302642822265625
30M,28500,Frequency,21,1.0865398645401
30M,28500,Frequency,22,1.0785678625106812
30M,28500,Frequency,23,1.0414304733276367
30M,28500,Frequency,24,1.0136916637420654
30M,28500,Frequency,25,0.9862721562385559
30M,28500,Frequency,26,0.9627094268798828
30M,28500,Frequency,27,0.9352003931999207
30M,28500,Frequency,28,0.9097599387168884
30M,28500,Frequency,29,0.8834459185600281
30M,28500,Frequency,30,0.8569223284721375
30M,28500,Frequency,31,0.8212375640869141
30M,28500,Frequency,32,0.8001479506492615
30M,28500,Frequency,33,0.7562963962554932
30M,28500,Frequency,34,0.7295864224433899
30M,28500,Frequency,35,0.6919606328010559
30M,28500,Frequency,36,0.6564741134643555
30M,28500,Frequency,37,0.6074426770210266
30M,28500,Frequency,38,0.5712104439735413
30M,28500,Frequency,39,0.5233439207077026
30M,28500,Frequency,40,0.48347705602645874
30M,28500,Frequency,41,0.4493551254272461
30M,28500,Frequency,42,0.42512309551239014
30M,28500,Frequency,43,0.4080803096294403
30M,28500,Frequency,44,0.40239450335502625
30M,28500,Random,0,1.1413723230361938
30M,28500,Random,1,1.1174328327178955
30M,28500,Random,2,1.1549676656723022
30M,28500,Random,3,1.111222267150879
30M,28500,Random,4,1.1282767057418823
30M,28500,Random,5,1.1417629718780518
30M,28500,Random,6,1.1296635866165161
30M,28500,Random,7,1.113110065460205
30M,28500,Random,8,1.136968731880188
30M,28500,Random,9,1.1459681987762451
30M,28500,Random,10,1.1220078468322754
30M,28500,Random,11,1.1290444135665894
30M,28500,Random,12,1.1216228008270264
30M,28500,Random,13,1.1129344701766968
30M,28500,Random,14,1.1246857643127441
30M,28500,Random,15,1.129360318183899
30M,28500,Random,16,1.133206844329834
30M,28500,Random,17,1.157859206199646
30M,28500,Random,18,1.1291546821594238
30M,28500,Random,19,1.1008679866790771
30M,28500,Random,20,1.1163108348846436
30M,28500,Random,21,1.1331391334533691
30M,28500,Random,22,1.125826358795166
30M,28500,Random,23,1.1224024295806885
30M,28500,Random,24,1.1274055242538452
30M,28500,Random,25,1.110271692276001
30M,28500,Random,26,1.1173795461654663
30M,28500,Random,27,1.1197737455368042
30M,28500,Random,28,1.105508804321289
30M,28500,Random,29,1.1354936361312866
30M,28500,Random,30,1.1314435005187988
30M,28500,Random,31,1.1273483037948608
30M,28500,Random,32,1.1170557737350464
30M,28500,Random,33,1.108894944190979
30M,28500,Random,34,1.1207083463668823
30M,28500,Random,35,1.129087209701538
30M,28500,Random,36,1.1353923082351685
30M,28500,Random,37,1.108106255531311
30M,28500,Random,38,1.1108640432357788
30M,28500,Random,39,1.120715618133545
30M,28500,Random,40,1.1367794275283813
30M,28500,Random,41,1.131454586982727
30M,28500,Random,42,1.1416332721710205
30M,28500,Random,43,1.1213170289993286
30M,28500,Random,44,1.1184178590774536
30M,28500,Stat,Mean,1.0379877090454102
30M,28500,Stat,Std,0.5113167762756348
30M,28500,Stat,Max,2.689471960067749
30M,0,Frequency,0,0.39260268211364746
30M,0,Frequency,1,0.3927419185638428
30M,0,Frequency,2,0.39174309372901917
30M,0,Frequency,3,0.39127033948898315
30M,0,Frequency,4,0.391426682472229
30M,0,Frequency,5,0.39101457595825195
30M,0,Frequency,6,0.3915554881095886
30M,0,Frequency,7,0.3922968804836273
30M,0,Frequency,8,0.3919864594936371
30M,0,Frequency,9,0.39200103282928467
30M,0,Frequency,10,0.3917265236377716
30M,0,Frequency,11,0.3920153081417084
30M,0,Frequency,12,0.3921319544315338
30M,0,Frequency,13,0.3919893503189087
30M,0,Frequency,14,0.39161741733551025
30M,0,Frequency,15,0.3909634053707123
30M,0,Frequency,16,0.39104875922203064
30M,0,Frequency,17,0.39269009232521057
30M,0,Frequency,18,0.3914386034011841
30M,0,Frequency,19,0.3918690085411072
30M,0,Frequency,20,0.3923893868923187
30M,0,Frequency,21,0.3916258215904236
30M,0,Frequency,22,0.3916325271129608
30M,0,Frequency,23,0.3921165466308594
30M,0,Frequency,24,0.391499400138855
30M,0,Frequency,25,0.3916964530944824
30M,0,Frequency,26,0.3922639489173889
30M,0,Frequency,27,0.3922697901725769
30M,0,Frequency,28,0.391269326210022
30M,0,Frequency,29,0.391740083694458
30M,0,Frequency,30,0.39140063524246216
30M,0,Frequency,31,0.3914509117603302
30M,0,Frequency,32,0.39244794845581055
30M,0,Frequency,33,0.3919820487499237
30M,0,Frequency,34,0.39136600494384766
30M,0,Frequency,35,0.3909963071346283
30M,0,Frequency,36,0.39212456345558167
30M,0,Frequency,37,0.39065811038017273
30M,0,Frequency,38,0.39104530215263367
30M,0,Frequency,39,0.3922939896583557
30M,0,Frequency,40,0.3923943340778351
30M,0,Frequency,41,0.39221811294555664
30M,0,Frequency,42,0.39191949367523193
30M,0,Frequency,43,0.39230719208717346
30M,0,Frequency,44,0.3908412456512451
30M,0,Random,0,0.3919236958026886
30M,0,Random,1,0.3911376893520355
30M,0,Random,2,0.3922833204269409
30M,0,Random,3,0.3914331793785095
30M,0,Random,4,0.3917505145072937
30M,0,Random,5,0.3926391005516052
30M,0,Random,6,0.39233702421188354
30M,0,Random,7,0.392074316740036
30M,0,Random,8,0.39146989583969116
30M,0,Random,9,0.39179739356040955
30M,0,Random,10,0.3915160596370697
30M,0,Random,11,0.39154183864593506
30M,0,Random,12,0.39252516627311707
30M,0,Random,13,0.39118579030036926
30M,0,Random,14,0.3922421634197235
30M,0,Random,15,0.3914668560028076
30M,0,Random,16,0.39155614376068115
30M,0,Random,17,0.3920276165008545
30M,0,Random,18,0.39165037870407104
30M,0,Random,19,0.3922942280769348
30M,0,Random,20,0.3927558362483978
30M,0,Random,21,0.39107027649879456
30M,0,Random,22,0.3926225006580353
30M,0,Random,23,0.392544686794281
30M,0,Random,24,0.3919354975223541
30M,0,Random,25,0.3915240466594696
30M,0,Random,26,0.3917619287967682
30M,0,Random,27,0.3911290764808655
30M,0,Random,28,0.39173775911331177
30M,0,Random,29,0.3920266628265381
30M,0,Random,30,0.3918605446815491
30M,0,Random,31,0.3922300934791565
30M,0,Random,32,0.3909517228603363
30M,0,Random,33,0.39111045002937317
30M,0,Random,34,0.39161452651023865
30M,0,Random,35,0.3911518156528473
30M,0,Random,36,0.39142486453056335
30M,0,Random,37,0.39182940125465393
30M,0,Random,38,0.3920620083808899
30M,0,Random,39,0.3919278681278229
30M,0,Random,40,0.39075767993927
30M,0,Random,41,0.3921925723552704
30M,0,Random,42,0.3921124339103699
30M,0,Random,43,0.3918547034263611
30M,0,Random,44,0.39162933826446533
30M,0,Stat,Mean,0.39175474643707275
30M,0,Stat,Std,0.014182760380208492
30M,0,Stat,Max,0.45268893241882324
30M,500,Frequency,0,0.5246697664260864
30M,500,Frequency,1,0.48622551560401917
30M,500,Frequency,2,0.47256115078926086
30M,500,Frequency,3,0.4639102816581726
30M,500,Frequency,4,0.4542214274406433
30M,500,Frequency,5,0.4487748444080353
30M,500,Frequency,6,0.4440300464630127
30M,500,Frequency,7,0.4396539330482483
30M,500,Frequency,8,0.4357107877731323
30M,500,Frequency,9,0.43268221616744995
30M,500,Frequency,10,0.42971307039260864
30M,500,Frequency,11,0.4273473024368286
30M,500,Frequency,12,0.4241081774234772
30M,500,Frequency,13,0.4213363528251648
30M,500,Frequency,14,0.418782502412796
30M,500,Frequency,15,0.41665172576904297
30M,500,Frequency,16,0.4148777425289154
30M,500,Frequency,17,0.41535040736198425
30M,500,Frequency,18,0.41193073987960815
30M,500,Frequency,19,0.4112401008605957
30M,500,Frequency,20,0.4104665517807007
30M,500,Frequency,21,0.4079190492630005
30M,500,Frequency,22,0.4075726866722107
30M,500,Frequency,23,0.4070591628551483
30M,500,Frequency,24,0.40579545497894287
30M,500,Frequency,25,0.40510374307632446
30M,500,Frequency,26,0.4039093255996704
30M,500,Frequency,27,0.40334346890449524
30M,500,Frequency,28,0.4023855924606323
30M,500,Frequency,29,0.40163299441337585
30M,500,Frequency,30,0.40007317066192627
30M,500,Frequency,31,0.39939650893211365
30M,500,Frequency,32,0.3993915319442749
30M,500,Frequency,33,0.39801865816116333
30M,500,Frequency,34,0.39704781770706177
30M,500,Frequency,35,0.39561668038368225
30M,500,Frequency,36,0.39587506651878357
30M,500,Frequency,37,0.3936304450035095
30M,500,Frequency,38,0.3933256268501282
30M,500,Frequency,39,0.39387235045433044
30M,500,Frequency,40,0.3936413526535034
30M,500,Frequency,41,0.3928658664226532
30M,500,Frequency,42,0.3923344314098358
30M,500,Frequency,43,0.3925374150276184
30M,500,Frequency,44,0.39106613397598267
30M,500,Random,0,0.4189840257167816
30M,500,Random,1,0.41619598865509033
30M,500,Random,2,0.41991251707077026
30M,500,Random,3,0.41690537333488464
30M,500,Random,4,0.41751915216445923
30M,500,Random,5,0.41941937804222107
30M,500,Random,6,0.4176068902015686
30M,500,Random,7,0.4167689383029938
30M,500,Random,8,0.41778600215911865
30M,500,Random,9,0.4185083508491516
30M,500,Random,10,0.41684794425964355
30M,500,Random,11,0.416926771402359
30M,500,Random,12,0.4183577001094818
30M,500,Random,13,0.4166698753833771
30M,500,Random,14,0.41832664608955383
30M,500,Random,15,0.4178035855293274
30M,500,Random,16,0.4175606667995453
30M,500,Random,17,0.4202982485294342
30M,500,Random,18,0.4172459840774536
30M,500,Random,19,0.41667166352272034
30M,500,Random,20,0.4172365665435791
30M,500,Random,21,0.4166601598262787
30M,500,Random,22,0.4204513132572174
30M,500,Random,23,0.41830262541770935
30M,500,Random,24,0.417807012796402
30M,500,Random,25,0.4154539108276367
30M,500,Random,26,0.41715821623802185
30M,500,Random,27,0.4166177809238434
30M,500,Random,28,0.41825780272483826
30M,500,Random,29,0.41894832253456116
30M,500,Random,30,0.4177123010158539
30M,500,Random,31,0.41867318749427795
30M,500,Random,32,0.41724222898483276
30M,500,Random,33,0.41645610332489014
30M,500,Random,34,0.41681408882141113
30M,500,Random,35,0.41811221837997437
30M,500,Random,36,0.41682782769203186
30M,500,Random,37,0.4176545739173889
30M,500,Random,38,0.4170810580253601
30M,500,Random,39,0.4184654653072357
30M,500,Random,40,0.4169233441352844
30M,500,Random,41,0.41759586334228516
30M,500,Random,42,0.41929277777671814
30M,500,Random,43,0.4179779589176178
30M,500,Random,44,0.4173901379108429
30M,500,Stat,Mean,0.41458559036254883
30M,500,Stat,Std,0.034627556800842285
30M,500,Stat,Max,0.8088858723640442
30M,1000,Frequency,0,0.607063353061676
30M,1000,Frequency,1,0.5607422590255737
30M,1000,Frequency,2,0.5409383773803711
30M,1000,Frequency,3,0.5281268358230591
30M,1000,Frequency,4,0.5135203003883362
30M,1000,Frequency,5,0.5049334764480591
30M,1000,Frequency,6,0.4949069619178772
30M,1000,Frequency,7,0.4879350960254669
30M,1000,Frequency,8,0.4809402823448181
30M,1000,Frequency,9,0.47490355372428894
30M,1000,Frequency,10,0.46903958916664124
30M,1000,Frequency,11,0.46501466631889343
30M,1000,Frequency,12,0.4585227370262146
30M,1000,Frequency,13,0.4543592929840088
30M,1000,Frequency,14,0.44844916462898254
30M,1000,Frequency,15,0.4465560019016266
30M,1000,Frequency,16,0.4428633451461792
30M,1000,Frequency,17,0.4407021999359131
30M,1000,Frequency,18,0.4366075098514557
30M,1000,Frequency,19,0.4345025420188904
30M,1000,Frequency,20,0.4327247142791748
30M,1000,Frequency,21,0.42884233593940735
30M,1000,Frequency,22,0.42776384949684143
30M,1000,Frequency,23,0.42554616928100586
30M,1000,Frequency,24,0.42239832878112793
30M,1000,Frequency,25,0.4207969009876251
30M,1000,Frequency,26,0.4181820750236511
30M,1000,Frequency,27,0.41716068983078003
30M,1000,Frequency,28,0.4146754741668701
30M,1000,Frequency,29,0.41255083680152893
30M,1000,Frequency,30,0.41062188148498535
30M,1000,Frequency,31,0.40936461091041565
30M,1000,Frequency,32,0.4080885350704193
30M,1000,Frequency,33,0.4053294062614441
30M,1000,Frequency,34,0.40324223041534424
30M,1000,Frequency,35,0.4012583792209625
30M,1000,Frequency,36,0.40078821778297424
30M,1000,Frequency,37,0.3971678912639618
30M,1000,Frequency,38,0.39618226885795593
30M,1000,Frequency,39,0.3957621157169342
30M,1000,Frequency,40,0.3947855532169342
30M,1000,Frequency,41,0.3936942219734192
30M,1000,Frequency,42,0.39279407262802124
30M,1000,Frequency,43,0.39286330342292786
30M,1000,Frequency,44,0.39143648743629456
30M,1000,Random,0,0.44515618681907654
30M,1000,Random,1,0.44126129150390625
30M,1000,Random,2,0.44620281457901
30M,1000,Random,3,0.4416809678077698
30M,1000,Random,4,0.44316643476486206
30M,1000,Random,5,0.4458383619785309
30M,1000,Random,6,0.44317230582237244
30M,1000,Random,7,0.4418662488460541
30M,1000,Random,8,0.44420531392097473
30M,1000,Random,9,0.44545966386795044
30M,1000,Random,10,0.44198310375213623
30M,1000,Random,11,0.4424344599246979
30M,1000,Random,12,0.44361135363578796
30M,1000,Random,13,0.4418505132198334
30M,1000,Random,14,0.4441621005535126
30M,1000,Random,15,0.44297143816947937
30M,1000,Random,16,0.44318827986717224
30M,1000,Random,17,0.4467158317565918
30M,1000,Random,18,0.44207489490509033
30M,1000,Random,19,0.4409337043762207
30M,1000,Random,20,0.441937655210495
30M,1000,Random,21,0.44280412793159485
30M,1000,Random,22,0.44547343254089355
30M,1000,Random,23,0.443177193403244
30M,1000,Random,24,0.4435139298439026
30M,1000,Random,25,0.43955060839653015
30M,1000,Random,26,0.4417296350002289
30M,1000,Random,27,0.44102752208709717
30M,1000,Random,28,0.4439241588115692
30M,1000,Random,29,0.4457615315914154
30M,1000,Random,30,0.44327500462532043
30M,1000,Random,31,0.44458046555519104
30M,1000,Random,32,0.4423799216747284
30M,1000,Random,33,0.44041088223457336
30M,1000,Random,34,0.4416201114654541
30M,1000,Random,35,0.44472020864486694
30M,1000,Random,36,0.44208666682243347
30M,1000,Random,37,0.4428662359714508
30M,1000,Random,38,0.44172367453575134
30M,1000,Random,39,0.44379156827926636
30M,1000,Random,40,0.44325441122055054
30M,1000,Random,41,0.4430181384086609
30M,1000,Random,42,0.44602516293525696
30M,1000,Random,43,0.4437125623226166
30M,1000,Random,44,0.44328972697257996
30M,1000,Stat,Mean,0.43700456619262695
30M,1000,Stat,Std,0.057672079652547836
30M,1000,Stat,Max,0.9752985835075378
30M,1500,Frequency,0,0.6695132851600647
30M,1500,Frequency,1,0.6216531991958618
30M,1500,Frequency,2,0.5978968739509583
30M,1500,Frequency,3,0.5826809406280518
30M,1500,Frequency,4,0.5653024315834045
30M,1500,Frequency,5,0.5527526140213013
30M,1500,Frequency,6,0.541070818901062
30M,1500,Frequency,7,0.5312660932540894
30M,1500,Frequency,8,0.5223880410194397
30M,1500,Frequency,9,0.514146625995636
30M,1500,Frequency,10,0.5055125951766968
30M,1500,Frequency,11,0.5004342198371887
30M,1500,Frequency,12,0.4910584092140198
30M,1500,Frequency,13,0.48499196767807007
30M,1500,Frequency,14,0.47789740562438965
30M,1500,Frequency,15,0.47555777430534363
30M,1500,Frequency,16,0.4707018733024597
30M,1500,Frequency,17,0.4659349024295807
30M,1500,Frequency,18,0.45942822098731995
30M,1500,Frequency,19,0.4572034180164337
30M,1500,Frequency,20,0.45413440465927124
30M,1500,Frequency,21,0.4486258625984192
30M,1500,Frequency,22,0.4475472569465637
30M,1500,Frequency,23,0.44371193647384644
30M,1500,Frequency,24,0.4391792118549347
30M,1500,Frequency,25,0.4371083378791809
30M,1500,Frequency,26,0.4329548478126526
30M,1500,Frequency,27,0.43121641874313354
30M,1500,Frequency,28,0.4274459779262543
30M,1500,Frequency,29,0.4249241054058075
30M,1500,Frequency,30,0.4215662181377411
30M,1500,Frequency,31,0.4195955991744995
30M,1500,Frequency,32,0.4174501597881317
30M,1500,Frequency,33,0.4130690395832062
30M,1500,Frequency,34,0.41015374660491943
30M,1500,Frequency,35,0.4073863625526428
30M,1500,Frequency,36,0.4056417644023895
30M,1500,Frequency,37,0.40128734707832336
30M,1500,Frequency,38,0.39906594157218933
30M,1500,Frequency,39,0.39778491854667664
30M,1500,Frequency,40,0.39619672298431396
30M,1500,Frequency,41,0.394565612077713
30M,1500,Frequency,42,0.39323320984840393
30M,1500,Frequency,43,0.39317846298217773
30M,1500,Frequency,44,0.39161691069602966
30M,1500,Random,0,0.4693000912666321
30M,1500,Random,1,0.46428945660591125
30M,1500,Random,2,0.4701314866542816
30M,1500,Random,3,0.4640098810195923
30M,1500,Random,4,0.46650296449661255
30M,1500,Random,5,0.4690960645675659
30M,1500,Random,6,0.4662874937057495
30M,1500,Random,7,0.4649069607257843
30M,1500,Random,8,0.46869564056396484
30M,1500,Random,9,0.469198614358902
30M,1500,Random,10,0.46499818563461304
30M,1500,Random,11,0.4662533700466156
30M,1500,Random,12,0.46664106845855713
30M,1500,Random,13,0.4652407765388489
30M,1500,Random,14,0.46747687458992004
30M,1500,Random,15,0.4658086597919464
30M,1500,Random,16,0.4667179584503174
30M,1500,Random,17,0.47163456678390503
30M,1500,Random,18,0.46519073843955994
30M,1500,Random,19,0.46335238218307495
30M,1500,Random,20,0.4648907482624054
30M,1500,Random,21,0.4664369821548462
30M,1500,Random,22,0.46851885318756104
30M,1500,Random,23,0.46636301279067993
30M,1500,Random,24,0.4667477309703827
30M,1500,Random,25,0.4628472924232483
30M,1500,Random,26,0.46519899368286133
30M,1500,Random,27,0.4641034007072449
30M,1500,Random,28,0.46593430638313293
30M,1500,Random,29,0.4701070189476013
30M,1500,Random,30,0.467009961605072
30M,1500,Random,31,0.4674464762210846
30M,1500,Random,32,0.46646276116371155
30M,1500,Random,33,0.4624449610710144
30M,1500,Random,34,0.46413367986679077
30M,1500,Random,35,0.46797454357147217
30M,1500,Random,36,0.46636635065078735
30M,1500,Random,37,0.4659518599510193
30M,1500,Random,38,0.46372056007385254
30M,1500,Random,39,0.46679016947746277
30M,1500,Random,40,0.46746861934661865
30M,1500,Random,41,0.4672060012817383
30M,1500,Random,42,0.4694403111934662
30M,1500,Random,43,0.46689942479133606
30M,1500,Random,44,0.4647827744483948
30M,1500,Stat,Mean,0.4575241208076477
30M,1500,Stat,Std,0.07668226212263107
30M,1500,Stat,Max,1.0565091371536255
30M,2000,Frequency,0,0.725505530834198
30M,2000,Frequency,1,0.6771154999732971
30M,2000,Frequency,2,0.6508673429489136
30M,2000,Frequency,3,0.6315762400627136
30M,2000,Frequency,4,0.6120802164077759
30M,2000,Frequency,5,0.5978207588195801
30M,2000,Frequency,6,0.5837851762771606
30M,2000,Frequency,7,0.5702201128005981
30M,2000,Frequency,8,0.5601974725723267
30M,2000,Frequency,9,0.5504688620567322
30M,2000,Frequency,10,0.5383927822113037
30M,2000,Frequency,11,0.5326944589614868
30M,2000,Frequency,12,0.5221732258796692
30M,2000,Frequency,13,0.5148295164108276
30M,2000,Frequency,14,0.5039728879928589
30M,2000,Frequency,15,0.5025174021720886
30M,2000,Frequency,16,0.4957892596721649
30M,2000,Frequency,17,0.49003803730010986
30M,2000,Frequency,18,0.48131194710731506
30M,2000,Frequency,19,0.47868600487709045
30M,2000,Frequency,20,0.4748481512069702
30M,2000,Frequency,21,0.46699875593185425
30M,2000,Frequency,22,0.4660196006298065
30M,2000,Frequency,23,0.46111369132995605
30M,2000,Frequency,24,0.4557879567146301
30M,2000,Frequency,25,0.4524650275707245
30M,2000,Frequency,26,0.447557657957077
30M,2000,Frequency,27,0.44536250829696655
30M,2000,Frequency,28,0.4408440589904785
30M,2000,Frequency,29,0.43733182549476624
30M,2000,Frequency,30,0.43267887830734253
30M,2000,Frequency,31,0.42917400598526
30M,2000,Frequency,32,0.4272075891494751
30M,2000,Frequency,33,0.4212481379508972
30M,2000,Frequency,34,0.41715502738952637
30M,2000,Frequency,35,0.41290342807769775
30M,2000,Frequency,36,0.41067031025886536
30M,2000,Frequency,37,0.40541577339172363
30M,2000,Frequency,38,0.4023655354976654
30M,2000,Frequency,39,0.39984649419784546
30M,2000,Frequency,40,0.39765286445617676
30M,2000,Frequency,41,0.3958028256893158
30M,2000,Frequency,42,0.3937470614910126
30M,2000,Frequency,43,0.3935506045818329
30M,2000,Frequency,44,0.391825407743454
30M,2000,Random,0,0.4907718896865845
30M,2000,Random,1,0.4859023988246918
30M,2000,Random,2,0.4922061860561371
30M,2000,Random,3,0.4847947955131531
30M,2000,Random,4,0.48899930715560913
30M,2000,Random,5,0.4921630322933197
30M,2000,Random,6,0.4887067973613739
30M,2000,Random,7,0.48570936918258667
30M,2000,Random,8,0.49060550332069397
30M,2000,Random,9,0.49161380529403687
30M,2000,Random,10,0.48648208379745483
30M,2000,Random,11,0.4881172478199005
30M,2000,Random,12,0.4888002276420593
30M,2000,Random,13,0.4864896535873413
30M,2000,Random,14,0.4887004792690277
30M,2000,Random,15,0.487564355134964
30M,2000,Random,16,0.4890756607055664
30M,2000,Random,17,0.49322932958602905
30M,2000,Random,18,0.48676571249961853
30M,2000,Random,19,0.484567254781723
30M,2000,Random,20,0.48656177520751953
30M,2000,Random,21,0.48934000730514526
30M,2000,Random,22,0.490443617105484
30M,2000,Random,23,0.4882850646972656
30M,2000,Random,24,0.48851072788238525
30M,2000,Random,25,0.4843232333660126
30M,2000,Random,26,0.48696205019950867
30M,2000,Random,27,0.4856085777282715
30M,2000,Random,28,0.486798495054245
30M,2000,Random,29,0.4927898049354553
30M,2000,Random,30,0.4895002841949463
30M,2000,Random,31,0.4899677038192749
30M,2000,Random,32,0.48783621191978455
30M,2000,Random,33,0.4829450845718384
30M,2000,Random,34,0.4852426052093506
30M,2000,Random,35,0.4901164770126343
30M,2000,Random,36,0.48757147789001465
30M,2000,Random,37,0.48645108938217163
30M,2000,Random,38,0.4859440326690674
30M,2000,Random,39,0.48886677622795105
30M,2000,Random,40,0.4902679920196533
30M,2000,Random,41,0.48936232924461365
30M,2000,Random,42,0.49086710810661316
30M,2000,Random,43,0.48841172456741333
30M,2000,Random,44,0.4864082932472229
30M,2000,Stat,Mean,0.4766940772533417
30M,2000,Stat,Std,0.09401792287826538
30M,2000,Stat,Max,1.1170539855957031
30M,2500,Frequency,0,0.7764200568199158
30M,2500,Frequency,1,0.7281017899513245
30M,2500,Frequency,2,0.6983779072761536
30M,2500,Frequency,3,0.6795179843902588
30M,2500,Frequency,4,0.6561498045921326
30M,2500,Frequency,5,0.6401084065437317
30M,2500,Frequency,6,0.6236679553985596
30M,2500,Frequency,7,0.6083114147186279
30M,2500,Frequency,8,0.5963665843009949
30M,2500,Frequency,9,0.5846753120422363
30M,2500,Frequency,10,0.5713602900505066
30M,2500,Frequency,11,0.5635064840316772
30M,2500,Frequency,12,0.5508113503456116
30M,2500,Frequency,13,0.541795551776886
30M,2500,Frequency,14,0.5307983756065369
30M,2500,Frequency,15,0.5292100310325623
30M,2500,Frequency,16,0.5202608704566956
30M,2500,Frequency,17,0.5135108828544617
30M,2500,Frequency,18,0.5021198391914368
30M,2500,Frequency,19,0.49992266297340393
30M,2500,Frequency,20,0.4944027364253998
30M,2500,Frequency,21,0.4858044683933258
30M,2500,Frequency,22,0.4845883846282959
30M,2500,Frequency,23,0.4779784679412842
30M,2500,Frequency,24,0.4718608558177948
30M,2500,Frequency,25,0.4675842821598053
30M,2500,Frequency,26,0.4618241488933563
30M,2500,Frequency,27,0.4588199555873871
30M,2500,Frequency,28,0.45368990302085876
30M,2500,Frequency,29,0.44945579767227173
30M,2500,Frequency,30,0.44310444593429565
30M,2500,Frequency,31,0.43925872445106506
30M,2500,Frequency,32,0.436482697725296
30M,2500,Frequency,33,0.42914602160453796
30M,2500,Frequency,34,0.42455849051475525
30M,2500,Frequency,35,0.41912803053855896
30M,2500,Frequency,36,0.4159254729747772
30M,2500,Frequency,37,0.40945157408714294
30M,2500,Frequency,38,0.4056980311870575
30M,2500,Frequency,39,0.40207362174987793
30M,2500,Frequency,40,0.3989080488681793
30M,2500,Frequency,41,0.39674583077430725
30M,2500,Frequency,42,0.39439254999160767
30M,2500,Frequency,43,0.393836110830307
30M,2500,Frequency,44,0.39192599058151245
30M,2500,Random,0,0.512067437171936
30M,2500,Random,1,0.5059186220169067
30M,2500,Random,2,0.5142621994018555
30M,2500,Random,3,0.5057104229927063
30M,2500,Random,4,0.5100687742233276
30M,2500,Random,5,0.5130868554115295
30M,2500,Random,6,0.5093570351600647
30M,2500,Random,7,0.5070446729660034
30M,2500,Random,8,0.5115485191345215
30M,2500,Random,9,0.5134605169296265
30M,2500,Random,10,0.5072368383407593
30M,2500,Random,11,0.509142279624939
30M,2500,Random,12,0.5092343688011169
30M,2500,Random,13,0.506787896156311
30M,2500,Random,14,0.5094780921936035
30M,2500,Random,15,0.5086835622787476
30M,2500,Random,16,0.5108100771903992
30M,2500,Random,17,0.5146841406822205
30M,2500,Random,18,0.5079258680343628
30M,2500,Random,19,0.5048040151596069
30M,2500,Random,20,0.5067983269691467
30M,2500,Random,21,0.5102490782737732
30M,2500,Random,22,0.510964035987854
30M,2500,Random,23,0.5092664361000061
30M,2500,Random,24,0.5093013644218445
30M,2500,Random,25,0.5046027302742004
30M,2500,Random,26,0.5072010159492493
30M,2500,Random,27,0.5061203241348267
30M,2500,Random,28,0.5067397356033325
30M,2500,Random,29,0.5135643482208252
30M,2500,Random,30,0.5108563899993896
30M,2500,Random,31,0.5104730725288391
30M,2500,Random,32,0.5082676410675049
30M,2500,Random,33,0.5029005408287048
30M,2500,Random,34,0.5060979127883911
30M,2500,Random,35,0.511307954788208
30M,2500,Random,36,0.5083707571029663
30M,2500,Random,37,0.5074492692947388
30M,2500,Random,38,0.5063703656196594
30M,2500,Random,39,0.5096334218978882
30M,2500,Random,40,0.5115067362785339
30M,2500,Random,41,0.5106841921806335
30M,2500,Random,42,0.5120879411697388
30M,2500,Random,43,0.5091703534126282
30M,2500,Random,44,0.5060469508171082
30M,2500,Stat,Mean,0.4950387477874756
30M,2500,Stat,Std,0.11002456396818161
30M,2500,Stat,Max,1.1882628202438354
30M,3000,Frequency,0,0.8243852257728577
30M,3000,Frequency,1,0.7746184468269348
30M,3000,Frequency,2,0.7453432083129883
30M,3000,Frequency,3,0.7225213050842285
30M,3000,Frequency,4,0.6975281238555908
30M,3000,Frequency,5,0.6796911358833313
30M,3000,Frequency,6,0.6609172224998474
30M,3000,Frequency,7,0.6435361504554749
30M,3000,Frequency,8,0.6294226050376892
30M,3000,Frequency,9,0.6168574690818787
30M,3000,Frequency,10,0.602059006690979
30M,3000,Frequency,11,0.5931493043899536
30M,3000,Frequency,12,0.5773725509643555
30M,3000,Frequency,13,0.5678489804267883
30M,3000,Frequency,14,0.5553330779075623
30M,3000,Frequency,15,0.5532045364379883
30M,3000,Frequency,16,0.5436359643936157
30M,3000,Frequency,17,0.5341314673423767
30M,3000,Frequency,18,0.5212157964706421
30M,3000,Frequency,19,0.5196714997291565
30M,3000,Frequency,20,0.5128327012062073
30M,3000,Frequency,21,0.5032026767730713
30M,3000,Frequency,22,0.5016198754310608
30M,3000,Frequency,23,0.4938182234764099
30M,3000,Frequency,24,0.48682209849357605
30M,3000,Frequency,25,0.48196110129356384
30M,3000,Frequency,26,0.47578445076942444
30M,3000,Frequency,27,0.4716056287288666
30M,3000,Frequency,28,0.46476832032203674
30M,3000,Frequency,29,0.46078863739967346
30M,3000,Frequency,30,0.4543342888355255
30M,3000,Frequency,31,0.44872599840164185
30M,3000,Frequency,32,0.44489264488220215
30M,3000,Frequency,33,0.43682315945625305
30M,3000,Frequency,34,0.43141230940818787
30M,3000,Frequency,35,0.4251430034637451
30M,3000,Frequency,36,0.4213315546512604
30M,3000,Frequency,37,0.41342511773109436
30M,3000,Frequency,38,0.40917307138442993
30M,3000,Frequency,39,0.4042093753814697
30M,3000,Frequency,40,0.4005917012691498
30M,3000,Frequency,41,0.3976471424102783
30M,3000,Frequency,42,0.3949626684188843
30M,3000,Frequency,43,0.39409831166267395
30M,3000,Frequency,44,0.3921661078929901
30M,3000,Random,0,0.5320368409156799
30M,3000,Random,1,0.5256296396255493
30M,3000,Random,2,0.5344215631484985
30M,3000,Random,3,0.5250630974769592
30M,3000,Random,4,0.5294626355171204
30M,3000,Random,5,0.5327165722846985
30M,3000,Random,6,0.5291769504547119
30M,3000,Random,7,0.5264236927032471
30M,3000,Random,8,0.5315442085266113
30M,3000,Random,9,0.5332182049751282
30M,3000,Random,10,0.5260283946990967
30M,3000,Random,11,0.5295671224594116
30M,3000,Random,12,0.5284649729728699
30M,3000,Random,13,0.5249179005622864
30M,3000,Random,14,0.5288675427436829
30M,3000,Random,15,0.5287155508995056
30M,3000,Random,16,0.5307131409645081
30M,3000,Random,17,0.5343976020812988
30M,3000,Random,18,0.5273868441581726
30M,3000,Random,19,0.5227501392364502
30M,3000,Random,20,0.5269367098808289
30M,3000,Random,21,0.5299785137176514
30M,3000,Random,22,0.5310072898864746
30M,3000,Random,23,0.5288205742835999
30M,3000,Random,24,0.5289619565010071
30M,3000,Random,25,0.5234959125518799
30M,3000,Random,26,0.5261951088905334
30M,3000,Random,27,0.5252988934516907
30M,3000,Random,28,0.5253124833106995
30M,3000,Random,29,0.5333792567253113
30M,3000,Random,30,0.5307890176773071
30M,3000,Random,31,0.5302037596702576
30M,3000,Random,32,0.5272151827812195
30M,3000,Random,33,0.5224224925041199
30M,3000,Random,34,0.524807333946228
30M,3000,Random,35,0.5308949947357178
30M,3000,Random,36,0.5288076400756836
30M,3000,Random,37,0.5262635350227356
30M,3000,Random,38,0.5254959464073181
30M,3000,Random,39,0.5289817452430725
30M,3000,Random,40,0.531409502029419
30M,3000,Random,41,0.5302183032035828
30M,3000,Random,42,0.5319254994392395
30M,3000,Random,43,0.5291404128074646
30M,3000,Random,44,0.5245068669319153
30M,3000,Stat,Mean,0.5122057795524597
30M,3000,Stat,Std,0.12493710964918137
30M,3000,Stat,Max,1.2486639022827148
30M,3500,Frequency,0,0.8703886270523071
30M,3500,Frequency,1,0.8178198933601379
30M,3500,Frequency,2,0.788601279258728
30M,3500,Frequency,3,0.7640537619590759
30M,3500,Frequency,4,0.7365781664848328
30M,3500,Frequency,5,0.7159929871559143
30M,3500,Frequency,6,0.6975459456443787
30M,3500,Frequency,7,0.6782863736152649
30M,3500,Frequency,8,0.6623671054840088
30M,3500,Frequency,9,0.6471633315086365
30M,3500,Frequency,10,0.6319490075111389
30M,3500,Frequency,11,0.621685802936554
30M,3500,Frequency,12,0.6038773655891418
30M,3500,Frequency,13,0.5937406420707703
30M,3500,Frequency,14,0.5784593224525452
30M,3500,Frequency,15,0.577342689037323
30M,3500,Frequency,16,0.5655214786529541
30M,3500,Frequency,17,0.5558463931083679
30M,3500,Frequency,18,0.5404424667358398
30M,3500,Frequency,19,0.5387938618659973
30M,3500,Frequency,20,0.5312677621841431
30M,3500,Frequency,21,0.52055823802948
30M,3500,Frequency,22,0.518241822719574
30M,3500,Frequency,23,0.5088177919387817
30M,3500,Frequency,24,0.501900315284729
30M,3500,Frequency,25,0.4961620271205902
30M,3500,Frequency,26,0.48872262239456177
30M,3500,Frequency,27,0.48426517844200134
30M,3500,Frequency,28,0.4777333438396454
30M,3500,Frequency,29,0.4718950688838959
30M,3500,Frequency,30,0.46531060338020325
30M,3500,Frequency,31,0.4586450159549713
30M,3500,Frequency,32,0.4534446597099304
30M,3500,Frequency,33,0.4450860023498535
30M,3500,Frequency,34,0.43842530250549316
30M,3500,Frequency,35,0.4310528337955475
30M,3500,Frequency,36,0.4264877438545227
30M,3500,Frequency,37,0.4173850119113922
30M,3500,Frequency,38,0.41255316138267517
30M,3500,Frequency,39,0.40631788969039917
30M,3500,Frequency,40,0.40213850140571594
30M,3500,Frequency,41,0.39852428436279297
30M,3500,Frequency,42,0.3954739272594452
30M,3500,Frequency,43,0.3942982256412506
30M,3500,Frequency,44,0.3924421966075897
30M,3500,Random,0,0.5517375469207764
30M,3500,Random,1,0.5435529947280884
30M,3500,Random,2,0.5537647604942322
30M,3500,Random,3,0.5434228777885437
30M,3500,Random,4,0.5489445328712463
30M,3500,Random,5,0.5524048209190369
30M,3500,Random,6,0.5488507747650146
30M,3500,Random,7,0.5444133281707764
30M,3500,Random,8,0.5505692362785339
30M,3500,Random,9,0.552696168422699
30M,3500,Random,10,0.5447690486907959
30M,3500,Random,11,0.5484756231307983
30M,3500,Random,12,0.5469762086868286
30M,3500,Random,13,0.5438927412033081
30M,3500,Random,14,0.5477795600891113
30M,3500,Random,15,0.5485217571258545
30M,3500,Random,16,0.5497405529022217
30M,3500,Random,17,0.5549043416976929
30M,3500,Random,18,0.5470868945121765
30M,3500,Random,19,0.5407670140266418
30M,3500,Random,20,0.5460798740386963
30M,3500,Random,21,0.5496910214424133
30M,3500,Random,22,0.5496699810028076
30M,3500,Random,23,0.5473669171333313
30M,3500,Random,24,0.5485275387763977
30M,3500,Random,25,0.541912853717804
30M,3500,Random,26,0.5443068742752075
30M,3500,Random,27,0.5429593324661255
30M,3500,Random,28,0.5437362790107727
30M,3500,Random,29,0.5529703497886658
30M,3500,Random,30,0.5500454306602478
30M,3500,Random,31,0.5495826601982117
30M,3500,Random,32,0.5455731153488159
30M,3500,Random,33,0.5404388904571533
30M,3500,Random,34,0.5435734987258911
30M,3500,Random,35,0.5507300496101379
30M,3500,Random,36,0.5479422807693481
30M,3500,Random,37,0.5444216132164001
30M,3500,Random,38,0.5439248085021973
30M,3500,Random,39,0.5476586818695068
30M,3500,Random,40,0.5503953099250793
30M,3500,Random,41,0.549962043762207
30M,3500,Random,42,0.5512427091598511
30M,3500,Random,43,0.5475877523422241
30M,3500,Random,44,0.5434194803237915
30M,3500,Stat,Mean,0.5288962721824646
30M,3500,Stat,Std,0.13910289108753204
30M,3500,Stat,Max,1.3046057224273682
30M,4000,Frequency,0,0.9109190702438354
30M,4000,Frequency,1,0.8594582676887512
30M,4000,Frequency,2,0.8289597034454346
30M,4000,Frequency,3,0.8013253211975098
30M,4000,Frequency,4,0.7733765840530396
30M,4000,Frequency,5,0.7520264387130737
30M,4000,Frequency,6,0.7319189310073853
30M,4000,Frequency,7,0.7101637721061707
30M,4000,Frequency,8,0.6934604644775391
30M,4000,Frequency,9,0.675430178642273
30M,4000,Frequency,10,0.6614614725112915
30M,4000,Frequency,11,0.6489163637161255
30M,4000,Frequency,12,0.6300416588783264
30M,4000,Frequency,13,0.6170464158058167
30M,4000,Frequency,14,0.601193904876709
30M,4000,Frequency,15,0.5990399122238159
30M,4000,Frequency,16,0.5871530175209045
30M,4000,Frequency,17,0.576228141784668
30M,4000,Frequency,18,0.5599366426467896
30M,4000,Frequency,19,0.5576146245002747
30M,4000,Frequency,20,0.5489004254341125
30M,4000,Frequency,21,0.5372229814529419
30M,4000,Frequency,22,0.5344724059104919
30M,4000,Frequency,23,0.5245660543441772
30M,4000,Frequency,24,0.5161568522453308
30M,4000,Frequency,25,0.5100122094154358
30M,4000,Frequency,26,0.5020621418952942
30M,4000,Frequency,27,0.4968022108078003
30M,4000,Frequency,28,0.48975223302841187
30M,4000,Frequency,29,0.48340266942977905
30M,4000,Frequency,30,0.4759272336959839
30M,4000,Frequency,31,0.46813464164733887
30M,4000,Frequency,32,0.46275243163108826
30M,4000,Frequency,33,0.4525547921657562
30M,4000,Frequency,34,0.4457283616065979
30M,4000,Frequency,35,0.43750646710395813
30M,4000,Frequency,36,0.43177568912506104
30M,4000,Frequency,37,0.4212568998336792
30M,4000,Frequency,38,0.41574543714523315
30M,4000,Frequency,39,0.40860992670059204
30M,4000,Frequency,40,0.4036853313446045
30M,4000,Frequency,41,0.39938899874687195
30M,4000,Frequency,42,0.3961298167705536
30M,4000,Frequency,43,0.39454594254493713
30M,4000,Frequency,44,0.3925630450248718
30M,4000,Random,0,0.5698933601379395
30M,4000,Random,1,0.5622745156288147
30M,4000,Random,2,0.5721516609191895
30M,4000,Random,3,0.5614810585975647
30M,4000,Random,4,0.5669963359832764
30M,4000,Random,5,0.5717125535011292
30M,4000,Random,6,0.5672228932380676
30M,4000,Random,7,0.5620889663696289
30M,4000,Random,8,0.5691415071487427
30M,4000,Random,9,0.571749210357666
30M,4000,Random,10,0.5630444288253784
30M,4000,Random,11,0.5670255422592163
30M,4000,Random,12,0.5643181800842285
30M,4000,Random,13,0.5617505311965942
30M,4000,Random,14,0.565845787525177
30M,4000,Random,15,0.566899299621582
30M,4000,Random,16,0.5682166218757629
30M,4000,Random,17,0.5727847814559937
30M,4000,Random,18,0.565777063369751
30M,4000,Random,19,0.5583521127700806
30M,4000,Random,20,0.5636457204818726
30M,4000,Random,21,0.5679876804351807
30M,4000,Random,22,0.5681527256965637
30M,4000,Random,23,0.565082848072052
30M,4000,Random,24,0.5666422247886658
30M,4000,Random,25,0.5600829124450684
30M,4000,Random,26,0.56198650598526
30M,4000,Random,27,0.5610575675964355
30M,4000,Random,28,0.5605871677398682
30M,4000,Random,29,0.5716280937194824
30M,4000,Random,30,0.5687841773033142
30M,4000,Random,31,0.5687505006790161
30M,4000,Random,32,0.5642701387405396
30M,4000,Random,33,0.558005154132843
30M,4000,Random,34,0.5617917776107788
30M,4000,Random,35,0.5687727332115173
30M,4000,Random,36,0.5665271282196045
30M,4000,Random,37,0.5625379085540771
30M,4000,Random,38,0.5610170364379883
30M,4000,Random,39,0.5642529129981995
30M,4000,Random,40,0.5686488151550293
30M,4000,Random,41,0.5674441456794739
30M,4000,Random,42,0.5690684914588928
30M,4000,Random,43,0.5653155446052551
30M,4000,Random,44,0.5612258315086365
30M,4000,Stat,Mean,0.5448468923568726
30M,4000,Stat,Std,0.15222014486789703
30M,4000,Stat,Max,1.3601094484329224
30M,4500,Frequency,0,0.9500676989555359
30M,4500,Frequency,1,0.8997981548309326
30M,4500,Frequency,2,0.8682522773742676
30M,4500,Frequency,3,0.8381249904632568
30M,4500,Frequency,4,0.8085225224494934
30M,4500,Frequency,5,0.7859489917755127
30M,4500,Frequency,6,0.7636318802833557
30M,4500,Frequency,7,0.7419049143791199
30M,4500,Frequency,8,0.7223371863365173
30M,4500,Frequency,9,0.7030531764030457
30M,4500,Frequency,10,0.6879462599754333
30M,4500,Frequency,11,0.6739979386329651
30M,4500,Frequency,12,0.6544473767280579
30M,4500,Frequency,13,0.6406282186508179
30M,4500,Frequency,14,0.6231938004493713
30M,4500,Frequency,15,0.6205030679702759
30M,4500,Frequency,16,0.6071119904518127
30M,4500,Frequency,17,0.5951731204986572
30M,4500,Frequency,18,0.5779017806053162
30M,4500,Frequency,19,0.5757116675376892
30M,4500,Frequency,20,0.5662331581115723
30M,4500,Frequency,21,0.553031861782074
30M,4500,Frequency,22,0.5502650737762451
30M,4500,Frequency,23,0.5387300848960876
30M,4500,Frequency,24,0.5302822589874268
30M,4500,Frequency,25,0.5232751965522766
30M,4500,Frequency,26,0.5150200128555298
30M,4500,Frequency,27,0.5087987780570984
30M,4500,Frequency,28,0.5013736486434937
30M,4500,Frequency,29,0.4941549599170685
30M,4500,Frequency,30,0.48593661189079285
30M,4500,Frequency,31,0.4771133065223694
30M,4500,Frequency,32,0.4712145924568176
30M,4500,Frequency,33,0.4606461822986603
30M,4500,Frequency,34,0.4526110589504242
30M,4500,Frequency,35,0.44332951307296753
30M,4500,Frequency,36,0.4370812177658081
30M,4500,Frequency,37,0.4252922534942627
30M,4500,Frequency,38,0.41901490092277527
30M,4500,Frequency,39,0.4106181263923645
30M,4500,Frequency,40,0.4051620066165924
30M,4500,Frequency,41,0.40030035376548767
30M,4500,Frequency,42,0.3966808617115021
30M,4500,Frequency,43,0.3948754072189331
30M,4500,Frequency,44,0.39290180802345276
30M,4500,Random,0,0.5883280634880066
30M,4500,Random,1,0.5794383883476257
30M,4500,Random,2,0.5899839997291565
30M,4500,Random,3,0.5790771245956421
30M,4500,Random,4,0.5846478343009949
30M,4500,Random,5,0.5892367362976074
30M,4500,Random,6,0.5849546194076538
30M,4500,Random,7,0.5791829824447632
30M,4500,Random,8,0.5874291062355042
30M,4500,Random,9,0.5894185304641724
30M,4500,Random,10,0.580129861831665
30M,4500,Random,11,0.584136962890625
30M,4500,Random,12,0.5814063549041748
30M,4500,Random,13,0.5785654187202454
30M,4500,Random,14,0.5828096866607666
30M,4500,Random,15,0.5850018262863159
30M,4500,Random,16,0.585515558719635
30M,4500,Random,17,0.5912057757377625
30M,4500,Random,18,0.5827304720878601
30M,4500,Random,19,0.574826180934906
30M,4500,Random,20,0.5807214379310608
30M,4500,Random,21,0.5846220254898071
30M,4500,Random,22,0.5856006145477295
30M,4500,Random,23,0.5818626880645752
30M,4500,Random,24,0.5844038128852844
30M,4500,Random,25,0.5771139860153198
30M,4500,Random,26,0.5783497095108032
30M,4500,Random,27,0.5784900188446045
30M,4500,Random,28,0.5770441889762878
30M,4500,Random,29,0.5890265703201294
30M,4500,Random,30,0.5864273309707642
30M,4500,Random,31,0.5861217975616455
30M,4500,Random,32,0.5813366770744324
30M,4500,Random,33,0.575026273727417
30M,4500,Random,34,0.5796188116073608
30M,4500,Random,35,0.5860134363174438
30M,4500,Random,36,0.5838375687599182
30M,4500,Random,37,0.5793159008026123
30M,4500,Random,38,0.5779793858528137
30M,4500,Random,39,0.581648051738739
30M,4500,Random,40,0.5867395997047424
30M,4500,Random,41,0.584929347038269
30M,4500,Random,42,0.5866047739982605
30M,4500,Random,43,0.5827212333679199
30M,4500,Random,44,0.5765079855918884
30M,4500,Stat,Mean,0.5601009130477905
30M,4500,Stat,Std,0.16483540832996368
30M,4500,Stat,Max,1.3944668769836426
30M,5000,Frequency,0,0.9890945553779602
30M,5000,Frequency,1,0.93719482421875
30M,5000,Frequency,2,0.9050661325454712
30M,5000,Frequency,3,0.8725916743278503
30M,5000,Frequency,4,0.8436657190322876
30M,5000,Frequency,5,0.8183485269546509
30M,5000,Frequency,6,0.794946551322937
30M,5000,Frequency,7,0.7729118466377258
30M,5000,Frequency,8,0.7511492371559143
30M,5000,Frequency,9,0.7295703887939453
30M,5000,Frequency,10,0.7143220901489258
30M,5000,Frequency,11,0.6987572908401489
30M,5000,Frequency,12,0.6778896450996399
30M,5000,Frequency,13,0.6627880334854126
30M,5000,Frequency,14,0.6454744935035706
30M,5000,Frequency,15,0.6416171193122864
30M,5000,Frequency,16,0.6276255249977112
30M,5000,Frequency,17,0.6140848994255066
30M,5000,Frequency,18,0.5962044596672058
30M,5000,Frequency,19,0.5932051539421082
30M,5000,Frequency,20,0.5827814936637878
30M,5000,Frequency,21,0.5688303112983704
30M,5000,Frequency,22,0.5664915442466736
30M,5000,Frequency,23,0.5534710884094238
30M,5000,Frequency,24,0.5447996854782104
30M,5000,Frequency,25,0.536904513835907
30M,5000,Frequency,26,0.5277076363563538
30M,5000,Frequency,27,0.520714521408081
30M,5000,Frequency,28,0.5126064419746399
30M,5000,Frequency,29,0.5052711367607117
30M,5000,Frequency,30,0.49579596519470215
30M,5000,Frequency,31,0.4864793121814728
30M,5000,Frequency,32,0.48017963767051697
30M,5000,Frequency,33,0.4684310853481293
30M,5000,Frequency,34,0.4590911269187927
30M,5000,Frequency,35,0.44926512241363525
30M,5000,Frequency,36,0.4420606195926666
30M,5000,Frequency,37,0.42935869097709656
30M,5000,Frequency,38,0.4222177565097809
30M,5000,Frequency,39,0.41291290521621704
30M,5000,Frequency,40,0.40692436695098877
30M,5000,Frequency,41,0.40144458413124084
30M,5000,Frequency,42,0.3971967399120331
30M,5000,Frequency,43,0.3951491117477417
30M,5000,Frequency,44,0.39302724599838257
30M,5000,Random,0,0.6055824160575867
30M,5000,Random,1,0.596230685710907
30M,5000,Random,2,0.6077067852020264
30M,5000,Random,3,0.5954955816268921
30M,5000,Random,4,0.6020850539207458
30M,5000,Random,5,0.607452392578125
30M,5000,Random,6,0.6018912196159363
30M,5000,Random,7,0.5960106253623962
30M,5000,Random,8,0.605519711971283
30M,5000,Random,9,0.6069544553756714
30M,5000,Random,10,0.5970864295959473
30M,5000,Random,11,0.6009606719017029
30M,5000,Random,12,0.597840428352356
30M,5000,Random,13,0.5954667329788208
30M,5000,Random,14,0.599105179309845
30M,5000,Random,15,0.6017133593559265
30M,5000,Random,16,0.602469265460968
30M,5000,Random,17,0.6090898513793945
30M,5000,Random,18,0.5993634462356567
30M,5000,Random,19,0.5908805131912231
30M,5000,Random,20,0.5974993705749512
30M,5000,Random,21,0.6019604206085205
30M,5000,Random,22,0.6026396155357361
30M,5000,Random,23,0.5988138914108276
30M,5000,Random,24,0.6010633111000061
30M,5000,Random,25,0.5942826867103577
30M,5000,Random,26,0.5954418182373047
30M,5000,Random,27,0.5957170724868774
30M,5000,Random,28,0.5937448740005493
30M,5000,Random,29,0.6062385439872742
30M,5000,Random,30,0.6034260988235474
30M,5000,Random,31,0.6038585305213928
30M,5000,Random,32,0.5975061058998108
30M,5000,Random,33,0.5914644598960876
30M,5000,Random,34,0.5966378450393677
30M,5000,Random,35,0.6033250689506531
30M,5000,Random,36,0.6010420918464661
30M,5000,Random,37,0.5959554314613342
30M,5000,Random,38,0.595317006111145
30M,5000,Random,39,0.5978317856788635
30M,5000,Random,40,0.6039401292800903
30M,5000,Random,41,0.6021593809127808
30M,5000,Random,42,0.6038774251937866
30M,5000,Random,43,0.5995796918869019
30M,5000,Random,44,0.595300018787384
30M,5000,Stat,Mean,0.5750903487205505
30M,5000,Stat,Std,0.17697736620903015
30M,5000,Stat,Max,1.4283610582351685
30M,5500,Frequency,0,1.025709867477417
30M,5500,Frequency,1,0.9732505083084106
30M,5500,Frequency,2,0.941018283367157
30M,5500,Frequency,3,0.9066389203071594
30M,5500,Frequency,4,0.8751736283302307
30M,5500,Frequency,5,0.8502835631370544
30M,5500,Frequency,6,0.8252909779548645
30M,5500,Frequency,7,0.801980197429657
30M,5500,Frequency,8,0.7796988487243652
30M,5500,Frequency,9,0.7562500834465027
30M,5500,Frequency,10,0.7408453226089478
30M,5500,Frequency,11,0.7237306833267212
30M,5500,Frequency,12,0.7009698152542114
30M,5500,Frequency,13,0.6851071119308472
30M,5500,Frequency,14,0.6668888926506042
30M,5500,Frequency,15,0.6620121598243713
30M,5500,Frequency,16,0.6476157903671265
30M,5500,Frequency,17,0.6323203444480896
30M,5500,Frequency,18,0.6136807799339294
30M,5500,Frequency,19,0.6100290417671204
30M,5500,Frequency,20,0.59872967004776
30M,5500,Frequency,21,0.5845891237258911
30M,5500,Frequency,22,0.5822690725326538
30M,5500,Frequency,23,0.5683459043502808
30M,5500,Frequency,24,0.5584341287612915
30M,5500,Frequency,25,0.550143301486969
30M,5500,Frequency,26,0.5398919582366943
30M,5500,Frequency,27,0.5328710675239563
30M,5500,Frequency,28,0.5241427421569824
30M,5500,Frequency,29,0.5154783725738525
30M,5500,Frequency,30,0.5058684349060059
30M,5500,Frequency,31,0.4957645535469055
30M,5500,Frequency,32,0.48896485567092896
30M,5500,Frequency,33,0.47549858689308167
30M,5500,Frequency,34,0.46635738015174866
30M,5500,Frequency,35,0.45585939288139343
30M,5500,Frequency,36,0.44758662581443787
30M,5500,Frequency,37,0.4334277808666229
30M,5500,Frequency,38,0.4256538152694702
30M,5500,Frequency,39,0.41530555486679077
30M,5500,Frequency,40,0.4084630608558655
30M,5500,Frequency,41,0.4022785723209381
30M,5500,Frequency,42,0.39773717522621155
30M,5500,Frequency,43,0.39538323879241943
30M,5500,Frequency,44,0.39309772849082947
30M,5500,Random,0,0.6225924491882324
30M,5500,Random,1,0.6122076511383057
30M,5500,Random,2,0.6253499984741211
30M,5500,Random,3,0.6122851371765137
30M,5500,Random,4,0.6189591288566589
30M,5500,Random,5,0.6242225766181946
30M,5500,Random,6,0.6189219951629639
30M,5500,Random,7,0.6119497418403625
30M,5500,Random,8,0.6229059100151062
30M,5500,Random,9,0.623553991317749
30M,5500,Random,10,0.6134790778160095
30M,5500,Random,11,0.6176393032073975
30M,5500,Random,12,0.6147772073745728
30M,5500,Random,13,0.6121099591255188
30M,5500,Random,14,0.6156787872314453
30M,5500,Random,15,0.6180644631385803
30M,5500,Random,16,0.6193865537643433
30M,5500,Random,17,0.6268919110298157
30M,5500,Random,18,0.6165280342102051
30M,5500,Random,19,0.6074332594871521
30M,5500,Random,20,0.6140055656433105
30M,5500,Random,21,0.6183308959007263
30M,5500,Random,22,0.6190394163131714
30M,5500,Random,23,0.615339994430542
30M,5500,Random,24,0.6173766851425171
30M,5500,Random,25,0.610657811164856
30M,5500,Random,26,0.6117918491363525
30M,5500,Random,27,0.6120100617408752
30M,5500,Random,28,0.6107362508773804
30M,5500,Random,29,0.6226732134819031
30M,5500,Random,30,0.6198586821556091
30M,5500,Random,31,0.6210819482803345
30M,5500,Random,32,0.613093376159668
30M,5500,Random,33,0.6074045300483704
30M,5500,Random,34,0.6133764386177063
30M,5500,Random,35,0.6198450326919556
30M,5500,Random,36,0.6176246404647827
30M,5500,Random,37,0.6117927432060242
30M,5500,Random,38,0.6117299795150757
30M,5500,Random,39,0.6141999363899231
30M,5500,Random,40,0.6204063296318054
30M,5500,Random,41,0.6189747452735901
30M,5500,Random,42,0.6207621097564697
30M,5500,Random,43,0.6163182258605957
30M,5500,Random,44,0.6106528043746948
30M,5500,Stat,Mean,0.5897144675254822
30M,5500,Stat,Std,0.18866507709026337
30M,5500,Stat,Max,1.4920613765716553
30M,6000,Frequency,0,1.0615004301071167
30M,6000,Frequency,1,1.0078744888305664
30M,6000,Frequency,2,0.9745030999183655
30M,6000,Frequency,3,0.9395309686660767
30M,6000,Frequency,4,0.9061830043792725
30M,6000,Frequency,5,0.8805192708969116
30M,6000,Frequency,6,0.8533685803413391
30M,6000,Frequency,7,0.8299281001091003
30M,6000,Frequency,8,0.8067556619644165
30M,6000,Frequency,9,0.7825129628181458
30M,6000,Frequency,10,0.7650810480117798
30M,6000,Frequency,11,0.7472632527351379
30M,6000,Frequency,12,0.7234070897102356
30M,6000,Frequency,13,0.7062463164329529
30M,6000,Frequency,14,0.6872808933258057
30M,6000,Frequency,15,0.6813547015190125
30M,6000,Frequency,16,0.6667565107345581
30M,6000,Frequency,17,0.6498509645462036
30M,6000,Frequency,18,0.630570113658905
30M,6000,Frequency,19,0.6263753175735474
30M,6000,Frequency,20,0.6148146986961365
30M,6000,Frequency,21,0.5991588830947876
30M,6000,Frequency,22,0.5972339510917664
30M,6000,Frequency,23,0.5823701620101929
30M,6000,Frequency,24,0.5714660286903381
30M,6000,Frequency,25,0.5624054670333862
30M,6000,Frequency,26,0.5513309836387634
30M,6000,Frequency,27,0.5448521375656128
30M,6000,Frequency,28,0.5357597470283508
30M,6000,Frequency,29,0.5259155631065369
30M,6000,Frequency,30,0.5153589248657227
30M,6000,Frequency,31,0.5051307082176208
30M,6000,Frequency,32,0.4972882568836212
30M,6000,Frequency,33,0.48336061835289
30M,6000,Frequency,34,0.4734096825122833
30M,6000,Frequency,35,0.4612095355987549
30M,6000,Frequency,36,0.45270559191703796
30M,6000,Frequency,37,0.4377094805240631
30M,6000,Frequency,38,0.4288512170314789
30M,6000,Frequency,39,0.4175550937652588
30M,6000,Frequency,40,0.4102434813976288
30M,6000,Frequency,41,0.4033624529838562
30M,6000,Frequency,42,0.3983452022075653
30M,6000,Frequency,43,0.3956700265407562
30M,6000,Frequency,44,0.3934363126754761
30M,6000,Random,0,0.6386022567749023
30M,6000,Random,1,0.6279524564743042
30M,6000,Random,2,0.6421500444412231
30M,6000,Random,3,0.6276466250419617
30M,6000,Random,4,0.6347813606262207
30M,6000,Random,5,0.6406894326210022
30M,6000,Random,6,0.635130763053894
30M,6000,Random,7,0.6279816031455994
30M,6000,Random,8,0.639384925365448
30M,6000,Random,9,0.6396836638450623
30M,6000,Random,10,0.6293255090713501
30M,6000,Random,11,0.6329044103622437
30M,6000,Random,12,0.6305723786354065
30M,6000,Random,13,0.6272590160369873
30M,6000,Random,14,0.6319078803062439
30M,6000,Random,15,0.6342846155166626
30M,6000,Random,16,0.6350055932998657
30M,6000,Random,17,0.6436496376991272
30M,6000,Random,18,0.6319332718849182
30M,6000,Random,19,0.6227116584777832
30M,6000,Random,20,0.6286308765411377
30M,6000,Random,21,0.6342935562133789
30M,6000,Random,22,0.6354086995124817
30M,6000,Random,23,0.6308913826942444
30M,6000,Random,24,0.6336556673049927
30M,6000,Random,25,0.6265783905982971
30M,6000,Random,26,0.6277500987052917
30M,6000,Random,27,0.627477765083313
30M,6000,Random,28,0.6264345645904541
30M,6000,Random,29,0.6389662027359009
30M,6000,Random,30,0.6357058882713318
30M,6000,Random,31,0.6369535326957703
30M,6000,Random,32,0.6293335556983948
30M,6000,Random,33,0.6232596039772034
30M,6000,Random,34,0.6300750374794006
30M,6000,Random,35,0.6350984573364258
30M,6000,Random,36,0.6338437795639038
30M,6000,Random,37,0.6275244355201721
30M,6000,Random,38,0.6265568137168884
30M,6000,Random,39,0.6298211216926575
30M,6000,Random,40,0.6376381516456604
30M,6000,Random,41,0.6355523467063904
30M,6000,Random,42,0.6375570297241211
30M,6000,Random,43,0.6319751739501953
30M,6000,Random,44,0.6256912350654602
30M,6000,Stat,Mean,0.6037406921386719
30M,6000,Stat,Std,0.1998492032289505
30M,6000,Stat,Max,1.5492407083511353
30M,6500,Frequency,0,1.0958569049835205
30M,6500,Frequency,1,1.0418471097946167
30M,6500,Frequency,2,1.0067952871322632
30M,6500,Frequency,3,0.9716814756393433
30M,6500,Frequency,4,0.9362345337867737
30M,6500,Frequency,5,0.9102386832237244
30M,6500,Frequency,6,0.8812283873558044
30M,6500,Frequency,7,0.857067883014679
30M,6500,Frequency,8,0.8323445916175842
30M,6500,Frequency,9,0.8065986037254333
30M,6500,Frequency,10,0.788809061050415
30M,6500,Frequency,11,0.7693597674369812
30M,6500,Frequency,12,0.7448603510856628
30M,6500,Frequency,13,0.7269359230995178
30M,6500,Frequency,14,0.7069041728973389
30M,6500,Frequency,15,0.7007257342338562
30M,6500,Frequency,16,0.6855665445327759
30M,6500,Frequency,17,0.6678434014320374
30M,6500,Frequency,18,0.6477053761482239
30M,6500,Frequency,19,0.6430106163024902
30M,6500,Frequency,20,0.631338894367218
30M,6500,Frequency,21,0.6143941879272461
30M,6500,Frequency,22,0.6121728420257568
30M,6500,Frequency,23,0.5967218279838562
30M,6500,Frequency,24,0.5852887630462646
30M,6500,Frequency,25,0.5755030512809753
30M,6500,Frequency,26,0.5636652112007141
30M,6500,Frequency,27,0.5564234256744385
30M,6500,Frequency,28,0.5470587015151978
30M,6500,Frequency,29,0.5362014174461365
30M,6500,Frequency,30,0.5251756310462952
30M,6500,Frequency,31,0.5145217776298523
30M,6500,Frequency,32,0.5061035752296448
30M,6500,Frequency,33,0.49102839827537537
30M,6500,Frequency,34,0.4804139733314514
30M,6500,Frequency,35,0.46764838695526123
30M,6500,Frequency,36,0.4577140808105469
30M,6500,Frequency,37,0.44197574257850647
30M,6500,Frequency,38,0.43228599429130554
30M,6500,Frequency,39,0.41986051201820374
30M,6500,Frequency,40,0.4118650257587433
30M,6500,Frequency,41,0.40426361560821533
30M,6500,Frequency,42,0.3990449011325836
30M,6500,Frequency,43,0.39598214626312256
30M,6500,Frequency,44,0.3937152624130249
30M,6500,Random,0,0.6546140313148499
30M,6500,Random,1,0.6438777446746826
30M,6500,Random,2,0.6582797765731812
30M,6500,Random,3,0.6425867676734924
30M,6500,Random,4,0.6508580446243286
30M,6500,Random,5,0.6568078994750977
30M,6500,Random,6,0.6508601903915405
30M,6500,Random,7,0.6436092853546143
30M,6500,Random,8,0.6546098589897156
30M,6500,Random,9,0.6560642719268799
30M,6500,Random,10,0.6456215381622314
30M,6500,Random,11,0.6486519575119019
30M,6500,Random,12,0.6463232040405273
30M,6500,Random,13,0.6425002217292786
30M,6500,Random,14,0.6481589674949646
30M,6500,Random,15,0.6497616767883301
30M,6500,Random,16,0.6514936089515686
30M,6500,Random,17,0.6592270731925964
30M,6500,Random,18,0.647919237613678
30M,6500,Random,19,0.6382684707641602
30M,6500,Random,20,0.6441237926483154
30M,6500,Random,21,0.6498894691467285
30M,6500,Random,22,0.6514871716499329
30M,6500,Random,23,0.6463844180107117
30M,6500,Random,24,0.6495862007141113
30M,6500,Random,25,0.6416921019554138
30M,6500,Random,26,0.6436270475387573
30M,6500,Random,27,0.6430317163467407
30M,6500,Random,28,0.6415409445762634
30M,6500,Random,29,0.654638409614563
30M,6500,Random,30,0.6511297821998596
30M,6500,Random,31,0.6519094705581665
30M,6500,Random,32,0.6445607542991638
30M,6500,Random,33,0.6390825510025024
30M,6500,Random,34,0.645926833152771
30M,6500,Random,35,0.6509790420532227
30M,6500,Random,36,0.6501775979995728
30M,6500,Random,37,0.6427872776985168
30M,6500,Random,38,0.6420260667800903
30M,6500,Random,39,0.6455494165420532
30M,6500,Random,40,0.6528993844985962
30M,6500,Random,41,0.6515582799911499
30M,6500,Random,42,0.6536037921905518
30M,6500,Random,43,0.6479836106300354
30M,6500,Random,44,0.6427018642425537
30M,6500,Stat,Mean,0.6175888776779175
30M,6500,Stat,Std,0.21059651672840118
30M,6500,Stat,Max,1.5837551355361938
30M,7000,Frequency,0,1.129008412361145
30M,7000,Frequency,1,1.074080467224121
30M,7000,Frequency,2,1.0389816761016846
30M,7000,Frequency,3,1.002315878868103
30M,7000,Frequency,4,0.9638795852661133
30M,7000,Frequency,5,0.939228892326355
30M,7000,Frequency,6,0.9078959226608276
30M,7000,Frequency,7,0.8841846585273743
30M,7000,Frequency,8,0.858241856098175
30M,7000,Frequency,9,0.8313004374504089
30M,7000,Frequency,10,0.8120049238204956
30M,7000,Frequency,11,0.7915616631507874
30M,7000,Frequency,12,0.7661362290382385
30M,7000,Frequency,13,0.7475001215934753
30M,7000,Frequency,14,0.7263680100440979
30M,7000,Frequency,15,0.7198376059532166
30M,7000,Frequency,16,0.7032809257507324
30M,7000,Frequency,17,0.685634195804596
30M,7000,Frequency,18,0.6639808416366577
30M,7000,Frequency,19,0.6593759655952454
30M,7000,Frequency,20,0.6472492814064026
30M,7000,Frequency,21,0.6285955309867859
30M,7000,Frequency,22,0.6266798377037048
30M,7000,Frequency,23,0.6101939678192139
30M,7000,Frequency,24,0.5978350639343262
30M,7000,Frequency,25,0.5876216888427734
30M,7000,Frequency,26,0.5755922794342041
30M,7000,Frequency,27,0.5674236416816711
30M,7000,Frequency,28,0.5577974319458008
30M,7000,Frequency,29,0.5459270477294922
30M,7000,Frequency,30,0.5349398255348206
30M,7000,Frequency,31,0.5232958197593689
30M,7000,Frequency,32,0.5139226317405701
30M,7000,Frequency,33,0.49859923124313354
30M,7000,Frequency,34,0.48773613572120667
30M,7000,Frequency,35,0.473479300737381
30M,7000,Frequency,36,0.4627969264984131
30M,7000,Frequency,37,0.445887953042984
30M,7000,Frequency,38,0.43561413884162903
30M,7000,Frequency,39,0.4220667779445648
30M,7000,Frequency,40,0.41345250606536865
30M,7000,Frequency,41,0.4052533805370331
30M,7000,Frequency,42,0.3997340798377991
30M,7000,Frequency,43,0.3963785767555237
30M,7000,Frequency,44,0.39401134848594666
30M,7000,Random,0,0.6699891090393066
30M,7000,Random,1,0.6594111919403076
30M,7000,Random,2,0.6738409399986267
30M,7000,Random,3,0.6581994891166687
30M,7000,Random,4,0.6657452583312988
30M,7000,Random,5,0.6725322008132935
30M,7000,Random,6,0.6658830046653748
30M,7000,Random,7,0.6584046483039856
30M,7000,Random,8,0.6694484949111938
30M,7000,Random,9,0.6718608736991882
30M,7000,Random,10,0.6607433557510376
30M,7000,Random,11,0.6638258099555969
30M,7000,Random,12,0.6612868309020996
30M,7000,Random,13,0.6574706435203552
30M,7000,Random,14,0.6635414958000183
30M,7000,Random,15,0.6652873158454895
30M,7000,Random,16,0.6670683026313782
30M,7000,Random,17,0.6746702790260315
30M,7000,Random,18,0.6635004281997681
30M,7000,Random,19,0.6526099443435669
30M,7000,Random,20,0.659486711025238
30M,7000,Random,21,0.6656052470207214
30M,7000,Random,22,0.6665647625923157
30M,7000,Random,23,0.6612451076507568
30M,7000,Random,24,0.6648740172386169
30M,7000,Random,25,0.6564967036247253
30M,7000,Random,26,0.658482551574707
30M,7000,Random,27,0.6586915850639343
30M,7000,Random,28,0.6560772061347961
30M,7000,Random,29,0.6699631214141846
30M,7000,Random,30,0.666519820690155
30M,7000,Random,31,0.6673261523246765
30M,7000,Random,32,0.6600078344345093
30M,7000,Random,33,0.6539322137832642
30M,7000,Random,34,0.6609294414520264
30M,7000,Random,35,0.6658227443695068
30M,7000,Random,36,0.6657862663269043
30M,7000,Random,37,0.657781720161438
30M,7000,Random,38,0.6575480699539185
30M,7000,Random,39,0.6611378192901611
30M,7000,Random,40,0.6676326394081116
30M,7000,Random,41,0.6671773195266724
30M,7000,Random,42,0.669387698173523
30M,7000,Random,43,0.6633149981498718
30M,7000,Random,44,0.6581076383590698
30M,7000,Stat,Mean,0.6310133934020996
30M,7000,Stat,Std,0.2211100161075592
30M,7000,Stat,Max,1.6008938550949097
30M,7500,Frequency,0,1.1609902381896973
30M,7500,Frequency,1,1.1059144735336304
30M,7500,Frequency,2,1.0694823265075684
30M,7500,Frequency,3,1.0319640636444092
30M,7500,Frequency,4,0.9924032092094421
30M,7500,Frequency,5,0.9670740365982056
30M,7500,Frequency,6,0.9338831305503845
30M,7500,Frequency,7,0.9086569547653198
30M,7500,Frequency,8,0.883029043674469
30M,7500,Frequency,9,0.8548648953437805
30M,7500,Frequency,10,0.8338961601257324
30M,7500,Frequency,11,0.8133684396743774
30M,7500,Frequency,12,0.7872421145439148
30M,7500,Frequency,13,0.767365574836731
30M,7500,Frequency,14,0.7449173331260681
30M,7500,Frequency,15,0.7381232380867004
30M,7500,Frequency,16,0.7203326225280762
30M,7500,Frequency,17,0.7025771737098694
30M,7500,Frequency,18,0.6791552901268005
30M,7500,Frequency,19,0.6748753786087036
30M,7500,Frequency,20,0.6622864603996277
30M,7500,Frequency,21,0.642280638217926
30M,7500,Frequency,22,0.640394389629364
30M,7500,Frequency,23,0.623518705368042
30M,7500,Frequency,24,0.6099141240119934
30M,7500,Frequency,25,0.5993398427963257
30M,7500,Frequency,26,0.5872008800506592
30M,7500,Frequency,27,0.5778839588165283
30M,7500,Frequency,28,0.5675734877586365
30M,7500,Frequency,29,0.5556293725967407
30M,7500,Frequency,30,0.5446683168411255
30M,7500,Frequency,31,0.5321803092956543
30M,7500,Frequency,32,0.5221565961837769
30M,7500,Frequency,33,0.5059442520141602
30M,7500,Frequency,34,0.4945559799671173
30M,7500,Frequency,35,0.4800421893596649
30M,7500,Frequency,36,0.4679034650325775
30M,7500,Frequency,37,0.450104683637619
30M,7500,Frequency,38,0.43908676505088806
30M,7500,Frequency,39,0.42425772547721863
30M,7500,Frequency,40,0.4150014817714691
30M,7500,Frequency,41,0.4061182141304016
30M,7500,Frequency,42,0.4001818895339966
30M,7500,Frequency,43,0.39659684896469116
30M,7500,Frequency,44,0.39435896277427673
30M,7500,Random,0,0.6849158406257629
30M,7500,Random,1,0.6736806035041809
30M,7500,Random,2,0.6890628337860107
30M,7500,Random,3,0.6727513670921326
30M,7500,Random,4,0.6811750531196594
30M,7500,Random,5,0.687473714351654
30M,7500,Random,6,0.679982602596283
30M,7500,Random,7,0.6729709506034851
30M,7500,Random,8,0.6843140721321106
30M,7500,Random,9,0.687126874923706
30M,7500,Random,10,0.6754277348518372
30M,7500,Random,11,0.6783388257026672
30M,7500,Random,12,0.6750651001930237
30M,7500,Random,13,0.6720405220985413
30M,7500,Random,14,0.6784340143203735
30M,7500,Random,15,0.6789733171463013
30M,7500,Random,16,0.6824610829353333
30M,7500,Random,17,0.6908294558525085
30M,7500,Random,18,0.6785027980804443
30M,7500,Random,19,0.6667034029960632
30M,7500,Random,20,0.6743389368057251
30M,7500,Random,21,0.6813454031944275
30M,7500,Random,22,0.680940568447113
30M,7500,Random,23,0.6764083504676819
30M,7500,Random,24,0.6797348260879517
30M,7500,Random,25,0.6707226037979126
30M,7500,Random,26,0.6732404232025146
30M,7500,Random,27,0.6730436682701111
30M,7500,Random,28,0.6703944206237793
30M,7500,Random,29,0.685212254524231
30M,7500,Random,30,0.681732714176178
30M,7500,Random,31,0.6821916699409485
30M,7500,Random,32,0.6746190190315247
30M,7500,Random,33,0.6684221029281616
30M,7500,Random,34,0.6747338175773621
30M,7500,Random,35,0.6798829436302185
30M,7500,Random,36,0.6811174750328064
30M,7500,Random,37,0.671615719795227
30M,7500,Random,38,0.6718297004699707
30M,7500,Random,39,0.6757104396820068
30M,7500,Random,40,0.6827519536018372
30M,7500,Random,41,0.6819880604743958
30M,7500,Random,42,0.6845547556877136
30M,7500,Random,43,0.678596556186676
30M,7500,Random,44,0.6737885475158691
30M,7500,Stat,Mean,0.6439897418022156
30M,7500,Stat,Std,0.23117470741271973
30M,7500,Stat,Max,1.6609337329864502
30M,8000,Frequency,0,1.1892536878585815
30M,8000,Frequency,1,1.1354953050613403
30M,8000,Frequency,2,1.0998491048812866
30M,8000,Frequency,3,1.0597398281097412
30M,8000,Frequency,4,1.0204342603683472
30M,8000,Frequency,5,0.9942036867141724
30M,8000,Frequency,6,0.9596592783927917
30M,8000,Frequency,7,0.933552622795105
30M,8000,Frequency,8,0.9072548747062683
30M,8000,Frequency,9,0.8776450753211975
30M,8000,Frequency,10,0.8550870418548584
30M,8000,Frequency,11,0.8340969681739807
30M,8000,Frequency,12,0.8071262836456299
30M,8000,Frequency,13,0.7857785820960999
30M,8000,Frequency,14,0.7627910375595093
30M,8000,Frequency,15,0.7565662264823914
30M,8000,Frequency,16,0.7373768091201782
30M,8000,Frequency,17,0.718381941318512
30M,8000,Frequency,18,0.6945944428443909
30M,8000,Frequency,19,0.6897624135017395
30M,8000,Frequency,20,0.6769648790359497
30M,8000,Frequency,21,0.655831515789032
30M,8000,Frequency,22,0.6538185477256775
30M,8000,Frequency,23,0.6363133788108826
30M,8000,Frequency,24,0.6217344403266907
30M,8000,Frequency,25,0.6108298301696777
30M,8000,Frequency,26,0.5985255837440491
30M,8000,Frequency,27,0.5878592133522034
30M,8000,Frequency,28,0.5776923894882202
30M,8000,Frequency,29,0.5647664070129395
30M,8000,Frequency,30,0.5534206032752991
30M,8000,Frequency,31,0.5395556092262268
30M,8000,Frequency,32,0.5300277471542358
30M,8000,Frequency,33,0.5129918456077576
30M,8000,Frequency,34,0.5014675259590149
30M,8000,Frequency,35,0.4858945906162262
30M,8000,Frequency,36,0.4733603000640869
30M,8000,Frequency,37,0.45414578914642334
30M,8000,Frequency,38,0.4423660337924957
30M,8000,Frequency,39,0.42642197012901306
30M,8000,Frequency,40,0.41661709547042847
30M,8000,Frequency,41,0.40707024931907654
30M,8000,Frequency,42,0.4007853865623474
30M,8000,Frequency,43,0.39684703946113586
30M,8000,Frequency,44,0.39451834559440613
30M,8000,Random,0,0.6993998885154724
30M,8000,Random,1,0.6876059770584106
30M,8000,Random,2,0.7038424015045166
30M,8000,Random,3,0.6861783266067505
30M,8000,Random,4,0.6953861713409424
30M,8000,Random,5,0.7019066214561462
30M,8000,Random,6,0.6949422955513
30M,8000,Random,7,0.6869188547134399
30M,8000,Random,8,0.6986424922943115
30M,8000,Random,9,0.7019146084785461
30M,8000,Random,10,0.6902205348014832
30M,8000,Random,11,0.6928938031196594
30M,8000,Random,12,0.6900208592414856
30M,8000,Random,13,0.6856420636177063
30M,8000,Random,14,0.6924395561218262
30M,8000,Random,15,0.6939122080802917
30M,8000,Random,16,0.6966276168823242
30M,8000,Random,17,0.7058618068695068
30M,8000,Random,18,0.6929457783699036
30M,8000,Random,19,0.6801691651344299
30M,8000,Random,20,0.6880085468292236
30M,8000,Random,21,0.6958633065223694
30M,8000,Random,22,0.6951870322227478
30M,8000,Random,23,0.6904861330986023
30M,8000,Random,24,0.6935118436813354
30M,8000,Random,25,0.6847678422927856
30M,8000,Random,26,0.6879560351371765
30M,8000,Random,27,0.6871458292007446
30M,8000,Random,28,0.6840466260910034
30M,8000,Random,29,0.6991311311721802
30M,8000,Random,30,0.6960227489471436
30M,8000,Random,31,0.6965067982673645
30M,8000,Random,32,0.688930094242096
30M,8000,Random,33,0.6821228265762329
30M,8000,Random,34,0.688906729221344
30M,8000,Random,35,0.6949023604393005
30M,8000,Random,36,0.6951668858528137
30M,8000,Random,37,0.6857000589370728
30M,8000,Random,38,0.6855762004852295
30M,8000,Random,39,0.6889437437057495
30M,8000,Random,40,0.6970011591911316
30M,8000,Random,41,0.6961966156959534
30M,8000,Random,42,0.6989664435386658
30M,8000,Random,43,0.6922663450241089
30M,8000,Random,44,0.6883870363235474
30M,8000,Stat,Mean,0.6565065979957581
30M,8000,Stat,Std,0.2407911866903305
30M,8000,Stat,Max,1.6757620573043823
30M,8500,Frequency,0,1.2184869050979614
30M,8500,Frequency,1,1.1653767824172974
30M,8500,Frequency,2,1.1284757852554321
30M,8500,Frequency,3,1.0871995687484741
30M,8500,Frequency,4,1.0470274686813354
30M,8500,Frequency,5,1.020125150680542
30M,8500,Frequency,6,0.9851722121238708
30M,8500,Frequency,7,0.9572621583938599
30M,8500,Frequency,8,0.9303230047225952
30M,8500,Frequency,9,0.899779200553894
30M,8500,Frequency,10,0.8772022724151611
30M,8500,Frequency,11,0.854314923286438
30M,8500,Frequency,12,0.8267776966094971
30M,8500,Frequency,13,0.8049665689468384
30M,8500,Frequency,14,0.78061842918396
30M,8500,Frequency,15,0.7743918895721436
30M,8500,Frequency,16,0.7550801038742065
30M,8500,Frequency,17,0.7347463369369507
30M,8500,Frequency,18,0.7103891372680664
30M,8500,Frequency,19,0.7055239081382751
30M,8500,Frequency,20,0.6917596459388733
30M,8500,Frequency,21,0.669673502445221
30M,8500,Frequency,22,0.6675249338150024
30M,8500,Frequency,23,0.6489865779876709
30M,8500,Frequency,24,0.6343445777893066
30M,8500,Frequency,25,0.6224245429039001
30M,8500,Frequency,26,0.610527515411377
30M,8500,Frequency,27,0.59885573387146
30M,8500,Frequency,28,0.5885884761810303
30M,8500,Frequency,29,0.5749050378799438
30M,8500,Frequency,30,0.5624064803123474
30M,8500,Frequency,31,0.5482385158538818
30M,8500,Frequency,32,0.538492739200592
30M,8500,Frequency,33,0.520315945148468
30M,8500,Frequency,34,0.5086510181427002
30M,8500,Frequency,35,0.49198463559150696
30M,8500,Frequency,36,0.4785241484642029
30M,8500,Frequency,37,0.4587656259536743
30M,8500,Frequency,38,0.44598591327667236
30M,8500,Frequency,39,0.42889267206192017
30M,8500,Frequency,40,0.4183723032474518
30M,8500,Frequency,41,0.40810486674308777
30M,8500,Frequency,42,0.4013020098209381
30M,8500,Frequency,43,0.397072434425354
30M,8500,Frequency,44,0.39475587010383606
30M,8500,Random,0,0.7136679291725159
30M,8500,Random,1,0.7015617489814758
30M,8500,Random,2,0.7187660932540894
30M,8500,Random,3,0.6998632550239563
30M,8500,Random,4,0.7096849083900452
30M,8500,Random,5,0.7169110774993896
30M,8500,Random,6,0.7094827890396118
30M,8500,Random,7,0.7012056708335876
30M,8500,Random,8,0.7135787606239319
30M,8500,Random,9,0.7167520523071289
30M,8500,Random,10,0.7039763331413269
30M,8500,Random,11,0.7070339322090149
30M,8500,Random,12,0.7037390470504761
30M,8500,Random,13,0.7001055479049683
30M,8500,Random,14,0.7063186168670654
30M,8500,Random,15,0.7086610794067383
30M,8500,Random,16,0.710902988910675
30M,8500,Random,17,0.7206102609634399
30M,8500,Random,18,0.7064964771270752
30M,8500,Random,19,0.694477915763855
30M,8500,Random,20,0.7022440433502197
30M,8500,Random,21,0.7102698683738708
30M,8500,Random,22,0.7091588377952576
30M,8500,Random,23,0.7049115896224976
30M,8500,Random,24,0.7075075507164001
30M,8500,Random,25,0.6991047263145447
30M,8500,Random,26,0.7021517753601074
30M,8500,Random,27,0.7008953094482422
30M,8500,Random,28,0.6983530521392822
30M,8500,Random,29,0.7135373950004578
30M,8500,Random,30,0.7102295756340027
30M,8500,Random,31,0.7099840641021729
30M,8500,Random,32,0.7035120725631714
30M,8500,Random,33,0.6970622539520264
30M,8500,Random,34,0.7032948732376099
30M,8500,Random,35,0.7093369364738464
30M,8500,Random,36,0.7105708122253418
30M,8500,Random,37,0.6990873217582703
30M,8500,Random,38,0.6998631954193115
30M,8500,Random,39,0.7038415670394897
30M,8500,Random,40,0.7121264934539795
30M,8500,Random,41,0.7104550004005432
30M,8500,Random,42,0.713326096534729
30M,8500,Random,43,0.7067432403564453
30M,8500,Random,44,0.7022877335548401
30M,8500,Stat,Mean,0.669122576713562
30M,8500,Stat,Std,0.25025713443756104
30M,8500,Stat,Max,1.6946836709976196
30M,9000,Frequency,0,1.2444424629211426
30M,9000,Frequency,1,1.1942129135131836
30M,9000,Frequency,2,1.1563031673431396
30M,9000,Frequency,3,1.1140378713607788
30M,9000,Frequency,4,1.07271409034729
30M,9000,Frequency,5,1.0451349020004272
30M,9000,Frequency,6,1.0091856718063354
30M,9000,Frequency,7,0.9797888398170471
30M,9000,Frequency,8,0.952136754989624
30M,9000,Frequency,9,0.9210010170936584
30M,9000,Frequency,10,0.898037850856781
30M,9000,Frequency,11,0.8735421299934387
30M,9000,Frequency,12,0.8455786108970642
30M,9000,Frequency,13,0.8235783576965332
30M,9000,Frequency,14,0.7980748414993286
30M,9000,Frequency,15,0.7917131185531616
30M,9000,Frequency,16,0.7718398571014404
30M,9000,Frequency,17,0.7503820657730103
30M,9000,Frequency,18,0.726036012172699
30M,9000,Frequency,19,0.7205666303634644
30M,9000,Frequency,20,0.7056772112846375
30M,9000,Frequency,21,0.6829800605773926
30M,9000,Frequency,22,0.6807409524917603
30M,9000,Frequency,23,0.6616301536560059
30M,9000,Frequency,24,0.6465754508972168
30M,9000,Frequency,25,0.6335186958312988
30M,9000,Frequency,26,0.6213085055351257
30M,9000,Frequency,27,0.6100130677223206
30M,9000,Frequency,28,0.5988171100616455
30M,9000,Frequency,29,0.5842657685279846
30M,9000,Frequency,30,0.5713684558868408
30M,9000,Frequency,31,0.5565851926803589
30M,9000,Frequency,32,0.5465303063392639
30M,9000,Frequency,33,0.5272302031517029
30M,9000,Frequency,34,0.515148937702179
30M,9000,Frequency,35,0.49789515137672424
30M,9000,Frequency,36,0.48354989290237427
30M,9000,Frequency,37,0.463038831949234
30M,9000,Frequency,38,0.44948190450668335
30M,9000,Frequency,39,0.4311915636062622
30M,9000,Frequency,40,0.4200226068496704
30M,9000,Frequency,41,0.40912342071533203
30M,9000,Frequency,42,0.40179896354675293
30M,9000,Frequency,43,0.397249698638916
30M,9000,Frequency,44,0.3948465883731842
30M,9000,Random,0,0.7278618216514587
30M,9000,Random,1,0.7155070900917053
30M,9000,Random,2,0.7330138087272644
30M,9000,Random,3,0.7128017544746399
30M,9000,Random,4,0.7236161828041077
30M,9000,Random,5,0.730450451374054
30M,9000,Random,6,0.7229748368263245
30M,9000,Random,7,0.7142934799194336
30M,9000,Random,8,0.727103590965271
30M,9000,Random,9,0.7312371134757996
30M,9000,Random,10,0.7176113128662109
30M,9000,Random,11,0.7207081913948059
30M,9000,Random,12,0.7174769043922424
30M,9000,Random,13,0.7140796184539795
30M,9000,Random,14,0.7201486229896545
30M,9000,Random,15,0.7228865027427673
30M,9000,Random,16,0.7251394391059875
30M,9000,Random,17,0.7348775863647461
30M,9000,Random,18,0.7207034826278687
30M,9000,Random,19,0.708082914352417
30M,9000,Random,20,0.715715229511261
30M,9000,Random,21,0.7239067554473877
30M,9000,Random,22,0.7229035496711731
30M,9000,Random,23,0.7187275886535645
30M,9000,Random,24,0.7209412455558777
30M,9000,Random,25,0.7126083970069885
30M,9000,Random,26,0.7164625525474548
30M,9000,Random,27,0.7142239809036255
30M,9000,Random,28,0.7110261917114258
30M,9000,Random,29,0.7271144986152649
30M,9000,Random,30,0.7239899039268494
30M,9000,Random,31,0.7236427068710327
30M,9000,Random,32,0.7169544696807861
30M,9000,Random,33,0.7106263041496277
30M,9000,Random,34,0.7165980935096741
30M,9000,Random,35,0.7228110432624817
30M,9000,Random,36,0.7243198156356812
30M,9000,Random,37,0.7120864987373352
30M,9000,Random,38,0.7132236957550049
30M,9000,Random,39,0.7173442244529724
30M,9000,Random,40,0.7261157035827637
30M,9000,Random,41,0.7244979739189148
30M,9000,Random,42,0.7272343635559082
30M,9000,Random,43,0.7203118205070496
30M,9000,Random,44,0.7164838314056396
30M,9000,Stat,Mean,0.6811832785606384
30M,9000,Stat,Std,0.259280800819397
30M,9000,Stat,Max,1.7436929941177368
30M,9500,Frequency,0,1.272321343421936
30M,9500,Frequency,1,1.2220139503479004
30M,9500,Frequency,2,1.1841567754745483
30M,9500,Frequency,3,1.1416176557540894
30M,9500,Frequency,4,1.0972504615783691
30M,9500,Frequency,5,1.0695087909698486
30M,9500,Frequency,6,1.0326910018920898
30M,9500,Frequency,7,1.002224087715149
30M,9500,Frequency,8,0.9743427038192749
30M,9500,Frequency,9,0.942458987236023
30M,9500,Frequency,10,0.919175922870636
30M,9500,Frequency,11,0.8937530517578125
30M,9500,Frequency,12,0.8634825944900513
30M,9500,Frequency,13,0.8420472145080566
30M,9500,Frequency,14,0.8156085014343262
30M,9500,Frequency,15,0.8083555698394775
30M,9500,Frequency,16,0.787922739982605
30M,9500,Frequency,17,0.7661437392234802
30M,9500,Frequency,18,0.7404761910438538
30M,9500,Frequency,19,0.7344507575035095
30M,9500,Frequency,20,0.7196584343910217
30M,9500,Frequency,21,0.6966890692710876
30M,9500,Frequency,22,0.6932153701782227
30M,9500,Frequency,23,0.6745374798774719
30M,9500,Frequency,24,0.6579198837280273
30M,9500,Frequency,25,0.644622802734375
30M,9500,Frequency,26,0.6320205330848694
30M,9500,Frequency,27,0.6200512647628784
30M,9500,Frequency,28,0.608530580997467
30M,9500,Frequency,29,0.5936529636383057
30M,9500,Frequency,30,0.5801429152488708
30M,9500,Frequency,31,0.5644689202308655
30M,9500,Frequency,32,0.5546279549598694
30M,9500,Frequency,33,0.5338068008422852
30M,9500,Frequency,34,0.5215319395065308
30M,9500,Frequency,35,0.503386378288269
30M,9500,Frequency,36,0.48828598856925964
30M,9500,Frequency,37,0.4668576717376709
30M,9500,Frequency,38,0.4528324604034424
30M,9500,Frequency,39,0.43344351649284363
30M,9500,Frequency,40,0.4217800498008728
30M,9500,Frequency,41,0.40986427664756775
30M,9500,Frequency,42,0.4023898243904114
30M,9500,Frequency,43,0.39746057987213135
30M,9500,Frequency,44,0.3949471116065979
30M,9500,Random,0,0.7418497204780579
30M,9500,Random,1,0.7292530536651611
30M,9500,Random,2,0.7470811009407043
30M,9500,Random,3,0.7260727286338806
30M,9500,Random,4,0.7372926473617554
30M,9500,Random,5,0.74413001537323
30M,9500,Random,6,0.7373723983764648
30M,9500,Random,7,0.7274630069732666
30M,9500,Random,8,0.7412434816360474
30M,9500,Random,9,0.7452634572982788
30M,9500,Random,10,0.7312934398651123
30M,9500,Random,11,0.7342522740364075
30M,9500,Random,12,0.7309685945510864
30M,9500,Random,13,0.7271966338157654
30M,9500,Random,14,0.7337623238563538
30M,9500,Random,15,0.736503005027771
30M,9500,Random,16,0.7386449575424194
30M,9500,Random,17,0.7493544816970825
30M,9500,Random,18,0.7344827055931091
30M,9500,Random,19,0.7209631204605103
30M,9500,Random,20,0.7285638451576233
30M,9500,Random,21,0.7375982403755188
30M,9500,Random,22,0.7362493872642517
30M,9500,Random,23,0.7322097420692444
30M,9500,Random,24,0.734260618686676
30M,9500,Random,25,0.7256923317909241
30M,9500,Random,26,0.7296222448348999
30M,9500,Random,27,0.7274723052978516
30M,9500,Random,28,0.7240201830863953
30M,9500,Random,29,0.7405343651771545
30M,9500,Random,30,0.7368730902671814
30M,9500,Random,31,0.7369140386581421
30M,9500,Random,32,0.7307676672935486
30M,9500,Random,33,0.7244330048561096
30M,9500,Random,34,0.7295331358909607
30M,9500,Random,35,0.7358211278915405
30M,9500,Random,36,0.738214373588562
30M,9500,Random,37,0.7251335978507996
30M,9500,Random,38,0.7267608046531677
30M,9500,Random,39,0.7308856248855591
30M,9500,Random,40,0.7396045327186584
30M,9500,Random,41,0.7379077076911926
30M,9500,Random,42,0.7410176396369934
30M,9500,Random,43,0.7335751056671143
30M,9500,Random,44,0.7309787273406982
30M,9500,Stat,Mean,0.6930772066116333
30M,9500,Stat,Std,0.2682972848415375
30M,9500,Stat,Max,1.7619799375534058
30M,10000,Frequency,0,1.2980481386184692
30M,10000,Frequency,1,1.2484239339828491
30M,10000,Frequency,2,1.2103649377822876
30M,10000,Frequency,3,1.1678208112716675
30M,10000,Frequency,4,1.1221370697021484
30M,10000,Frequency,5,1.093169927597046
30M,10000,Frequency,6,1.0558760166168213
30M,10000,Frequency,7,1.0251914262771606
30M,10000,Frequency,8,0.9956411123275757
30M,10000,Frequency,9,0.96296226978302
30M,10000,Frequency,10,0.9387627243995667
30M,10000,Frequency,11,0.9135395288467407
30M,10000,Frequency,12,0.8820590972900391
30M,10000,Frequency,13,0.8600834608078003
30M,10000,Frequency,14,0.8326081037521362
30M,10000,Frequency,15,0.8244175910949707
30M,10000,Frequency,16,0.8037058115005493
30M,10000,Frequency,17,0.781221866607666
30M,10000,Frequency,18,0.7549130916595459
30M,10000,Frequency,19,0.7486516237258911
30M,10000,Frequency,20,0.7332274913787842
30M,10000,Frequency,21,0.7092048525810242
30M,10000,Frequency,22,0.7064154148101807
30M,10000,Frequency,23,0.6864801049232483
30M,10000,Frequency,24,0.6697829365730286
30M,10000,Frequency,25,0.6561439037322998
30M,10000,Frequency,26,0.6426517367362976
30M,10000,Frequency,27,0.6309487223625183
30M,10000,Frequency,28,0.6179215312004089
30M,10000,Frequency,29,0.6033092141151428
30M,10000,Frequency,30,0.5888034105300903
30M,10000,Frequency,31,0.5728397369384766
30M,10000,Frequency,32,0.562422513961792
30M,10000,Frequency,33,0.5408793091773987
30M,10000,Frequency,34,0.5282697677612305
30M,10000,Frequency,35,0.509489893913269
30M,10000,Frequency,36,0.49334171414375305
30M,10000,Frequency,37,0.4709573984146118
30M,10000,Frequency,38,0.4560142159461975
30M,10000,Frequency,39,0.43584203720092773
30M,10000,Frequency,40,0.4234585762023926
30M,10000,Frequency,41,0.4108889400959015
30M,10000,Frequency,42,0.4029446542263031
30M,10000,Frequency,43,0.3976324498653412
30M,10000,Frequency,44,0.39520183205604553
30M,10000,Random,0,0.7554324865341187
30M,10000,Random,1,0.742508053779602
30M,10000,Random,2,0.7600050568580627
30M,10000,Random,3,0.7388138771057129
30M,10000,Random,4,0.7506240606307983
30M,10000,Random,5,0.7578530311584473
30M,10000,Random,6,0.7511006593704224
30M,10000,Random,7,0.7403484582901001
30M,10000,Random,8,0.7547189593315125
30M,10000,Random,9,0.7592240571975708
30M,10000,Random,10,0.74383544921875
30M,10000,Random,11,0.7480003833770752
30M,10000,Random,12,0.7446144819259644
30M,10000,Random,13,0.7397568225860596
30M,10000,Random,14,0.7470865249633789
30M,10000,Random,15,0.7499340772628784
30M,10000,Random,16,0.751754641532898
30M,10000,Random,17,0.7635149955749512
30M,10000,Random,18,0.7475526332855225
30M,10000,Random,19,0.734143853187561
30M,10000,Random,20,0.741655707359314
30M,10000,Random,21,0.7510007619857788
30M,10000,Random,22,0.7493811249732971
30M,10000,Random,23,0.7453718185424805
30M,10000,Random,24,0.7477675676345825
30M,10000,Random,25,0.7385547161102295
30M,10000,Random,26,0.7430732250213623
30M,10000,Random,27,0.7411878705024719
30M,10000,Random,28,0.7370035648345947
30M,10000,Random,29,0.7544159293174744
30M,10000,Random,30,0.7502853870391846
30M,10000,Random,31,0.7506013512611389
30M,10000,Random,32,0.7434585094451904
30M,10000,Random,33,0.7366446852684021
30M,10000,Random,34,0.742186427116394
30M,10000,Random,35,0.7489833235740662
30M,10000,Random,36,0.7516982555389404
30M,10000,Random,37,0.7381924986839294
30M,10000,Random,38,0.7397353053092957
30M,10000,Random,39,0.7434282302856445
30M,10000,Random,40,0.7537659406661987
30M,10000,Random,41,0.7522681951522827
30M,10000,Random,42,0.7546428442001343
30M,10000,Random,43,0.7466514706611633
30M,10000,Random,44,0.743360161781311
30M,10000,Stat,Mean,0.7047721743583679
30M,10000,Stat,Std,0.27692708373069763
30M,10000,Stat,Max,1.8075940608978271
30M,10500,Frequency,0,1.3226494789123535
30M,10500,Frequency,1,1.2736986875534058
30M,10500,Frequency,2,1.2355892658233643
30M,10500,Frequency,3,1.192959189414978
30M,10500,Frequency,4,1.1459358930587769
30M,10500,Frequency,5,1.1166681051254272
30M,10500,Frequency,6,1.078856110572815
30M,10500,Frequency,7,1.0468989610671997
30M,10500,Frequency,8,1.016990303993225
30M,10500,Frequency,9,0.9831374883651733
30M,10500,Frequency,10,0.9577345848083496
30M,10500,Frequency,11,0.9323129057884216
30M,10500,Frequency,12,0.9002816081047058
30M,10500,Frequency,13,0.8774319291114807
30M,10500,Frequency,14,0.8488792777061462
30M,10500,Frequency,15,0.8413832783699036
30M,10500,Frequency,16,0.8186846375465393
30M,10500,Frequency,17,0.7962675094604492
30M,10500,Frequency,18,0.7693764567375183
30M,10500,Frequency,19,0.7623789310455322
30M,10500,Frequency,20,0.7463101148605347
30M,10500,Frequency,21,0.7217938303947449
30M,10500,Frequency,22,0.7194046378135681
30M,10500,Frequency,23,0.6985238194465637
30M,10500,Frequency,24,0.6810915470123291
30M,10500,Frequency,25,0.667464017868042
30M,10500,Frequency,26,0.6528996229171753
30M,10500,Frequency,27,0.6411191821098328
30M,10500,Frequency,28,0.6267045140266418
30M,10500,Frequency,29,0.6126542091369629
30M,10500,Frequency,30,0.5973765850067139
30M,10500,Frequency,31,0.5803421139717102
30M,10500,Frequency,32,0.570132315158844
30M,10500,Frequency,33,0.5480539202690125
30M,10500,Frequency,34,0.5347701907157898
30M,10500,Frequency,35,0.5152567028999329
30M,10500,Frequency,36,0.4988008439540863
30M,10500,Frequency,37,0.47505131363868713
30M,10500,Frequency,38,0.4592694044113159
30M,10500,Frequency,39,0.43815726041793823
30M,10500,Frequency,40,0.4252642095088959
30M,10500,Frequency,41,0.4118371307849884
30M,10500,Frequency,42,0.4035765528678894
30M,10500,Frequency,43,0.397940069437027
30M,10500,Frequency,44,0.3952716290950775
30M,10500,Random,0,0.768424928188324
30M,10500,Random,1,0.7552774548530579
30M,10500,Random,2,0.7734250426292419
30M,10500,Random,3,0.7520688772201538
30M,10500,Random,4,0.7639074325561523
30M,10500,Random,5,0.7712515592575073
30M,10500,Random,6,0.7646170258522034
30M,10500,Random,7,0.7535344362258911
30M,10500,Random,8,0.7682148218154907
30M,10500,Random,9,0.7719601392745972
30M,10500,Random,10,0.7568265795707703
30M,10500,Random,11,0.7604731917381287
30M,10500,Random,12,0.757834792137146
30M,10500,Random,13,0.75221848487854
30M,10500,Random,14,0.7601940035820007
30M,10500,Random,15,0.7623831629753113
30M,10500,Random,16,0.7641660571098328
30M,10500,Random,17,0.7768646478652954
30M,10500,Random,18,0.7604337334632874
30M,10500,Random,19,0.7464183568954468
30M,10500,Random,20,0.7539840340614319
30M,10500,Random,21,0.7640491724014282
30M,10500,Random,22,0.7621292471885681
30M,10500,Random,23,0.7584486603736877
30M,10500,Random,24,0.7608473896980286
30M,10500,Random,25,0.7509732842445374
30M,10500,Random,26,0.7554147839546204
30M,10500,Random,27,0.7544159889221191
30M,10500,Random,28,0.7495312690734863
30M,10500,Random,29,0.7677420377731323
30M,10500,Random,30,0.7629297375679016
30M,10500,Random,31,0.7631772756576538
30M,10500,Random,32,0.7564565539360046
30M,10500,Random,33,0.7494677305221558
30M,10500,Random,34,0.755429208278656
30M,10500,Random,35,0.7619473338127136
30M,10500,Random,36,0.7649133801460266
30M,10500,Random,37,0.7505456209182739
30M,10500,Random,38,0.7527132630348206
30M,10500,Random,39,0.7568339109420776
30M,10500,Random,40,0.7673600316047668
30M,10500,Random,41,0.7652062773704529
30M,10500,Random,42,0.7682021260261536
30M,10500,Random,43,0.7587457299232483
30M,10500,Random,44,0.756514847278595
30M,10500,Stat,Mean,0.7161627411842346
30M,10500,Stat,Std,0.2852613627910614
30M,10500,Stat,Max,1.835706353187561
30M,11000,Frequency,0,1.3478227853775024
30M,11000,Frequency,1,1.298234224319458
30M,11000,Frequency,2,1.2610960006713867
30M,11000,Frequency,3,1.2173025608062744
30M,11000,Frequency,4,1.1684279441833496
30M,11000,Frequency,5,1.1392446756362915
30M,11000,Frequency,6,1.1002695560455322
30M,11000,Frequency,7,1.0676707029342651
30M,11000,Frequency,8,1.0371618270874023
30M,11000,Frequency,9,1.0023225545883179
30M,11000,Frequency,10,0.9763135313987732
30M,11000,Frequency,11,0.9511624574661255
30M,11000,Frequency,12,0.9177880883216858
30M,11000,Frequency,13,0.8947457671165466
30M,11000,Frequency,14,0.8643755912780762
30M,11000,Frequency,15,0.8564167618751526
30M,11000,Frequency,16,0.8337216973304749
30M,11000,Frequency,17,0.8102157115936279
30M,11000,Frequency,18,0.783409833908081
30M,11000,Frequency,19,0.7750976085662842
30M,11000,Frequency,20,0.759045422077179
30M,11000,Frequency,21,0.7343031764030457
30M,11000,Frequency,22,0.7311788201332092
30M,11000,Frequency,23,0.7100479006767273
30M,11000,Frequency,24,0.6924034357070923
30M,11000,Frequency,25,0.677687406539917
30M,11000,Frequency,26,0.6630872488021851
30M,11000,Frequency,27,0.6505109667778015
30M,11000,Frequency,28,0.6359091401100159
30M,11000,Frequency,29,0.6216205954551697
30M,11000,Frequency,30,0.605316162109375
30M,11000,Frequency,31,0.5877600312232971
30M,11000,Frequency,32,0.577208399772644
30M,11000,Frequency,33,0.5549090504646301
30M,11000,Frequency,34,0.5412198901176453
30M,11000,Frequency,35,0.5209722518920898
30M,11000,Frequency,36,0.5037797689437866
30M,11000,Frequency,37,0.4791341722011566
30M,11000,Frequency,38,0.46271130442619324
30M,11000,Frequency,39,0.44076189398765564
30M,11000,Frequency,40,0.42688295245170593
30M,11000,Frequency,41,0.4127955734729767
30M,11000,Frequency,42,0.4042139947414398
30M,11000,Frequency,43,0.3981669843196869
30M,11000,Frequency,44,0.3954890966415405
30M,11000,Random,0,0.7815597653388977
30M,11000,Random,1,0.767380952835083
30M,11000,Random,2,0.7866522669792175
30M,11000,Random,3,0.7644328474998474
30M,11000,Random,4,0.7763795256614685
30M,11000,Random,5,0.7831333875656128
30M,11000,Random,6,0.7767709493637085
30M,11000,Random,7,0.7657079100608826
30M,11000,Random,8,0.7807350754737854
30M,11000,Random,9,0.7848429083824158
30M,11000,Random,10,0.7695887684822083
30M,11000,Random,11,0.7731835246086121
30M,11000,Random,12,0.7699238657951355
30M,11000,Random,13,0.7644954919815063
30M,11000,Random,14,0.7725567817687988
30M,11000,Random,15,0.7754088640213013
30M,11000,Random,16,0.7764367461204529
30M,11000,Random,17,0.789671003818512
30M,11000,Random,18,0.7732215523719788
30M,11000,Random,19,0.7592755556106567
30M,11000,Random,20,0.7664061188697815
30M,11000,Random,21,0.7765470743179321
30M,11000,Random,22,0.774671196937561
30M,11000,Random,23,0.7707191705703735
30M,11000,Random,24,0.7732078433036804
30M,11000,Random,25,0.7631368637084961
30M,11000,Random,26,0.7677018642425537
30M,11000,Random,27,0.7670215368270874
30M,11000,Random,28,0.7623155117034912
30M,11000,Random,29,0.7802144289016724
30M,11000,Random,30,0.7751195430755615
30M,11000,Random,31,0.7759303450584412
30M,11000,Random,32,0.7678003907203674
30M,11000,Random,33,0.7617543935775757
30M,11000,Random,34,0.7680292725563049
30M,11000,Random,35,0.7747958898544312
30M,11000,Random,36,0.7777669429779053
30M,11000,Random,37,0.7636228203773499
30M,11000,Random,38,0.7648343443870544
30M,11000,Random,39,0.769106924533844
30M,11000,Random,40,0.7795199751853943
30M,11000,Random,41,0.7775808572769165
30M,11000,Random,42,0.7810042500495911
30M,11000,Random,43,0.7710012793540955
30M,11000,Random,44,0.770026683807373
30M,11000,Stat,Mean,0.7271576523780823
30M,11000,Stat,Std,0.29342517256736755
30M,11000,Stat,Max,1.8682574033737183
30M,11500,Frequency,0,1.3704129457473755
30M,11500,Frequency,1,1.3230515718460083
30M,11500,Frequency,2,1.2859177589416504
30M,11500,Frequency,3,1.2405949831008911
30M,11500,Frequency,4,1.1914780139923096
30M,11500,Frequency,5,1.1622613668441772
30M,11500,Frequency,6,1.1213939189910889
30M,11500,Frequency,7,1.0885698795318604
30M,11500,Frequency,8,1.0576720237731934
30M,11500,Frequency,9,1.0216225385665894
30M,11500,Frequency,10,0.9950742125511169
30M,11500,Frequency,11,0.969216525554657
30M,11500,Frequency,12,0.9347066879272461
30M,11500,Frequency,13,0.911590039730072
30M,11500,Frequency,14,0.8804926872253418
30M,11500,Frequency,15,0.8719016313552856
30M,11500,Frequency,16,0.8485715985298157
30M,11500,Frequency,17,0.8246680498123169
30M,11500,Frequency,18,0.7962907552719116
30M,11500,Frequency,19,0.7890771627426147
30M,11500,Frequency,20,0.7717937231063843
30M,11500,Frequency,21,0.7458369731903076
30M,11500,Frequency,22,0.7428189516067505
30M,11500,Frequency,23,0.7214657068252563
30M,11500,Frequency,24,0.7030966877937317
30M,11500,Frequency,25,0.688120424747467
30M,11500,Frequency,26,0.6739032864570618
30M,11500,Frequency,27,0.6602048277854919
30M,11500,Frequency,28,0.644837498664856
30M,11500,Frequency,29,0.6304205060005188
30M,11500,Frequency,30,0.6133233904838562
30M,11500,Frequency,31,0.5953063368797302
30M,11500,Frequency,32,0.5839976072311401
30M,11500,Frequency,33,0.5610933303833008
30M,11500,Frequency,34,0.5469638705253601
30M,11500,Frequency,35,0.5261653065681458
30M,11500,Frequency,36,0.5083634257316589
30M,11500,Frequency,37,0.4830302894115448
30M,11500,Frequency,38,0.46582409739494324
30M,11500,Frequency,39,0.4429958760738373
30M,11500,Frequency,40,0.4282146096229553
30M,11500,Frequency,41,0.41388580203056335
30M,11500,Frequency,42,0.4047195315361023
30M,11500,Frequency,43,0.39836806058883667
30M,11500,Frequency,44,0.3957310914993286
30M,11500,Random,0,0.7938774824142456
30M,11500,Random,1,0.7795599102973938
30M,11500,Random,2,0.7995105385780334
30M,11500,Random,3,0.7766119837760925
30M,11500,Random,4,0.7879941463470459
30M,11500,Random,5,0.7952999472618103
30M,11500,Random,6,0.7892129421234131
30M,11500,Random,7,0.7784000039100647
30M,11500,Random,8,0.7925123572349548
30M,11500,Random,9,0.79754638671875
30M,11500,Random,10,0.7821272015571594
30M,11500,Random,11,0.7857635021209717
30M,11500,Random,12,0.7825424671173096
30M,11500,Random,13,0.7770814895629883
30M,11500,Random,14,0.7848316431045532
30M,11500,Random,15,0.7872889041900635
30M,11500,Random,16,0.7892645001411438
30M,11500,Random,17,0.8022432923316956
30M,11500,Random,18,0.785896897315979
30M,11500,Random,19,0.7717264890670776
30M,11500,Random,20,0.7783668041229248
30M,11500,Random,21,0.788555920124054
30M,11500,Random,22,0.7871309518814087
30M,11500,Random,23,0.7830322980880737
30M,11500,Random,24,0.7852196097373962
30M,11500,Random,25,0.7749714851379395
30M,11500,Random,26,0.78009033203125
30M,11500,Random,27,0.7798902988433838
30M,11500,Random,28,0.7739850282669067
30M,11500,Random,29,0.7926338911056519
30M,11500,Random,30,0.7874688506126404
30M,11500,Random,31,0.7884008884429932
30M,11500,Random,32,0.7800416946411133
30M,11500,Random,33,0.774186909198761
30M,11500,Random,34,0.7800347208976746
30M,11500,Random,35,0.7873144149780273
30M,11500,Random,36,0.7896948456764221
30M,11500,Random,37,0.7758045792579651
30M,11500,Random,38,0.7769747972488403
30M,11500,Random,39,0.7820028066635132
30M,11500,Random,40,0.7915733456611633
30M,11500,Random,41,0.7902562618255615
30M,11500,Random,42,0.7934625148773193
30M,11500,Random,43,0.7827231287956238
30M,11500,Random,44,0.7820993065834045
30M,11500,Stat,Mean,0.7380008697509766
30M,11500,Stat,Std,0.30145326256752014
30M,11500,Stat,Max,1.8960713148117065
30M,12000,Frequency,0,1.3953194618225098
30M,12000,Frequency,1,1.3466572761535645
30M,12000,Frequency,2,1.309281826019287
30M,12000,Frequency,3,1.2638128995895386
30M,12000,Frequency,4,1.2140547037124634
30M,12000,Frequency,5,1.18345308303833
30M,12000,Frequency,6,1.1424918174743652
30M,12000,Frequency,7,1.1088252067565918
30M,12000,Frequency,8,1.077255368232727
30M,12000,Frequency,9,1.0398601293563843
30M,12000,Frequency,10,1.0126498937606812
30M,12000,Frequency,11,0.9863572716712952
30M,12000,Frequency,12,0.9512341022491455
30M,12000,Frequency,13,0.9274420142173767
30M,12000,Frequency,14,0.8956036567687988
30M,12000,Frequency,15,0.8878224492073059
30M,12000,Frequency,16,0.8635727763175964
30M,12000,Frequency,17,0.8387773633003235
30M,12000,Frequency,18,0.809493362903595
30M,12000,Frequency,19,0.8020445108413696
30M,12000,Frequency,20,0.7840216159820557
30M,12000,Frequency,21,0.7579297423362732
30M,12000,Frequency,22,0.7544264793395996
30M,12000,Frequency,23,0.7323477864265442
30M,12000,Frequency,24,0.7137132287025452
30M,12000,Frequency,25,0.6985083222389221
30M,12000,Frequency,26,0.6833838820457458
30M,12000,Frequency,27,0.669221818447113
30M,12000,Frequency,28,0.6542418599128723
30M,12000,Frequency,29,0.6384758353233337
30M,12000,Frequency,30,0.6214643120765686
30M,12000,Frequency,31,0.6026043891906738
30M,12000,Frequency,32,0.5916293263435364
30M,12000,Frequency,33,0.5674424171447754
30M,12000,Frequency,34,0.5524413585662842
30M,12000,Frequency,35,0.5315333008766174
30M,12000,Frequency,36,0.5133224129676819
30M,12000,Frequency,37,0.4867379367351532
30M,12000,Frequency,38,0.4688635766506195
30M,12000,Frequency,39,0.4453914761543274
30M,12000,Frequency,40,0.42977961897850037
30M,12000,Frequency,41,0.4149080216884613
30M,12000,Frequency,42,0.40533462166786194
30M,12000,Frequency,43,0.3986362814903259
30M,12000,Frequency,44,0.39587506651878357
30M,12000,Random,0,0.8065271973609924
30M,12000,Random,1,0.7914423942565918
30M,12000,Random,2,0.8129251599311829
30M,12000,Random,3,0.7885227203369141
30M,12000,Random,4,0.800278902053833
30M,12000,Random,5,0.8077395558357239
30M,12000,Random,6,0.8013699054718018
30M,12000,Random,7,0.790575385093689
30M,12000,Random,8,0.8050275444984436
30M,12000,Random,9,0.8095316886901855
30M,12000,Random,10,0.793721079826355
30M,12000,Random,11,0.7975270748138428
30M,12000,Random,12,0.7942168116569519
30M,12000,Random,13,0.7888491153717041
30M,12000,Random,14,0.7968146800994873
30M,12000,Random,15,0.7995557188987732
30M,12000,Random,16,0.8014004230499268
30M,12000,Random,17,0.8144937753677368
30M,12000,Random,18,0.7972990870475769
30M,12000,Random,19,0.78269362449646
30M,12000,Random,20,0.790931224822998
30M,12000,Random,21,0.8006235361099243
30M,12000,Random,22,0.7994328737258911
30M,12000,Random,23,0.7953824400901794
30M,12000,Random,24,0.7974433302879333
30M,12000,Random,25,0.7871901392936707
30M,12000,Random,26,0.7918552756309509
30M,12000,Random,27,0.7919478416442871
30M,12000,Random,28,0.7853031158447266
30M,12000,Random,29,0.8051480650901794
30M,12000,Random,30,0.7993643283843994
30M,12000,Random,31,0.80058753490448
30M,12000,Random,32,0.791730523109436
30M,12000,Random,33,0.786092221736908
30M,12000,Random,34,0.7924274802207947
30M,12000,Random,35,0.7995988726615906
30M,12000,Random,36,0.8020002841949463
30M,12000,Random,37,0.7875184416770935
30M,12000,Random,38,0.7888532876968384
30M,12000,Random,39,0.7934003472328186
30M,12000,Random,40,0.8034179210662842
30M,12000,Random,41,0.8023660778999329
30M,12000,Random,42,0.8056629300117493
30M,12000,Random,43,0.7943518161773682
30M,12000,Random,44,0.7943769097328186
30M,12000,Stat,Mean,0.7486081719398499
30M,12000,Stat,Std,0.3092922866344452
30M,12000,Stat,Max,1.8986533880233765
30M,12500,Frequency,0,1.4180020093917847
30M,12500,Frequency,1,1.3702129125595093
30M,12500,Frequency,2,1.3324488401412964
30M,12500,Frequency,3,1.2862348556518555
30M,12500,Frequency,4,1.2359910011291504
30M,12500,Frequency,5,1.2043107748031616
30M,12500,Frequency,6,1.1625510454177856
30M,12500,Frequency,7,1.128343939781189
30M,12500,Frequency,8,1.096393346786499
30M,12500,Frequency,9,1.0587514638900757
30M,12500,Frequency,10,1.0304898023605347
30M,12500,Frequency,11,1.0035988092422485
30M,12500,Frequency,12,0.9687017798423767
30M,12500,Frequency,13,0.9439746141433716
30M,12500,Frequency,14,0.911272406578064
30M,12500,Frequency,15,0.9029381275177002
30M,12500,Frequency,16,0.8783813118934631
30M,12500,Frequency,17,0.8527530431747437
30M,12500,Frequency,18,0.8228697180747986
30M,12500,Frequency,19,0.8156114816665649
30M,12500,Frequency,20,0.7966447472572327
30M,12500,Frequency,21,0.7697218060493469
30M,12500,Frequency,22,0.7660061717033386
30M,12500,Frequency,23,0.744088888168335
30M,12500,Frequency,24,0.7245650291442871
30M,12500,Frequency,25,0.708796501159668
30M,12500,Frequency,26,0.6938178539276123
30M,12500,Frequency,27,0.678826093673706
30M,12500,Frequency,28,0.6631617546081543
30M,12500,Frequency,29,0.6468979120254517
30M,12500,Frequency,30,0.6301890015602112
30M,12500,Frequency,31,0.6105222105979919
30M,12500,Frequency,32,0.5994564294815063
30M,12500,Frequency,33,0.573848307132721
30M,12500,Frequency,34,0.5586494207382202
30M,12500,Frequency,35,0.5371705889701843
30M,12500,Frequency,36,0.5184372663497925
30M,12500,Frequency,37,0.49069204926490784
30M,12500,Frequency,38,0.47200822830200195
30M,12500,Frequency,39,0.4478900134563446
30M,12500,Frequency,40,0.43157830834388733
30M,12500,Frequency,41,0.4157405197620392
30M,12500,Frequency,42,0.40580126643180847
30M,12500,Frequency,43,0.3989093601703644
30M,12500,Frequency,44,0.39591556787490845
30M,12500,Random,0,0.8190726041793823
30M,12500,Random,1,0.8029105067253113
30M,12500,Random,2,0.8257449865341187
30M,12500,Random,3,0.8003584742546082
30M,12500,Random,4,0.8116931319236755
30M,12500,Random,5,0.8204924464225769
30M,12500,Random,6,0.8141106367111206
30M,12500,Random,7,0.8031178712844849
30M,12500,Random,8,0.817624032497406
30M,12500,Random,9,0.8222156763076782
30M,12500,Random,10,0.8056661486625671
30M,12500,Random,11,0.8099897503852844
30M,12500,Random,12,0.8067294359207153
30M,12500,Random,13,0.8003484606742859
30M,12500,Random,14,0.808933675289154
30M,12500,Random,15,0.8119226098060608
30M,12500,Random,16,0.8135308623313904
30M,12500,Random,17,0.8267017602920532
30M,12500,Random,18,0.809157133102417
30M,12500,Random,19,0.7945266962051392
30M,12500,Random,20,0.8027351498603821
30M,12500,Random,21,0.8132514357566833
30M,12500,Random,22,0.8116853833198547
30M,12500,Random,23,0.8072438836097717
30M,12500,Random,24,0.8095276951789856
30M,12500,Random,25,0.7983887195587158
30M,12500,Random,26,0.8032571077346802
30M,12500,Random,27,0.803342342376709
30M,12500,Random,28,0.7969111800193787
30M,12500,Random,29,0.8176609873771667
30M,12500,Random,30,0.811751127243042
30M,12500,Random,31,0.812644898891449
30M,12500,Random,32,0.8038297891616821
30M,12500,Random,33,0.7977117300033569
30M,12500,Random,34,0.8048220872879028
30M,12500,Random,35,0.8120785355567932
30M,12500,Random,36,0.8143979907035828
30M,12500,Random,37,0.7995437383651733
30M,12500,Random,38,0.8004422783851624
30M,12500,Random,39,0.8052178025245667
30M,12500,Random,40,0.8156614899635315
30M,12500,Random,41,0.8144693970680237
30M,12500,Random,42,0.8170523643493652
30M,12500,Random,43,0.8067141175270081
30M,12500,Random,44,0.8058083057403564
30M,12500,Stat,Mean,0.7592513561248779
30M,12500,Stat,Std,0.3169565796852112
30M,12500,Stat,Max,1.961960792541504
30M,13000,Frequency,0,1.4409831762313843
30M,13000,Frequency,1,1.3937442302703857
30M,13000,Frequency,2,1.3556203842163086
30M,13000,Frequency,3,1.3095684051513672
30M,13000,Frequency,4,1.257630467414856
30M,13000,Frequency,5,1.225858449935913
30M,13000,Frequency,6,1.1831049919128418
30M,13000,Frequency,7,1.1480754613876343
30M,13000,Frequency,8,1.115470051765442
30M,13000,Frequency,9,1.0765376091003418
30M,13000,Frequency,10,1.0488572120666504
30M,13000,Frequency,11,1.020512580871582
30M,13000,Frequency,12,0.9845675230026245
30M,13000,Frequency,13,0.9594643115997314
30M,13000,Frequency,14,0.9262276291847229
30M,13000,Frequency,15,0.9173456430435181
30M,13000,Frequency,16,0.8922797441482544
30M,13000,Frequency,17,0.8672634363174438
30M,13000,Frequency,18,0.8359166383743286
30M,13000,Frequency,19,0.827915370464325
30M,13000,Frequency,20,0.808545708656311
30M,13000,Frequency,21,0.781280517578125
30M,13000,Frequency,22,0.7768962979316711
30M,13000,Frequency,23,0.7549203038215637
30M,13000,Frequency,24,0.734248161315918
30M,13000,Frequency,25,0.7192626595497131
30M,13000,Frequency,26,0.7031535506248474
30M,13000,Frequency,27,0.6880008578300476
30M,13000,Frequency,28,0.6717690825462341
30M,13000,Frequency,29,0.6552005410194397
30M,13000,Frequency,30,0.6385016441345215
30M,13000,Frequency,31,0.6177396774291992
30M,13000,Frequency,32,0.6062009334564209
30M,13000,Frequency,33,0.5800803899765015
30M,13000,Frequency,34,0.5643552541732788
30M,13000,Frequency,35,0.5419238209724426
30M,13000,Frequency,36,0.5231720209121704
30M,13000,Frequency,37,0.4941146969795227
30M,13000,Frequency,38,0.4750864803791046
30M,13000,Frequency,39,0.45006516575813293
30M,13000,Frequency,40,0.4330355226993561
30M,13000,Frequency,41,0.41657817363739014
30M,13000,Frequency,42,0.40618228912353516
30M,13000,Frequency,43,0.3991435766220093
30M,13000,Frequency,44,0.396194189786911
30M,13000,Random,0,0.830862820148468
30M,13000,Random,1,0.8148308992385864
30M,13000,Random,2,0.8379185795783997
30M,13000,Random,3,0.8113518357276917
30M,13000,Random,4,0.8236207365989685
30M,13000,Random,5,0.832938015460968
30M,13000,Random,6,0.8254174590110779
30M,13000,Random,7,0.814365029335022
30M,13000,Random,8,0.829346239566803
30M,13000,Random,9,0.8346190452575684
30M,13000,Random,10,0.8172255754470825
30M,13000,Random,11,0.8210737109184265
30M,13000,Random,12,0.8179837465286255
30M,13000,Random,13,0.8116253018379211
30M,13000,Random,14,0.8205845355987549
30M,13000,Random,15,0.8238028883934021
30M,13000,Random,16,0.8250505328178406
30M,13000,Random,17,0.8390873670578003
30M,13000,Random,18,0.8215458989143372
30M,13000,Random,19,0.8055040836334229
30M,13000,Random,20,0.8141180872917175
30M,13000,Random,21,0.8244168162345886
30M,13000,Random,22,0.8234471678733826
30M,13000,Random,23,0.8191141486167908
30M,13000,Random,24,0.821214497089386
30M,13000,Random,25,0.8106167316436768
30M,13000,Random,26,0.8146649599075317
30M,13000,Random,27,0.8148514628410339
30M,13000,Random,28,0.809023380279541
30M,13000,Random,29,0.8290970921516418
30M,13000,Random,30,0.8241463899612427
30M,13000,Random,31,0.8243894577026367
30M,13000,Random,32,0.8148229718208313
30M,13000,Random,33,0.8093323707580566
30M,13000,Random,34,0.8168609738349915
30M,13000,Random,35,0.8240216970443726
30M,13000,Random,36,0.8259824514389038
30M,13000,Random,37,0.8112130761146545
30M,13000,Random,38,0.8121365308761597
30M,13000,Random,39,0.8177000880241394
30M,13000,Random,40,0.8278158903121948
30M,13000,Random,41,0.8263354301452637
30M,13000,Random,42,0.8288774490356445
30M,13000,Random,43,0.8185561895370483
30M,13000,Random,44,0.8174413442611694
30M,13000,Stat,Mean,0.7695826292037964
30M,13000,Stat,Std,0.32468146085739136
30M,13000,Stat,Max,1.9747639894485474
30M,13500,Frequency,0,1.4635603427886963
30M,13500,Frequency,1,1.4165757894515991
30M,13500,Frequency,2,1.3782989978790283
30M,13500,Frequency,3,1.3310825824737549
30M,13500,Frequency,4,1.2788593769073486
30M,13500,Frequency,5,1.2461233139038086
30M,13500,Frequency,6,1.2022658586502075
30M,13500,Frequency,7,1.1673671007156372
30M,13500,Frequency,8,1.1343339681625366
30M,13500,Frequency,9,1.0955394506454468
30M,13500,Frequency,10,1.0657060146331787
30M,13500,Frequency,11,1.0371935367584229
30M,13500,Frequency,12,1.0007244348526
30M,13500,Frequency,13,0.9740810990333557
30M,13500,Frequency,14,0.9403698444366455
30M,13500,Frequency,15,0.9317924976348877
30M,13500,Frequency,16,0.9059762358665466
30M,13500,Frequency,17,0.8808767795562744
30M,13500,Frequency,18,0.8493483066558838
30M,13500,Frequency,19,0.840601921081543
30M,13500,Frequency,20,0.8212103843688965
30M,13500,Frequency,21,0.7929890155792236
30M,13500,Frequency,22,0.7884373664855957
30M,13500,Frequency,23,0.7649549841880798
30M,13500,Frequency,24,0.7447121739387512
30M,13500,Frequency,25,0.7289854884147644
30M,13500,Frequency,26,0.7125495076179504
30M,13500,Frequency,27,0.697033166885376
30M,13500,Frequency,28,0.6807675361633301
30M,13500,Frequency,29,0.6639503836631775
30M,13500,Frequency,30,0.6468440890312195
30M,13500,Frequency,31,0.6255857944488525
30M,13500,Frequency,32,0.6136271953582764
30M,13500,Frequency,33,0.5866009593009949
30M,13500,Frequency,34,0.5703111290931702
30M,13500,Frequency,35,0.5473808646202087
30M,13500,Frequency,36,0.5280249714851379
30M,13500,Frequency,37,0.4982411563396454
30M,13500,Frequency,38,0.47853347659111023
30M,13500,Frequency,39,0.45275360345840454
30M,13500,Frequency,40,0.43460553884506226
30M,13500,Frequency,41,0.41761794686317444
30M,13500,Frequency,42,0.4066608250141144
30M,13500,Frequency,43,0.39937686920166016
30M,13500,Frequency,44,0.39633509516716003
30M,13500,Random,0,0.842430055141449
30M,13500,Random,1,0.8263917565345764
30M,13500,Random,2,0.8501189351081848
30M,13500,Random,3,0.8230899572372437
30M,13500,Random,4,0.8359562754631042
30M,13500,Random,5,0.8443960547447205
30M,13500,Random,6,0.8375840783119202
30M,13500,Random,7,0.825737714767456
30M,13500,Random,8,0.8419890403747559
30M,13500,Random,9,0.84663987159729
30M,13500,Random,10,0.8288542628288269
30M,13500,Random,11,0.833229124546051
30M,13500,Random,12,0.8297562599182129
30M,13500,Random,13,0.8235993385314941
30M,13500,Random,14,0.8317172527313232
30M,13500,Random,15,0.8359308838844299
30M,13500,Random,16,0.8360584378242493
30M,13500,Random,17,0.8510291576385498
30M,13500,Random,18,0.8336111903190613
30M,13500,Random,19,0.8170124292373657
30M,13500,Random,20,0.8256160020828247
30M,13500,Random,21,0.8360286951065063
30M,13500,Random,22,0.8349394798278809
30M,13500,Random,23,0.8307176828384399
30M,13500,Random,24,0.832758903503418
30M,13500,Random,25,0.8222471475601196
30M,13500,Random,26,0.8260626792907715
30M,13500,Random,27,0.8261726498603821
30M,13500,Random,28,0.8195427656173706
30M,13500,Random,29,0.8415982723236084
30M,13500,Random,30,0.8360437154769897
30M,13500,Random,31,0.8356406092643738
30M,13500,Random,32,0.8264444470405579
30M,13500,Random,33,0.8210812211036682
30M,13500,Random,34,0.8279066681861877
30M,13500,Random,35,0.8354038596153259
30M,13500,Random,36,0.8376263380050659
30M,13500,Random,37,0.8225351572036743
30M,13500,Random,38,0.8242489099502563
30M,13500,Random,39,0.8291739821434021
30M,13500,Random,40,0.8390987515449524
30M,13500,Random,41,0.8381852507591248
30M,13500,Random,42,0.8408541083335876
30M,13500,Random,43,0.8296717405319214
30M,13500,Random,44,0.8288702964782715
30M,13500,Stat,Mean,0.7798511981964111
30M,13500,Stat,Std,0.3320302963256836
30M,13500,Stat,Max,2.0059778690338135
30M,14000,Frequency,0,1.485407829284668
30M,14000,Frequency,1,1.4387645721435547
30M,14000,Frequency,2,1.4005721807479858
30M,14000,Frequency,3,1.3521220684051514
30M,14000,Frequency,4,1.29952871799469
30M,14000,Frequency,5,1.266534447669983
30M,14000,Frequency,6,1.2219927310943604
30M,14000,Frequency,7,1.1872236728668213
30M,14000,Frequency,8,1.1518234014511108
30M,14000,Frequency,9,1.1133960485458374
30M,14000,Frequency,10,1.082439661026001
30M,14000,Frequency,11,1.0533850193023682
30M,14000,Frequency,12,1.0164592266082764
30M,14000,Frequency,13,0.9894559979438782
30M,14000,Frequency,14,0.955213725566864
30M,14000,Frequency,15,0.9462477564811707
30M,14000,Frequency,16,0.9198840260505676
30M,14000,Frequency,17,0.8939178586006165
30M,14000,Frequency,18,0.8621066212654114
30M,14000,Frequency,19,0.852727472782135
30M,14000,Frequency,20,0.8328034281730652
30M,14000,Frequency,21,0.804338276386261
30M,14000,Frequency,22,0.8003442883491516
30M,14000,Frequency,23,0.7759623527526855
30M,14000,Frequency,24,0.7545220255851746
30M,14000,Frequency,25,0.7391467094421387
30M,14000,Frequency,26,0.7213161587715149
30M,14000,Frequency,27,0.7052571773529053
30M,14000,Frequency,28,0.6893437504768372
30M,14000,Frequency,29,0.6716948747634888
30M,14000,Frequency,30,0.655082106590271
30M,14000,Frequency,31,0.6326329708099365
30M,14000,Frequency,32,0.6206896901130676
30M,14000,Frequency,33,0.5929691791534424
30M,14000,Frequency,34,0.5761919617652893
30M,14000,Frequency,35,0.5524898171424866
30M,14000,Frequency,36,0.5326148867607117
30M,14000,Frequency,37,0.5018965601921082
30M,14000,Frequency,38,0.48154306411743164
30M,14000,Frequency,39,0.4551945924758911
30M,14000,Frequency,40,0.43619394302368164
30M,14000,Frequency,41,0.4184510409832001
30M,14000,Frequency,42,0.4072825014591217
30M,14000,Frequency,43,0.3996518850326538
30M,14000,Frequency,44,0.39637652039527893
30M,14000,Random,0,0.8543897271156311
30M,14000,Random,1,0.8376377820968628
30M,14000,Random,2,0.8617087602615356
30M,14000,Random,3,0.8344338536262512
30M,14000,Random,4,0.8472154140472412
30M,14000,Random,5,0.8564378023147583
30M,14000,Random,6,0.8488865494728088
30M,14000,Random,7,0.8368843793869019
30M,14000,Random,8,0.8531584739685059
30M,14000,Random,9,0.8588303923606873
30M,14000,Random,10,0.840118944644928
30M,14000,Random,11,0.8448367714881897
30M,14000,Random,12,0.8412575721740723
30M,14000,Random,13,0.8349276185035706
30M,14000,Random,14,0.8434305191040039
30M,14000,Random,15,0.846998929977417
30M,14000,Random,16,0.8473964929580688
30M,14000,Random,17,0.8628469109535217
30M,14000,Random,18,0.8452440500259399
30M,14000,Random,19,0.8280882239341736
30M,14000,Random,20,0.8366634249687195
30M,14000,Random,21,0.8473773002624512
30M,14000,Random,22,0.846358060836792
30M,14000,Random,23,0.8418446183204651
30M,14000,Random,24,0.8439973592758179
30M,14000,Random,25,0.833353579044342
30M,14000,Random,26,0.8367201089859009
30M,14000,Random,27,0.8378973603248596
30M,14000,Random,28,0.8311395049095154
30M,14000,Random,29,0.8529890775680542
30M,14000,Random,30,0.8475478291511536
30M,14000,Random,31,0.847233235836029
30M,14000,Random,32,0.8374931812286377
30M,14000,Random,33,0.8321481943130493
30M,14000,Random,34,0.8390911221504211
30M,14000,Random,35,0.8469432592391968
30M,14000,Random,36,0.8487475514411926
30M,14000,Random,37,0.8342527151107788
30M,14000,Random,38,0.8352009057998657
30M,14000,Random,39,0.8406696915626526
30M,14000,Random,40,0.8513230085372925
30M,14000,Random,41,0.8497770428657532
30M,14000,Random,42,0.8522601127624512
30M,14000,Random,43,0.8407673835754395
30M,14000,Random,44,0.8393163681030273
30M,14000,Stat,Mean,0.7898874878883362
30M,14000,Stat,Std,0.3393159806728363
30M,14000,Stat,Max,2.036388874053955
30M,14500,Frequency,0,1.5068308115005493
30M,14500,Frequency,1,1.4612395763397217
30M,14500,Frequency,2,1.4223313331604004
30M,14500,Frequency,3,1.3729538917541504
30M,14500,Frequency,4,1.320451021194458
30M,14500,Frequency,5,1.2870080471038818
30M,14500,Frequency,6,1.2416802644729614
30M,14500,Frequency,7,1.2056267261505127
30M,14500,Frequency,8,1.1688203811645508
30M,14500,Frequency,9,1.130946159362793
30M,14500,Frequency,10,1.100185751914978
30M,14500,Frequency,11,1.069729208946228
30M,14500,Frequency,12,1.032295823097229
30M,14500,Frequency,13,1.0040820837020874
30M,14500,Frequency,14,0.9694350361824036
30M,14500,Frequency,15,0.9602702260017395
30M,14500,Frequency,16,0.9334786534309387
30M,14500,Frequency,17,0.9075466394424438
30M,14500,Frequency,18,0.8747978806495667
30M,14500,Frequency,19,0.8655968308448792
30M,14500,Frequency,20,0.8445009589195251
30M,14500,Frequency,21,0.8152115345001221
30M,14500,Frequency,22,0.8113177418708801
30M,14500,Frequency,23,0.7865179181098938
30M,14500,Frequency,24,0.7645708322525024
30M,14500,Frequency,25,0.748782753944397
30M,14500,Frequency,26,0.7310788035392761
30M,14500,Frequency,27,0.7140192985534668
30M,14500,Frequency,28,0.6981232762336731
30M,14500,Frequency,29,0.6798399686813354
30M,14500,Frequency,30,0.6628187298774719
30M,14500,Frequency,31,0.6399363279342651
30M,14500,Frequency,32,0.6276209354400635
30M,14500,Frequency,33,0.5990939140319824
30M,14500,Frequency,34,0.5822336077690125
30M,14500,Frequency,35,0.5575670003890991
30M,14500,Frequency,36,0.5375151634216309
30M,14500,Frequency,37,0.5058072805404663
30M,14500,Frequency,38,0.4846161901950836
30M,14500,Frequency,39,0.4572540521621704
30M,14500,Frequency,40,0.4377574622631073
30M,14500,Frequency,41,0.4195101857185364
30M,14500,Frequency,42,0.4078868627548218
30M,14500,Frequency,43,0.39991334080696106
30M,14500,Frequency,44,0.3966110348701477
30M,14500,Random,0,0.8656759262084961
30M,14500,Random,1,0.8489826321601868
30M,14500,Random,2,0.8725057244300842
30M,14500,Random,3,0.845071017742157
30M,14500,Random,4,0.8584386110305786
30M,14500,Random,5,0.8679203987121582
30M,14500,Random,6,0.8597623705863953
30M,14500,Random,7,0.8477784395217896
30M,14500,Random,8,0.8648114800453186
30M,14500,Random,9,0.870985746383667
30M,14500,Random,10,0.8522881269454956
30M,14500,Random,11,0.8567492961883545
30M,14500,Random,12,0.8524408936500549
30M,14500,Random,13,0.8455011248588562
30M,14500,Random,14,0.8554987907409668
30M,14500,Random,15,0.8587155938148499
30M,14500,Random,16,0.8585379719734192
30M,14500,Random,17,0.8748119473457336
30M,14500,Random,18,0.8565298914909363
30M,14500,Random,19,0.839302122592926
30M,14500,Random,20,0.8475947976112366
30M,14500,Random,21,0.8589572310447693
30M,14500,Random,22,0.857613205909729
30M,14500,Random,23,0.8524056077003479
30M,14500,Random,24,0.8553476333618164
30M,14500,Random,25,0.8444562554359436
30M,14500,Random,26,0.8483859300613403
30M,14500,Random,27,0.8499045968055725
30M,14500,Random,28,0.842320442199707
30M,14500,Random,29,0.8631917238235474
30M,14500,Random,30,0.8588289618492126
30M,14500,Random,31,0.858124315738678
30M,14500,Random,32,0.8490209579467773
30M,14500,Random,33,0.8435388207435608
30M,14500,Random,34,0.8505591750144958
30M,14500,Random,35,0.8585518598556519
30M,14500,Random,36,0.8610289692878723
30M,14500,Random,37,0.8454334139823914
30M,14500,Random,38,0.8457365036010742
30M,14500,Random,39,0.852225661277771
30M,14500,Random,40,0.8629279732704163
30M,14500,Random,41,0.861210286617279
30M,14500,Random,42,0.8639695048332214
30M,14500,Random,43,0.8520169854164124
30M,14500,Random,44,0.8509948253631592
30M,14500,Stat,Mean,0.7998769283294678
30M,14500,Stat,Std,0.346547931432724
30M,14500,Stat,Max,2.050278663635254
30M,15000,Frequency,0,1.5265430212020874
30M,15000,Frequency,1,1.483711838722229
30M,15000,Frequency,2,1.4447777271270752
30M,15000,Frequency,3,1.3934094905853271
30M,15000,Frequency,4,1.3404924869537354
30M,15000,Frequency,5,1.306706190109253
30M,15000,Frequency,6,1.2608168125152588
30M,15000,Frequency,7,1.2245595455169678
30M,15000,Frequency,8,1.1869099140167236
30M,15000,Frequency,9,1.1486480236053467
30M,15000,Frequency,10,1.1167986392974854
30M,15000,Frequency,11,1.085618019104004
30M,15000,Frequency,12,1.0477732419967651
30M,15000,Frequency,13,1.0189152956008911
30M,15000,Frequency,14,0.983203649520874
30M,15000,Frequency,15,0.9745477437973022
30M,15000,Frequency,16,0.9474439024925232
30M,15000,Frequency,17,0.9205620288848877
30M,15000,Frequency,18,0.8871890306472778
30M,15000,Frequency,19,0.8773421049118042
30M,15000,Frequency,20,0.8562690615653992
30M,15000,Frequency,21,0.8264407515525818
30M,15000,Frequency,22,0.8224169015884399
30M,15000,Frequency,23,0.7968069314956665
30M,15000,Frequency,24,0.7745071053504944
30M,15000,Frequency,25,0.7585911750793457
30M,15000,Frequency,26,0.7401830554008484
30M,15000,Frequency,27,0.722620964050293
30M,15000,Frequency,28,0.7070278525352478
30M,15000,Frequency,29,0.6877977252006531
30M,15000,Frequency,30,0.6705014109611511
30M,15000,Frequency,31,0.6469454169273376
30M,15000,Frequency,32,0.6344050765037537
30M,15000,Frequency,33,0.6053569316864014
30M,15000,Frequency,34,0.5886154770851135
30M,15000,Frequency,35,0.5628219842910767
30M,15000,Frequency,36,0.5419504046440125
30M,15000,Frequency,37,0.5097361207008362
30M,15000,Frequency,38,0.4879029393196106
30M,15000,Frequency,39,0.4600631296634674
30M,15000,Frequency,40,0.4395194947719574
30M,15000,Frequency,41,0.4207284152507782
30M,15000,Frequency,42,0.40856632590293884
30M,15000,Frequency,43,0.40021345019340515
30M,15000,Frequency,44,0.39687380194664
30M,15000,Random,0,0.8771759271621704
30M,15000,Random,1,0.8602836728096008
30M,15000,Random,2,0.8840367794036865
30M,15000,Random,3,0.8563615083694458
30M,15000,Random,4,0.8691697716712952
30M,15000,Random,5,0.8789035081863403
30M,15000,Random,6,0.8709914088249207
30M,15000,Random,7,0.8585851192474365
30M,15000,Random,8,0.8761106133460999
30M,15000,Random,9,0.8819688558578491
30M,15000,Random,10,0.8632016777992249
30M,15000,Random,11,0.8680985569953918
30M,15000,Random,12,0.8649498224258423
30M,15000,Random,13,0.8571950197219849
30M,15000,Random,14,0.867350161075592
30M,15000,Random,15,0.8701037168502808
30M,15000,Random,16,0.8701708316802979
30M,15000,Random,17,0.8865824937820435
30M,15000,Random,18,0.8679322600364685
30M,15000,Random,19,0.8504483699798584
30M,15000,Random,20,0.8584358096122742
30M,15000,Random,21,0.8705036044120789
30M,15000,Random,22,0.8689443469047546
30M,15000,Random,23,0.8633803725242615
30M,15000,Random,24,0.866625964641571
30M,15000,Random,25,0.8549244403839111
30M,15000,Random,26,0.8589876890182495
30M,15000,Random,27,0.8611413240432739
30M,15000,Random,28,0.8540058732032776
30M,15000,Random,29,0.8744829297065735
30M,15000,Random,30,0.8698341846466064
30M,15000,Random,31,0.8690866231918335
30M,15000,Random,32,0.8602578639984131
30M,15000,Random,33,0.8542253375053406
30M,15000,Random,34,0.8618662357330322
30M,15000,Random,35,0.8692885637283325
30M,15000,Random,36,0.8729122281074524
30M,15000,Random,37,0.8566282391548157
30M,15000,Random,38,0.8566918969154358
30M,15000,Random,39,0.8636187314987183
30M,15000,Random,40,0.8737232685089111
30M,15000,Random,41,0.8720542192459106
30M,15000,Random,42,0.8751296401023865
30M,15000,Random,43,0.8634535670280457
30M,15000,Random,44,0.8632751703262329
30M,15000,Stat,Mean,0.8097705245018005
30M,15000,Stat,Std,0.35358577966690063
30M,15000,Stat,Max,2.0760908126831055
30M,15500,Frequency,0,1.546639084815979
30M,15500,Frequency,1,1.5052003860473633
30M,15500,Frequency,2,1.465781569480896
30M,15500,Frequency,3,1.414404273033142
30M,15500,Frequency,4,1.3607538938522339
30M,15500,Frequency,5,1.3265823125839233
30M,15500,Frequency,6,1.2788019180297852
30M,15500,Frequency,7,1.2434611320495605
30M,15500,Frequency,8,1.2039332389831543
30M,15500,Frequency,9,1.1654683351516724
30M,15500,Frequency,10,1.133718490600586
30M,15500,Frequency,11,1.1007965803146362
30M,15500,Frequency,12,1.0636802911758423
30M,15500,Frequency,13,1.0336884260177612
30M,15500,Frequency,14,0.9974991083145142
30M,15500,Frequency,15,0.9881494641304016
30M,15500,Frequency,16,0.9613011479377747
30M,15500,Frequency,17,0.933244526386261
30M,15500,Frequency,18,0.8990147709846497
30M,15500,Frequency,19,0.8898122906684875
30M,15500,Frequency,20,0.8679428696632385
30M,15500,Frequency,21,0.8372556567192078
30M,15500,Frequency,22,0.8325093388557434
30M,15500,Frequency,23,0.8071335554122925
30M,15500,Frequency,24,0.7845964431762695
30M,15500,Frequency,25,0.7682349681854248
30M,15500,Frequency,26,0.7497044801712036
30M,15500,Frequency,27,0.7318122386932373
30M,15500,Frequency,28,0.7154067754745483
30M,15500,Frequency,29,0.6956106424331665
30M,15500,Frequency,30,0.6782225370407104
30M,15500,Frequency,31,0.6541621088981628
30M,15500,Frequency,32,0.6414539813995361
30M,15500,Frequency,33,0.6114214658737183
30M,15500,Frequency,34,0.5943806171417236
30M,15500,Frequency,35,0.5681003928184509
30M,15500,Frequency,36,0.546431303024292
30M,15500,Frequency,37,0.5136556029319763
30M,15500,Frequency,38,0.49106183648109436
30M,15500,Frequency,39,0.4626361131668091
30M,15500,Frequency,40,0.4411070644855499
30M,15500,Frequency,41,0.4217037558555603
30M,15500,Frequency,42,0.40905970335006714
30M,15500,Frequency,43,0.40056112408638
30M,15500,Frequency,44,0.397053599357605
30M,15500,Random,0,0.888490617275238
30M,15500,Random,1,0.870930552482605
30M,15500,Random,2,0.8961283564567566
30M,15500,Random,3,0.8674808740615845
30M,15500,Random,4,0.8805688619613647
30M,15500,Random,5,0.8902134299278259
30M,15500,Random,6,0.8825399875640869
30M,15500,Random,7,0.8702324628829956
30M,15500,Random,8,0.8872990608215332
30M,15500,Random,9,0.8930742740631104
30M,15500,Random,10,0.8742963075637817
30M,15500,Random,11,0.8788812160491943
30M,15500,Random,12,0.8761150240898132
30M,15500,Random,13,0.8679282069206238
30M,15500,Random,14,0.8784114718437195
30M,15500,Random,15,0.8810868859291077
30M,15500,Random,16,0.881217360496521
30M,15500,Random,17,0.897671639919281
30M,15500,Random,18,0.8788939714431763
30M,15500,Random,19,0.8607146143913269
30M,15500,Random,20,0.869675874710083
30M,15500,Random,21,0.8816218972206116
30M,15500,Random,22,0.8798716068267822
30M,15500,Random,23,0.8746163845062256
30M,15500,Random,24,0.8776617646217346
30M,15500,Random,25,0.865973949432373
30M,15500,Random,26,0.8703059554100037
30M,15500,Random,27,0.8723440766334534
30M,15500,Random,28,0.8651036024093628
30M,15500,Random,29,0.8857032656669617
30M,15500,Random,30,0.8815436363220215
30M,15500,Random,31,0.8801316618919373
30M,15500,Random,32,0.8712479472160339
30M,15500,Random,33,0.8651195764541626
30M,15500,Random,34,0.872909665107727
30M,15500,Random,35,0.8800836801528931
30M,15500,Random,36,0.8840577006340027
30M,15500,Random,37,0.8665480613708496
30M,15500,Random,38,0.8678280711174011
30M,15500,Random,39,0.874461829662323
30M,15500,Random,40,0.8846511244773865
30M,15500,Random,41,0.8828002214431763
30M,15500,Random,42,0.8862605094909668
30M,15500,Random,43,0.8745023012161255
30M,15500,Random,44,0.8745511174201965
30M,15500,Stat,Mean,0.8195241093635559
30M,15500,Stat,Std,0.36054468154907227
30M,15500,Stat,Max,2.090536594390869
30M,16000,Frequency,0,1.5669234991073608
30M,16000,Frequency,1,1.5259727239608765
30M,16000,Frequency,2,1.4869611263275146
30M,16000,Frequency,3,1.4343539476394653
30M,16000,Frequency,4,1.3806242942810059
30M,16000,Frequency,5,1.3455891609191895
30M,16000,Frequency,6,1.2970478534698486
30M,16000,Frequency,7,1.2612323760986328
30M,16000,Frequency,8,1.220613718032837
30M,16000,Frequency,9,1.1820749044418335
30M,16000,Frequency,10,1.1496292352676392
30M,16000,Frequency,11,1.1161792278289795
30M,16000,Frequency,12,1.078592300415039
30M,16000,Frequency,13,1.0473241806030273
30M,16000,Frequency,14,1.0104206800460815
30M,16000,Frequency,15,1.0011707544326782
30M,16000,Frequency,16,0.9739309549331665
30M,16000,Frequency,17,0.9461352825164795
30M,16000,Frequency,18,0.910605788230896
30M,16000,Frequency,19,0.9012947678565979
30M,16000,Frequency,20,0.8793233036994934
30M,16000,Frequency,21,0.8478274941444397
30M,16000,Frequency,22,0.8428728580474854
30M,16000,Frequency,23,0.8167200088500977
30M,16000,Frequency,24,0.7939220070838928
30M,16000,Frequency,25,0.7775315642356873
30M,16000,Frequency,26,0.7588329911231995
30M,16000,Frequency,27,0.7406004667282104
30M,16000,Frequency,28,0.7240440845489502
30M,16000,Frequency,29,0.7034918069839478
30M,16000,Frequency,30,0.6854907274246216
30M,16000,Frequency,31,0.661412239074707
30M,16000,Frequency,32,0.6482243537902832
30M,16000,Frequency,33,0.6172066330909729
30M,16000,Frequency,34,0.6000174283981323
30M,16000,Frequency,35,0.5728398561477661
30M,16000,Frequency,36,0.5509202480316162
30M,16000,Frequency,37,0.5177528858184814
30M,16000,Frequency,38,0.4942033588886261
30M,16000,Frequency,39,0.46474334597587585
30M,16000,Frequency,40,0.4428284168243408
30M,16000,Frequency,41,0.4226725697517395
30M,16000,Frequency,42,0.4097197353839874
30M,16000,Frequency,43,0.4008547365665436
30M,16000,Frequency,44,0.39722344279289246
30M,16000,Random,0,0.8993623852729797
30M,16000,Random,1,0.8812406659126282
30M,16000,Random,2,0.9079287052154541
30M,16000,Random,3,0.8780016899108887
30M,16000,Random,4,0.8912720084190369
30M,16000,Random,5,0.9009422659873962
30M,16000,Random,6,0.8929594159126282
30M,16000,Random,7,0.8801683187484741
30M,16000,Random,8,0.8981741666793823
30M,16000,Random,9,0.9040728807449341
30M,16000,Random,10,0.8848179578781128
30M,16000,Random,11,0.8897879719734192
30M,16000,Random,12,0.8873106837272644
30M,16000,Random,13,0.8791639804840088
30M,16000,Random,14,0.8897286057472229
30M,16000,Random,15,0.8914322853088379
30M,16000,Random,16,0.8922088146209717
30M,16000,Random,17,0.9091671705245972
30M,16000,Random,18,0.8903213739395142
30M,16000,Random,19,0.8708791136741638
30M,16000,Random,20,0.8802695274353027
30M,16000,Random,21,0.8921450972557068
30M,16000,Random,22,0.8908268809318542
30M,16000,Random,23,0.885445773601532
30M,16000,Random,24,0.8885414600372314
30M,16000,Random,25,0.8761193752288818
30M,16000,Random,26,0.8803645372390747
30M,16000,Random,27,0.8832725882530212
30M,16000,Random,28,0.8749504685401917
30M,16000,Random,29,0.8962028622627258
30M,16000,Random,30,0.891512930393219
30M,16000,Random,31,0.8911203742027283
30M,16000,Random,32,0.8820440769195557
30M,16000,Random,33,0.875680148601532
30M,16000,Random,34,0.883623480796814
30M,16000,Random,35,0.8908208012580872
30M,16000,Random,36,0.8948184847831726
30M,16000,Random,37,0.8771533966064453
30M,16000,Random,38,0.8781893253326416
30M,16000,Random,39,0.8856329917907715
30M,16000,Random,40,0.8952749371528625
30M,16000,Random,41,0.8935348987579346
30M,16000,Random,42,0.8971917629241943
30M,16000,Random,43,0.8854277729988098
30M,16000,Random,44,0.8856788277626038
30M,16000,Stat,Mean,0.8289691209793091
30M,16000,Stat,Std,0.36730676889419556
30M,16000,Stat,Max,2.1369447708129883
30M,16500,Frequency,0,1.5858577489852905
30M,16500,Frequency,1,1.5459901094436646
30M,16500,Frequency,2,1.5070993900299072
30M,16500,Frequency,3,1.45431387424469
30M,16500,Frequency,4,1.3995778560638428
30M,16500,Frequency,5,1.36488938331604
30M,16500,Frequency,6,1.3161635398864746
30M,16500,Frequency,7,1.27924644947052
30M,16500,Frequency,8,1.2376660108566284
30M,16500,Frequency,9,1.1990153789520264
30M,16500,Frequency,10,1.1652579307556152
30M,16500,Frequency,11,1.1317262649536133
30M,16500,Frequency,12,1.0935920476913452
30M,16500,Frequency,13,1.0611991882324219
30M,16500,Frequency,14,1.0237863063812256
30M,16500,Frequency,15,1.0145503282546997
30M,16500,Frequency,16,0.9869204163551331
30M,16500,Frequency,17,0.9578424692153931
30M,16500,Frequency,18,0.9225660562515259
30M,16500,Frequency,19,0.9130465984344482
30M,16500,Frequency,20,0.8898991346359253
30M,16500,Frequency,21,0.8581777215003967
30M,16500,Frequency,22,0.8532422780990601
30M,16500,Frequency,23,0.826059103012085
30M,16500,Frequency,24,0.8032170534133911
30M,16500,Frequency,25,0.7866026163101196
30M,16500,Frequency,26,0.7677828073501587
30M,16500,Frequency,27,0.7484871745109558
30M,16500,Frequency,28,0.7321621179580688
30M,16500,Frequency,29,0.7114818692207336
30M,16500,Frequency,30,0.6924371719360352
30M,16500,Frequency,31,0.6682501435279846
30M,16500,Frequency,32,0.6548388600349426
30M,16500,Frequency,33,0.6232188940048218
30M,16500,Frequency,34,0.6049509048461914
30M,16500,Frequency,35,0.5777196288108826
30M,16500,Frequency,36,0.5558814406394958
30M,16500,Frequency,37,0.5215921401977539
30M,16500,Frequency,38,0.4971455931663513
30M,16500,Frequency,39,0.46709388494491577
30M,16500,Frequency,40,0.4441969096660614
30M,16500,Frequency,41,0.4236440360546112
30M,16500,Frequency,42,0.4102422297000885
30M,16500,Frequency,43,0.40106743574142456
30M,16500,Frequency,44,0.39733925461769104
30M,16500,Random,0,0.910357654094696
30M,16500,Random,1,0.8919933438301086
30M,16500,Random,2,0.9188686609268188
30M,16500,Random,3,0.8880472183227539
30M,16500,Random,4,0.90183424949646
30M,16500,Random,5,0.9116776585578918
30M,16500,Random,6,0.903580367565155
30M,16500,Random,7,0.8908557295799255
30M,16500,Random,8,0.908800482749939
30M,16500,Random,9,0.9147748947143555
30M,16500,Random,10,0.8957346081733704
30M,16500,Random,11,0.9006010890007019
30M,16500,Random,12,0.8980220556259155
30M,16500,Random,13,0.889665424823761
30M,16500,Random,14,0.9004244208335876
30M,16500,Random,15,0.901785671710968
30M,16500,Random,16,0.9028522968292236
30M,16500,Random,17,0.9200552105903625
30M,16500,Random,18,0.9012026786804199
30M,16500,Random,19,0.8807363510131836
30M,16500,Random,20,0.8907245993614197
30M,16500,Random,21,0.9029332995414734
30M,16500,Random,22,0.9016035795211792
30M,16500,Random,23,0.8965733051300049
30M,16500,Random,24,0.8991515040397644
30M,16500,Random,25,0.8863223195075989
30M,16500,Random,26,0.8905614614486694
30M,16500,Random,27,0.8934103846549988
30M,16500,Random,28,0.8856176733970642
30M,16500,Random,29,0.9064193964004517
30M,16500,Random,30,0.9024206399917603
30M,16500,Random,31,0.9016481637954712
30M,16500,Random,32,0.8924329280853271
30M,16500,Random,33,0.8869965672492981
30M,16500,Random,34,0.8939156532287598
30M,16500,Random,35,0.9012932181358337
30M,16500,Random,36,0.9052249193191528
30M,16500,Random,37,0.8870970606803894
30M,16500,Random,38,0.8883973360061646
30M,16500,Random,39,0.8960492610931396
30M,16500,Random,40,0.9063882231712341
30M,16500,Random,41,0.9043275713920593
30M,16500,Random,42,0.9078478813171387
30M,16500,Random,43,0.8960690498352051
30M,16500,Random,44,0.896943986415863
30M,16500,Stat,Mean,0.8383010625839233
30M,16500,Stat,Std,0.3740313947200775
30M,16500,Stat,Max,2.1545863151550293
30M,17000,Frequency,0,1.6063748598098755
30M,17000,Frequency,1,1.566143274307251
30M,17000,Frequency,2,1.5270297527313232
30M,17000,Frequency,3,1.4745672941207886
30M,17000,Frequency,4,1.418702244758606
30M,17000,Frequency,5,1.3838051557540894
30M,17000,Frequency,6,1.334533929824829
30M,17000,Frequency,7,1.2962385416030884
30M,17000,Frequency,8,1.2548534870147705
30M,17000,Frequency,9,1.2154098749160767
30M,17000,Frequency,10,1.1807851791381836
30M,17000,Frequency,11,1.1466456651687622
30M,17000,Frequency,12,1.1082137823104858
30M,17000,Frequency,13,1.0753833055496216
30M,17000,Frequency,14,1.036896824836731
30M,17000,Frequency,15,1.028083324432373
30M,17000,Frequency,16,1.0001479387283325
30M,17000,Frequency,17,0.9704543948173523
30M,17000,Frequency,18,0.9340676069259644
30M,17000,Frequency,19,0.9247714281082153
30M,17000,Frequency,20,0.9011315107345581
30M,17000,Frequency,21,0.8684834241867065
30M,17000,Frequency,22,0.8640252947807312
30M,17000,Frequency,23,0.8357599377632141
30M,17000,Frequency,24,0.8126751184463501
30M,17000,Frequency,25,0.795655369758606
30M,17000,Frequency,26,0.7766048312187195
30M,17000,Frequency,27,0.7565791010856628
30M,17000,Frequency,28,0.7401314377784729
30M,17000,Frequency,29,0.7190203666687012
30M,17000,Frequency,30,0.6996397972106934
30M,17000,Frequency,31,0.6750729084014893
30M,17000,Frequency,32,0.661494255065918
30M,17000,Frequency,33,0.629301130771637
30M,17000,Frequency,34,0.6105911731719971
30M,17000,Frequency,35,0.5824123620986938
30M,17000,Frequency,36,0.5604573488235474
30M,17000,Frequency,37,0.5252029895782471
30M,17000,Frequency,38,0.500488817691803
30M,17000,Frequency,39,0.4691679775714874
30M,17000,Frequency,40,0.44606873393058777
30M,17000,Frequency,41,0.4245595932006836
30M,17000,Frequency,42,0.41094541549682617
30M,17000,Frequency,43,0.4012785255908966
30M,17000,Frequency,44,0.39756327867507935
30M,17000,Random,0,0.9210216403007507
30M,17000,Random,1,0.9027099013328552
30M,17000,Random,2,0.9299704432487488
30M,17000,Random,3,0.8984076976776123
30M,17000,Random,4,0.9122893214225769
30M,17000,Random,5,0.9222636818885803
30M,17000,Random,6,0.9141649007797241
30M,17000,Random,7,0.9009705185890198
30M,17000,Random,8,0.9193810820579529
30M,17000,Random,9,0.9257615208625793
30M,17000,Random,10,0.906163215637207
30M,17000,Random,11,0.9109216928482056
30M,17000,Random,12,0.9086431860923767
30M,17000,Random,13,0.8994424939155579
30M,17000,Random,14,0.9110415577888489
30M,17000,Random,15,0.9125427007675171
30M,17000,Random,16,0.9140480756759644
30M,17000,Random,17,0.9309098124504089
30M,17000,Random,18,0.9117734432220459
30M,17000,Random,19,0.8906949758529663
30M,17000,Random,20,0.9024358987808228
30M,17000,Random,21,0.913395345211029
30M,17000,Random,22,0.9118486642837524
30M,17000,Random,23,0.9069831371307373
30M,17000,Random,24,0.9099299311637878
30M,17000,Random,25,0.8961924910545349
30M,17000,Random,26,0.9016619920730591
30M,17000,Random,27,0.9035712480545044
30M,17000,Random,28,0.8962025046348572
30M,17000,Random,29,0.9174061417579651
30M,17000,Random,30,0.9126428365707397
30M,17000,Random,31,0.9122993350028992
30M,17000,Random,32,0.9025324583053589
30M,17000,Random,33,0.8976508378982544
30M,17000,Random,34,0.9047784805297852
30M,17000,Random,35,0.9116829037666321
30M,17000,Random,36,0.9163610339164734
30M,17000,Random,37,0.8975667953491211
30M,17000,Random,38,0.8987630605697632
30M,17000,Random,39,0.9060449004173279
30M,17000,Random,40,0.917232096195221
30M,17000,Random,41,0.9158348441123962
30M,17000,Random,42,0.9196162819862366
30M,17000,Random,43,0.9068667888641357
30M,17000,Random,44,0.908541738986969
30M,17000,Stat,Mean,0.8476572036743164
30M,17000,Stat,Std,0.38073745369911194
30M,17000,Stat,Max,2.1735928058624268
30M,17500,Frequency,0,1.6252171993255615
30M,17500,Frequency,1,1.5865312814712524
30M,17500,Frequency,2,1.5464545488357544
30M,17500,Frequency,3,1.4938946962356567
30M,17500,Frequency,4,1.4374282360076904
30M,17500,Frequency,5,1.402732253074646
30M,17500,Frequency,6,1.3525474071502686
30M,17500,Frequency,7,1.3131998777389526
30M,17500,Frequency,8,1.2718629837036133
30M,17500,Frequency,9,1.2310880422592163
30M,17500,Frequency,10,1.1958656311035156
30M,17500,Frequency,11,1.1618568897247314
30M,17500,Frequency,12,1.1224713325500488
30M,17500,Frequency,13,1.089009404182434
30M,17500,Frequency,14,1.0501205921173096
30M,17500,Frequency,15,1.0412460565567017
30M,17500,Frequency,16,1.0126938819885254
30M,17500,Frequency,17,0.9830592274665833
30M,17500,Frequency,18,0.9454351663589478
30M,17500,Frequency,19,0.9361653327941895
30M,17500,Frequency,20,0.9115582704544067
30M,17500,Frequency,21,0.8791030049324036
30M,17500,Frequency,22,0.8743420839309692
30M,17500,Frequency,23,0.846063494682312
30M,17500,Frequency,24,0.8225169777870178
30M,17500,Frequency,25,0.8046635985374451
30M,17500,Frequency,26,0.7854292988777161
30M,17500,Frequency,27,0.7651998996734619
30M,17500,Frequency,28,0.7480579614639282
30M,17500,Frequency,29,0.7271183133125305
30M,17500,Frequency,30,0.7074289917945862
30M,17500,Frequency,31,0.6820040941238403
30M,17500,Frequency,32,0.6679097414016724
30M,17500,Frequency,33,0.6358250975608826
30M,17500,Frequency,34,0.616356611251831
30M,17500,Frequency,35,0.5877990126609802
30M,17500,Frequency,36,0.5652744174003601
30M,17500,Frequency,37,0.5291939377784729
30M,17500,Frequency,38,0.5038185715675354
30M,17500,Frequency,39,0.47144755721092224
30M,17500,Frequency,40,0.44783008098602295
30M,17500,Frequency,41,0.42559555172920227
30M,17500,Frequency,42,0.41162165999412537
30M,17500,Frequency,43,0.4015941917896271
30M,17500,Frequency,44,0.39795172214508057
30M,17500,Random,0,0.9322702288627625
30M,17500,Random,1,0.9133445024490356
30M,17500,Random,2,0.9409420490264893
30M,17500,Random,3,0.9088466167449951
30M,17500,Random,4,0.9227299094200134
30M,17500,Random,5,0.9328808784484863
30M,17500,Random,6,0.9248222708702087
30M,17500,Random,7,0.9114773273468018
30M,17500,Random,8,0.9304080009460449
30M,17500,Random,9,0.9366138577461243
30M,17500,Random,10,0.9161789417266846
30M,17500,Random,11,0.9214217066764832
30M,17500,Random,12,0.9192577004432678
30M,17500,Random,13,0.9092141389846802
30M,17500,Random,14,0.9210282564163208
30M,17500,Random,15,0.922972559928894
30M,17500,Random,16,0.9248519539833069
30M,17500,Random,17,0.9418715834617615
30M,17500,Random,18,0.9226248264312744
30M,17500,Random,19,0.900734007358551
30M,17500,Random,20,0.9133386015892029
30M,17500,Random,21,0.923599123954773
30M,17500,Random,22,0.9222288727760315
30M,17500,Random,23,0.9176729321479797
30M,17500,Random,24,0.9207473397254944
30M,17500,Random,25,0.9067479372024536
30M,17500,Random,26,0.9120726585388184
30M,17500,Random,27,0.9145982265472412
30M,17500,Random,28,0.9064154624938965
30M,17500,Random,29,0.9276360869407654
30M,17500,Random,30,0.9234793782234192
30M,17500,Random,31,0.9221826195716858
30M,17500,Random,32,0.9133353233337402
30M,17500,Random,33,0.9081565141677856
30M,17500,Random,34,0.9152275323867798
30M,17500,Random,35,0.9220128655433655
30M,17500,Random,36,0.9270370006561279
30M,17500,Random,37,0.9076298475265503
30M,17500,Random,38,0.9090625047683716
30M,17500,Random,39,0.9161801934242249
30M,17500,Random,40,0.9281390905380249
30M,17500,Random,41,0.926914632320404
30M,17500,Random,42,0.9308676719665527
30M,17500,Random,43,0.9173181056976318
30M,17500,Random,44,0.9181963801383972
30M,17500,Stat,Mean,0.8569468259811401
30M,17500,Stat,Std,0.38721033930778503
30M,17500,Stat,Max,2.1872057914733887
30M,18000,Frequency,0,1.6430113315582275
30M,18000,Frequency,1,1.606082797050476
30M,18000,Frequency,2,1.5655434131622314
30M,18000,Frequency,3,1.5128748416900635
30M,18000,Frequency,4,1.4564805030822754
30M,18000,Frequency,5,1.4216907024383545
30M,18000,Frequency,6,1.3700448274612427
30M,18000,Frequency,7,1.329428791999817
30M,18000,Frequency,8,1.2882112264633179
30M,18000,Frequency,9,1.2464872598648071
30M,18000,Frequency,10,1.2113749980926514
30M,18000,Frequency,11,1.1768206357955933
30M,18000,Frequency,12,1.1362050771713257
30M,18000,Frequency,13,1.1028269529342651
30M,18000,Frequency,14,1.063468337059021
30M,18000,Frequency,15,1.0546855926513672
30M,18000,Frequency,16,1.0253695249557495
30M,18000,Frequency,17,0.9952328205108643
30M,18000,Frequency,18,0.9577537178993225
30M,18000,Frequency,19,0.9476278424263
30M,18000,Frequency,20,0.9224721193313599
30M,18000,Frequency,21,0.8893678188323975
30M,18000,Frequency,22,0.8840780854225159
30M,18000,Frequency,23,0.8557969331741333
30M,18000,Frequency,24,0.8324574828147888
30M,18000,Frequency,25,0.8136554956436157
30M,18000,Frequency,26,0.7948874235153198
30M,18000,Frequency,27,0.7742781639099121
30M,18000,Frequency,28,0.7556023001670837
30M,18000,Frequency,29,0.73471999168396
30M,18000,Frequency,30,0.7145613431930542
30M,18000,Frequency,31,0.6886096000671387
30M,18000,Frequency,32,0.6744959950447083
30M,18000,Frequency,33,0.6414244174957275
30M,18000,Frequency,34,0.6220611333847046
30M,18000,Frequency,35,0.5931116342544556
30M,18000,Frequency,36,0.5696669816970825
30M,18000,Frequency,37,0.5326234102249146
30M,18000,Frequency,38,0.5070815682411194
30M,18000,Frequency,39,0.4737953245639801
30M,18000,Frequency,40,0.4495985805988312
30M,18000,Frequency,41,0.42697879672050476
30M,18000,Frequency,42,0.41232290863990784
30M,18000,Frequency,43,0.40190574526786804
30M,18000,Frequency,44,0.3980974853038788
30M,18000,Random,0,0.9424176812171936
30M,18000,Random,1,0.9237514734268188
30M,18000,Random,2,0.9517972469329834
30M,18000,Random,3,0.9195461273193359
30M,18000,Random,4,0.9331403970718384
30M,18000,Random,5,0.9430606961250305
30M,18000,Random,6,0.9357910752296448
30M,18000,Random,7,0.9215941429138184
30M,18000,Random,8,0.9409345984458923
30M,18000,Random,9,0.946926474571228
30M,18000,Random,10,0.9267665147781372
30M,18000,Random,11,0.932121217250824
30M,18000,Random,12,0.9293060898780823
30M,18000,Random,13,0.919600248336792
30M,18000,Random,14,0.9314540028572083
30M,18000,Random,15,0.9328373670578003
30M,18000,Random,16,0.9350694417953491
30M,18000,Random,17,0.9525064826011658
30M,18000,Random,18,0.9326258897781372
30M,18000,Random,19,0.9104567766189575
30M,18000,Random,20,0.9236437082290649
30M,18000,Random,21,0.9338257908821106
30M,18000,Random,22,0.9325148463249207
30M,18000,Random,23,0.927891731262207
30M,18000,Random,24,0.9317269325256348
30M,18000,Random,25,0.9162828922271729
30M,18000,Random,26,0.9229907393455505
30M,18000,Random,27,0.9247439503669739
30M,18000,Random,28,0.9166193008422852
30M,18000,Random,29,0.9386382102966309
30M,18000,Random,30,0.9337724447250366
30M,18000,Random,31,0.9327706694602966
30M,18000,Random,32,0.9239549040794373
30M,18000,Random,33,0.9181324243545532
30M,18000,Random,34,0.9256013035774231
30M,18000,Random,35,0.9325682520866394
30M,18000,Random,36,0.9382248520851135
30M,18000,Random,37,0.917770266532898
30M,18000,Random,38,0.9194422364234924
30M,18000,Random,39,0.926376461982727
30M,18000,Random,40,0.9391306638717651
30M,18000,Random,41,0.9369217157363892
30M,18000,Random,42,0.9414494633674622
30M,18000,Random,43,0.9280402660369873
30M,18000,Random,44,0.9283672571182251
30M,18000,Stat,Mean,0.8661034107208252
30M,18000,Stat,Std,0.39358916878700256
30M,18000,Stat,Max,2.224865198135376
30M,18500,Frequency,0,1.6615082025527954
30M,18500,Frequency,1,1.6252385377883911
30M,18500,Frequency,2,1.583646535873413
30M,18500,Frequency,3,1.5312601327896118
30M,18500,Frequency,4,1.4744685888290405
30M,18500,Frequency,5,1.4393976926803589
30M,18500,Frequency,6,1.3872016668319702
30M,18500,Frequency,7,1.3454563617706299
30M,18500,Frequency,8,1.3038002252578735
30M,18500,Frequency,9,1.2622021436691284
30M,18500,Frequency,10,1.2268890142440796
30M,18500,Frequency,11,1.1921985149383545
30M,18500,Frequency,12,1.150089979171753
30M,18500,Frequency,13,1.116487979888916
30M,18500,Frequency,14,1.0765964984893799
30M,18500,Frequency,15,1.0672491788864136
30M,18500,Frequency,16,1.0374674797058105
30M,18500,Frequency,17,1.0076390504837036
30M,18500,Frequency,18,0.9689434170722961
30M,18500,Frequency,19,0.9582789540290833
30M,18500,Frequency,20,0.9334847927093506
30M,18500,Frequency,21,0.8992518186569214
30M,18500,Frequency,22,0.8941704034805298
30M,18500,Frequency,23,0.8652148246765137
30M,18500,Frequency,24,0.8413614630699158
30M,18500,Frequency,25,0.8224560618400574
30M,18500,Frequency,26,0.8034465909004211
30M,18500,Frequency,27,0.7826473116874695
30M,18500,Frequency,28,0.7634435892105103
30M,18500,Frequency,29,0.7428500652313232
30M,18500,Frequency,30,0.7221982479095459
30M,18500,Frequency,31,0.696052610874176
30M,18500,Frequency,32,0.6810081005096436
30M,18500,Frequency,33,0.6473076343536377
30M,18500,Frequency,34,0.6276397705078125
30M,18500,Frequency,35,0.5980639457702637
30M,18500,Frequency,36,0.5740939974784851
30M,18500,Frequency,37,0.5363844633102417
30M,18500,Frequency,38,0.5102589130401611
30M,18500,Frequency,39,0.4763762950897217
30M,18500,Frequency,40,0.4513604938983917
30M,18500,Frequency,41,0.42804574966430664
30M,18500,Frequency,42,0.41297322511672974
30M,18500,Frequency,43,0.4023522734642029
30M,18500,Frequency,44,0.39846494793891907
30M,18500,Random,0,0.9523119926452637
30M,18500,Random,1,0.9334948062896729
30M,18500,Random,2,0.9619151949882507
30M,18500,Random,3,0.929752767086029
30M,18500,Random,4,0.9434816837310791
30M,18500,Random,5,0.9534497857093811
30M,18500,Random,6,0.9460834860801697
30M,18500,Random,7,0.9314947724342346
30M,18500,Random,8,0.9506311416625977
30M,18500,Random,9,0.9571470618247986
30M,18500,Random,10,0.9370970726013184
30M,18500,Random,11,0.942783772945404
30M,18500,Random,12,0.9393442273139954
30M,18500,Random,13,0.9299086928367615
30M,18500,Random,14,0.941784143447876
30M,18500,Random,15,0.942380964756012
30M,18500,Random,16,0.9454150199890137
30M,18500,Random,17,0.9635348320007324
30M,18500,Random,18,0.9425559043884277
30M,18500,Random,19,0.9207322597503662
30M,18500,Random,20,0.9340511560440063
30M,18500,Random,21,0.9445868134498596
30M,18500,Random,22,0.943101704120636
30M,18500,Random,23,0.9378761053085327
30M,18500,Random,24,0.941900372505188
30M,18500,Random,25,0.9264079332351685
30M,18500,Random,26,0.9333240985870361
30M,18500,Random,27,0.9345777034759521
30M,18500,Random,28,0.926054060459137
30M,18500,Random,29,0.949429452419281
30M,18500,Random,30,0.9437360167503357
30M,18500,Random,31,0.9429177045822144
30M,18500,Random,32,0.9332278966903687
30M,18500,Random,33,0.9280946850776672
30M,18500,Random,34,0.9357132911682129
30M,18500,Random,35,0.9427834749221802
30M,18500,Random,36,0.9490134716033936
30M,18500,Random,37,0.927674412727356
30M,18500,Random,38,0.9295945167541504
30M,18500,Random,39,0.9364041090011597
30M,18500,Random,40,0.9502394199371338
30M,18500,Random,41,0.9474044442176819
30M,18500,Random,42,0.9520891904830933
30M,18500,Random,43,0.938632071018219
30M,18500,Random,44,0.9379428029060364
30M,18500,Stat,Mean,0.8750928044319153
30M,18500,Stat,Std,0.3997904658317566
30M,18500,Stat,Max,2.2470014095306396
30M,19000,Frequency,0,1.6799912452697754
30M,19000,Frequency,1,1.643449306488037
30M,19000,Frequency,2,1.602296233177185
30M,19000,Frequency,3,1.5493156909942627
30M,19000,Frequency,4,1.4924653768539429
30M,19000,Frequency,5,1.4574767351150513
30M,19000,Frequency,6,1.4038006067276
30M,19000,Frequency,7,1.3619279861450195
30M,19000,Frequency,8,1.31937837600708
30M,19000,Frequency,9,1.2776618003845215
30M,19000,Frequency,10,1.2425874471664429
30M,19000,Frequency,11,1.2067843675613403
30M,19000,Frequency,12,1.1641546487808228
30M,19000,Frequency,13,1.1292805671691895
30M,19000,Frequency,14,1.089385747909546
30M,19000,Frequency,15,1.0799189805984497
30M,19000,Frequency,16,1.0501782894134521
30M,19000,Frequency,17,1.0194199085235596
30M,19000,Frequency,18,0.9804882407188416
30M,19000,Frequency,19,0.9695550203323364
30M,19000,Frequency,20,0.9446377754211426
30M,19000,Frequency,21,0.9092438817024231
30M,19000,Frequency,22,0.9039247035980225
30M,19000,Frequency,23,0.8749129772186279
30M,19000,Frequency,24,0.8502886891365051
30M,19000,Frequency,25,0.8311168551445007
30M,19000,Frequency,26,0.8118174076080322
30M,19000,Frequency,27,0.7913409471511841
30M,19000,Frequency,28,0.771888792514801
30M,19000,Frequency,29,0.7502651214599609
30M,19000,Frequency,30,0.7294251322746277
30M,19000,Frequency,31,0.7029181122779846
30M,19000,Frequency,32,0.6877234578132629
30M,19000,Frequency,33,0.6531044840812683
30M,19000,Frequency,34,0.6329814195632935
30M,19000,Frequency,35,0.6031108498573303
30M,19000,Frequency,36,0.5781950950622559
30M,19000,Frequency,37,0.5399746894836426
30M,19000,Frequency,38,0.5134801268577576
30M,19000,Frequency,39,0.47866547107696533
30M,19000,Frequency,40,0.45322367548942566
30M,19000,Frequency,41,0.42926520109176636
30M,19000,Frequency,42,0.41358160972595215
30M,19000,Frequency,43,0.4026399552822113
30M,19000,Frequency,44,0.3987063765525818
30M,19000,Random,0,0.9635182619094849
30M,19000,Random,1,0.9432433843612671
30M,19000,Random,2,0.9721102714538574
30M,19000,Random,3,0.9394692182540894
30M,19000,Random,4,0.9540247321128845
30M,19000,Random,5,0.9639107584953308
30M,19000,Random,6,0.9558411836624146
30M,19000,Random,7,0.9415279626846313
30M,19000,Random,8,0.9610059857368469
30M,19000,Random,9,0.9674710631370544
30M,19000,Random,10,0.9478132724761963
30M,19000,Random,11,0.9528054594993591
30M,19000,Random,12,0.9494248628616333
30M,19000,Random,13,0.9399749040603638
30M,19000,Random,14,0.9515922665596008
30M,19000,Random,15,0.9527418613433838
30M,19000,Random,16,0.9555345177650452
30M,19000,Random,17,0.9746937155723572
30M,19000,Random,18,0.9527671337127686
30M,19000,Random,19,0.9305935502052307
30M,19000,Random,20,0.9447595477104187
30M,19000,Random,21,0.9551422595977783
30M,19000,Random,22,0.9529645442962646
30M,19000,Random,23,0.9480066895484924
30M,19000,Random,24,0.9523515105247498
30M,19000,Random,25,0.9364997744560242
30M,19000,Random,26,0.9435724020004272
30M,19000,Random,27,0.9444895386695862
30M,19000,Random,28,0.9367323517799377
30M,19000,Random,29,0.9598638415336609
30M,19000,Random,30,0.9541367888450623
30M,19000,Random,31,0.9526064395904541
30M,19000,Random,32,0.9428958892822266
30M,19000,Random,33,0.9378179311752319
30M,19000,Random,34,0.9451162219047546
30M,19000,Random,35,0.9528446793556213
30M,19000,Random,36,0.9591334462165833
30M,19000,Random,37,0.9375424385070801
30M,19000,Random,38,0.9403531551361084
30M,19000,Random,39,0.9467088580131531
30M,19000,Random,40,0.959468424320221
30M,19000,Random,41,0.9566315412521362
30M,19000,Random,42,0.9621244072914124
30M,19000,Random,43,0.9488978385925293
30M,19000,Random,44,0.946966826915741
30M,19000,Stat,Mean,0.8840236067771912
30M,19000,Stat,Std,0.40598395466804504
30M,19000,Stat,Max,2.2873146533966064
30M,19500,Frequency,0,1.6973165273666382
30M,19500,Frequency,1,1.6627278327941895
30M,19500,Frequency,2,1.6208878755569458
30M,19500,Frequency,3,1.5680099725723267
30M,19500,Frequency,4,1.508969783782959
30M,19500,Frequency,5,1.4750604629516602
30M,19500,Frequency,6,1.4202243089675903
30M,19500,Frequency,7,1.3779895305633545
30M,19500,Frequency,8,1.335018277168274
30M,19500,Frequency,9,1.292104959487915
30M,19500,Frequency,10,1.2569093704223633
30M,19500,Frequency,11,1.2215994596481323
30M,19500,Frequency,12,1.17746901512146
30M,19500,Frequency,13,1.1426063776016235
30M,19500,Frequency,14,1.1018997430801392
30M,19500,Frequency,15,1.0923726558685303
30M,19500,Frequency,16,1.0621569156646729
30M,19500,Frequency,17,1.0312377214431763
30M,19500,Frequency,18,0.9915677309036255
30M,19500,Frequency,19,0.9799916744232178
30M,19500,Frequency,20,0.9552146196365356
30M,19500,Frequency,21,0.9191318154335022
30M,19500,Frequency,22,0.9140260219573975
30M,19500,Frequency,23,0.8841766119003296
30M,19500,Frequency,24,0.8598307371139526
30M,19500,Frequency,25,0.8400403261184692
30M,19500,Frequency,26,0.8201751112937927
30M,19500,Frequency,27,0.7996782660484314
30M,19500,Frequency,28,0.7795963287353516
30M,19500,Frequency,29,0.7578422427177429
30M,19500,Frequency,30,0.7363801002502441
30M,19500,Frequency,31,0.7093332409858704
30M,19500,Frequency,32,0.6940643191337585
30M,19500,Frequency,33,0.65897536277771
30M,19500,Frequency,34,0.637993335723877
30M,19500,Frequency,35,0.6083682179450989
30M,19500,Frequency,36,0.5827504396438599
30M,19500,Frequency,37,0.5435587763786316
30M,19500,Frequency,38,0.5167509317398071
30M,19500,Frequency,39,0.48085176944732666
30M,19500,Frequency,40,0.45459529757499695
30M,19500,Frequency,41,0.43028533458709717
30M,19500,Frequency,42,0.41415607929229736
30M,19500,Frequency,43,0.4029211103916168
30M,19500,Frequency,44,0.3989417254924774
30M,19500,Random,0,0.973855197429657
30M,19500,Random,1,0.9527801275253296
30M,19500,Random,2,0.9828150272369385
30M,19500,Random,3,0.9494547247886658
30M,19500,Random,4,0.9642754197120667
30M,19500,Random,5,0.9742133021354675
30M,19500,Random,6,0.9652073979377747
30M,19500,Random,7,0.9515403509140015
30M,19500,Random,8,0.9708812236785889
30M,19500,Random,9,0.9776132702827454
30M,19500,Random,10,0.9570215344429016
30M,19500,Random,11,0.9628182649612427
30M,19500,Random,12,0.9596123099327087
30M,19500,Random,13,0.9497361779212952
30M,19500,Random,14,0.9617897272109985
30M,19500,Random,15,0.9627346396446228
30M,19500,Random,16,0.965722918510437
30M,19500,Random,17,0.9850797057151794
30M,19500,Random,18,0.9625057578086853
30M,19500,Random,19,0.9402454495429993
30M,19500,Random,20,0.9543918967247009
30M,19500,Random,21,0.965164303779602
30M,19500,Random,22,0.9625487327575684
30M,19500,Random,23,0.9579833745956421
30M,19500,Random,24,0.9623574018478394
30M,19500,Random,25,0.9460444450378418
30M,19500,Random,26,0.9534884095191956
30M,19500,Random,27,0.9538072943687439
30M,19500,Random,28,0.9460852146148682
30M,19500,Random,29,0.9693946242332458
30M,19500,Random,30,0.9644744992256165
30M,19500,Random,31,0.9626823663711548
30M,19500,Random,32,0.9527537226676941
30M,19500,Random,33,0.9472761154174805
30M,19500,Random,34,0.9555090665817261
30M,19500,Random,35,0.9632990956306458
30M,19500,Random,36,0.9690720438957214
30M,19500,Random,37,0.9474294185638428
30M,19500,Random,38,0.9502421021461487
30M,19500,Random,39,0.9568596482276917
30M,19500,Random,40,0.9696717262268066
30M,19500,Random,41,0.9667788743972778
30M,19500,Random,42,0.9724692702293396
30M,19500,Random,43,0.9582374095916748
30M,19500,Random,44,0.9567431211471558
30M,19500,Stat,Mean,0.8927714824676514
30M,19500,Stat,Std,0.4120899736881256
30M,19500,Stat,Max,2.279261827468872
30M,20000,Frequency,0,1.7148772478103638
30M,20000,Frequency,1,1.6814011335372925
30M,20000,Frequency,2,1.6388224363327026
30M,20000,Frequency,3,1.585174798965454
30M,20000,Frequency,4,1.526822805404663
30M,20000,Frequency,5,1.4921518564224243
30M,20000,Frequency,6,1.4367196559906006
30M,20000,Frequency,7,1.3940019607543945
30M,20000,Frequency,8,1.3509547710418701
30M,20000,Frequency,9,1.3070119619369507
30M,20000,Frequency,10,1.2717269659042358
30M,20000,Frequency,11,1.2360233068466187
30M,20000,Frequency,12,1.1910796165466309
30M,20000,Frequency,13,1.154740333557129
30M,20000,Frequency,14,1.1150109767913818
30M,20000,Frequency,15,1.1050560474395752
30M,20000,Frequency,16,1.0736013650894165
30M,20000,Frequency,17,1.0425342321395874
30M,20000,Frequency,18,1.0022891759872437
30M,20000,Frequency,19,0.9911292791366577
30M,20000,Frequency,20,0.9653675556182861
30M,20000,Frequency,21,0.9290040135383606
30M,20000,Frequency,22,0.9238735437393188
30M,20000,Frequency,23,0.8934245109558105
30M,20000,Frequency,24,0.8693704009056091
30M,20000,Frequency,25,0.8485140800476074
30M,20000,Frequency,26,0.8282248377799988
30M,20000,Frequency,27,0.8079912066459656
30M,20000,Frequency,28,0.7872017025947571
30M,20000,Frequency,29,0.7650052309036255
30M,20000,Frequency,30,0.7427048683166504
30M,20000,Frequency,31,0.715226948261261
30M,20000,Frequency,32,0.700065553188324
30M,20000,Frequency,33,0.6642014980316162
30M,20000,Frequency,34,0.6428919434547424
30M,20000,Frequency,35,0.6134317517280579
30M,20000,Frequency,36,0.5865845084190369
30M,20000,Frequency,37,0.5473778247833252
30M,20000,Frequency,38,0.5200592279434204
30M,20000,Frequency,39,0.4831913411617279
30M,20000,Frequency,40,0.45611196756362915
30M,20000,Frequency,41,0.43131497502326965
30M,20000,Frequency,42,0.4146743714809418
30M,20000,Frequency,43,0.4032321572303772
30M,20000,Frequency,44,0.3990717828273773
30M,20000,Random,0,0.9832245111465454
30M,20000,Random,1,0.9624738097190857
30M,20000,Random,2,0.9929848909378052
30M,20000,Random,3,0.9591657519340515
30M,20000,Random,4,0.974685549736023
30M,20000,Random,5,0.9843713641166687
30M,20000,Random,6,0.9750468134880066
30M,20000,Random,7,0.9614052176475525
30M,20000,Random,8,0.9810625314712524
30M,20000,Random,9,0.9874748587608337
30M,20000,Random,10,0.9670750498771667
30M,20000,Random,11,0.972582995891571
30M,20000,Random,12,0.9693137407302856
30M,20000,Random,13,0.9593923091888428
30M,20000,Random,14,0.9714345932006836
30M,20000,Random,15,0.9727065563201904
30M,20000,Random,16,0.9752679467201233
30M,20000,Random,17,0.9949411749839783
30M,20000,Random,18,0.971883237361908
30M,20000,Random,19,0.9503217935562134
30M,20000,Random,20,0.9644315838813782
30M,20000,Random,21,0.9754753708839417
30M,20000,Random,22,0.9722920060157776
30M,20000,Random,23,0.9682036638259888
30M,20000,Random,24,0.9724847674369812
30M,20000,Random,25,0.9562472701072693
30M,20000,Random,26,0.9622532725334167
30M,20000,Random,27,0.964093029499054
30M,20000,Random,28,0.9559527635574341
30M,20000,Random,29,0.9789519309997559
30M,20000,Random,30,0.9741119742393494
30M,20000,Random,31,0.972285270690918
30M,20000,Random,32,0.9622035026550293
30M,20000,Random,33,0.9571411609649658
30M,20000,Random,34,0.9651261568069458
30M,20000,Random,35,0.9731522798538208
30M,20000,Random,36,0.9791406989097595
30M,20000,Random,37,0.957072377204895
30M,20000,Random,38,0.9597572088241577
30M,20000,Random,39,0.9662126302719116
30M,20000,Random,40,0.9789771437644958
30M,20000,Random,41,0.9766334891319275
30M,20000,Random,42,0.9824761152267456
30M,20000,Random,43,0.9672918915748596
30M,20000,Random,44,0.9669157862663269
30M,20000,Stat,Mean,0.9013949036598206
30M,20000,Stat,Std,0.4181399345397949
30M,20000,Stat,Max,2.302910804748535
30M,20500,Frequency,0,1.7322760820388794
30M,20500,Frequency,1,1.6990536451339722
30M,20500,Frequency,2,1.6570751667022705
30M,20500,Frequency,3,1.6024014949798584
30M,20500,Frequency,4,1.5445443391799927
30M,20500,Frequency,5,1.5088671445846558
30M,20500,Frequency,6,1.4531201124191284
30M,20500,Frequency,7,1.4093050956726074
30M,20500,Frequency,8,1.3665205240249634
30M,20500,Frequency,9,1.3212318420410156
30M,20500,Frequency,10,1.2861623764038086
30M,20500,Frequency,11,1.2501524686813354
30M,20500,Frequency,12,1.2042244672775269
30M,20500,Frequency,13,1.1678615808486938
30M,20500,Frequency,14,1.1277344226837158
30M,20500,Frequency,15,1.1169489622116089
30M,20500,Frequency,16,1.0852609872817993
30M,20500,Frequency,17,1.0538921356201172
30M,20500,Frequency,18,1.0132744312286377
30M,20500,Frequency,19,1.0018861293792725
30M,20500,Frequency,20,0.9754202961921692
30M,20500,Frequency,21,0.9387388825416565
30M,20500,Frequency,22,0.9335879683494568
30M,20500,Frequency,23,0.9023710489273071
30M,20500,Frequency,24,0.8784947395324707
30M,20500,Frequency,25,0.8569895029067993
30M,20500,Frequency,26,0.8370289206504822
30M,20500,Frequency,27,0.8160816431045532
30M,20500,Frequency,28,0.7945584654808044
30M,20500,Frequency,29,0.7725186944007874
30M,20500,Frequency,30,0.7497448325157166
30M,20500,Frequency,31,0.7216581106185913
30M,20500,Frequency,32,0.706449031829834
30M,20500,Frequency,33,0.6698229908943176
30M,20500,Frequency,34,0.6484315991401672
30M,20500,Frequency,35,0.6184003949165344
30M,20500,Frequency,36,0.5910465121269226
30M,20500,Frequency,37,0.5512840747833252
30M,20500,Frequency,38,0.5232508182525635
30M,20500,Frequency,39,0.4855390191078186
30M,20500,Frequency,40,0.4574493169784546
30M,20500,Frequency,41,0.4322988986968994
30M,20500,Frequency,42,0.41512781381607056
30M,20500,Frequency,43,0.403530478477478
30M,20500,Frequency,44,0.3992496728897095
30M,20500,Random,0,0.9934556484222412
30M,20500,Random,1,0.9714499115943909
30M,20500,Random,2,1.0036500692367554
30M,20500,Random,3,0.9688038229942322
30M,20500,Random,4,0.9845361113548279
30M,20500,Random,5,0.9940502047538757
30M,20500,Random,6,0.984502911567688
30M,20500,Random,7,0.9711503386497498
30M,20500,Random,8,0.9904581308364868
30M,20500,Random,9,0.9970739483833313
30M,20500,Random,10,0.9766519665718079
30M,20500,Random,11,0.9825018644332886
30M,20500,Random,12,0.9788786172866821
30M,20500,Random,13,0.9690024852752686
30M,20500,Random,14,0.981135368347168
30M,20500,Random,15,0.9817151427268982
30M,20500,Random,16,0.9861041307449341
30M,20500,Random,17,1.0050500631332397
30M,20500,Random,18,0.9819033741950989
30M,20500,Random,19,0.9599582552909851
30M,20500,Random,20,0.9731595516204834
30M,20500,Random,21,0.985118567943573
30M,20500,Random,22,0.9822366237640381
30M,20500,Random,23,0.9775587320327759
30M,20500,Random,24,0.9826387166976929
30M,20500,Random,25,0.9657285213470459
30M,20500,Random,26,0.9722900986671448
30M,20500,Random,27,0.9746259450912476
30M,20500,Random,28,0.9651898145675659
30M,20500,Random,29,0.9893818497657776
30M,20500,Random,30,0.9840347170829773
30M,20500,Random,31,0.982284426689148
30M,20500,Random,32,0.971961259841919
30M,20500,Random,33,0.9669116735458374
30M,20500,Random,34,0.9746049046516418
30M,20500,Random,35,0.9830092191696167
30M,20500,Random,36,0.9884461760520935
30M,20500,Random,37,0.9663606882095337
30M,20500,Random,38,0.9696139097213745
30M,20500,Random,39,0.9764701724052429
30M,20500,Random,40,0.9892580509185791
30M,20500,Random,41,0.9857426881790161
30M,20500,Random,42,0.9927138090133667
30M,20500,Random,43,0.9766706228256226
30M,20500,Random,44,0.9758560061454773
30M,20500,Stat,Mean,0.9099805355072021
30M,20500,Stat,Std,0.42410314083099365
30M,20500,Stat,Max,2.334702730178833
30M,21000,Frequency,0,1.7494252920150757
30M,21000,Frequency,1,1.7170542478561401
30M,21000,Frequency,2,1.6739014387130737
30M,21000,Frequency,3,1.6199930906295776
30M,21000,Frequency,4,1.5613398551940918
30M,21000,Frequency,5,1.525680422782898
30M,21000,Frequency,6,1.469145655632019
30M,21000,Frequency,7,1.4247138500213623
30M,21000,Frequency,8,1.3812223672866821
30M,21000,Frequency,9,1.336634874343872
30M,21000,Frequency,10,1.2999356985092163
30M,21000,Frequency,11,1.2639055252075195
30M,21000,Frequency,12,1.2175363302230835
30M,21000,Frequency,13,1.180861234664917
30M,21000,Frequency,14,1.1400715112686157
30M,21000,Frequency,15,1.1291474103927612
30M,21000,Frequency,16,1.0964524745941162
30M,21000,Frequency,17,1.0655255317687988
30M,21000,Frequency,18,1.0241659879684448
30M,21000,Frequency,19,1.0126888751983643
30M,21000,Frequency,20,0.9855871200561523
30M,21000,Frequency,21,0.948688805103302
30M,21000,Frequency,22,0.943032443523407
30M,21000,Frequency,23,0.9109511375427246
30M,21000,Frequency,24,0.8872233033180237
30M,21000,Frequency,25,0.8652865886688232
30M,21000,Frequency,26,0.8450860977172852
30M,21000,Frequency,27,0.8237242102622986
30M,21000,Frequency,28,0.8021894693374634
30M,21000,Frequency,29,0.7794846296310425
30M,21000,Frequency,30,0.7563173174858093
30M,21000,Frequency,31,0.728253185749054
30M,21000,Frequency,32,0.7121443748474121
30M,21000,Frequency,33,0.6753004789352417
30M,21000,Frequency,34,0.6536712646484375
30M,21000,Frequency,35,0.6227701902389526
30M,21000,Frequency,36,0.5951849818229675
30M,21000,Frequency,37,0.554983377456665
30M,21000,Frequency,38,0.526305079460144
30M,21000,Frequency,39,0.48773786425590515
30M,21000,Frequency,40,0.4589660167694092
30M,21000,Frequency,41,0.4335358142852783
30M,21000,Frequency,42,0.41565045714378357
30M,21000,Frequency,43,0.4037991464138031
30M,21000,Frequency,44,0.39938318729400635
30M,21000,Random,0,1.0030244588851929
30M,21000,Random,1,0.9814419150352478
30M,21000,Random,2,1.0138202905654907
30M,21000,Random,3,0.9775646924972534
30M,21000,Random,4,0.9937778115272522
30M,21000,Random,5,1.0037188529968262
30M,21000,Random,6,0.9943965077400208
30M,21000,Random,7,0.9810236692428589
30M,21000,Random,8,1.0006836652755737
30M,21000,Random,9,1.0066347122192383
30M,21000,Random,10,0.9860988855361938
30M,21000,Random,11,0.9919098019599915
30M,21000,Random,12,0.9878202080726624
30M,21000,Random,13,0.9786550402641296
30M,21000,Random,14,0.9898484349250793
30M,21000,Random,15,0.9913861751556396
30M,21000,Random,16,0.9957306981086731
30M,21000,Random,17,1.0155713558197021
30M,21000,Random,18,0.9913957715034485
30M,21000,Random,19,0.9686179161071777
30M,21000,Random,20,0.982613742351532
30M,21000,Random,21,0.9953596591949463
30M,21000,Random,22,0.9913053512573242
30M,21000,Random,23,0.9870599508285522
30M,21000,Random,24,0.9919324517250061
30M,21000,Random,25,0.9754089117050171
30M,21000,Random,26,0.981773853302002
30M,21000,Random,27,0.9841429591178894
30M,21000,Random,28,0.9744696021080017
30M,21000,Random,29,0.9983300566673279
30M,21000,Random,30,0.9939414262771606
30M,21000,Random,31,0.9919062256813049
30M,21000,Random,32,0.9818417429924011
30M,21000,Random,33,0.9762293696403503
30M,21000,Random,34,0.9849114418029785
30M,21000,Random,35,0.9925084114074707
30M,21000,Random,36,0.9977543950080872
30M,21000,Random,37,0.9760876297950745
30M,21000,Random,38,0.9792435169219971
30M,21000,Random,39,0.9858110547065735
30M,21000,Random,40,0.9990341663360596
30M,21000,Random,41,0.9952093362808228
30M,21000,Random,42,1.0028389692306519
30M,21000,Random,43,0.9866362810134888
30M,21000,Random,44,0.9849388599395752
30M,21000,Stat,Mean,0.9184109568595886
30M,21000,Stat,Std,0.42994990944862366
30M,21000,Stat,Max,2.3472020626068115
30M,21500,Frequency,0,1.7656339406967163
30M,21500,Frequency,1,1.7348517179489136
30M,21500,Frequency,2,1.6920006275177002
30M,21500,Frequency,3,1.6378874778747559
30M,21500,Frequency,4,1.5791714191436768
30M,21500,Frequency,5,1.54155433177948
30M,21500,Frequency,6,1.4846346378326416
30M,21500,Frequency,7,1.4408024549484253
30M,21500,Frequency,8,1.3969440460205078
30M,21500,Frequency,9,1.3507914543151855
30M,21500,Frequency,10,1.3142259120941162
30M,21500,Frequency,11,1.2779128551483154
30M,21500,Frequency,12,1.230684518814087
30M,21500,Frequency,13,1.193615436553955
30M,21500,Frequency,14,1.152040719985962
30M,21500,Frequency,15,1.14167320728302
30M,21500,Frequency,16,1.108425498008728
30M,21500,Frequency,17,1.077201008796692
30M,21500,Frequency,18,1.0350749492645264
30M,21500,Frequency,19,1.0233678817749023
30M,21500,Frequency,20,0.9958620667457581
30M,21500,Frequency,21,0.9587228298187256
30M,21500,Frequency,22,0.9527158141136169
30M,21500,Frequency,23,0.919450581073761
30M,21500,Frequency,24,0.8964767456054688
30M,21500,Frequency,25,0.873981237411499
30M,21500,Frequency,26,0.8540635704994202
30M,21500,Frequency,27,0.8318822979927063
30M,21500,Frequency,28,0.8097765445709229
30M,21500,Frequency,29,0.7866341471672058
30M,21500,Frequency,30,0.7631852626800537
30M,21500,Frequency,31,0.7351614832878113
30M,21500,Frequency,32,0.7182783484458923
30M,21500,Frequency,33,0.6812257170677185
30M,21500,Frequency,34,0.6587613821029663
30M,21500,Frequency,35,0.627483069896698
30M,21500,Frequency,36,0.5997206568717957
30M,21500,Frequency,37,0.55843585729599
30M,21500,Frequency,38,0.5295320153236389
30M,21500,Frequency,39,0.49017220735549927
30M,21500,Frequency,40,0.4606426954269409
30M,21500,Frequency,41,0.43435537815093994
30M,21500,Frequency,42,0.4161699712276459
30M,21500,Frequency,43,0.40404248237609863
30M,21500,Frequency,44,0.39951857924461365
30M,21500,Random,0,1.0130943059921265
30M,21500,Random,1,0.9910019636154175
30M,21500,Random,2,1.0241402387619019
30M,21500,Random,3,0.9871962666511536
30M,21500,Random,4,1.0034739971160889
30M,21500,Random,5,1.0134375095367432
30M,21500,Random,6,1.0036671161651611
30M,21500,Random,7,0.9905226826667786
30M,21500,Random,8,1.0102770328521729
30M,21500,Random,9,1.0168988704681396
30M,21500,Random,10,0.9957917928695679
30M,21500,Random,11,1.0019391775131226
30M,21500,Random,12,0.9973788857460022
30M,21500,Random,13,0.9879955649375916
30M,21500,Random,14,0.9995330572128296
30M,21500,Random,15,1.0013607740402222
30M,21500,Random,16,1.0052844285964966
30M,21500,Random,17,1.026479721069336
30M,21500,Random,18,1.0014655590057373
30M,21500,Random,19,0.9778088927268982
30M,21500,Random,20,0.9921032786369324
30M,21500,Random,21,1.0053468942642212
30M,21500,Random,22,1.000981092453003
30M,21500,Random,23,0.9967201948165894
30M,21500,Random,24,1.00113844871521
30M,21500,Random,25,0.9847084879875183
30M,21500,Random,26,0.9914987087249756
30M,21500,Random,27,0.9937766194343567
30M,21500,Random,28,0.983615517616272
30M,21500,Random,29,1.0086561441421509
30M,21500,Random,30,1.0033942461013794
30M,21500,Random,31,1.0015654563903809
30M,21500,Random,32,0.9914239645004272
30M,21500,Random,33,0.9855825304985046
30M,21500,Random,34,0.9946625828742981
30M,21500,Random,35,1.0024139881134033
30M,21500,Random,36,1.0080500841140747
30M,21500,Random,37,0.9853906035423279
30M,21500,Random,38,0.9886441826820374
30M,21500,Random,39,0.9951701164245605
30M,21500,Random,40,1.008896827697754
30M,21500,Random,41,1.0050231218338013
30M,21500,Random,42,1.0132229328155518
30M,21500,Random,43,0.9964113235473633
30M,21500,Random,44,0.9942219853401184
30M,21500,Stat,Mean,0.9269667863845825
30M,21500,Stat,Std,0.43581053614616394
30M,21500,Stat,Max,2.3675689697265625
30M,22000,Frequency,0,1.783217191696167
30M,22000,Frequency,1,1.752175211906433
30M,22000,Frequency,2,1.7097796201705933
30M,22000,Frequency,3,1.6559971570968628
30M,22000,Frequency,4,1.5954257249832153
30M,22000,Frequency,5,1.5580445528030396
30M,22000,Frequency,6,1.500478744506836
30M,22000,Frequency,7,1.4557873010635376
30M,22000,Frequency,8,1.4120614528656006
30M,22000,Frequency,9,1.365480661392212
30M,22000,Frequency,10,1.3276909589767456
30M,22000,Frequency,11,1.291249394416809
30M,22000,Frequency,12,1.2440067529678345
30M,22000,Frequency,13,1.2065576314926147
30M,22000,Frequency,14,1.1636199951171875
30M,22000,Frequency,15,1.1537199020385742
30M,22000,Frequency,16,1.1202723979949951
30M,22000,Frequency,17,1.0883598327636719
30M,22000,Frequency,18,1.0465893745422363
30M,22000,Frequency,19,1.034135103225708
30M,22000,Frequency,20,1.0063060522079468
30M,22000,Frequency,21,0.9679937958717346
30M,22000,Frequency,22,0.9626039266586304
30M,22000,Frequency,23,0.9286429286003113
30M,22000,Frequency,24,0.9056706428527832
30M,22000,Frequency,25,0.8824689984321594
30M,22000,Frequency,26,0.8623574376106262
30M,22000,Frequency,27,0.8397302031517029
30M,22000,Frequency,28,0.8173540234565735
30M,22000,Frequency,29,0.7939642667770386
30M,22000,Frequency,30,0.7699671387672424
30M,22000,Frequency,31,0.7417091727256775
30M,22000,Frequency,32,0.7245303988456726
30M,22000,Frequency,33,0.6869885921478271
30M,22000,Frequency,34,0.6643153429031372
30M,22000,Frequency,35,0.6323503851890564
30M,22000,Frequency,36,0.6043074727058411
30M,22000,Frequency,37,0.5620387196540833
30M,22000,Frequency,38,0.5326244831085205
30M,22000,Frequency,39,0.492771714925766
30M,22000,Frequency,40,0.46222391724586487
30M,22000,Frequency,41,0.4351951777935028
30M,22000,Frequency,42,0.416771799325943
30M,22000,Frequency,43,0.4043835699558258
30M,22000,Frequency,44,0.3997217118740082
30M,22000,Random,0,1.0233769416809082
30M,22000,Random,1,1.0005415678024292
30M,22000,Random,2,1.0340098142623901
30M,22000,Random,3,0.9966571927070618
30M,22000,Random,4,1.0129331350326538
30M,22000,Random,5,1.0233664512634277
30M,22000,Random,6,1.0130491256713867
30M,22000,Random,7,0.9996838569641113
30M,22000,Random,8,1.0197153091430664
30M,22000,Random,9,1.0261119604110718
30M,22000,Random,10,1.0053060054779053
30M,22000,Random,11,1.0114483833312988
30M,22000,Random,12,1.006691813468933
30M,22000,Random,13,0.9969353675842285
30M,22000,Random,14,1.0092600584030151
30M,22000,Random,15,1.0113376379013062
30M,22000,Random,16,1.015304684638977
30M,22000,Random,17,1.0360448360443115
30M,22000,Random,18,1.0112570524215698
30M,22000,Random,19,0.9870423674583435
30M,22000,Random,20,1.0020170211791992
30M,22000,Random,21,1.0151848793029785
30M,22000,Random,22,1.0105726718902588
30M,22000,Random,23,1.0067299604415894
30M,22000,Random,24,1.0106773376464844
30M,22000,Random,25,0.9945021867752075
30M,22000,Random,26,1.0014684200286865
30M,22000,Random,27,1.0035130977630615
30M,22000,Random,28,0.9932035803794861
30M,22000,Random,29,1.0186865329742432
30M,22000,Random,30,1.0134791135787964
30M,22000,Random,31,1.0115734338760376
30M,22000,Random,32,1.0007762908935547
30M,22000,Random,33,0.9947197437286377
30M,22000,Random,34,1.0044398307800293
30M,22000,Random,35,1.0117826461791992
30M,22000,Random,36,1.0178303718566895
30M,22000,Random,37,0.9947282671928406
30M,22000,Random,38,0.9978939890861511
30M,22000,Random,39,1.0044420957565308
30M,22000,Random,40,1.0191901922225952
30M,22000,Random,41,1.0150941610336304
30M,22000,Random,42,1.0228549242019653
30M,22000,Random,43,1.005810260772705
30M,22000,Random,44,1.0048397779464722
30M,22000,Stat,Mean,0.9354579448699951
30M,22000,Stat,Std,0.4416101276874542
30M,22000,Stat,Max,2.3870394229888916
30M,22500,Frequency,0,1.8000484704971313
30M,22500,Frequency,1,1.7692160606384277
30M,22500,Frequency,2,1.7263998985290527
30M,22500,Frequency,3,1.672308325767517
30M,22500,Frequency,4,1.6128734350204468
30M,22500,Frequency,5,1.5741432905197144
30M,22500,Frequency,6,1.5160847902297974
30M,22500,Frequency,7,1.470401406288147
30M,22500,Frequency,8,1.4266101121902466
30M,22500,Frequency,9,1.379432201385498
30M,22500,Frequency,10,1.3419818878173828
30M,22500,Frequency,11,1.3045121431350708
30M,22500,Frequency,12,1.2569104433059692
30M,22500,Frequency,13,1.2189463376998901
30M,22500,Frequency,14,1.1755012273788452
30M,22500,Frequency,15,1.1656575202941895
30M,22500,Frequency,16,1.131413221359253
30M,22500,Frequency,17,1.0988088846206665
30M,22500,Frequency,18,1.0566378831863403
30M,22500,Frequency,19,1.0446982383728027
30M,22500,Frequency,20,1.0165791511535645
30M,22500,Frequency,21,0.9772717356681824
30M,22500,Frequency,22,0.9723724722862244
30M,22500,Frequency,23,0.9378031492233276
30M,22500,Frequency,24,0.9140387177467346
30M,22500,Frequency,25,0.8906536102294922
30M,22500,Frequency,26,0.8708269000053406
30M,22500,Frequency,27,0.8474719524383545
30M,22500,Frequency,28,0.8249993920326233
30M,22500,Frequency,29,0.8010090589523315
30M,22500,Frequency,30,0.7765685319900513
30M,22500,Frequency,31,0.7478815317153931
30M,22500,Frequency,32,0.7304813861846924
30M,22500,Frequency,33,0.6927335262298584
30M,22500,Frequency,34,0.6692864298820496
30M,22500,Frequency,35,0.6370338201522827
30M,22500,Frequency,36,0.6086835861206055
30M,22500,Frequency,37,0.5653955340385437
30M,22500,Frequency,38,0.5357040166854858
30M,22500,Frequency,39,0.49477580189704895
30M,22500,Frequency,40,0.46381765604019165
30M,22500,Frequency,41,0.4361219108104706
30M,22500,Frequency,42,0.41735899448394775
30M,22500,Frequency,43,0.4047118127346039
30M,22500,Frequency,44,0.3999909460544586
30M,22500,Random,0,1.032207727432251
30M,22500,Random,1,1.0096694231033325
30M,22500,Random,2,1.0442239046096802
30M,22500,Random,3,1.0059231519699097
30M,22500,Random,4,1.0215990543365479
30M,22500,Random,5,1.032565712928772
30M,22500,Random,6,1.0223404169082642
30M,22500,Random,7,1.0086417198181152
30M,22500,Random,8,1.028800129890442
30M,22500,Random,9,1.0356886386871338
30M,22500,Random,10,1.0145646333694458
30M,22500,Random,11,1.020684003829956
30M,22500,Random,12,1.0155051946640015
30M,22500,Random,13,1.00667405128479
30M,22500,Random,14,1.0183032751083374
30M,22500,Random,15,1.0206809043884277
30M,22500,Random,16,1.0250027179718018
30M,22500,Random,17,1.0457732677459717
30M,22500,Random,18,1.0207769870758057
30M,22500,Random,19,0.9958033561706543
30M,22500,Random,20,1.010975956916809
30M,22500,Random,21,1.0244300365447998
30M,22500,Random,22,1.0197780132293701
30M,22500,Random,23,1.0158365964889526
30M,22500,Random,24,1.019751787185669
30M,22500,Random,25,1.0040510892868042
30M,22500,Random,26,1.010764718055725
30M,22500,Random,27,1.0134955644607544
30M,22500,Random,28,1.0031439065933228
30M,22500,Random,29,1.0280723571777344
30M,22500,Random,30,1.0230029821395874
30M,22500,Random,31,1.020474910736084
30M,22500,Random,32,1.0107026100158691
30M,22500,Random,33,1.0038186311721802
30M,22500,Random,34,1.0140098333358765
30M,22500,Random,35,1.0217182636260986
30M,22500,Random,36,1.0274133682250977
30M,22500,Random,37,1.0043104887008667
30M,22500,Random,38,1.0066379308700562
30M,22500,Random,39,1.0140389204025269
30M,22500,Random,40,1.02859628200531
30M,22500,Random,41,1.0249435901641846
30M,22500,Random,42,1.0325231552124023
30M,22500,Random,43,1.015225887298584
30M,22500,Random,44,1.0145353078842163
30M,22500,Stat,Mean,0.9437018632888794
30M,22500,Stat,Std,0.4473212659358978
30M,22500,Stat,Max,2.437835216522217
30M,23000,Frequency,0,1.817908763885498
30M,23000,Frequency,1,1.7863332033157349
30M,23000,Frequency,2,1.7430511713027954
30M,23000,Frequency,3,1.688975214958191
30M,23000,Frequency,4,1.6285871267318726
30M,23000,Frequency,5,1.5891964435577393
30M,23000,Frequency,6,1.5319234132766724
30M,23000,Frequency,7,1.4862236976623535
30M,23000,Frequency,8,1.4415196180343628
30M,23000,Frequency,9,1.393559455871582
30M,23000,Frequency,10,1.3553154468536377
30M,23000,Frequency,11,1.3177067041397095
30M,23000,Frequency,12,1.269761323928833
30M,23000,Frequency,13,1.2315436601638794
30M,23000,Frequency,14,1.1871342658996582
30M,23000,Frequency,15,1.177891731262207
30M,23000,Frequency,16,1.1429005861282349
30M,23000,Frequency,17,1.1098121404647827
30M,23000,Frequency,18,1.0673246383666992
30M,23000,Frequency,19,1.0541411638259888
30M,23000,Frequency,20,1.026429533958435
30M,23000,Frequency,21,0.9865749478340149
30M,23000,Frequency,22,0.981333315372467
30M,23000,Frequency,23,0.9472865462303162
30M,23000,Frequency,24,0.9226111173629761
30M,23000,Frequency,25,0.898953914642334
30M,23000,Frequency,26,0.8787079453468323
30M,23000,Frequency,27,0.8550809621810913
30M,23000,Frequency,28,0.8321413993835449
30M,23000,Frequency,29,0.8081285953521729
30M,23000,Frequency,30,0.7830576300621033
30M,23000,Frequency,31,0.7544714212417603
30M,23000,Frequency,32,0.7367293834686279
30M,23000,Frequency,33,0.6980113387107849
30M,23000,Frequency,34,0.6746175289154053
30M,23000,Frequency,35,0.6418159604072571
30M,23000,Frequency,36,0.6130930185317993
30M,23000,Frequency,37,0.5689561367034912
30M,23000,Frequency,38,0.538955569267273
30M,23000,Frequency,39,0.4974159002304077
30M,23000,Frequency,40,0.46577566862106323
30M,23000,Frequency,41,0.43760085105895996
30M,23000,Frequency,42,0.41799309849739075
30M,23000,Frequency,43,0.40508389472961426
30M,23000,Frequency,44,0.40021198987960815
30M,23000,Random,0,1.0417124032974243
30M,23000,Random,1,1.0187931060791016
30M,23000,Random,2,1.053899884223938
30M,23000,Random,3,1.0156606435775757
30M,23000,Random,4,1.0304481983184814
30M,23000,Random,5,1.041945457458496
30M,23000,Random,6,1.0316284894943237
30M,23000,Random,7,1.0174975395202637
30M,23000,Random,8,1.0383155345916748
30M,23000,Random,9,1.045170783996582
30M,23000,Random,10,1.0238648653030396
30M,23000,Random,11,1.030036449432373
30M,23000,Random,12,1.024572491645813
30M,23000,Random,13,1.0160527229309082
30M,23000,Random,14,1.027666449546814
30M,23000,Random,15,1.0308717489242554
30M,23000,Random,16,1.0347636938095093
30M,23000,Random,17,1.0558733940124512
30M,23000,Random,18,1.0303617715835571
30M,23000,Random,19,1.004797101020813
30M,23000,Random,20,1.0204825401306152
30M,23000,Random,21,1.0335522890090942
30M,23000,Random,22,1.0289289951324463
30M,23000,Random,23,1.0253117084503174
30M,23000,Random,24,1.0295847654342651
30M,23000,Random,25,1.0134085416793823
30M,23000,Random,26,1.019789218902588
30M,23000,Random,27,1.0229878425598145
30M,23000,Random,28,1.0121158361434937
30M,23000,Random,29,1.0377768278121948
30M,23000,Random,30,1.0328664779663086
30M,23000,Random,31,1.0300226211547852
30M,23000,Random,32,1.0199780464172363
30M,23000,Random,33,1.0130890607833862
30M,23000,Random,34,1.0236046314239502
30M,23000,Random,35,1.0311970710754395
30M,23000,Random,36,1.037030816078186
30M,23000,Random,37,1.0128904581069946
30M,23000,Random,38,1.0163019895553589
30M,23000,Random,39,1.0231231451034546
30M,23000,Random,40,1.0379936695098877
30M,23000,Random,41,1.0345008373260498
30M,23000,Random,42,1.0415446758270264
30M,23000,Random,43,1.0242464542388916
30M,23000,Random,44,1.0242048501968384
30M,23000,Stat,Mean,0.9519698619842529
30M,23000,Stat,Std,0.4529625177383423
30M,23000,Stat,Max,2.449376344680786
30M,23500,Frequency,0,1.833477258682251
30M,23500,Frequency,1,1.8044333457946777
30M,23500,Frequency,2,1.760450005531311
30M,23500,Frequency,3,1.7054212093353271
30M,23500,Frequency,4,1.6450146436691284
30M,23500,Frequency,5,1.6051898002624512
30M,23500,Frequency,6,1.5482934713363647
30M,23500,Frequency,7,1.5013225078582764
30M,23500,Frequency,8,1.4560612440109253
30M,23500,Frequency,9,1.407677173614502
30M,23500,Frequency,10,1.368947982788086
30M,23500,Frequency,11,1.3314002752304077
30M,23500,Frequency,12,1.2826042175292969
30M,23500,Frequency,13,1.2441649436950684
30M,23500,Frequency,14,1.1985825300216675
30M,23500,Frequency,15,1.189760446548462
30M,23500,Frequency,16,1.1538697481155396
30M,23500,Frequency,17,1.1206135749816895
30M,23500,Frequency,18,1.0777305364608765
30M,23500,Frequency,19,1.0642904043197632
30M,23500,Frequency,20,1.0360316038131714
30M,23500,Frequency,21,0.9959263801574707
30M,23500,Frequency,22,0.9909802675247192
30M,23500,Frequency,23,0.9560259580612183
30M,23500,Frequency,24,0.9306925535202026
30M,23500,Frequency,25,0.9072384238243103
30M,23500,Frequency,26,0.886855959892273
30M,23500,Frequency,27,0.8629099726676941
30M,23500,Frequency,28,0.8390226364135742
30M,23500,Frequency,29,0.8148922324180603
30M,23500,Frequency,30,0.7896755337715149
30M,23500,Frequency,31,0.7605028748512268
30M,23500,Frequency,32,0.7427043318748474
30M,23500,Frequency,33,0.7032850384712219
30M,23500,Frequency,34,0.6795681118965149
30M,23500,Frequency,35,0.646339476108551
30M,23500,Frequency,36,0.6170245409011841
30M,23500,Frequency,37,0.5722420811653137
30M,23500,Frequency,38,0.5420235395431519
30M,23500,Frequency,39,0.49950215220451355
30M,23500,Frequency,40,0.46702831983566284
30M,23500,Frequency,41,0.4386079013347626
30M,23500,Frequency,42,0.4185354709625244
30M,23500,Frequency,43,0.40533584356307983
30M,23500,Frequency,44,0.40026524662971497
30M,23500,Random,0,1.051606297492981
30M,23500,Random,1,1.0284020900726318
30M,23500,Random,2,1.063861608505249
30M,23500,Random,3,1.024844765663147
30M,23500,Random,4,1.0395636558532715
30M,23500,Random,5,1.051234483718872
30M,23500,Random,6,1.0405813455581665
30M,23500,Random,7,1.027091383934021
30M,23500,Random,8,1.047607183456421
30M,23500,Random,9,1.0549215078353882
30M,23500,Random,10,1.0331522226333618
30M,23500,Random,11,1.0389108657836914
30M,23500,Random,12,1.0333915948867798
30M,23500,Random,13,1.025152325630188
30M,23500,Random,14,1.0373307466506958
30M,23500,Random,15,1.0402096509933472
30M,23500,Random,16,1.0442193746566772
30M,23500,Random,17,1.0653902292251587
30M,23500,Random,18,1.039725661277771
30M,23500,Random,19,1.014497995376587
30M,23500,Random,20,1.0296510457992554
30M,23500,Random,21,1.0427937507629395
30M,23500,Random,22,1.0384528636932373
30M,23500,Random,23,1.0343111753463745
30M,23500,Random,24,1.0388576984405518
30M,23500,Random,25,1.0229783058166504
30M,23500,Random,26,1.028550624847412
30M,23500,Random,27,1.0321805477142334
30M,23500,Random,28,1.020767331123352
30M,23500,Random,29,1.0469388961791992
30M,23500,Random,30,1.0425446033477783
30M,23500,Random,31,1.0391504764556885
30M,23500,Random,32,1.0289815664291382
30M,23500,Random,33,1.021773338317871
30M,23500,Random,34,1.0334852933883667
30M,23500,Random,35,1.0404741764068604
30M,23500,Random,36,1.0459076166152954
30M,23500,Random,37,1.0222846269607544
30M,23500,Random,38,1.0250056982040405
30M,23500,Random,39,1.0322566032409668
30M,23500,Random,40,1.0475757122039795
30M,23500,Random,41,1.043451189994812
30M,23500,Random,42,1.051003098487854
30M,23500,Random,43,1.033455729484558
30M,23500,Random,44,1.0337181091308594
30M,23500,Stat,Mean,0.9601405262947083
30M,23500,Stat,Std,0.45868173241615295
30M,23500,Stat,Max,2.4951460361480713
30M,24000,Frequency,0,1.849518895149231
30M,24000,Frequency,1,1.8207348585128784
30M,24000,Frequency,2,1.7772339582443237
30M,24000,Frequency,3,1.7225987911224365
30M,24000,Frequency,4,1.6612454652786255
30M,24000,Frequency,5,1.6214380264282227
30M,24000,Frequency,6,1.5634816884994507
30M,24000,Frequency,7,1.5165671110153198
30M,24000,Frequency,8,1.4705018997192383
30M,24000,Frequency,9,1.4223084449768066
30M,24000,Frequency,10,1.382779598236084
30M,24000,Frequency,11,1.3440607786178589
30M,24000,Frequency,12,1.2947778701782227
30M,24000,Frequency,13,1.256234884262085
30M,24000,Frequency,14,1.2104984521865845
30M,24000,Frequency,15,1.2013983726501465
30M,24000,Frequency,16,1.1646779775619507
30M,24000,Frequency,17,1.1315289735794067
30M,24000,Frequency,18,1.0881826877593994
30M,24000,Frequency,19,1.0733517408370972
30M,24000,Frequency,20,1.0457344055175781
30M,24000,Frequency,21,1.0049030780792236
30M,24000,Frequency,22,0.999885082244873
30M,24000,Frequency,23,0.9644355177879333
30M,24000,Frequency,24,0.939198911190033
30M,24000,Frequency,25,0.9155862331390381
30M,24000,Frequency,26,0.894455075263977
30M,24000,Frequency,27,0.8703644275665283
30M,24000,Frequency,28,0.8460403680801392
30M,24000,Frequency,29,0.8216525316238403
30M,24000,Frequency,30,0.7962747812271118
30M,24000,Frequency,31,0.7666734457015991
30M,24000,Frequency,32,0.7485449314117432
30M,24000,Frequency,33,0.7087079286575317
30M,24000,Frequency,34,0.6848488450050354
30M,24000,Frequency,35,0.6510637402534485
30M,24000,Frequency,36,0.6210774183273315
30M,24000,Frequency,37,0.5754900574684143
30M,24000,Frequency,38,0.5452752113342285
30M,24000,Frequency,39,0.5015844106674194
30M,24000,Frequency,40,0.46879521012306213
30M,24000,Frequency,41,0.4397364854812622
30M,24000,Frequency,42,0.419151246547699
30M,24000,Frequency,43,0.405561238527298
30M,24000,Frequency,44,0.4004572927951813
30M,24000,Random,0,1.0606430768966675
30M,24000,Random,1,1.0380851030349731
30M,24000,Random,2,1.073199987411499
30M,24000,Random,3,1.0339518785476685
30M,24000,Random,4,1.0483192205429077
30M,24000,Random,5,1.0605283975601196
30M,24000,Random,6,1.0499712228775024
30M,24000,Random,7,1.0364454984664917
30M,24000,Random,8,1.057075023651123
30M,24000,Random,9,1.0642465353012085
30M,24000,Random,10,1.0423617362976074
30M,24000,Random,11,1.0483499765396118
30M,24000,Random,12,1.0424740314483643
30M,24000,Random,13,1.0339573621749878
30M,24000,Random,14,1.0461852550506592
30M,24000,Random,15,1.0494160652160645
30M,24000,Random,16,1.053259253501892
30M,24000,Random,17,1.0746705532073975
30M,24000,Random,18,1.049088716506958
30M,24000,Random,19,1.0236015319824219
30M,24000,Random,20,1.03863525390625
30M,24000,Random,21,1.052248477935791
30M,24000,Random,22,1.0474358797073364
30M,24000,Random,23,1.0435665845870972
30M,24000,Random,24,1.0479685068130493
30M,24000,Random,25,1.0323305130004883
30M,24000,Random,26,1.037499189376831
30M,24000,Random,27,1.041505217552185
30M,24000,Random,28,1.0296844244003296
30M,24000,Random,29,1.0564680099487305
30M,24000,Random,30,1.051379919052124
30M,24000,Random,31,1.0485996007919312
30M,24000,Random,32,1.0380631685256958
30M,24000,Random,33,1.0305790901184082
30M,24000,Random,34,1.0425080060958862
30M,24000,Random,35,1.0500847101211548
30M,24000,Random,36,1.0551835298538208
30M,24000,Random,37,1.0311636924743652
30M,24000,Random,38,1.0339540243148804
30M,24000,Random,39,1.0417119264602661
30M,24000,Random,40,1.0569056272506714
30M,24000,Random,41,1.0521997213363647
30M,24000,Random,42,1.0600250959396362
30M,24000,Random,43,1.0428657531738281
30M,24000,Random,44,1.0420747995376587
30M,24000,Stat,Mean,0.9682180285453796
30M,24000,Stat,Std,0.4642556607723236
30M,24000,Stat,Max,2.5149426460266113
30M,29000,Frequency,0,1.9924551248550415
30M,29000,Frequency,1,1.9739503860473633
30M,29000,Frequency,2,1.9277688264846802
30M,29000,Frequency,3,1.8693708181381226
30M,29000,Frequency,4,1.805566430091858
30M,29000,Frequency,5,1.7618703842163086
30M,29000,Frequency,6,1.7010949850082397
30M,29000,Frequency,7,1.6481481790542603
30M,29000,Frequency,8,1.6000083684921265
30M,29000,Frequency,9,1.5461617708206177
30M,29000,Frequency,10,1.502709150314331
30M,29000,Frequency,11,1.4618134498596191
30M,29000,Frequency,12,1.4103628396987915
30M,29000,Frequency,13,1.3673352003097534
30M,29000,Frequency,14,1.3154431581497192
30M,29000,Frequency,15,1.3036162853240967
30M,29000,Frequency,16,1.2665952444076538
30M,29000,Frequency,17,1.2307696342468262
30M,29000,Frequency,18,1.1820399761199951
30M,29000,Frequency,19,1.1669443845748901
30M,29000,Frequency,20,1.1352651119232178
30M,29000,Frequency,21,1.0909795761108398
30M,29000,Frequency,22,1.083288550376892
30M,29000,Frequency,23,1.0458521842956543
30M,29000,Frequency,24,1.0174596309661865
30M,29000,Frequency,25,0.9901427030563354
30M,29000,Frequency,26,0.9664960503578186
30M,29000,Frequency,27,0.9389796257019043
30M,29000,Frequency,28,0.9132744073867798
30M,29000,Frequency,29,0.886708676815033
30M,29000,Frequency,30,0.8604149222373962
30M,29000,Frequency,31,0.8242492079734802
30M,29000,Frequency,32,0.8032611012458801
30M,29000,Frequency,33,0.7588967084884644
30M,29000,Frequency,34,0.7321677803993225
30M,29000,Frequency,35,0.694418728351593
30M,29000,Frequency,36,0.6584919095039368
30M,29000,Frequency,37,0.6094217300415039
30M,29000,Frequency,38,0.5728196501731873
30M,29000,Frequency,39,0.524251401424408
30M,29000,Frequency,40,0.4842836260795593
30M,29000,Frequency,41,0.44983476400375366
30M,29000,Frequency,42,0.42542779445648193
30M,29000,Frequency,43,0.4081975221633911
30M,29000,Frequency,44,0.40262553095817566
30M,29000,Random,0,1.1458982229232788
30M,29000,Random,1,1.1216416358947754
30M,29000,Random,2,1.1595146656036377
30M,29000,Random,3,1.115410566329956
30M,29000,Random,4,1.1323038339614868
30M,29000,Random,5,1.146587610244751
30M,29000,Random,6,1.1339914798736572
30M,29000,Random,7,1.1176729202270508
30M,29000,Random,8,1.141420841217041
30M,29000,Random,9,1.1504911184310913
30M,29000,Random,10,1.126253366470337
30M,29000,Random,11,1.1338533163070679
30M,29000,Random,12,1.1261498928070068
30M,29000,Random,13,1.117248773574829
30M,29000,Random,14,1.1292275190353394
30M,29000,Random,15,1.1338621377944946
30M,29000,Random,16,1.1375051736831665
30M,29000,Random,17,1.1622729301452637
30M,29000,Random,18,1.1338485479354858
30M,29000,Random,19,1.1053121089935303
30M,29000,Random,20,1.120866060256958
30M,29000,Random,21,1.1373528242111206
30M,29000,Random,22,1.1302404403686523
30M,29000,Random,23,1.1265798807144165
30M,29000,Random,24,1.1319608688354492
30M,29000,Random,25,1.1145660877227783
30M,29000,Random,26,1.1219940185546875
30M,29000,Random,27,1.1243923902511597
30M,29000,Random,28,1.109476923942566
30M,29000,Random,29,1.139992117881775
30M,29000,Random,30,1.1360983848571777
30M,29000,Random,31,1.1313817501068115
30M,29000,Random,32,1.1213575601577759
30M,29000,Random,33,1.1130536794662476
30M,29000,Random,34,1.1253410577774048
30M,29000,Random,35,1.133510947227478
30M,29000,Random,36,1.139890432357788
30M,29000,Random,37,1.1125141382217407
30M,29000,Random,38,1.1148618459701538
30M,29000,Random,39,1.1250814199447632
30M,29000,Random,40,1.1410506963729858
30M,29000,Random,41,1.1358025074005127
30M,29000,Random,42,1.1460427045822144
30M,29000,Random,43,1.1252695322036743
30M,29000,Random,44,1.1233620643615723
30M,29000,Stat,Mean,1.0418593883514404
30M,29000,Stat,Std,0.5138957500457764
30M,29000,Stat,Max,2.723130941390991
7M,1500,Frequency,0,0.40944334864616394
7M,1500,Frequency,1,0.3692500591278076
7M,1500,Frequency,2,0.353488028049469
7M,1500,Frequency,3,0.344223290681839
7M,1500,Frequency,4,0.3319929540157318
7M,1500,Frequency,5,0.3258363902568817
7M,1500,Frequency,6,0.3164885640144348
7M,1500,Frequency,7,0.31073763966560364
7M,1500,Frequency,8,0.3051123023033142
7M,1500,Frequency,9,0.2997848391532898
7M,1500,Frequency,10,0.2945699393749237
7M,1500,Frequency,11,0.2918644845485687
7M,1500,Frequency,12,0.28686630725860596
7M,1500,Frequency,13,0.28233271837234497
7M,1500,Frequency,14,0.2785668671131134
7M,1500,Frequency,15,0.27738893032073975
7M,1500,Frequency,16,0.27434512972831726
7M,1500,Frequency,17,0.27014854550361633
7M,1500,Frequency,18,0.26656800508499146
7M,1500,Frequency,19,0.26589611172676086
7M,1500,Frequency,20,0.2625125050544739
7M,1500,Frequency,21,0.2602335810661316
7M,1500,Frequency,22,0.2595871090888977
7M,1500,Frequency,23,0.25630804896354675
7M,1500,Frequency,24,0.2548830807209015
7M,1500,Frequency,25,0.2531486451625824
7M,1500,Frequency,26,0.25044411420822144
7M,1500,Frequency,27,0.2496127188205719
7M,1500,Frequency,28,0.24624516069889069
7M,1500,Frequency,29,0.2454840987920761
7M,1500,Frequency,30,0.24417711794376373
7M,1500,Frequency,31,0.2412947118282318
7M,1500,Frequency,32,0.2404608428478241
7M,1500,Frequency,33,0.2383069396018982
7M,1500,Frequency,34,0.23609711229801178
7M,1500,Frequency,35,0.23503918945789337
7M,1500,Frequency,36,0.23356343805789948
7M,1500,Frequency,37,0.23154062032699585
7M,1500,Frequency,38,0.23047587275505066
7M,1500,Frequency,39,0.2285422533750534
7M,1500,Frequency,40,0.22782495617866516
7M,1500,Frequency,41,0.22720184922218323
7M,1500,Frequency,42,0.2266993671655655
7M,1500,Frequency,43,0.22609835863113403
7M,1500,Frequency,44,0.22643320262432098
7M,1500,Random,0,0.27135130763053894
7M,1500,Random,1,0.27243557572364807
7M,1500,Random,2,0.26918405294418335
7M,1500,Random,3,0.2741587162017822
7M,1500,Random,4,0.2683572471141815
7M,1500,Random,5,0.2706925570964813
7M,1500,Random,6,0.2723805606365204
7M,1500,Random,7,0.27331045269966125
7M,1500,Random,8,0.268341600894928
7M,1500,Random,9,0.2711534798145294
7M,1500,Random,10,0.27371835708618164
7M,1500,Random,11,0.27082788944244385
7M,1500,Random,12,0.2695941627025604
7M,1500,Random,13,0.2715086340904236
7M,1500,Random,14,0.2695659399032593
7M,1500,Random,15,0.2715650498867035
7M,1500,Random,16,0.27253663539886475
7M,1500,Random,17,0.2729656398296356
7M,1500,Random,18,0.2735946774482727
7M,1500,Random,19,0.27347564697265625
7M,1500,Random,20,0.272565096616745
7M,1500,Random,21,0.2730928957462311
7M,1500,Random,22,0.27070847153663635
7M,1500,Random,23,0.2721380591392517
7M,1500,Random,24,0.2724294662475586
7M,1500,Random,25,0.26873883605003357
7M,1500,Random,26,0.2717697322368622
7M,1500,Random,27,0.2713334262371063
7M,1500,Random,28,0.2729083299636841
7M,1500,Random,29,0.2703806161880493
7M,1500,Random,30,0.27229228615760803
7M,1500,Random,31,0.2692970931529999
7M,1500,Random,32,0.27307403087615967
7M,1500,Random,33,0.27341610193252563
7M,1500,Random,34,0.27277544140815735
7M,1500,Random,35,0.2717633545398712
7M,1500,Random,36,0.2714323103427887
7M,1500,Random,37,0.2700932025909424
7M,1500,Random,38,0.2710770070552826
7M,1500,Random,39,0.2725430428981781
7M,1500,Random,40,0.2712028920650482
7M,1500,Random,41,0.27158722281455994
7M,1500,Random,42,0.27058327198028564
7M,1500,Random,43,0.27219170331954956
7M,1500,Random,44,0.26889896392822266
7M,1500,Stat,Mean,0.2661149203777313
7M,1500,Stat,Std,0.05091974884271622
7M,1500,Stat,Max,0.768505334854126
7M,2000,Frequency,0,0.4427627921104431
7M,2000,Frequency,1,0.40422582626342773
7M,2000,Frequency,2,0.3882656991481781
7M,2000,Frequency,3,0.37611743807792664
7M,2000,Frequency,4,0.36201825737953186
7M,2000,Frequency,5,0.35488855838775635
7M,2000,Frequency,6,0.3439578115940094
7M,2000,Frequency,7,0.3362974226474762
7M,2000,Frequency,8,0.32988280057907104
7M,2000,Frequency,9,0.32348790764808655
7M,2000,Frequency,10,0.316010981798172
7M,2000,Frequency,11,0.31288942694664
7M,2000,Frequency,12,0.30692097544670105
7M,2000,Frequency,13,0.30192291736602783
7M,2000,Frequency,14,0.2953813374042511
7M,2000,Frequency,15,0.2956787943840027
7M,2000,Frequency,16,0.29146608710289
7M,2000,Frequency,17,0.2857891321182251
7M,2000,Frequency,18,0.2815670669078827
7M,2000,Frequency,19,0.2802182137966156
7M,2000,Frequency,20,0.27668264508247375
7M,2000,Frequency,21,0.27236467599868774
7M,2000,Frequency,22,0.27260708808898926
7M,2000,Frequency,23,0.26832902431488037
7M,2000,Frequency,24,0.2665014863014221
7M,2000,Frequency,25,0.26368552446365356
7M,2000,Frequency,26,0.2603107690811157
7M,2000,Frequency,27,0.25927790999412537
7M,2000,Frequency,28,0.2552071213722229
7M,2000,Frequency,29,0.25410574674606323
7M,2000,Frequency,30,0.25192373991012573
7M,2000,Frequency,31,0.24782058596611023
7M,2000,Frequency,32,0.24696630239486694
7M,2000,Frequency,33,0.2435513585805893
7M,2000,Frequency,34,0.2405249923467636
7M,2000,Frequency,35,0.2383398562669754
7M,2000,Frequency,36,0.23671001195907593
7M,2000,Frequency,37,0.23417435586452484
7M,2000,Frequency,38,0.2324078530073166
7M,2000,Frequency,39,0.22983115911483765
7M,2000,Frequency,40,0.22864045202732086
7M,2000,Frequency,41,0.22788703441619873
7M,2000,Frequency,42,0.22697755694389343
7M,2000,Frequency,43,0.22626221179962158
7M,2000,Frequency,44,0.2265329360961914
7M,2000,Random,0,0.28580930829048157
7M,2000,Random,1,0.2868724763393402
7M,2000,Random,2,0.28327664732933044
7M,2000,Random,3,0.2893238961696625
7M,2000,Random,4,0.2814939320087433
7M,2000,Random,5,0.28425103425979614
7M,2000,Random,6,0.2873717248439789
7M,2000,Random,7,0.2868204414844513
7M,2000,Random,8,0.28165778517723083
7M,2000,Random,9,0.2854653596878052
7M,2000,Random,10,0.2889176607131958
7M,2000,Random,11,0.28488272428512573
7M,2000,Random,12,0.2836724817752838
7M,2000,Random,13,0.28556180000305176
7M,2000,Random,14,0.2829356789588928
7M,2000,Random,15,0.2859207093715668
7M,2000,Random,16,0.2863909900188446
7M,2000,Random,17,0.2879549562931061
7M,2000,Random,18,0.28826943039894104
7M,2000,Random,19,0.2887799143791199
7M,2000,Random,20,0.28671330213546753
7M,2000,Random,21,0.28735676407814026
7M,2000,Random,22,0.2847438156604767
7M,2000,Random,23,0.2868800759315491
7M,2000,Random,24,0.2860337495803833
7M,2000,Random,25,0.2824536859989166
7M,2000,Random,26,0.28565713763237
7M,2000,Random,27,0.28502851724624634
7M,2000,Random,28,0.28709521889686584
7M,2000,Random,29,0.28442254662513733
7M,2000,Random,30,0.2868363559246063
7M,2000,Random,31,0.28339138627052307
7M,2000,Random,32,0.2876904308795929
7M,2000,Random,33,0.2879101634025574
7M,2000,Random,34,0.2874636948108673
7M,2000,Random,35,0.2862915098667145
7M,2000,Random,36,0.2855132520198822
7M,2000,Random,37,0.284767210483551
7M,2000,Random,38,0.2853012681007385
7M,2000,Random,39,0.286805659532547
7M,2000,Random,40,0.2854224741458893
7M,2000,Random,41,0.2858043909072876
7M,2000,Random,42,0.2845275104045868
7M,2000,Random,43,0.28697022795677185
7M,2000,Random,44,0.2832781672477722
7M,2000,Stat,Mean,0.2786540389060974
7M,2000,Stat,Std,0.062090951949357986
7M,2000,Stat,Max,0.8381048440933228
7M,2500,Frequency,0,0.4698951840400696
7M,2500,Frequency,1,0.43417489528656006
7M,2500,Frequency,2,0.4181319773197174
7M,2500,Frequency,3,0.405524879693985
7M,2500,Frequency,4,0.39005035161972046
7M,2500,Frequency,5,0.3816409707069397
7M,2500,Frequency,6,0.3697676658630371
7M,2500,Frequency,7,0.3608042001724243
7M,2500,Frequency,8,0.35306432843208313
7M,2500,Frequency,9,0.34531867504119873
7M,2500,Frequency,10,0.3373187482357025
7M,2500,Frequency,11,0.3334595263004303
7M,2500,Frequency,12,0.3259774148464203
7M,2500,Frequency,13,0.3198101818561554
7M,2500,Frequency,14,0.313408762216568
7M,2500,Frequency,15,0.31286340951919556
7M,2500,Frequency,16,0.30787134170532227
7M,2500,Frequency,17,0.3014843165874481
7M,2500,Frequency,18,0.29593002796173096
7M,2500,Frequency,19,0.2943139672279358
7M,2500,Frequency,20,0.2898027300834656
7M,2500,Frequency,21,0.2851298153400421
7M,2500,Frequency,22,0.28515416383743286
7M,2500,Frequency,23,0.2797732651233673
7M,2500,Frequency,24,0.2776232361793518
7M,2500,Frequency,25,0.27448686957359314
7M,2500,Frequency,26,0.2699768543243408
7M,2500,Frequency,27,0.2684476971626282
7M,2500,Frequency,28,0.26448315382003784
7M,2500,Frequency,29,0.26213589310646057
7M,2500,Frequency,30,0.2594820559024811
7M,2500,Frequency,31,0.2551022469997406
7M,2500,Frequency,32,0.2532137632369995
7M,2500,Frequency,33,0.2487875372171402
7M,2500,Frequency,34,0.245315819978714
7M,2500,Frequency,35,0.2422887682914734
7M,2500,Frequency,36,0.24004127085208893
7M,2500,Frequency,37,0.23686419427394867
7M,2500,Frequency,38,0.23444706201553345
7M,2500,Frequency,39,0.2312038391828537
7M,2500,Frequency,40,0.22943168878555298
7M,2500,Frequency,41,0.22842201590538025
7M,2500,Frequency,42,0.2273492068052292
7M,2500,Frequency,43,0.22645632922649384
7M,2500,Frequency,44,0.2265607714653015
7M,2500,Random,0,0.2994893193244934
7M,2500,Random,1,0.300295352935791
7M,2500,Random,2,0.29668593406677246
7M,2500,Random,3,0.30362436175346375
7M,2500,Random,4,0.29372137784957886
7M,2500,Random,5,0.2976965010166168
7M,2500,Random,6,0.30143094062805176
7M,2500,Random,7,0.2998429536819458
7M,2500,Random,8,0.29415929317474365
7M,2500,Random,9,0.2993353307247162
7M,2500,Random,10,0.30300551652908325
7M,2500,Random,11,0.2981523275375366
7M,2500,Random,12,0.29679909348487854
7M,2500,Random,13,0.2991585433483124
7M,2500,Random,14,0.2965335249900818
7M,2500,Random,15,0.2992669641971588
7M,2500,Random,16,0.29972121119499207
7M,2500,Random,17,0.30183035135269165
7M,2500,Random,18,0.30155178904533386
7M,2500,Random,19,0.3025124669075012
7M,2500,Random,20,0.30003780126571655
7M,2500,Random,21,0.3010205626487732
7M,2500,Random,22,0.297837495803833
7M,2500,Random,23,0.3004169166088104
7M,2500,Random,24,0.29945647716522217
7M,2500,Random,25,0.2958708703517914
7M,2500,Random,26,0.29932624101638794
7M,2500,Random,27,0.2974836528301239
7M,2500,Random,28,0.30073970556259155
7M,2500,Random,29,0.29783549904823303
7M,2500,Random,30,0.3009994924068451
7M,2500,Random,31,0.2969836890697479
7M,2500,Random,32,0.3013722598552704
7M,2500,Random,33,0.3016982674598694
7M,2500,Random,34,0.30084988474845886
7M,2500,Random,35,0.2997434139251709
7M,2500,Random,36,0.2987012267112732
7M,2500,Random,37,0.2980915904045105
7M,2500,Random,38,0.29830390214920044
7M,2500,Random,39,0.30045533180236816
7M,2500,Random,40,0.2987152636051178
7M,2500,Random,41,0.2991622984409332
7M,2500,Random,42,0.298223078250885
7M,2500,Random,43,0.30078744888305664
7M,2500,Random,44,0.29605740308761597
7M,2500,Stat,Mean,0.29050108790397644
7M,2500,Stat,Std,0.07201752066612244
7M,2500,Stat,Max,0.8595060110092163
7M,3000,Frequency,0,0.49560412764549255
7M,3000,Frequency,1,0.46140196919441223
7M,3000,Frequency,2,0.44623810052871704
7M,3000,Frequency,3,0.4324547052383423
7M,3000,Frequency,4,0.41539719700813293
7M,3000,Frequency,5,0.4062473773956299
7M,3000,Frequency,6,0.3940141201019287
7M,3000,Frequency,7,0.38352325558662415
7M,3000,Frequency,8,0.37426361441612244
7M,3000,Frequency,9,0.36611253023147583
7M,3000,Frequency,10,0.3574398458003998
7M,3000,Frequency,11,0.3529304563999176
7M,3000,Frequency,12,0.3435620963573456
7M,3000,Frequency,13,0.3376726806163788
7M,3000,Frequency,14,0.3294755518436432
7M,3000,Frequency,15,0.3287869095802307
7M,3000,Frequency,16,0.3233988583087921
7M,3000,Frequency,17,0.31586626172065735
7M,3000,Frequency,18,0.3092521131038666
7M,3000,Frequency,19,0.3080922067165375
7M,3000,Frequency,20,0.30243387818336487
7M,3000,Frequency,21,0.2971193790435791
7M,3000,Frequency,22,0.2968396842479706
7M,3000,Frequency,23,0.29093748331069946
7M,3000,Frequency,24,0.2881772816181183
7M,3000,Frequency,25,0.28461953997612
7M,3000,Frequency,26,0.27975600957870483
7M,3000,Frequency,27,0.2776065170764923
7M,3000,Frequency,28,0.27258265018463135
7M,3000,Frequency,29,0.2697356343269348
7M,3000,Frequency,30,0.26718828082084656
7M,3000,Frequency,31,0.2621512711048126
7M,3000,Frequency,32,0.25920769572257996
7M,3000,Frequency,33,0.2544165253639221
7M,3000,Frequency,34,0.2500506341457367
7M,3000,Frequency,35,0.24647735059261322
7M,3000,Frequency,36,0.24330319464206696
7M,3000,Frequency,37,0.23978307843208313
7M,3000,Frequency,38,0.236568421125412
7M,3000,Frequency,39,0.23256166279315948
7M,3000,Frequency,40,0.23036906123161316
7M,3000,Frequency,41,0.22899259626865387
7M,3000,Frequency,42,0.22766095399856567
7M,3000,Frequency,43,0.2266063094139099
7M,3000,Frequency,44,0.22664853930473328
7M,3000,Random,0,0.3121406137943268
7M,3000,Random,1,0.31249693036079407
7M,3000,Random,2,0.308936208486557
7M,3000,Random,3,0.31652596592903137
7M,3000,Random,4,0.3053853511810303
7M,3000,Random,5,0.3107020854949951
7M,3000,Random,6,0.3138597905635834
7M,3000,Random,7,0.3126589059829712
7M,3000,Random,8,0.30590537190437317
7M,3000,Random,9,0.3123380243778229
7M,3000,Random,10,0.3153591454029083
7M,3000,Random,11,0.3109515905380249
7M,3000,Random,12,0.30907967686653137
7M,3000,Random,13,0.3116702139377594
7M,3000,Random,14,0.3091038167476654
7M,3000,Random,15,0.31144949793815613
7M,3000,Random,16,0.31224381923675537
7M,3000,Random,17,0.31452205777168274
7M,3000,Random,18,0.31547459959983826
7M,3000,Random,19,0.3162173330783844
7M,3000,Random,20,0.3130711317062378
7M,3000,Random,21,0.3131813704967499
7M,3000,Random,22,0.3100709915161133
7M,3000,Random,23,0.3133135735988617
7M,3000,Random,24,0.31166455149650574
7M,3000,Random,25,0.3082246482372284
7M,3000,Random,26,0.31237784028053284
7M,3000,Random,27,0.3103233873844147
7M,3000,Random,28,0.31392282247543335
7M,3000,Random,29,0.3104284107685089
7M,3000,Random,30,0.314079225063324
7M,3000,Random,31,0.30956345796585083
7M,3000,Random,32,0.3140161335468292
7M,3000,Random,33,0.31461700797080994
7M,3000,Random,34,0.31365111470222473
7M,3000,Random,35,0.31327322125434875
7M,3000,Random,36,0.3117500841617584
7M,3000,Random,37,0.3106571435928345
7M,3000,Random,38,0.3110366761684418
7M,3000,Random,39,0.3126498758792877
7M,3000,Random,40,0.3116135001182556
7M,3000,Random,41,0.3115764260292053
7M,3000,Random,42,0.3102451264858246
7M,3000,Random,43,0.3141341805458069
7M,3000,Random,44,0.30864137411117554
7M,3000,Stat,Mean,0.30165717005729675
7M,3000,Stat,Std,0.081149622797966
7M,3000,Stat,Max,0.9278520941734314
7M,3500,Frequency,0,0.5192731618881226
7M,3500,Frequency,1,0.48660504817962646
7M,3500,Frequency,2,0.47110608220100403
7M,3500,Frequency,3,0.4567610025405884
7M,3500,Frequency,4,0.4390667974948883
7M,3500,Frequency,5,0.42897170782089233
7M,3500,Frequency,6,0.4162844717502594
7M,3500,Frequency,7,0.4049817621707916
7M,3500,Frequency,8,0.39497750997543335
7M,3500,Frequency,9,0.3853670656681061
7M,3500,Frequency,10,0.3770886957645416
7M,3500,Frequency,11,0.3715108633041382
7M,3500,Frequency,12,0.36093324422836304
7M,3500,Frequency,13,0.35445311665534973
7M,3500,Frequency,14,0.3453870713710785
7M,3500,Frequency,15,0.3447757959365845
7M,3500,Frequency,16,0.33797508478164673
7M,3500,Frequency,17,0.33056023716926575
7M,3500,Frequency,18,0.32190263271331787
7M,3500,Frequency,19,0.32101988792419434
7M,3500,Frequency,20,0.31474751234054565
7M,3500,Frequency,21,0.3089970648288727
7M,3500,Frequency,22,0.30847373604774475
7M,3500,Frequency,23,0.3012158274650574
7M,3500,Frequency,24,0.29902589321136475
7M,3500,Frequency,25,0.2947863042354584
7M,3500,Frequency,26,0.28898921608924866
7M,3500,Frequency,27,0.2863520383834839
7M,3500,Frequency,28,0.28168749809265137
7M,3500,Frequency,29,0.2775593400001526
7M,3500,Frequency,30,0.27475428581237793
7M,3500,Frequency,31,0.2690286934375763
7M,3500,Frequency,32,0.2651979923248291
7M,3500,Frequency,33,0.260081022977829
7M,3500,Frequency,34,0.2549903094768524
7M,3500,Frequency,35,0.250559538602829
7M,3500,Frequency,36,0.246843621134758
7M,3500,Frequency,37,0.24232648313045502
7M,3500,Frequency,38,0.23883593082427979
7M,3500,Frequency,39,0.2337517887353897
7M,3500,Frequency,40,0.23127026855945587
7M,3500,Frequency,41,0.2295379638671875
7M,3500,Frequency,42,0.2279191017150879
7M,3500,Frequency,43,0.22670306265354156
7M,3500,Frequency,44,0.22681474685668945
7M,3500,Random,0,0.32462143898010254
7M,3500,Random,1,0.32455354928970337
7M,3500,Random,2,0.3211401402950287
7M,3500,Random,3,0.32969027757644653
7M,3500,Random,4,0.31671616435050964
7M,3500,Random,5,0.3231331706047058
7M,3500,Random,6,0.32623937726020813
7M,3500,Random,7,0.3246135413646698
7M,3500,Random,8,0.3181455433368683
7M,3500,Random,9,0.32416051626205444
7M,3500,Random,10,0.32727691531181335
7M,3500,Random,11,0.3225870132446289
7M,3500,Random,12,0.3207143545150757
7M,3500,Random,13,0.32370996475219727
7M,3500,Random,14,0.3210548162460327
7M,3500,Random,15,0.32352709770202637
7M,3500,Random,16,0.3242959678173065
7M,3500,Random,17,0.3272225558757782
7M,3500,Random,18,0.3276819586753845
7M,3500,Random,19,0.32866060733795166
7M,3500,Random,20,0.325255423784256
7M,3500,Random,21,0.3248078525066376
7M,3500,Random,22,0.32209324836730957
7M,3500,Random,23,0.3260567784309387
7M,3500,Random,24,0.3233741521835327
7M,3500,Random,25,0.3199646472930908
7M,3500,Random,26,0.3243293762207031
7M,3500,Random,27,0.32225367426872253
7M,3500,Random,28,0.3264661729335785
7M,3500,Random,29,0.32256239652633667
7M,3500,Random,30,0.326395183801651
7M,3500,Random,31,0.32102063298225403
7M,3500,Random,32,0.32644397020339966
7M,3500,Random,33,0.3271786570549011
7M,3500,Random,34,0.3261776864528656
7M,3500,Random,35,0.3252499997615814
7M,3500,Random,36,0.3236074149608612
7M,3500,Random,37,0.32232367992401123
7M,3500,Random,38,0.3227182924747467
7M,3500,Random,39,0.32510659098625183
7M,3500,Random,40,0.32345452904701233
7M,3500,Random,41,0.3237729072570801
7M,3500,Random,42,0.32222074270248413
7M,3500,Random,43,0.32669690251350403
7M,3500,Random,44,0.32062840461730957
7M,3500,Stat,Mean,0.312318354845047
7M,3500,Stat,Std,0.08971402794122696
7M,3500,Stat,Max,0.973258912563324
7M,4000,Frequency,0,0.5406047105789185
7M,4000,Frequency,1,0.5085033178329468
7M,4000,Frequency,2,0.4941209852695465
7M,4000,Frequency,3,0.4784848392009735
7M,4000,Frequency,4,0.4608626663684845
7M,4000,Frequency,5,0.4509233236312866
7M,4000,Frequency,6,0.43721479177474976
7M,4000,Frequency,7,0.42442938685417175
7M,4000,Frequency,8,0.4143870174884796
7M,4000,Frequency,9,0.4035019278526306
7M,4000,Frequency,10,0.3950694501399994
7M,4000,Frequency,11,0.38863587379455566
7M,4000,Frequency,12,0.3774615228176117
7M,4000,Frequency,13,0.3695470988750458
7M,4000,Frequency,14,0.3601005971431732
7M,4000,Frequency,15,0.35931798815727234
7M,4000,Frequency,16,0.35170960426330566
7M,4000,Frequency,17,0.3438878655433655
7M,4000,Frequency,18,0.3352830708026886
7M,4000,Frequency,19,0.3334779143333435
7M,4000,Frequency,20,0.32687219977378845
7M,4000,Frequency,21,0.3200622498989105
7M,4000,Frequency,22,0.3193908631801605
7M,4000,Frequency,23,0.31241974234580994
7M,4000,Frequency,24,0.3089213967323303
7M,4000,Frequency,25,0.3041898012161255
7M,4000,Frequency,26,0.29846230149269104
7M,4000,Frequency,27,0.2951740026473999
7M,4000,Frequency,28,0.28991928696632385
7M,4000,Frequency,29,0.28610217571258545
7M,4000,Frequency,30,0.2825687825679779
7M,4000,Frequency,31,0.27571526169776917
7M,4000,Frequency,32,0.27188852429389954
7M,4000,Frequency,33,0.2652389705181122
7M,4000,Frequency,34,0.26023346185684204
7M,4000,Frequency,35,0.254888653755188
7M,4000,Frequency,36,0.250409871339798
7M,4000,Frequency,37,0.2449827939271927
7M,4000,Frequency,38,0.2408422827720642
7M,4000,Frequency,39,0.23524877429008484
7M,4000,Frequency,40,0.23224249482154846
7M,4000,Frequency,41,0.2301306277513504
7M,4000,Frequency,42,0.22828689217567444
7M,4000,Frequency,43,0.22681298851966858
7M,4000,Frequency,44,0.2268676608800888
7M,4000,Random,0,0.33640167117118835
7M,4000,Random,1,0.3358401358127594
7M,4000,Random,2,0.3319883942604065
7M,4000,Random,3,0.3418079912662506
7M,4000,Random,4,0.3276956081390381
7M,4000,Random,5,0.3341158628463745
7M,4000,Random,6,0.33764299750328064
7M,4000,Random,7,0.3354582190513611
7M,4000,Random,8,0.3290429711341858
7M,4000,Random,9,0.3350771963596344
7M,4000,Random,10,0.3389987051486969
7M,4000,Random,11,0.33372870087623596
7M,4000,Random,12,0.33206790685653687
7M,4000,Random,13,0.3351937234401703
7M,4000,Random,14,0.33259713649749756
7M,4000,Random,15,0.33493271470069885
7M,4000,Random,16,0.3353469967842102
7M,4000,Random,17,0.33870255947113037
7M,4000,Random,18,0.3394370377063751
7M,4000,Random,19,0.340853214263916
7M,4000,Random,20,0.33726558089256287
7M,4000,Random,21,0.3365703225135803
7M,4000,Random,22,0.3336050808429718
7M,4000,Random,23,0.3380967080593109
7M,4000,Random,24,0.33410921692848206
7M,4000,Random,25,0.33137694001197815
7M,4000,Random,26,0.3359650671482086
7M,4000,Random,27,0.3336804509162903
7M,4000,Random,28,0.3381931781768799
7M,4000,Random,29,0.33417338132858276
7M,4000,Random,30,0.33841174840927124
7M,4000,Random,31,0.33265626430511475
7M,4000,Random,32,0.33787140250205994
7M,4000,Random,33,0.3385637402534485
7M,4000,Random,34,0.33714061975479126
7M,4000,Random,35,0.3366881310939789
7M,4000,Random,36,0.33535289764404297
7M,4000,Random,37,0.3332507312297821
7M,4000,Random,38,0.3339245021343231
7M,4000,Random,39,0.33608558773994446
7M,4000,Random,40,0.33432868123054504
7M,4000,Random,41,0.3355536460876465
7M,4000,Random,42,0.3334035575389862
7M,4000,Random,43,0.33923599123954773
7M,4000,Random,44,0.3316672742366791
7M,4000,Stat,Mean,0.32238471508026123
7M,4000,Stat,Std,0.09751710295677185
7M,4000,Stat,Max,1.0243635177612305
7M,4500,Frequency,0,0.5611073970794678
7M,4500,Frequency,1,0.5300516486167908
7M,4500,Frequency,2,0.5156352519989014
7M,4500,Frequency,3,0.49907463788986206
7M,4500,Frequency,4,0.48118069767951965
7M,4500,Frequency,5,0.4713422358036041
7M,4500,Frequency,6,0.45601630210876465
7M,4500,Frequency,7,0.44367724657058716
7M,4500,Frequency,8,0.4319324195384979
7M,4500,Frequency,9,0.420438677072525
7M,4500,Frequency,10,0.41146543622016907
7M,4500,Frequency,11,0.40388959646224976
7M,4500,Frequency,12,0.3925553262233734
7M,4500,Frequency,13,0.38423627614974976
7M,4500,Frequency,14,0.37389761209487915
7M,4500,Frequency,15,0.37305745482444763
7M,4500,Frequency,16,0.3647247552871704
7M,4500,Frequency,17,0.3565187156200409
7M,4500,Frequency,18,0.34688955545425415
7M,4500,Frequency,19,0.3453232944011688
7M,4500,Frequency,20,0.3381780982017517
7M,4500,Frequency,21,0.3309074938297272
7M,4500,Frequency,22,0.3303135931491852
7M,4500,Frequency,23,0.32203981280326843
7M,4500,Frequency,24,0.3182010054588318
7M,4500,Frequency,25,0.3132517635822296
7M,4500,Frequency,26,0.30738145112991333
7M,4500,Frequency,27,0.3035810589790344
7M,4500,Frequency,28,0.29777792096138
7M,4500,Frequency,29,0.29341012239456177
7M,4500,Frequency,30,0.28933092951774597
7M,4500,Frequency,31,0.2820318937301636
7M,4500,Frequency,32,0.2778835594654083
7M,4500,Frequency,33,0.2708337903022766
7M,4500,Frequency,34,0.2651557922363281
7M,4500,Frequency,35,0.25875988602638245
7M,4500,Frequency,36,0.2540462911128998
7M,4500,Frequency,37,0.24770891666412354
7M,4500,Frequency,38,0.24296681582927704
7M,4500,Frequency,39,0.2366487681865692
7M,4500,Frequency,40,0.2332235425710678
7M,4500,Frequency,41,0.2307044267654419
7M,4500,Frequency,42,0.22855211794376373
7M,4500,Frequency,43,0.22704623639583588
7M,4500,Frequency,44,0.22691506147384644
7M,4500,Random,0,0.34709927439689636
7M,4500,Random,1,0.3465975224971771
7M,4500,Random,2,0.34252917766571045
7M,4500,Random,3,0.3526299297809601
7M,4500,Random,4,0.3378054201602936
7M,4500,Random,5,0.3445482552051544
7M,4500,Random,6,0.34900903701782227
7M,4500,Random,7,0.3469879925251007
7M,4500,Random,8,0.3394773006439209
7M,4500,Random,9,0.34589076042175293
7M,4500,Random,10,0.3498384654521942
7M,4500,Random,11,0.34406551718711853
7M,4500,Random,12,0.34269553422927856
7M,4500,Random,13,0.34576553106307983
7M,4500,Random,14,0.34297871589660645
7M,4500,Random,15,0.3456602990627289
7M,4500,Random,16,0.3455072045326233
7M,4500,Random,17,0.3499394953250885
7M,4500,Random,18,0.35037362575531006
7M,4500,Random,19,0.35200273990631104
7M,4500,Random,20,0.34780585765838623
7M,4500,Random,21,0.3473932445049286
7M,4500,Random,22,0.3445684313774109
7M,4500,Random,23,0.3492199778556824
7M,4500,Random,24,0.34484997391700745
7M,4500,Random,25,0.34184545278549194
7M,4500,Random,26,0.34677958488464355
7M,4500,Random,27,0.3439916670322418
7M,4500,Random,28,0.3491901755332947
7M,4500,Random,29,0.3445441722869873
7M,4500,Random,30,0.3492339551448822
7M,4500,Random,31,0.34341564774513245
7M,4500,Random,32,0.34828320145606995
7M,4500,Random,33,0.3495297133922577
7M,4500,Random,34,0.34804031252861023
7M,4500,Random,35,0.3476170599460602
7M,4500,Random,36,0.3462620973587036
7M,4500,Random,37,0.3440314829349518
7M,4500,Random,38,0.3449009954929352
7M,4500,Random,39,0.3471668064594269
7M,4500,Random,40,0.3446464240550995
7M,4500,Random,41,0.34600430727005005
7M,4500,Random,42,0.3439089059829712
7M,4500,Random,43,0.349639356136322
7M,4500,Random,44,0.34209316968917847
7M,4500,Stat,Mean,0.3318248987197876
7M,4500,Stat,Std,0.1048942506313324
7M,4500,Stat,Max,1.0731518268585205
7M,5000,Frequency,0,0.5817598700523376
7M,5000,Frequency,1,0.5498530864715576
7M,5000,Frequency,2,0.5358206033706665
7M,5000,Frequency,3,0.5187135934829712
7M,5000,Frequency,4,0.5004821419715881
7M,5000,Frequency,5,0.49044525623321533
7M,5000,Frequency,6,0.4738461673259735
7M,5000,Frequency,7,0.46188968420028687
7M,5000,Frequency,8,0.4496552050113678
7M,5000,Frequency,9,0.4365399181842804
7M,5000,Frequency,10,0.4272686839103699
7M,5000,Frequency,11,0.4197482764720917
7M,5000,Frequency,12,0.4076494872570038
7M,5000,Frequency,13,0.39863720536231995
7M,5000,Frequency,14,0.3874679207801819
7M,5000,Frequency,15,0.38565945625305176
7M,5000,Frequency,16,0.3776363730430603
7M,5000,Frequency,17,0.369148850440979
7M,5000,Frequency,18,0.35886597633361816
7M,5000,Frequency,19,0.3568991720676422
7M,5000,Frequency,20,0.3492358326911926
7M,5000,Frequency,21,0.341188907623291
7M,5000,Frequency,22,0.34107616543769836
7M,5000,Frequency,23,0.33178192377090454
7M,5000,Frequency,24,0.32786205410957336
7M,5000,Frequency,25,0.3217376172542572
7M,5000,Frequency,26,0.315615177154541
7M,5000,Frequency,27,0.31184279918670654
7M,5000,Frequency,28,0.30588221549987793
7M,5000,Frequency,29,0.30085358023643494
7M,5000,Frequency,30,0.2960711717605591
7M,5000,Frequency,31,0.2883444130420685
7M,5000,Frequency,32,0.28392940759658813
7M,5000,Frequency,33,0.27645692229270935
7M,5000,Frequency,34,0.2695766091346741
7M,5000,Frequency,35,0.26297858357429504
7M,5000,Frequency,36,0.25739946961402893
7M,5000,Frequency,37,0.25047925114631653
7M,5000,Frequency,38,0.2450544834136963
7M,5000,Frequency,39,0.23811277747154236
7M,5000,Frequency,40,0.23432573676109314
7M,5000,Frequency,41,0.23131470382213593
7M,5000,Frequency,42,0.22881537675857544
7M,5000,Frequency,43,0.2272116243839264
7M,5000,Frequency,44,0.2270248681306839
7M,5000,Random,0,0.35748544335365295
7M,5000,Random,1,0.3571600019931793
7M,5000,Random,2,0.35245653986930847
7M,5000,Random,3,0.3636285662651062
7M,5000,Random,4,0.3476669192314148
7M,5000,Random,5,0.3547733426094055
7M,5000,Random,6,0.35975953936576843
7M,5000,Random,7,0.3573892414569855
7M,5000,Random,8,0.34972015023231506
7M,5000,Random,9,0.35646235942840576
7M,5000,Random,10,0.3606765568256378
7M,5000,Random,11,0.3545321822166443
7M,5000,Random,12,0.3528808355331421
7M,5000,Random,13,0.35630863904953003
7M,5000,Random,14,0.35284143686294556
7M,5000,Random,15,0.35619598627090454
7M,5000,Random,16,0.3552916944026947
7M,5000,Random,17,0.360239714384079
7M,5000,Random,18,0.3608401417732239
7M,5000,Random,19,0.36283233761787415
7M,5000,Random,20,0.3581448197364807
7M,5000,Random,21,0.3579843044281006
7M,5000,Random,22,0.35469767451286316
7M,5000,Random,23,0.3601387143135071
7M,5000,Random,24,0.3550015687942505
7M,5000,Random,25,0.35217446088790894
7M,5000,Random,26,0.3572256863117218
7M,5000,Random,27,0.3544425964355469
7M,5000,Random,28,0.359664648771286
7M,5000,Random,29,0.3548309803009033
7M,5000,Random,30,0.36018863320350647
7M,5000,Random,31,0.35378924012184143
7M,5000,Random,32,0.3588762581348419
7M,5000,Random,33,0.3600436747074127
7M,5000,Random,34,0.35883328318595886
7M,5000,Random,35,0.35793936252593994
7M,5000,Random,36,0.3573979437351227
7M,5000,Random,37,0.35424402356147766
7M,5000,Random,38,0.35540416836738586
7M,5000,Random,39,0.3581153452396393
7M,5000,Random,40,0.3544306755065918
7M,5000,Random,41,0.3567410409450531
7M,5000,Random,42,0.35386231541633606
7M,5000,Random,43,0.3606240749359131
7M,5000,Random,44,0.352312296628952
7M,5000,Stat,Mean,0.3410218358039856
7M,5000,Stat,Std,0.11196373403072357
7M,5000,Stat,Max,1.1206791400909424
7M,5500,Frequency,0,0.6006408929824829
7M,5500,Frequency,1,0.5697153210639954
7M,5500,Frequency,2,0.555807888507843
7M,5500,Frequency,3,0.5375285148620605
7M,5500,Frequency,4,0.518836498260498
7M,5500,Frequency,5,0.5081401467323303
7M,5500,Frequency,6,0.491750568151474
7M,5500,Frequency,7,0.47891905903816223
7M,5500,Frequency,8,0.4663506746292114
7M,5500,Frequency,9,0.45230644941329956
7M,5500,Frequency,10,0.44335055351257324
7M,5500,Frequency,11,0.4347701370716095
7M,5500,Frequency,12,0.4217250645160675
7M,5500,Frequency,13,0.4124697744846344
7M,5500,Frequency,14,0.4001580774784088
7M,5500,Frequency,15,0.39894136786460876
7M,5500,Frequency,16,0.39010199904441833
7M,5500,Frequency,17,0.3807854950428009
7M,5500,Frequency,18,0.370649516582489
7M,5500,Frequency,19,0.36792951822280884
7M,5500,Frequency,20,0.36026033759117126
7M,5500,Frequency,21,0.35122397541999817
7M,5500,Frequency,22,0.35160717368125916
7M,5500,Frequency,23,0.3407518267631531
7M,5500,Frequency,24,0.33674660325050354
7M,5500,Frequency,25,0.3303372859954834
7M,5500,Frequency,26,0.3239016532897949
7M,5500,Frequency,27,0.3195493221282959
7M,5500,Frequency,28,0.3137066066265106
7M,5500,Frequency,29,0.3080557882785797
7M,5500,Frequency,30,0.30290114879608154
7M,5500,Frequency,31,0.2948049008846283
7M,5500,Frequency,32,0.28987863659858704
7M,5500,Frequency,33,0.2810543179512024
7M,5500,Frequency,34,0.27436333894729614
7M,5500,Frequency,35,0.26722514629364014
7M,5500,Frequency,36,0.2610820233821869
7M,5500,Frequency,37,0.2531657814979553
7M,5500,Frequency,38,0.24726662039756775
7M,5500,Frequency,39,0.2395520657300949
7M,5500,Frequency,40,0.23527151346206665
7M,5500,Frequency,41,0.23177367448806763
7M,5500,Frequency,42,0.2291599065065384
7M,5500,Frequency,43,0.2273343950510025
7M,5500,Frequency,44,0.22710883617401123
7M,5500,Random,0,0.36776551604270935
7M,5500,Random,1,0.3669925630092621
7M,5500,Random,2,0.3626760244369507
7M,5500,Random,3,0.3741733431816101
7M,5500,Random,4,0.3570057451725006
7M,5500,Random,5,0.36489057540893555
7M,5500,Random,6,0.37028011679649353
7M,5500,Random,7,0.36759892106056213
7M,5500,Random,8,0.3587157726287842
7M,5500,Random,9,0.36621013283729553
7M,5500,Random,10,0.37090787291526794
7M,5500,Random,11,0.36467376351356506
7M,5500,Random,12,0.3628832995891571
7M,5500,Random,13,0.36621904373168945
7M,5500,Random,14,0.3629457950592041
7M,5500,Random,15,0.3659919500350952
7M,5500,Random,16,0.3652057349681854
7M,5500,Random,17,0.37052157521247864
7M,5500,Random,18,0.3713894188404083
7M,5500,Random,19,0.3730277717113495
7M,5500,Random,20,0.36834970116615295
7M,5500,Random,21,0.3679489195346832
7M,5500,Random,22,0.3646194338798523
7M,5500,Random,23,0.37043580412864685
7M,5500,Random,24,0.36530524492263794
7M,5500,Random,25,0.3617565929889679
7M,5500,Random,26,0.3675907254219055
7M,5500,Random,27,0.36457744240760803
7M,5500,Random,28,0.36983659863471985
7M,5500,Random,29,0.36473512649536133
7M,5500,Random,30,0.3702257573604584
7M,5500,Random,31,0.3640941083431244
7M,5500,Random,32,0.36968713998794556
7M,5500,Random,33,0.3697207570075989
7M,5500,Random,34,0.36932194232940674
7M,5500,Random,35,0.3682788610458374
7M,5500,Random,36,0.3673833906650543
7M,5500,Random,37,0.36409473419189453
7M,5500,Random,38,0.36598584055900574
7M,5500,Random,39,0.3686386048793793
7M,5500,Random,40,0.36405056715011597
7M,5500,Random,41,0.3664679527282715
7M,5500,Random,42,0.36369699239730835
7M,5500,Random,43,0.3712299168109894
7M,5500,Random,44,0.36262771487236023
7M,5500,Stat,Mean,0.3499109148979187
7M,5500,Stat,Std,0.11871199309825897
7M,5500,Stat,Max,1.1607799530029297
7M,6000,Frequency,0,0.618947446346283
7M,6000,Frequency,1,0.5879481434822083
7M,6000,Frequency,2,0.5742120742797852
7M,6000,Frequency,3,0.5555729866027832
7M,6000,Frequency,4,0.5363839268684387
7M,6000,Frequency,5,0.5255630612373352
7M,6000,Frequency,6,0.5083034634590149
7M,6000,Frequency,7,0.49488332867622375
7M,6000,Frequency,8,0.4824451506137848
7M,6000,Frequency,9,0.46727287769317627
7M,6000,Frequency,10,0.4579311013221741
7M,6000,Frequency,11,0.4489784836769104
7M,6000,Frequency,12,0.4356616735458374
7M,6000,Frequency,13,0.4253716468811035
7M,6000,Frequency,14,0.41255468130111694
7M,6000,Frequency,15,0.410818874835968
7M,6000,Frequency,16,0.4019624590873718
7M,6000,Frequency,17,0.39178332686424255
7M,6000,Frequency,18,0.3816813826560974
7M,6000,Frequency,19,0.3784712553024292
7M,6000,Frequency,20,0.3707274794578552
7M,6000,Frequency,21,0.3602501153945923
7M,6000,Frequency,22,0.3609922230243683
7M,6000,Frequency,23,0.35014209151268005
7M,6000,Frequency,24,0.34509891271591187
7M,6000,Frequency,25,0.33795642852783203
7M,6000,Frequency,26,0.3319317400455475
7M,6000,Frequency,27,0.32746532559394836
7M,6000,Frequency,28,0.3214341104030609
7M,6000,Frequency,29,0.3150278925895691
7M,6000,Frequency,30,0.309510737657547
7M,6000,Frequency,31,0.3011884093284607
7M,6000,Frequency,32,0.29578202962875366
7M,6000,Frequency,33,0.2863974869251251
7M,6000,Frequency,34,0.27884581685066223
7M,6000,Frequency,35,0.2708272337913513
7M,6000,Frequency,36,0.2647060453891754
7M,6000,Frequency,37,0.2559143006801605
7M,6000,Frequency,38,0.24937307834625244
7M,6000,Frequency,39,0.24114549160003662
7M,6000,Frequency,40,0.23636654019355774
7M,6000,Frequency,41,0.23244039714336395
7M,6000,Frequency,42,0.22948704659938812
7M,6000,Frequency,43,0.22753845155239105
7M,6000,Frequency,44,0.22732648253440857
7M,6000,Random,0,0.37761127948760986
7M,6000,Random,1,0.37613916397094727
7M,6000,Random,2,0.3723641335964203
7M,6000,Random,3,0.38469842076301575
7M,6000,Random,4,0.3655136227607727
7M,6000,Random,5,0.3740587532520294
7M,6000,Random,6,0.3800269067287445
7M,6000,Random,7,0.3775648772716522
7M,6000,Random,8,0.3678555190563202
7M,6000,Random,9,0.3755910098552704
7M,6000,Random,10,0.38047686219215393
7M,6000,Random,11,0.37368249893188477
7M,6000,Random,12,0.3720311224460602
7M,6000,Random,13,0.37592241168022156
7M,6000,Random,14,0.3729831576347351
7M,6000,Random,15,0.3754899799823761
7M,6000,Random,16,0.3746108114719391
7M,6000,Random,17,0.37990835309028625
7M,6000,Random,18,0.38145434856414795
7M,6000,Random,19,0.38318949937820435
7M,6000,Random,20,0.37791144847869873
7M,6000,Random,21,0.37742674350738525
7M,6000,Random,22,0.37375181913375854
7M,6000,Random,23,0.3809063136577606
7M,6000,Random,24,0.3751218318939209
7M,6000,Random,25,0.3715488910675049
7M,6000,Random,26,0.37748369574546814
7M,6000,Random,27,0.3740145266056061
7M,6000,Random,28,0.3795235753059387
7M,6000,Random,29,0.37479788064956665
7M,6000,Random,30,0.3797388970851898
7M,6000,Random,31,0.3735012412071228
7M,6000,Random,32,0.37945136427879333
7M,6000,Random,33,0.37939006090164185
7M,6000,Random,34,0.37948906421661377
7M,6000,Random,35,0.3775414526462555
7M,6000,Random,36,0.37681928277015686
7M,6000,Random,37,0.373714417219162
7M,6000,Random,38,0.3752762973308563
7M,6000,Random,39,0.37909695506095886
7M,6000,Random,40,0.37340959906578064
7M,6000,Random,41,0.37584373354911804
7M,6000,Random,42,0.3729879856109619
7M,6000,Random,43,0.38139334321022034
7M,6000,Random,44,0.3718389868736267
7M,6000,Stat,Mean,0.3583773076534271
7M,6000,Stat,Std,0.12511597573757172
7M,6000,Stat,Max,1.2096093893051147
7M,6500,Frequency,0,0.6372334957122803
7M,6500,Frequency,1,0.6066036224365234
7M,6500,Frequency,2,0.5925900936126709
7M,6500,Frequency,3,0.5737772583961487
7M,6500,Frequency,4,0.553695797920227
7M,6500,Frequency,5,0.5423052310943604
7M,6500,Frequency,6,0.5240822434425354
7M,6500,Frequency,7,0.5104618072509766
7M,6500,Frequency,8,0.4978586435317993
7M,6500,Frequency,9,0.48230671882629395
7M,6500,Frequency,10,0.4720991849899292
7M,6500,Frequency,11,0.46264657378196716
7M,6500,Frequency,12,0.4492065906524658
7M,6500,Frequency,13,0.43799740076065063
7M,6500,Frequency,14,0.4246813952922821
7M,6500,Frequency,15,0.42314013838768005
7M,6500,Frequency,16,0.4138004183769226
7M,6500,Frequency,17,0.40282395482063293
7M,6500,Frequency,18,0.3917083144187927
7M,6500,Frequency,19,0.3887716233730316
7M,6500,Frequency,20,0.3808955252170563
7M,6500,Frequency,21,0.36956503987312317
7M,6500,Frequency,22,0.370758980512619
7M,6500,Frequency,23,0.3591518700122833
7M,6500,Frequency,24,0.3538295030593872
7M,6500,Frequency,25,0.34636855125427246
7M,6500,Frequency,26,0.33996161818504333
7M,6500,Frequency,27,0.33485421538352966
7M,6500,Frequency,28,0.32867181301116943
7M,6500,Frequency,29,0.32181596755981445
7M,6500,Frequency,30,0.3159569203853607
7M,6500,Frequency,31,0.3073671758174896
7M,6500,Frequency,32,0.30147725343704224
7M,6500,Frequency,33,0.2916221022605896
7M,6500,Frequency,34,0.2834215760231018
7M,6500,Frequency,35,0.2752688229084015
7M,6500,Frequency,36,0.26818883419036865
7M,6500,Frequency,37,0.2586294114589691
7M,6500,Frequency,38,0.25166526436805725
7M,6500,Frequency,39,0.2426859438419342
7M,6500,Frequency,40,0.2373555302619934
7M,6500,Frequency,41,0.23301540315151215
7M,6500,Frequency,42,0.22989486157894135
7M,6500,Frequency,43,0.22770357131958008
7M,6500,Frequency,44,0.22749729454517365
7M,6500,Random,0,0.3871176838874817
7M,6500,Random,1,0.38543206453323364
7M,6500,Random,2,0.3812881410121918
7M,6500,Random,3,0.3953823745250702
7M,6500,Random,4,0.37411749362945557
7M,6500,Random,5,0.3834032118320465
7M,6500,Random,6,0.38980698585510254
7M,6500,Random,7,0.3869608938694
7M,6500,Random,8,0.377086877822876
7M,6500,Random,9,0.38439321517944336
7M,6500,Random,10,0.38969919085502625
7M,6500,Random,11,0.38351067900657654
7M,6500,Random,12,0.3815556764602661
7M,6500,Random,13,0.38500043749809265
7M,6500,Random,14,0.38215944170951843
7M,6500,Random,15,0.38473033905029297
7M,6500,Random,16,0.3839127719402313
7M,6500,Random,17,0.3893233835697174
7M,6500,Random,18,0.39067530632019043
7M,6500,Random,19,0.3935466706752777
7M,6500,Random,20,0.38754621148109436
7M,6500,Random,21,0.3864857852458954
7M,6500,Random,22,0.38316774368286133
7M,6500,Random,23,0.3902430832386017
7M,6500,Random,24,0.384927898645401
7M,6500,Random,25,0.38048818707466125
7M,6500,Random,26,0.3872716724872589
7M,6500,Random,27,0.38351547718048096
7M,6500,Random,28,0.3896477520465851
7M,6500,Random,29,0.3842243254184723
7M,6500,Random,30,0.3896074593067169
7M,6500,Random,31,0.3824964463710785
7M,6500,Random,32,0.38926225900650024
7M,6500,Random,33,0.3890336751937866
7M,6500,Random,34,0.38914909958839417
7M,6500,Random,35,0.38751500844955444
7M,6500,Random,36,0.3868233561515808
7M,6500,Random,37,0.38340720534324646
7M,6500,Random,38,0.3849051594734192
7M,6500,Random,39,0.38895049691200256
7M,6500,Random,40,0.382792204618454
7M,6500,Random,41,0.3853113055229187
7M,6500,Random,42,0.3823544383049011
7M,6500,Random,43,0.3913412392139435
7M,6500,Random,44,0.38149696588516235
7M,6500,Stat,Mean,0.36674758791923523
7M,6500,Stat,Std,0.13141068816184998
7M,6500,Stat,Max,1.2450783252716064
7M,7000,Frequency,0,0.6553569436073303
7M,7000,Frequency,1,0.6241646409034729
7M,7000,Frequency,2,0.6103869080543518
7M,7000,Frequency,3,0.5910744071006775
7M,7000,Frequency,4,0.5701192021369934
7M,7000,Frequency,5,0.5587359666824341
7M,7000,Frequency,6,0.5404517650604248
7M,7000,Frequency,7,0.5260331630706787
7M,7000,Frequency,8,0.512283205986023
7M,7000,Frequency,9,0.496947318315506
7M,7000,Frequency,10,0.48592236638069153
7M,7000,Frequency,11,0.4759167730808258
7M,7000,Frequency,12,0.4622870087623596
7M,7000,Frequency,13,0.4503882825374603
7M,7000,Frequency,14,0.43628689646720886
7M,7000,Frequency,15,0.4345966875553131
7M,7000,Frequency,16,0.4252168536186218
7M,7000,Frequency,17,0.4136717617511749
7M,7000,Frequency,18,0.40164604783058167
7M,7000,Frequency,19,0.399441659450531
7M,7000,Frequency,20,0.39075997471809387
7M,7000,Frequency,21,0.3789238929748535
7M,7000,Frequency,22,0.38011839985847473
7M,7000,Frequency,23,0.3679993152618408
7M,7000,Frequency,24,0.36194097995758057
7M,7000,Frequency,25,0.35395297408103943
7M,7000,Frequency,26,0.3480600416660309
7M,7000,Frequency,27,0.3422289788722992
7M,7000,Frequency,28,0.33582428097724915
7M,7000,Frequency,29,0.32856985926628113
7M,7000,Frequency,30,0.3222809433937073
7M,7000,Frequency,31,0.31316882371902466
7M,7000,Frequency,32,0.3068229854106903
7M,7000,Frequency,33,0.2965714931488037
7M,7000,Frequency,34,0.288255512714386
7M,7000,Frequency,35,0.27926814556121826
7M,7000,Frequency,36,0.2716430425643921
7M,7000,Frequency,37,0.2614147961139679
7M,7000,Frequency,38,0.2539348304271698
7M,7000,Frequency,39,0.24409450590610504
7M,7000,Frequency,40,0.2382453829050064
7M,7000,Frequency,41,0.2336473912000656
7M,7000,Frequency,42,0.23031535744667053
7M,7000,Frequency,43,0.2279794067144394
7M,7000,Frequency,44,0.2276947945356369
7M,7000,Random,0,0.39687034487724304
7M,7000,Random,1,0.39446789026260376
7M,7000,Random,2,0.39022019505500793
7M,7000,Random,3,0.40508002042770386
7M,7000,Random,4,0.38338136672973633
7M,7000,Random,5,0.39250001311302185
7M,7000,Random,6,0.39926519989967346
7M,7000,Random,7,0.39588463306427
7M,7000,Random,8,0.386013001203537
7M,7000,Random,9,0.39433085918426514
7M,7000,Random,10,0.3992837965488434
7M,7000,Random,11,0.3926871418952942
7M,7000,Random,12,0.3903954327106476
7M,7000,Random,13,0.39412909746170044
7M,7000,Random,14,0.3909998834133148
7M,7000,Random,15,0.39479610323905945
7M,7000,Random,16,0.39262908697128296
7M,7000,Random,17,0.3987112045288086
7M,7000,Random,18,0.40073952078819275
7M,7000,Random,19,0.4026597738265991
7M,7000,Random,20,0.3967999815940857
7M,7000,Random,21,0.39553919434547424
7M,7000,Random,22,0.39236870408058167
7M,7000,Random,23,0.3996078372001648
7M,7000,Random,24,0.39408478140830994
7M,7000,Random,25,0.3890487253665924
7M,7000,Random,26,0.39646923542022705
7M,7000,Random,27,0.39240404963493347
7M,7000,Random,28,0.39873743057250977
7M,7000,Random,29,0.3935520648956299
7M,7000,Random,30,0.39892807602882385
7M,7000,Random,31,0.39187291264533997
7M,7000,Random,32,0.398928701877594
7M,7000,Random,33,0.39824339747428894
7M,7000,Random,34,0.39814987778663635
7M,7000,Random,35,0.3967931568622589
7M,7000,Random,36,0.3963179886341095
7M,7000,Random,37,0.392572820186615
7M,7000,Random,38,0.39470160007476807
7M,7000,Random,39,0.3981856107711792
7M,7000,Random,40,0.3916603922843933
7M,7000,Random,41,0.39410001039505005
7M,7000,Random,42,0.39145228266716003
7M,7000,Random,43,0.40071842074394226
7M,7000,Random,44,0.3910169005393982
7M,7000,Stat,Mean,0.3748873770236969
7M,7000,Stat,Std,0.13747625052928925
7M,7000,Stat,Max,1.305126667022705
7M,7500,Frequency,0,0.6716165542602539
7M,7500,Frequency,1,0.641621470451355
7M,7500,Frequency,2,0.6271864175796509
7M,7500,Frequency,3,0.6076571941375732
7M,7500,Frequency,4,0.5857682228088379
7M,7500,Frequency,5,0.5741192102432251
7M,7500,Frequency,6,0.5555720329284668
7M,7500,Frequency,7,0.5412098169326782
7M,7500,Frequency,8,0.5267373919487
7M,7500,Frequency,9,0.5109071135520935
7M,7500,Frequency,10,0.49869978427886963
7M,7500,Frequency,11,0.48900899291038513
7M,7500,Frequency,12,0.4748401939868927
7M,7500,Frequency,13,0.4622586965560913
7M,7500,Frequency,14,0.44745776057243347
7M,7500,Frequency,15,0.4454389810562134
7M,7500,Frequency,16,0.4361262023448944
7M,7500,Frequency,17,0.42421361804008484
7M,7500,Frequency,18,0.41126880049705505
7M,7500,Frequency,19,0.4088892638683319
7M,7500,Frequency,20,0.39959394931793213
7M,7500,Frequency,21,0.38765856623649597
7M,7500,Frequency,22,0.3888380229473114
7M,7500,Frequency,23,0.376274049282074
7M,7500,Frequency,24,0.3693679869174957
7M,7500,Frequency,25,0.3613678812980652
7M,7500,Frequency,26,0.35563409328460693
7M,7500,Frequency,27,0.34887832403182983
7M,7500,Frequency,28,0.34228596091270447
7M,7500,Frequency,29,0.3350059986114502
7M,7500,Frequency,30,0.3280966579914093
7M,7500,Frequency,31,0.3187709152698517
7M,7500,Frequency,32,0.31194788217544556
7M,7500,Frequency,33,0.3014596104621887
7M,7500,Frequency,34,0.29241490364074707
7M,7500,Frequency,35,0.28357985615730286
7M,7500,Frequency,36,0.2750297486782074
7M,7500,Frequency,37,0.26418206095695496
7M,7500,Frequency,38,0.2561432123184204
7M,7500,Frequency,39,0.24556735157966614
7M,7500,Frequency,40,0.23917390406131744
7M,7500,Frequency,41,0.2341797798871994
7M,7500,Frequency,42,0.23061414062976837
7M,7500,Frequency,43,0.2281336635351181
7M,7500,Frequency,44,0.2278367578983307
7M,7500,Random,0,0.40603598952293396
7M,7500,Random,1,0.4031040072441101
7M,7500,Random,2,0.3988029956817627
7M,7500,Random,3,0.414579838514328
7M,7500,Random,4,0.3919260799884796
7M,7500,Random,5,0.4011843204498291
7M,7500,Random,6,0.40836387872695923
7M,7500,Random,7,0.40456900000572205
7M,7500,Random,8,0.3936280310153961
7M,7500,Random,9,0.4030948877334595
7M,7500,Random,10,0.40816056728363037
7M,7500,Random,11,0.40094247460365295
7M,7500,Random,12,0.39890724420547485
7M,7500,Random,13,0.4032227694988251
7M,7500,Random,14,0.39995476603507996
7M,7500,Random,15,0.4035007059574127
7M,7500,Random,16,0.40125414729118347
7M,7500,Random,17,0.4073552191257477
7M,7500,Random,18,0.4097437560558319
7M,7500,Random,19,0.4118078052997589
7M,7500,Random,20,0.4058099091053009
7M,7500,Random,21,0.40432921051979065
7M,7500,Random,22,0.4006941020488739
7M,7500,Random,23,0.40847721695899963
7M,7500,Random,24,0.4023739993572235
7M,7500,Random,25,0.3978191912174225
7M,7500,Random,26,0.40514788031578064
7M,7500,Random,27,0.40159985423088074
7M,7500,Random,28,0.40763145685195923
7M,7500,Random,29,0.4024064838886261
7M,7500,Random,30,0.4082862436771393
7M,7500,Random,31,0.40079477429389954
7M,7500,Random,32,0.4073340594768524
7M,7500,Random,33,0.40718093514442444
7M,7500,Random,34,0.40734341740608215
7M,7500,Random,35,0.4058922827243805
7M,7500,Random,36,0.4050346910953522
7M,7500,Random,37,0.40124261379241943
7M,7500,Random,38,0.40328308939933777
7M,7500,Random,39,0.40692657232284546
7M,7500,Random,40,0.40023329854011536
7M,7500,Random,41,0.402421772480011
7M,7500,Random,42,0.40001147985458374
7M,7500,Random,43,0.4095722436904907
7M,7500,Random,44,0.3997691869735718
7M,7500,Stat,Mean,0.3826053738594055
7M,7500,Stat,Std,0.14327287673950195
7M,7500,Stat,Max,1.3134280443191528
7M,8000,Frequency,0,0.6876734495162964
7M,8000,Frequency,1,0.6583647727966309
7M,8000,Frequency,2,0.644217312335968
7M,8000,Frequency,3,0.623039960861206
7M,8000,Frequency,4,0.6017410755157471
7M,8000,Frequency,5,0.5890752077102661
7M,8000,Frequency,6,0.5704349279403687
7M,8000,Frequency,7,0.5555573105812073
7M,8000,Frequency,8,0.5410747528076172
7M,8000,Frequency,9,0.5239934325218201
7M,8000,Frequency,10,0.5113478899002075
7M,8000,Frequency,11,0.501039445400238
7M,8000,Frequency,12,0.4867691993713379
7M,8000,Frequency,13,0.4730163514614105
7M,8000,Frequency,14,0.45821306109428406
7M,8000,Frequency,15,0.4565189778804779
7M,8000,Frequency,16,0.446384072303772
7M,8000,Frequency,17,0.43368932604789734
7M,8000,Frequency,18,0.4204300045967102
7M,8000,Frequency,19,0.4177655577659607
7M,8000,Frequency,20,0.40847817063331604
7M,8000,Frequency,21,0.3956802487373352
7M,8000,Frequency,22,0.39680588245391846
7M,8000,Frequency,23,0.3843387961387634
7M,8000,Frequency,24,0.37678879499435425
7M,8000,Frequency,25,0.368396520614624
7M,8000,Frequency,26,0.363031804561615
7M,8000,Frequency,27,0.35540950298309326
7M,8000,Frequency,28,0.3485889136791229
7M,8000,Frequency,29,0.3411199152469635
7M,8000,Frequency,30,0.33368998765945435
7M,8000,Frequency,31,0.32376909255981445
7M,8000,Frequency,32,0.3168899118900299
7M,8000,Frequency,33,0.3060343563556671
7M,8000,Frequency,34,0.2967911660671234
7M,8000,Frequency,35,0.2875659763813019
7M,8000,Frequency,36,0.278320848941803
7M,8000,Frequency,37,0.2668802738189697
7M,8000,Frequency,38,0.2582237720489502
7M,8000,Frequency,39,0.24705247581005096
7M,8000,Frequency,40,0.24013298749923706
7M,8000,Frequency,41,0.23477035760879517
7M,8000,Frequency,42,0.23093461990356445
7M,8000,Frequency,43,0.2282666563987732
7M,8000,Frequency,44,0.2279157191514969
7M,8000,Random,0,0.4144093096256256
7M,8000,Random,1,0.4111172556877136
7M,8000,Random,2,0.4074956774711609
7M,8000,Random,3,0.4232946038246155
7M,8000,Random,4,0.40043210983276367
7M,8000,Random,5,0.40975385904312134
7M,8000,Random,6,0.4168935716152191
7M,8000,Random,7,0.4128575921058655
7M,8000,Random,8,0.4020654559135437
7M,8000,Random,9,0.4114559590816498
7M,8000,Random,10,0.416628897190094
7M,8000,Random,11,0.40921932458877563
7M,8000,Random,12,0.4075435996055603
7M,8000,Random,13,0.41126197576522827
7M,8000,Random,14,0.40812456607818604
7M,8000,Random,15,0.41195860505104065
7M,8000,Random,16,0.40980422496795654
7M,8000,Random,17,0.4158576428890228
7M,8000,Random,18,0.418395459651947
7M,8000,Random,19,0.42017605900764465
7M,8000,Random,20,0.41389763355255127
7M,8000,Random,21,0.4124290645122528
7M,8000,Random,22,0.4091905653476715
7M,8000,Random,23,0.41741442680358887
7M,8000,Random,24,0.41066694259643555
7M,8000,Random,25,0.4059114158153534
7M,8000,Random,26,0.41334351897239685
7M,8000,Random,27,0.40997061133384705
7M,8000,Random,28,0.4167101979255676
7M,8000,Random,29,0.41057518124580383
7M,8000,Random,30,0.41672393679618835
7M,8000,Random,31,0.40948155522346497
7M,8000,Random,32,0.41611984372138977
7M,8000,Random,33,0.4151902198791504
7M,8000,Random,34,0.41594645380973816
7M,8000,Random,35,0.41449642181396484
7M,8000,Random,36,0.4133089482784271
7M,8000,Random,37,0.40959903597831726
7M,8000,Random,38,0.4115755259990692
7M,8000,Random,39,0.41578584909439087
7M,8000,Random,40,0.4083484709262848
7M,8000,Random,41,0.41124576330184937
7M,8000,Random,42,0.4082390069961548
7M,8000,Random,43,0.4183613657951355
7M,8000,Random,44,0.40875741839408875
7M,8000,Stat,Mean,0.39003777503967285
7M,8000,Stat,Std,0.14881032705307007
7M,8000,Stat,Max,1.3233261108398438
7M,8500,Frequency,0,0.7037203907966614
7M,8500,Frequency,1,0.674712061882019
7M,8500,Frequency,2,0.6604079604148865
7M,8500,Frequency,3,0.6391236782073975
7M,8500,Frequency,4,0.6169207692146301
7M,8500,Frequency,5,0.6042042970657349
7M,8500,Frequency,6,0.5858222246170044
7M,8500,Frequency,7,0.5702301859855652
7M,8500,Frequency,8,0.5545744299888611
7M,8500,Frequency,9,0.5368354916572571
7M,8500,Frequency,10,0.5245339870452881
7M,8500,Frequency,11,0.5135527849197388
7M,8500,Frequency,12,0.4980079233646393
7M,8500,Frequency,13,0.4841698408126831
7M,8500,Frequency,14,0.46907204389572144
7M,8500,Frequency,15,0.4677056670188904
7M,8500,Frequency,16,0.4567301869392395
7M,8500,Frequency,17,0.44371166825294495
7M,8500,Frequency,18,0.4299638569355011
7M,8500,Frequency,19,0.4272557199001312
7M,8500,Frequency,20,0.4177301228046417
7M,8500,Frequency,21,0.4038342237472534
7M,8500,Frequency,22,0.4056175947189331
7M,8500,Frequency,23,0.39226362109184265
7M,8500,Frequency,24,0.3845805525779724
7M,8500,Frequency,25,0.3758185803890228
7M,8500,Frequency,26,0.370113343000412
7M,8500,Frequency,27,0.3627433180809021
7M,8500,Frequency,28,0.3553834557533264
7M,8500,Frequency,29,0.3472353219985962
7M,8500,Frequency,30,0.33938688039779663
7M,8500,Frequency,31,0.32948771119117737
7M,8500,Frequency,32,0.3222775459289551
7M,8500,Frequency,33,0.3109586834907532
7M,8500,Frequency,34,0.30131542682647705
7M,8500,Frequency,35,0.2913511097431183
7M,8500,Frequency,36,0.28161245584487915
7M,8500,Frequency,37,0.2697179317474365
7M,8500,Frequency,38,0.2605971395969391
7M,8500,Frequency,39,0.24874185025691986
7M,8500,Frequency,40,0.2411981076002121
7M,8500,Frequency,41,0.23539331555366516
7M,8500,Frequency,42,0.23130963742733002
7M,8500,Frequency,43,0.22838924825191498
7M,8500,Frequency,44,0.2281227856874466
7M,8500,Random,0,0.4229268729686737
7M,8500,Random,1,0.41973111033439636
7M,8500,Random,2,0.4160912036895752
7M,8500,Random,3,0.4324440658092499
7M,8500,Random,4,0.40847843885421753
7M,8500,Random,5,0.41793471574783325
7M,8500,Random,6,0.4256562292575836
7M,8500,Random,7,0.42186617851257324
7M,8500,Random,8,0.41027867794036865
7M,8500,Random,9,0.41995057463645935
7M,8500,Random,10,0.4254199266433716
7M,8500,Random,11,0.41751202940940857
7M,8500,Random,12,0.41638457775115967
7M,8500,Random,13,0.41967537999153137
7M,8500,Random,14,0.4166802167892456
7M,8500,Random,15,0.42066553235054016
7M,8500,Random,16,0.41866612434387207
7M,8500,Random,17,0.4242797791957855
7M,8500,Random,18,0.427146315574646
7M,8500,Random,19,0.4293105900287628
7M,8500,Random,20,0.42249852418899536
7M,8500,Random,21,0.42115968465805054
7M,8500,Random,22,0.4179583787918091
7M,8500,Random,23,0.42600736021995544
7M,8500,Random,24,0.41904959082603455
7M,8500,Random,25,0.41386425495147705
7M,8500,Random,26,0.4221600592136383
7M,8500,Random,27,0.41859331727027893
7M,8500,Random,28,0.42498114705085754
7M,8500,Random,29,0.41924849152565
7M,8500,Random,30,0.4259662926197052
7M,8500,Random,31,0.41803398728370667
7M,8500,Random,32,0.42467886209487915
7M,8500,Random,33,0.4237699806690216
7M,8500,Random,34,0.424520879983902
7M,8500,Random,35,0.422858864068985
7M,8500,Random,36,0.42156991362571716
7M,8500,Random,37,0.418475866317749
7M,8500,Random,38,0.420371949672699
7M,8500,Random,39,0.424399733543396
7M,8500,Random,40,0.41647207736968994
7M,8500,Random,41,0.4201275408267975
7M,8500,Random,42,0.4163343012332916
7M,8500,Random,43,0.427082896232605
7M,8500,Random,44,0.41699832677841187
7M,8500,Stat,Mean,0.397599995136261
7M,8500,Stat,Std,0.15434329211711884
7M,8500,Stat,Max,1.3400404453277588
7M,9000,Frequency,0,0.71922367811203
7M,9000,Frequency,1,0.6901413798332214
7M,9000,Frequency,2,0.6764488816261292
7M,9000,Frequency,3,0.6544607281684875
7M,9000,Frequency,4,0.6317476034164429
7M,9000,Frequency,5,0.6186028122901917
7M,9000,Frequency,6,0.600040853023529
7M,9000,Frequency,7,0.5834003686904907
7M,9000,Frequency,8,0.5677362084388733
7M,9000,Frequency,9,0.5490497946739197
7M,9000,Frequency,10,0.5367579460144043
7M,9000,Frequency,11,0.5252001881599426
7M,9000,Frequency,12,0.5090153813362122
7M,9000,Frequency,13,0.4955214262008667
7M,9000,Frequency,14,0.47972458600997925
7M,9000,Frequency,15,0.47779926657676697
7M,9000,Frequency,16,0.4664645493030548
7M,9000,Frequency,17,0.4529731273651123
7M,9000,Frequency,18,0.43867772817611694
7M,9000,Frequency,19,0.43615540862083435
7M,9000,Frequency,20,0.42630520462989807
7M,9000,Frequency,21,0.4117010831832886
7M,9000,Frequency,22,0.4133802354335785
7M,9000,Frequency,23,0.4002847373485565
7M,9000,Frequency,24,0.39214110374450684
7M,9000,Frequency,25,0.38267192244529724
7M,9000,Frequency,26,0.3769396245479584
7M,9000,Frequency,27,0.36963409185409546
7M,9000,Frequency,28,0.36184751987457275
7M,9000,Frequency,29,0.3531144857406616
7M,9000,Frequency,30,0.34496402740478516
7M,9000,Frequency,31,0.33468323945999146
7M,9000,Frequency,32,0.3271839916706085
7M,9000,Frequency,33,0.31534552574157715
7M,9000,Frequency,34,0.30522653460502625
7M,9000,Frequency,35,0.29506000876426697
7M,9000,Frequency,36,0.2848238945007324
7M,9000,Frequency,37,0.27238863706588745
7M,9000,Frequency,38,0.2629100978374481
7M,9000,Frequency,39,0.2502054274082184
7M,9000,Frequency,40,0.24215668439865112
7M,9000,Frequency,41,0.23595617711544037
7M,9000,Frequency,42,0.23160439729690552
7M,9000,Frequency,43,0.22849765419960022
7M,9000,Frequency,44,0.22815051674842834
7M,9000,Random,0,0.43121060729026794
7M,9000,Random,1,0.42810967564582825
7M,9000,Random,2,0.42385920882225037
7M,9000,Random,3,0.4408228397369385
7M,9000,Random,4,0.4163050353527069
7M,9000,Random,5,0.4261234700679779
7M,9000,Random,6,0.4337330460548401
7M,9000,Random,7,0.4300762116909027
7M,9000,Random,8,0.41784951090812683
7M,9000,Random,9,0.42815813422203064
7M,9000,Random,10,0.432946115732193
7M,9000,Random,11,0.4261420965194702
7M,9000,Random,12,0.42447933554649353
7M,9000,Random,13,0.42808982729911804
7M,9000,Random,14,0.4251263439655304
7M,9000,Random,15,0.42884930968284607
7M,9000,Random,16,0.42635688185691833
7M,9000,Random,17,0.43205133080482483
7M,9000,Random,18,0.4354340136051178
7M,9000,Random,19,0.43779852986335754
7M,9000,Random,20,0.4307456910610199
7M,9000,Random,21,0.42957109212875366
7M,9000,Random,22,0.4259721040725708
7M,9000,Random,23,0.43404334783554077
7M,9000,Random,24,0.4271676540374756
7M,9000,Random,25,0.4217270612716675
7M,9000,Random,26,0.43037429451942444
7M,9000,Random,27,0.42676421999931335
7M,9000,Random,28,0.4331906735897064
7M,9000,Random,29,0.42764776945114136
7M,9000,Random,30,0.43384966254234314
7M,9000,Random,31,0.4254842698574066
7M,9000,Random,32,0.4334447979927063
7M,9000,Random,33,0.43204718828201294
7M,9000,Random,34,0.43289369344711304
7M,9000,Random,35,0.43139830231666565
7M,9000,Random,36,0.429713636636734
7M,9000,Random,37,0.4263927936553955
7M,9000,Random,38,0.4285116493701935
7M,9000,Random,39,0.43242302536964417
7M,9000,Random,40,0.4248710870742798
7M,9000,Random,41,0.427853524684906
7M,9000,Random,42,0.42395472526550293
7M,9000,Random,43,0.43562883138656616
7M,9000,Random,44,0.4248402416706085
7M,9000,Stat,Mean,0.404760479927063
7M,9000,Stat,Std,0.15967881679534912
7M,9000,Stat,Max,1.358996033668518
7M,9500,Frequency,0,0.7342318296432495
7M,9500,Frequency,1,0.7052887082099915
7M,9500,Frequency,2,0.6926571726799011
7M,9500,Frequency,3,0.6698046326637268
7M,9500,Frequency,4,0.6462907195091248
7M,9500,Frequency,5,0.6329936981201172
7M,9500,Frequency,6,0.613741397857666
7M,9500,Frequency,7,0.5968769788742065
7M,9500,Frequency,8,0.5805971622467041
7M,9500,Frequency,9,0.5616629719734192
7M,9500,Frequency,10,0.548734188079834
7M,9500,Frequency,11,0.5369194149971008
7M,9500,Frequency,12,0.5200948715209961
7M,9500,Frequency,13,0.5064231753349304
7M,9500,Frequency,14,0.48997315764427185
7M,9500,Frequency,15,0.48766353726387024
7M,9500,Frequency,16,0.4764327108860016
7M,9500,Frequency,17,0.4624810814857483
7M,9500,Frequency,18,0.44768616557121277
7M,9500,Frequency,19,0.4446723163127899
7M,9500,Frequency,20,0.4349885582923889
7M,9500,Frequency,21,0.4201538562774658
7M,9500,Frequency,22,0.420657217502594
7M,9500,Frequency,23,0.4078921377658844
7M,9500,Frequency,24,0.398910790681839
7M,9500,Frequency,25,0.3895420432090759
7M,9500,Frequency,26,0.3836985230445862
7M,9500,Frequency,27,0.3760280907154083
7M,9500,Frequency,28,0.3676495850086212
7M,9500,Frequency,29,0.3591850697994232
7M,9500,Frequency,30,0.35033243894577026
7M,9500,Frequency,31,0.3398463726043701
7M,9500,Frequency,32,0.33234190940856934
7M,9500,Frequency,33,0.3194821774959564
7M,9500,Frequency,34,0.30939605832099915
7M,9500,Frequency,35,0.2986111044883728
7M,9500,Frequency,36,0.2880357503890991
7M,9500,Frequency,37,0.27471840381622314
7M,9500,Frequency,38,0.2651410698890686
7M,9500,Frequency,39,0.25158074498176575
7M,9500,Frequency,40,0.24316295981407166
7M,9500,Frequency,41,0.23641522228717804
7M,9500,Frequency,42,0.23190155625343323
7M,9500,Frequency,43,0.22865895926952362
7M,9500,Frequency,44,0.22818420827388763
7M,9500,Random,0,0.43923333287239075
7M,9500,Random,1,0.43600916862487793
7M,9500,Random,2,0.4317376911640167
7M,9500,Random,3,0.44909411668777466
7M,9500,Random,4,0.4243687689304352
7M,9500,Random,5,0.43424421548843384
7M,9500,Random,6,0.4418867230415344
7M,9500,Random,7,0.4380107820034027
7M,9500,Random,8,0.426016241312027
7M,9500,Random,9,0.4368024170398712
7M,9500,Random,10,0.44099530577659607
7M,9500,Random,11,0.4338708519935608
7M,9500,Random,12,0.43199247121810913
7M,9500,Random,13,0.4358798563480377
7M,9500,Random,14,0.432942658662796
7M,9500,Random,15,0.4367268681526184
7M,9500,Random,16,0.43438127636909485
7M,9500,Random,17,0.43979769945144653
7M,9500,Random,18,0.44371384382247925
7M,9500,Random,19,0.4462341368198395
7M,9500,Random,20,0.4386948049068451
7M,9500,Random,21,0.4373646676540375
7M,9500,Random,22,0.4340308904647827
7M,9500,Random,23,0.4422365725040436
7M,9500,Random,24,0.4351755380630493
7M,9500,Random,25,0.42949405312538147
7M,9500,Random,26,0.4381973147392273
7M,9500,Random,27,0.4347832500934601
7M,9500,Random,28,0.44125863909721375
7M,9500,Random,29,0.43556851148605347
7M,9500,Random,30,0.441978394985199
7M,9500,Random,31,0.43356263637542725
7M,9500,Random,32,0.441643089056015
7M,9500,Random,33,0.44016677141189575
7M,9500,Random,34,0.44098013639450073
7M,9500,Random,35,0.4396745264530182
7M,9500,Random,36,0.4380919933319092
7M,9500,Random,37,0.43412670493125916
7M,9500,Random,38,0.43620210886001587
7M,9500,Random,39,0.44067347049713135
7M,9500,Random,40,0.4329061806201935
7M,9500,Random,41,0.4357292354106903
7M,9500,Random,42,0.4316715896129608
7M,9500,Random,43,0.44430309534072876
7M,9500,Random,44,0.43342170119285583
7M,9500,Stat,Mean,0.4118320941925049
7M,9500,Stat,Std,0.16494546830654144
7M,9500,Stat,Max,1.372670292854309
7M,10000,Frequency,0,0.7496365308761597
7M,10000,Frequency,1,0.7199341058731079
7M,10000,Frequency,2,0.707225501537323
7M,10000,Frequency,3,0.684377908706665
7M,10000,Frequency,4,0.6605201363563538
7M,10000,Frequency,5,0.6467358469963074
7M,10000,Frequency,6,0.62751704454422
7M,10000,Frequency,7,0.6098126173019409
7M,10000,Frequency,8,0.5931965708732605
7M,10000,Frequency,9,0.5738816857337952
7M,10000,Frequency,10,0.5607283711433411
7M,10000,Frequency,11,0.5488210916519165
7M,10000,Frequency,12,0.5310191512107849
7M,10000,Frequency,13,0.5169559121131897
7M,10000,Frequency,14,0.5002716183662415
7M,10000,Frequency,15,0.49761220812797546
7M,10000,Frequency,16,0.4859727621078491
7M,10000,Frequency,17,0.4719432294368744
7M,10000,Frequency,18,0.45643332600593567
7M,10000,Frequency,19,0.4535903036594391
7M,10000,Frequency,20,0.4435294568538666
7M,10000,Frequency,21,0.4277048707008362
7M,10000,Frequency,22,0.4288700222969055
7M,10000,Frequency,23,0.41526034474372864
7M,10000,Frequency,24,0.40615114569664
7M,10000,Frequency,25,0.39652711153030396
7M,10000,Frequency,26,0.3898788094520569
7M,10000,Frequency,27,0.38271355628967285
7M,10000,Frequency,28,0.3739815652370453
7M,10000,Frequency,29,0.36537986993789673
7M,10000,Frequency,30,0.3560934364795685
7M,10000,Frequency,31,0.344844788312912
7M,10000,Frequency,32,0.3376246690750122
7M,10000,Frequency,33,0.32383808493614197
7M,10000,Frequency,34,0.3136347830295563
7M,10000,Frequency,35,0.3024064004421234
7M,10000,Frequency,36,0.29147422313690186
7M,10000,Frequency,37,0.2773754298686981
7M,10000,Frequency,38,0.26731565594673157
7M,10000,Frequency,39,0.25301241874694824
7M,10000,Frequency,40,0.2441502958536148
7M,10000,Frequency,41,0.23698978126049042
7M,10000,Frequency,42,0.2323303371667862
7M,10000,Frequency,43,0.22882778942584991
7M,10000,Frequency,44,0.22834272682666779
7M,10000,Random,0,0.4473003149032593
7M,10000,Random,1,0.4437370002269745
7M,10000,Random,2,0.43953752517700195
7M,10000,Random,3,0.45646849274635315
7M,10000,Random,4,0.43150418996810913
7M,10000,Random,5,0.442349910736084
7M,10000,Random,6,0.4500036835670471
7M,10000,Random,7,0.4460494816303253
7M,10000,Random,8,0.43384140729904175
7M,10000,Random,9,0.4447246789932251
7M,10000,Random,10,0.4493124186992645
7M,10000,Random,11,0.4418089687824249
7M,10000,Random,12,0.4399702847003937
7M,10000,Random,13,0.44389408826828003
7M,10000,Random,14,0.44121044874191284
7M,10000,Random,15,0.4445667564868927
7M,10000,Random,16,0.4421604573726654
7M,10000,Random,17,0.4478605389595032
7M,10000,Random,18,0.4519082307815552
7M,10000,Random,19,0.4545183479785919
7M,10000,Random,20,0.4466414153575897
7M,10000,Random,21,0.4450121521949768
7M,10000,Random,22,0.4418925642967224
7M,10000,Random,23,0.45031866431236267
7M,10000,Random,24,0.44251933693885803
7M,10000,Random,25,0.4372090697288513
7M,10000,Random,26,0.4459402561187744
7M,10000,Random,27,0.44268158078193665
7M,10000,Random,28,0.44951221346855164
7M,10000,Random,29,0.44335320591926575
7M,10000,Random,30,0.45005926489830017
7M,10000,Random,31,0.4417085647583008
7M,10000,Random,32,0.44986894726753235
7M,10000,Random,33,0.4482991099357605
7M,10000,Random,34,0.44923925399780273
7M,10000,Random,35,0.4477951228618622
7M,10000,Random,36,0.44601792097091675
7M,10000,Random,37,0.4422875940799713
7M,10000,Random,38,0.44402962923049927
7M,10000,Random,39,0.4488048851490021
7M,10000,Random,40,0.44117429852485657
7M,10000,Random,41,0.4433997869491577
7M,10000,Random,42,0.4397181570529938
7M,10000,Random,43,0.4525905251502991
7M,10000,Random,44,0.44239935278892517
7M,10000,Stat,Mean,0.4188476800918579
7M,10000,Stat,Std,0.17003417015075684
7M,10000,Stat,Max,1.400263786315918
7M,10500,Frequency,0,0.763594388961792
7M,10500,Frequency,1,0.7348425388336182
7M,10500,Frequency,2,0.721647322177887
7M,10500,Frequency,3,0.6986405849456787
7M,10500,Frequency,4,0.6739522218704224
7M,10500,Frequency,5,0.6605972647666931
7M,10500,Frequency,6,0.6411845088005066
7M,10500,Frequency,7,0.6225161552429199
7M,10500,Frequency,8,0.6053333878517151
7M,10500,Frequency,9,0.585829496383667
7M,10500,Frequency,10,0.572015643119812
7M,10500,Frequency,11,0.5605257749557495
7M,10500,Frequency,12,0.5419507026672363
7M,10500,Frequency,13,0.5276364684104919
7M,10500,Frequency,14,0.5104987621307373
7M,10500,Frequency,15,0.5078423023223877
7M,10500,Frequency,16,0.49547234177589417
7M,10500,Frequency,17,0.4812365770339966
7M,10500,Frequency,18,0.46516290307044983
7M,10500,Frequency,19,0.4620051980018616
7M,10500,Frequency,20,0.4516003429889679
7M,10500,Frequency,21,0.4354926347732544
7M,10500,Frequency,22,0.4368867874145508
7M,10500,Frequency,23,0.4227791428565979
7M,10500,Frequency,24,0.4135597348213196
7M,10500,Frequency,25,0.4033016562461853
7M,10500,Frequency,26,0.3959755301475525
7M,10500,Frequency,27,0.3889416754245758
7M,10500,Frequency,28,0.3796420693397522
7M,10500,Frequency,29,0.371399849653244
7M,10500,Frequency,30,0.36158791184425354
7M,10500,Frequency,31,0.3495422303676605
7M,10500,Frequency,32,0.34287890791893005
7M,10500,Frequency,33,0.3286025822162628
7M,10500,Frequency,34,0.31788429617881775
7M,10500,Frequency,35,0.3060322403907776
7M,10500,Frequency,36,0.2946736514568329
7M,10500,Frequency,37,0.2801016867160797
7M,10500,Frequency,38,0.26947352290153503
7M,10500,Frequency,39,0.25460085272789
7M,10500,Frequency,40,0.24522048234939575
7M,10500,Frequency,41,0.23754246532917023
7M,10500,Frequency,42,0.23273803293704987
7M,10500,Frequency,43,0.22895677387714386
7M,10500,Frequency,44,0.22839473187923431
7M,10500,Random,0,0.4550444483757019
7M,10500,Random,1,0.4515308737754822
7M,10500,Random,2,0.4470714032649994
7M,10500,Random,3,0.4649714231491089
7M,10500,Random,4,0.43911346793174744
7M,10500,Random,5,0.4500199556350708
7M,10500,Random,6,0.4573746621608734
7M,10500,Random,7,0.45346948504447937
7M,10500,Random,8,0.44127970933914185
7M,10500,Random,9,0.45224884152412415
7M,10500,Random,10,0.45717814564704895
7M,10500,Random,11,0.44995710253715515
7M,10500,Random,12,0.44814079999923706
7M,10500,Random,13,0.4512912333011627
7M,10500,Random,14,0.4492008686065674
7M,10500,Random,15,0.4521341919898987
7M,10500,Random,16,0.44923266768455505
7M,10500,Random,17,0.4554736614227295
7M,10500,Random,18,0.46002286672592163
7M,10500,Random,19,0.4626259505748749
7M,10500,Random,20,0.4547620713710785
7M,10500,Random,21,0.452858030796051
7M,10500,Random,22,0.450075626373291
7M,10500,Random,23,0.45841309428215027
7M,10500,Random,24,0.4503500759601593
7M,10500,Random,25,0.4448004961013794
7M,10500,Random,26,0.45339712500572205
7M,10500,Random,27,0.4506869316101074
7M,10500,Random,28,0.457489550113678
7M,10500,Random,29,0.45125842094421387
7M,10500,Random,30,0.45798802375793457
7M,10500,Random,31,0.449509859085083
7M,10500,Random,32,0.45766162872314453
7M,10500,Random,33,0.4563415050506592
7M,10500,Random,34,0.4570779800415039
7M,10500,Random,35,0.4555016756057739
7M,10500,Random,36,0.4542013108730316
7M,10500,Random,37,0.44991761445999146
7M,10500,Random,38,0.4521363377571106
7M,10500,Random,39,0.4572155475616455
7M,10500,Random,40,0.44899994134902954
7M,10500,Random,41,0.4509040117263794
7M,10500,Random,42,0.4470254182815552
7M,10500,Random,43,0.46114587783813477
7M,10500,Random,44,0.4484730660915375
7M,10500,Stat,Mean,0.42572855949401855
7M,10500,Stat,Std,0.17498408257961273
7M,10500,Stat,Max,1.4095479249954224
7M,11000,Frequency,0,0.7777312994003296
7M,11000,Frequency,1,0.7491384148597717
7M,11000,Frequency,2,0.7363664507865906
7M,11000,Frequency,3,0.7125300168991089
7M,11000,Frequency,4,0.6874945163726807
7M,11000,Frequency,5,0.6737452745437622
7M,11000,Frequency,6,0.6539143919944763
7M,11000,Frequency,7,0.6347553133964539
7M,11000,Frequency,8,0.6170631051063538
7M,11000,Frequency,9,0.597240686416626
7M,11000,Frequency,10,0.5830186009407043
7M,11000,Frequency,11,0.5718682408332825
7M,11000,Frequency,12,0.5519561767578125
7M,11000,Frequency,13,0.5377355813980103
7M,11000,Frequency,14,0.5197216272354126
7M,11000,Frequency,15,0.5176047086715698
7M,11000,Frequency,16,0.5045031905174255
7M,11000,Frequency,17,0.4896245002746582
7M,11000,Frequency,18,0.47399044036865234
7M,11000,Frequency,19,0.4699627459049225
7M,11000,Frequency,20,0.4593130052089691
7M,11000,Frequency,21,0.44309261441230774
7M,11000,Frequency,22,0.444327712059021
7M,11000,Frequency,23,0.4301694333553314
7M,11000,Frequency,24,0.4200576841831207
7M,11000,Frequency,25,0.40968024730682373
7M,11000,Frequency,26,0.4022282660007477
7M,11000,Frequency,27,0.39465099573135376
7M,11000,Frequency,28,0.38506174087524414
7M,11000,Frequency,29,0.37714171409606934
7M,11000,Frequency,30,0.366451621055603
7M,11000,Frequency,31,0.35387662053108215
7M,11000,Frequency,32,0.3476888835430145
7M,11000,Frequency,33,0.33297017216682434
7M,11000,Frequency,34,0.32206159830093384
7M,11000,Frequency,35,0.30977800488471985
7M,11000,Frequency,36,0.2978561222553253
7M,11000,Frequency,37,0.28270289301872253
7M,11000,Frequency,38,0.271698534488678
7M,11000,Frequency,39,0.256220281124115
7M,11000,Frequency,40,0.24628625810146332
7M,11000,Frequency,41,0.23817697167396545
7M,11000,Frequency,42,0.2330455183982849
7M,11000,Frequency,43,0.229099839925766
7M,11000,Frequency,44,0.22847072780132294
7M,11000,Random,0,0.46288150548934937
7M,11000,Random,1,0.45852193236351013
7M,11000,Random,2,0.4548356533050537
7M,11000,Random,3,0.47296619415283203
7M,11000,Random,4,0.4464663863182068
7M,11000,Random,5,0.4574931561946869
7M,11000,Random,6,0.4646211266517639
7M,11000,Random,7,0.46111637353897095
7M,11000,Random,8,0.4485635757446289
7M,11000,Random,9,0.4591863453388214
7M,11000,Random,10,0.46459200978279114
7M,11000,Random,11,0.4572350084781647
7M,11000,Random,12,0.45505964756011963
7M,11000,Random,13,0.45859435200691223
7M,11000,Random,14,0.45664697885513306
7M,11000,Random,15,0.45990797877311707
7M,11000,Random,16,0.4564208686351776
7M,11000,Random,17,0.46303001046180725
7M,11000,Random,18,0.46745648980140686
7M,11000,Random,19,0.47051411867141724
7M,11000,Random,20,0.4622231125831604
7M,11000,Random,21,0.4604954719543457
7M,11000,Random,22,0.457154780626297
7M,11000,Random,23,0.46661490201950073
7M,11000,Random,24,0.4580136239528656
7M,11000,Random,25,0.45229390263557434
7M,11000,Random,26,0.46070024371147156
7M,11000,Random,27,0.4578078091144562
7M,11000,Random,28,0.4650421738624573
7M,11000,Random,29,0.4587550759315491
7M,11000,Random,30,0.4655369818210602
7M,11000,Random,31,0.45672398805618286
7M,11000,Random,32,0.46507614850997925
7M,11000,Random,33,0.4634222090244293
7M,11000,Random,34,0.464799702167511
7M,11000,Random,35,0.46346020698547363
7M,11000,Random,36,0.4617566764354706
7M,11000,Random,37,0.4577767252922058
7M,11000,Random,38,0.45999929308891296
7M,11000,Random,39,0.4646802842617035
7M,11000,Random,40,0.4560793340206146
7M,11000,Random,41,0.45888203382492065
7M,11000,Random,42,0.45461541414260864
7M,11000,Random,43,0.46884241700172424
7M,11000,Random,44,0.45634031295776367
7M,11000,Stat,Mean,0.4323290288448334
7M,11000,Stat,Std,0.1798630952835083
7M,11000,Stat,Max,1.4151493310928345
7M,11500,Frequency,0,0.7919480204582214
7M,11500,Frequency,1,0.763705849647522
7M,11500,Frequency,2,0.7504957318305969
7M,11500,Frequency,3,0.7263035774230957
7M,11500,Frequency,4,0.7014100551605225
7M,11500,Frequency,5,0.6871231198310852
7M,11500,Frequency,6,0.6666021347045898
7M,11500,Frequency,7,0.6473966240882874
7M,11500,Frequency,8,0.6293104887008667
7M,11500,Frequency,9,0.6086598038673401
7M,11500,Frequency,10,0.5941579341888428
7M,11500,Frequency,11,0.5829245448112488
7M,11500,Frequency,12,0.5616899132728577
7M,11500,Frequency,13,0.5484088659286499
7M,11500,Frequency,14,0.5291125774383545
7M,11500,Frequency,15,0.5263723134994507
7M,11500,Frequency,16,0.513692319393158
7M,11500,Frequency,17,0.4983253479003906
7M,11500,Frequency,18,0.48239827156066895
7M,11500,Frequency,19,0.4786619544029236
7M,11500,Frequency,20,0.4668450951576233
7M,11500,Frequency,21,0.4503788352012634
7M,11500,Frequency,22,0.45163673162460327
7M,11500,Frequency,23,0.4372289776802063
7M,11500,Frequency,24,0.42689695954322815
7M,11500,Frequency,25,0.4160018861293793
7M,11500,Frequency,26,0.4090576469898224
7M,11500,Frequency,27,0.40049684047698975
7M,11500,Frequency,28,0.3903135359287262
7M,11500,Frequency,29,0.38246405124664307
7M,11500,Frequency,30,0.37149426341056824
7M,11500,Frequency,31,0.35860663652420044
7M,11500,Frequency,32,0.3520544171333313
7M,11500,Frequency,33,0.3370661735534668
7M,11500,Frequency,34,0.3257514536380768
7M,11500,Frequency,35,0.31309857964515686
7M,11500,Frequency,36,0.30095580220222473
7M,11500,Frequency,37,0.28528299927711487
7M,11500,Frequency,38,0.2737138867378235
7M,11500,Frequency,39,0.25762054324150085
7M,11500,Frequency,40,0.24722172319889069
7M,11500,Frequency,41,0.23889786005020142
7M,11500,Frequency,42,0.23333773016929626
7M,11500,Frequency,43,0.22923791408538818
7M,11500,Frequency,44,0.22856205701828003
7M,11500,Random,0,0.47024306654930115
7M,11500,Random,1,0.4662039875984192
7M,11500,Random,2,0.46237480640411377
7M,11500,Random,3,0.48077574372291565
7M,11500,Random,4,0.4532754421234131
7M,11500,Random,5,0.4647890031337738
7M,11500,Random,6,0.4722559154033661
7M,11500,Random,7,0.4680427312850952
7M,11500,Random,8,0.45569223165512085
7M,11500,Random,9,0.46675699949264526
7M,11500,Random,10,0.4716816544532776
7M,11500,Random,11,0.46491456031799316
7M,11500,Random,12,0.46247631311416626
7M,11500,Random,13,0.46589377522468567
7M,11500,Random,14,0.463947057723999
7M,11500,Random,15,0.4673146903514862
7M,11500,Random,16,0.46404600143432617
7M,11500,Random,17,0.47091177105903625
7M,11500,Random,18,0.4752333164215088
7M,11500,Random,19,0.4784117639064789
7M,11500,Random,20,0.4696662127971649
7M,11500,Random,21,0.46837761998176575
7M,11500,Random,22,0.464470773935318
7M,11500,Random,23,0.47412827610969543
7M,11500,Random,24,0.4652869701385498
7M,11500,Random,25,0.4592917859554291
7M,11500,Random,26,0.4685298204421997
7M,11500,Random,27,0.4655095040798187
7M,11500,Random,28,0.47226476669311523
7M,11500,Random,29,0.46647539734840393
7M,11500,Random,30,0.47329947352409363
7M,11500,Random,31,0.46384039521217346
7M,11500,Random,32,0.472284734249115
7M,11500,Random,33,0.47090330719947815
7M,11500,Random,34,0.4728383719921112
7M,11500,Random,35,0.47091925144195557
7M,11500,Random,36,0.4693603515625
7M,11500,Random,37,0.4657216966152191
7M,11500,Random,38,0.4671536982059479
7M,11500,Random,39,0.4723931849002838
7M,11500,Random,40,0.4633321166038513
7M,11500,Random,41,0.46626192331314087
7M,11500,Random,42,0.4621507525444031
7M,11500,Random,43,0.4760954976081848
7M,11500,Random,44,0.4637552797794342
7M,11500,Stat,Mean,0.4389108419418335
7M,11500,Stat,Std,0.18471555411815643
7M,11500,Stat,Max,1.4440522193908691
7M,12000,Frequency,0,0.8060344457626343
7M,12000,Frequency,1,0.7774465084075928
7M,12000,Frequency,2,0.7646137475967407
7M,12000,Frequency,3,0.7399794459342957
7M,12000,Frequency,4,0.7146849632263184
7M,12000,Frequency,5,0.6996042728424072
7M,12000,Frequency,6,0.679516613483429
7M,12000,Frequency,7,0.6596124172210693
7M,12000,Frequency,8,0.6409111618995667
7M,12000,Frequency,9,0.6197851896286011
7M,12000,Frequency,10,0.6047183871269226
7M,12000,Frequency,11,0.5931481122970581
7M,12000,Frequency,12,0.5716877579689026
7M,12000,Frequency,13,0.5582623481750488
7M,12000,Frequency,14,0.5384130477905273
7M,12000,Frequency,15,0.535457968711853
7M,12000,Frequency,16,0.5223803520202637
7M,12000,Frequency,17,0.5071699023246765
7M,12000,Frequency,18,0.4906427562236786
7M,12000,Frequency,19,0.48690035939216614
7M,12000,Frequency,20,0.4745740592479706
7M,12000,Frequency,21,0.45766061544418335
7M,12000,Frequency,22,0.4589819312095642
7M,12000,Frequency,23,0.44377583265304565
7M,12000,Frequency,24,0.4338518977165222
7M,12000,Frequency,25,0.4226447641849518
7M,12000,Frequency,26,0.4153127372264862
7M,12000,Frequency,27,0.4059448838233948
7M,12000,Frequency,28,0.3961147665977478
7M,12000,Frequency,29,0.38791751861572266
7M,12000,Frequency,30,0.3766995966434479
7M,12000,Frequency,31,0.36320188641548157
7M,12000,Frequency,32,0.3566461503505707
7M,12000,Frequency,33,0.3411479890346527
7M,12000,Frequency,34,0.3292578160762787
7M,12000,Frequency,35,0.3166562020778656
7M,12000,Frequency,36,0.30409231781959534
7M,12000,Frequency,37,0.28764909505844116
7M,12000,Frequency,38,0.2756740152835846
7M,12000,Frequency,39,0.25920403003692627
7M,12000,Frequency,40,0.24806375801563263
7M,12000,Frequency,41,0.23961219191551208
7M,12000,Frequency,42,0.23365402221679688
7M,12000,Frequency,43,0.2294008731842041
7M,12000,Frequency,44,0.22864684462547302
7M,12000,Random,0,0.478056401014328
7M,12000,Random,1,0.47331541776657104
7M,12000,Random,2,0.46965208649635315
7M,12000,Random,3,0.4882509410381317
7M,12000,Random,4,0.460832417011261
7M,12000,Random,5,0.4721442759037018
7M,12000,Random,6,0.479782372713089
7M,12000,Random,7,0.47554510831832886
7M,12000,Random,8,0.46241334080696106
7M,12000,Random,9,0.47409743070602417
7M,12000,Random,10,0.4792661964893341
7M,12000,Random,11,0.4719064235687256
7M,12000,Random,12,0.46945920586586
7M,12000,Random,13,0.472930371761322
7M,12000,Random,14,0.47154903411865234
7M,12000,Random,15,0.47432735562324524
7M,12000,Random,16,0.47146734595298767
7M,12000,Random,17,0.477784126996994
7M,12000,Random,18,0.4830455183982849
7M,12000,Random,19,0.4856577515602112
7M,12000,Random,20,0.477641224861145
7M,12000,Random,21,0.47554510831832886
7M,12000,Random,22,0.47198644280433655
7M,12000,Random,23,0.4818364381790161
7M,12000,Random,24,0.4725498557090759
7M,12000,Random,25,0.46637120842933655
7M,12000,Random,26,0.47581690549850464
7M,12000,Random,27,0.4726281762123108
7M,12000,Random,28,0.4801785945892334
7M,12000,Random,29,0.4735603928565979
7M,12000,Random,30,0.4807439148426056
7M,12000,Random,31,0.47135472297668457
7M,12000,Random,32,0.47975072264671326
7M,12000,Random,33,0.47788506746292114
7M,12000,Random,34,0.47982171177864075
7M,12000,Random,35,0.47814610600471497
7M,12000,Random,36,0.47690674662590027
7M,12000,Random,37,0.47257521748542786
7M,12000,Random,38,0.47421833872795105
7M,12000,Random,39,0.4800160825252533
7M,12000,Random,40,0.4705334007740021
7M,12000,Random,41,0.4738808870315552
7M,12000,Random,42,0.46902257204055786
7M,12000,Random,43,0.48383384943008423
7M,12000,Random,44,0.47130364179611206
7M,12000,Stat,Mean,0.4453650414943695
7M,12000,Stat,Std,0.1894872486591339
7M,12000,Stat,Max,1.4534270763397217
7M,12500,Frequency,0,0.8192770481109619
7M,12500,Frequency,1,0.7907348871231079
7M,12500,Frequency,2,0.7778668403625488
7M,12500,Frequency,3,0.75328129529953
7M,12500,Frequency,4,0.7268987894058228
7M,12500,Frequency,5,0.7121143341064453
7M,12500,Frequency,6,0.6913260221481323
7M,12500,Frequency,7,0.6709898710250854
7M,12500,Frequency,8,0.6526340842247009
7M,12500,Frequency,9,0.631223738193512
7M,12500,Frequency,10,0.6156708598136902
7M,12500,Frequency,11,0.6031693816184998
7M,12500,Frequency,12,0.5820308327674866
7M,12500,Frequency,13,0.5681838393211365
7M,12500,Frequency,14,0.5479555726051331
7M,12500,Frequency,15,0.5448275208473206
7M,12500,Frequency,16,0.5314829349517822
7M,12500,Frequency,17,0.5160421133041382
7M,12500,Frequency,18,0.49918830394744873
7M,12500,Frequency,19,0.4953572154045105
7M,12500,Frequency,20,0.48254719376564026
7M,12500,Frequency,21,0.46518075466156006
7M,12500,Frequency,22,0.46645745635032654
7M,12500,Frequency,23,0.45105257630348206
7M,12500,Frequency,24,0.4405885338783264
7M,12500,Frequency,25,0.4292948246002197
7M,12500,Frequency,26,0.421467661857605
7M,12500,Frequency,27,0.41232967376708984
7M,12500,Frequency,28,0.40165987610816956
7M,12500,Frequency,29,0.3934406638145447
7M,12500,Frequency,30,0.382021427154541
7M,12500,Frequency,31,0.36799249053001404
7M,12500,Frequency,32,0.36131924390792847
7M,12500,Frequency,33,0.345281720161438
7M,12500,Frequency,34,0.33346980810165405
7M,12500,Frequency,35,0.3205336928367615
7M,12500,Frequency,36,0.30734577775001526
7M,12500,Frequency,37,0.2902001440525055
7M,12500,Frequency,38,0.2776961326599121
7M,12500,Frequency,39,0.2607908546924591
7M,12500,Frequency,40,0.2491835057735443
7M,12500,Frequency,41,0.24016804993152618
7M,12500,Frequency,42,0.23400503396987915
7M,12500,Frequency,43,0.22954899072647095
7M,12500,Frequency,44,0.22868137061595917
7M,12500,Random,0,0.4856163263320923
7M,12500,Random,1,0.48103827238082886
7M,12500,Random,2,0.47673100233078003
7M,12500,Random,3,0.4956526756286621
7M,12500,Random,4,0.46779564023017883
7M,12500,Random,5,0.47979921102523804
7M,12500,Random,6,0.48705774545669556
7M,12500,Random,7,0.48256194591522217
7M,12500,Random,8,0.46976998448371887
7M,12500,Random,9,0.48144176602363586
7M,12500,Random,10,0.486622154712677
7M,12500,Random,11,0.4787915050983429
7M,12500,Random,12,0.47689780592918396
7M,12500,Random,13,0.4803183674812317
7M,12500,Random,14,0.4794037640094757
7M,12500,Random,15,0.4813995361328125
7M,12500,Random,16,0.47849443554878235
7M,12500,Random,17,0.48506495356559753
7M,12500,Random,18,0.4906262755393982
7M,12500,Random,19,0.49323171377182007
7M,12500,Random,20,0.4852229058742523
7M,12500,Random,21,0.4829505681991577
7M,12500,Random,22,0.4791449010372162
7M,12500,Random,23,0.4893343150615692
7M,12500,Random,24,0.47947874665260315
7M,12500,Random,25,0.473802775144577
7M,12500,Random,26,0.48311278223991394
7M,12500,Random,27,0.4804277718067169
7M,12500,Random,28,0.48755496740341187
7M,12500,Random,29,0.4810371696949005
7M,12500,Random,30,0.4882100522518158
7M,12500,Random,31,0.4788612425327301
7M,12500,Random,32,0.4868302047252655
7M,12500,Random,33,0.48519739508628845
7M,12500,Random,34,0.4872056841850281
7M,12500,Random,35,0.4853389859199524
7M,12500,Random,36,0.4840376079082489
7M,12500,Random,37,0.47980618476867676
7M,12500,Random,38,0.48177385330200195
7M,12500,Random,39,0.48737767338752747
7M,12500,Random,40,0.4779563844203949
7M,12500,Random,41,0.48109740018844604
7M,12500,Random,42,0.47603610157966614
7M,12500,Random,43,0.49139198660850525
7M,12500,Random,44,0.47899726033210754
7M,12500,Stat,Mean,0.45183444023132324
7M,12500,Stat,Std,0.19409748911857605
7M,12500,Stat,Max,1.4722554683685303
7M,13000,Frequency,0,0.832535445690155
7M,13000,Frequency,1,0.8042662143707275
7M,13000,Frequency,2,0.7914771437644958
7M,13000,Frequency,3,0.766768217086792
7M,13000,Frequency,4,0.739463210105896
7M,13000,Frequency,5,0.7249963879585266
7M,13000,Frequency,6,0.7029258608818054
7M,13000,Frequency,7,0.6826253533363342
7M,13000,Frequency,8,0.6640437841415405
7M,13000,Frequency,9,0.6415186524391174
7M,13000,Frequency,10,0.6266990303993225
7M,13000,Frequency,11,0.6132683157920837
7M,13000,Frequency,12,0.5921822786331177
7M,13000,Frequency,13,0.5779403448104858
7M,13000,Frequency,14,0.55739825963974
7M,13000,Frequency,15,0.5537354350090027
7M,13000,Frequency,16,0.5402383208274841
7M,13000,Frequency,17,0.5249688625335693
7M,13000,Frequency,18,0.5071271657943726
7M,13000,Frequency,19,0.5027415752410889
7M,13000,Frequency,20,0.4902261793613434
7M,13000,Frequency,21,0.47220879793167114
7M,13000,Frequency,22,0.47347331047058105
7M,13000,Frequency,23,0.4577796161174774
7M,13000,Frequency,24,0.446895033121109
7M,13000,Frequency,25,0.43547505140304565
7M,13000,Frequency,26,0.42768073081970215
7M,13000,Frequency,27,0.41788437962532043
7M,13000,Frequency,28,0.40699976682662964
7M,13000,Frequency,29,0.39860132336616516
7M,13000,Frequency,30,0.3869766294956207
7M,13000,Frequency,31,0.3726635277271271
7M,13000,Frequency,32,0.36579713225364685
7M,13000,Frequency,33,0.3493720591068268
7M,13000,Frequency,34,0.33713412284851074
7M,13000,Frequency,35,0.323638916015625
7M,13000,Frequency,36,0.3105171322822571
7M,13000,Frequency,37,0.2926176190376282
7M,13000,Frequency,38,0.27964359521865845
7M,13000,Frequency,39,0.262229859828949
7M,13000,Frequency,40,0.2501048147678375
7M,13000,Frequency,41,0.2407446950674057
7M,13000,Frequency,42,0.23422116041183472
7M,13000,Frequency,43,0.22965215146541595
7M,13000,Frequency,44,0.22887204587459564
7M,13000,Random,0,0.4926678240299225
7M,13000,Random,1,0.48818522691726685
7M,13000,Random,2,0.4839402735233307
7M,13000,Random,3,0.5030934810638428
7M,13000,Random,4,0.47471949458122253
7M,13000,Random,5,0.4873414933681488
7M,13000,Random,6,0.49458765983581543
7M,13000,Random,7,0.48990681767463684
7M,13000,Random,8,0.47692379355430603
7M,13000,Random,9,0.4882712960243225
7M,13000,Random,10,0.4936354458332062
7M,13000,Random,11,0.4863063395023346
7M,13000,Random,12,0.48348191380500793
7M,13000,Random,13,0.4872271418571472
7M,13000,Random,14,0.48673364520072937
7M,13000,Random,15,0.4882254898548126
7M,13000,Random,16,0.48532938957214355
7M,13000,Random,17,0.4920026659965515
7M,13000,Random,18,0.49796828627586365
7M,13000,Random,19,0.5004719495773315
7M,13000,Random,20,0.49212172627449036
7M,13000,Random,21,0.4896412789821625
7M,13000,Random,22,0.48638084530830383
7M,13000,Random,23,0.4970605671405792
7M,13000,Random,24,0.48670682311058044
7M,13000,Random,25,0.48056942224502563
7M,13000,Random,26,0.49017035961151123
7M,13000,Random,27,0.4876047670841217
7M,13000,Random,28,0.4947703778743744
7M,13000,Random,29,0.48809516429901123
7M,13000,Random,30,0.4954313635826111
7M,13000,Random,31,0.48590344190597534
7M,13000,Random,32,0.49366557598114014
7M,13000,Random,33,0.492719441652298
7M,13000,Random,34,0.49469825625419617
7M,13000,Random,35,0.49245449900627136
7M,13000,Random,36,0.4908585846424103
7M,13000,Random,37,0.4868878126144409
7M,13000,Random,38,0.4889589548110962
7M,13000,Random,39,0.49430587887763977
7M,13000,Random,40,0.48473572731018066
7M,13000,Random,41,0.4885382652282715
7M,13000,Random,42,0.483145534992218
7M,13000,Random,43,0.4990678131580353
7M,13000,Random,44,0.4856798052787781
7M,13000,Stat,Mean,0.4581156075000763
7M,13000,Stat,Std,0.19871309399604797
7M,13000,Stat,Max,1.48273503780365
7M,13500,Frequency,0,0.8454287648200989
7M,13500,Frequency,1,0.8175718784332275
7M,13500,Frequency,2,0.8042981624603271
7M,13500,Frequency,3,0.779419481754303
7M,13500,Frequency,4,0.7519362568855286
7M,13500,Frequency,5,0.7370840907096863
7M,13500,Frequency,6,0.715023398399353
7M,13500,Frequency,7,0.6940458416938782
7M,13500,Frequency,8,0.6756247878074646
7M,13500,Frequency,9,0.6523547172546387
7M,13500,Frequency,10,0.6365138292312622
7M,13500,Frequency,11,0.6235747337341309
7M,13500,Frequency,12,0.6018953919410706
7M,13500,Frequency,13,0.5867804884910583
7M,13500,Frequency,14,0.5665661096572876
7M,13500,Frequency,15,0.562648355960846
7M,13500,Frequency,16,0.5486646890640259
7M,13500,Frequency,17,0.5332019329071045
7M,13500,Frequency,18,0.5150249600410461
7M,13500,Frequency,19,0.5103775262832642
7M,13500,Frequency,20,0.4980526268482208
7M,13500,Frequency,21,0.4791300594806671
7M,13500,Frequency,22,0.4804535210132599
7M,13500,Frequency,23,0.46442100405693054
7M,13500,Frequency,24,0.45346665382385254
7M,13500,Frequency,25,0.44184747338294983
7M,13500,Frequency,26,0.4333827793598175
7M,13500,Frequency,27,0.42370325326919556
7M,13500,Frequency,28,0.41268229484558105
7M,13500,Frequency,29,0.40395259857177734
7M,13500,Frequency,30,0.39241018891334534
7M,13500,Frequency,31,0.37752288579940796
7M,13500,Frequency,32,0.36991193890571594
7M,13500,Frequency,33,0.3532828688621521
7M,13500,Frequency,34,0.3410266041755676
7M,13500,Frequency,35,0.32719144225120544
7M,13500,Frequency,36,0.31373730301856995
7M,13500,Frequency,37,0.295134037733078
7M,13500,Frequency,38,0.2819141447544098
7M,13500,Frequency,39,0.26400768756866455
7M,13500,Frequency,40,0.25100988149642944
7M,13500,Frequency,41,0.24146723747253418
7M,13500,Frequency,42,0.2344968169927597
7M,13500,Frequency,43,0.22980621457099915
7M,13500,Frequency,44,0.22891351580619812
7M,13500,Random,0,0.49966880679130554
7M,13500,Random,1,0.49515244364738464
7M,13500,Random,2,0.4911290109157562
7M,13500,Random,3,0.5105822086334229
7M,13500,Random,4,0.4813985526561737
7M,13500,Random,5,0.49448448419570923
7M,13500,Random,6,0.5020322799682617
7M,13500,Random,7,0.4970937669277191
7M,13500,Random,8,0.483529657125473
7M,13500,Random,9,0.4951682388782501
7M,13500,Random,10,0.5010486841201782
7M,13500,Random,11,0.4935818016529083
7M,13500,Random,12,0.4905197024345398
7M,13500,Random,13,0.49424415826797485
7M,13500,Random,14,0.4937957227230072
7M,13500,Random,15,0.4954143464565277
7M,13500,Random,16,0.49245455861091614
7M,13500,Random,17,0.4990176260471344
7M,13500,Random,18,0.5047973990440369
7M,13500,Random,19,0.5075082778930664
7M,13500,Random,20,0.4996960759162903
7M,13500,Random,21,0.496550589799881
7M,13500,Random,22,0.49394509196281433
7M,13500,Random,23,0.5038370490074158
7M,13500,Random,24,0.49395835399627686
7M,13500,Random,25,0.4875240921974182
7M,13500,Random,26,0.4974537789821625
7M,13500,Random,27,0.49485260248184204
7M,13500,Random,28,0.5016232132911682
7M,13500,Random,29,0.49535906314849854
7M,13500,Random,30,0.5024514198303223
7M,13500,Random,31,0.49252721667289734
7M,13500,Random,32,0.5005426406860352
7M,13500,Random,33,0.49985820055007935
7M,13500,Random,34,0.501848042011261
7M,13500,Random,35,0.4994468092918396
7M,13500,Random,36,0.4979180693626404
7M,13500,Random,37,0.49374547600746155
7M,13500,Random,38,0.4957965910434723
7M,13500,Random,39,0.5014037489891052
7M,13500,Random,40,0.491780549287796
7M,13500,Random,41,0.4954921305179596
7M,13500,Random,42,0.48980712890625
7M,13500,Random,43,0.5063686966896057
7M,13500,Random,44,0.4925207793712616
7M,13500,Stat,Mean,0.4643356502056122
7M,13500,Stat,Std,0.20313893258571625
7M,13500,Stat,Max,1.502516746520996
7M,14000,Frequency,0,0.8581048846244812
7M,14000,Frequency,1,0.8310462832450867
7M,14000,Frequency,2,0.8172290325164795
7M,14000,Frequency,3,0.7919967770576477
7M,14000,Frequency,4,0.7642338871955872
7M,14000,Frequency,5,0.7498061656951904
7M,14000,Frequency,6,0.7264607548713684
7M,14000,Frequency,7,0.7056524753570557
7M,14000,Frequency,8,0.6862379908561707
7M,14000,Frequency,9,0.6632502675056458
7M,14000,Frequency,10,0.6465970873832703
7M,14000,Frequency,11,0.6337039470672607
7M,14000,Frequency,12,0.6121787428855896
7M,14000,Frequency,13,0.5960225462913513
7M,14000,Frequency,14,0.575100839138031
7M,14000,Frequency,15,0.5712695717811584
7M,14000,Frequency,16,0.5569811463356018
7M,14000,Frequency,17,0.5413050651550293
7M,14000,Frequency,18,0.5231438279151917
7M,14000,Frequency,19,0.5177860260009766
7M,14000,Frequency,20,0.5053312182426453
7M,14000,Frequency,21,0.4860626757144928
7M,14000,Frequency,22,0.4877454340457916
7M,14000,Frequency,23,0.4713614284992218
7M,14000,Frequency,24,0.4599698781967163
7M,14000,Frequency,25,0.4480094909667969
7M,14000,Frequency,26,0.4389674663543701
7M,14000,Frequency,27,0.42906156182289124
7M,14000,Frequency,28,0.41821885108947754
7M,14000,Frequency,29,0.4088537395000458
7M,14000,Frequency,30,0.39744049310684204
7M,14000,Frequency,31,0.3820608854293823
7M,14000,Frequency,32,0.37437140941619873
7M,14000,Frequency,33,0.35734087228775024
7M,14000,Frequency,34,0.3451838493347168
7M,14000,Frequency,35,0.3305283486843109
7M,14000,Frequency,36,0.3166196048259735
7M,14000,Frequency,37,0.29749858379364014
7M,14000,Frequency,38,0.2838999629020691
7M,14000,Frequency,39,0.26545435190200806
7M,14000,Frequency,40,0.2519950568675995
7M,14000,Frequency,41,0.24205072224140167
7M,14000,Frequency,42,0.23479536175727844
7M,14000,Frequency,43,0.22995606064796448
7M,14000,Frequency,44,0.22901484370231628
7M,14000,Random,0,0.5064573287963867
7M,14000,Random,1,0.502299964427948
7M,14000,Random,2,0.4976710081100464
7M,14000,Random,3,0.5173918008804321
7M,14000,Random,4,0.48785609006881714
7M,14000,Random,5,0.5012580752372742
7M,14000,Random,6,0.5091941952705383
7M,14000,Random,7,0.5037921667098999
7M,14000,Random,8,0.4906385540962219
7M,14000,Random,9,0.502257227897644
7M,14000,Random,10,0.5082539319992065
7M,14000,Random,11,0.5003454089164734
7M,14000,Random,12,0.49730443954467773
7M,14000,Random,13,0.5012308359146118
7M,14000,Random,14,0.500968873500824
7M,14000,Random,15,0.5025596022605896
7M,14000,Random,16,0.4991295039653778
7M,14000,Random,17,0.5058369636535645
7M,14000,Random,18,0.5127736926078796
7M,14000,Random,19,0.5149880051612854
7M,14000,Random,20,0.5066813230514526
7M,14000,Random,21,0.5036447644233704
7M,14000,Random,22,0.5009216666221619
7M,14000,Random,23,0.5106862187385559
7M,14000,Random,24,0.5005987882614136
7M,14000,Random,25,0.4944522976875305
7M,14000,Random,26,0.504497766494751
7M,14000,Random,27,0.5018023252487183
7M,14000,Random,28,0.5088907480239868
7M,14000,Random,29,0.5022611021995544
7M,14000,Random,30,0.5091359615325928
7M,14000,Random,31,0.49960559606552124
7M,14000,Random,32,0.507616400718689
7M,14000,Random,33,0.5064525008201599
7M,14000,Random,34,0.5089561939239502
7M,14000,Random,35,0.5064493417739868
7M,14000,Random,36,0.5052075982093811
7M,14000,Random,37,0.5008143186569214
7M,14000,Random,38,0.502607524394989
7M,14000,Random,39,0.5091230273246765
7M,14000,Random,40,0.4990561008453369
7M,14000,Random,41,0.5022987127304077
7M,14000,Random,42,0.4962373673915863
7M,14000,Random,43,0.5134419798851013
7M,14000,Random,44,0.49904441833496094
7M,14000,Stat,Mean,0.4704813063144684
7M,14000,Stat,Std,0.20759105682373047
7M,14000,Stat,Max,1.5117228031158447
7M,14500,Frequency,0,0.8709630370140076
7M,14500,Frequency,1,0.8435901403427124
7M,14500,Frequency,2,0.8298486471176147
7M,14500,Frequency,3,0.8048118352890015
7M,14500,Frequency,4,0.7761446237564087
7M,14500,Frequency,5,0.761599600315094
7M,14500,Frequency,6,0.738448977470398
7M,14500,Frequency,7,0.7168005704879761
7M,14500,Frequency,8,0.6972206234931946
7M,14500,Frequency,9,0.6744118928909302
7M,14500,Frequency,10,0.6571657061576843
7M,14500,Frequency,11,0.6439020037651062
7M,14500,Frequency,12,0.6219707131385803
7M,14500,Frequency,13,0.6052088141441345
7M,14500,Frequency,14,0.5837200880050659
7M,14500,Frequency,15,0.5800660252571106
7M,14500,Frequency,16,0.5653960704803467
7M,14500,Frequency,17,0.549489438533783
7M,14500,Frequency,18,0.5308171510696411
7M,14500,Frequency,19,0.5259028673171997
7M,14500,Frequency,20,0.5126960873603821
7M,14500,Frequency,21,0.4927162230014801
7M,14500,Frequency,22,0.4947492778301239
7M,14500,Frequency,23,0.47812455892562866
7M,14500,Frequency,24,0.4665197730064392
7M,14500,Frequency,25,0.4539893567562103
7M,14500,Frequency,26,0.4451301395893097
7M,14500,Frequency,27,0.43437567353248596
7M,14500,Frequency,28,0.4235052168369293
7M,14500,Frequency,29,0.41426581144332886
7M,14500,Frequency,30,0.40236935019493103
7M,14500,Frequency,31,0.386680006980896
7M,14500,Frequency,32,0.3788188695907593
7M,14500,Frequency,33,0.3616456389427185
7M,14500,Frequency,34,0.34930628538131714
7M,14500,Frequency,35,0.3339586555957794
7M,14500,Frequency,36,0.3198389708995819
7M,14500,Frequency,37,0.3001006543636322
7M,14500,Frequency,38,0.28598299622535706
7M,14500,Frequency,39,0.26685550808906555
7M,14500,Frequency,40,0.25295811891555786
7M,14500,Frequency,41,0.2426905632019043
7M,14500,Frequency,42,0.23523172736167908
7M,14500,Frequency,43,0.23012109100818634
7M,14500,Frequency,44,0.22917112708091736
7M,14500,Random,0,0.5135948657989502
7M,14500,Random,1,0.5090341567993164
7M,14500,Random,2,0.5043142437934875
7M,14500,Random,3,0.5244213342666626
7M,14500,Random,4,0.4944743812084198
7M,14500,Random,5,0.5077038407325745
7M,14500,Random,6,0.5162649750709534
7M,14500,Random,7,0.5106056332588196
7M,14500,Random,8,0.49749717116355896
7M,14500,Random,9,0.5091972947120667
7M,14500,Random,10,0.5153304934501648
7M,14500,Random,11,0.5077071189880371
7M,14500,Random,12,0.5041817426681519
7M,14500,Random,13,0.5078197121620178
7M,14500,Random,14,0.5083611011505127
7M,14500,Random,15,0.5094943046569824
7M,14500,Random,16,0.506206750869751
7M,14500,Random,17,0.5126261711120605
7M,14500,Random,18,0.520010232925415
7M,14500,Random,19,0.5223188996315002
7M,14500,Random,20,0.5135676264762878
7M,14500,Random,21,0.5108129978179932
7M,14500,Random,22,0.508342981338501
7M,14500,Random,23,0.5179795026779175
7M,14500,Random,24,0.5078969597816467
7M,14500,Random,25,0.5009280443191528
7M,14500,Random,26,0.5113598108291626
7M,14500,Random,27,0.509047269821167
7M,14500,Random,28,0.5156944990158081
7M,14500,Random,29,0.5087103247642517
7M,14500,Random,30,0.5161314606666565
7M,14500,Random,31,0.506803572177887
7M,14500,Random,32,0.5146456360816956
7M,14500,Random,33,0.5135737061500549
7M,14500,Random,34,0.5160742998123169
7M,14500,Random,35,0.513213038444519
7M,14500,Random,36,0.5125754475593567
7M,14500,Random,37,0.5078153610229492
7M,14500,Random,38,0.5097596645355225
7M,14500,Random,39,0.5158945322036743
7M,14500,Random,40,0.5057119131088257
7M,14500,Random,41,0.5093145966529846
7M,14500,Random,42,0.5036213994026184
7M,14500,Random,43,0.5208019614219666
7M,14500,Random,44,0.5049484372138977
7M,14500,Stat,Mean,0.4766349494457245
7M,14500,Stat,Std,0.21198779344558716
7M,14500,Stat,Max,1.5066633224487305
7M,15000,Frequency,0,0.8832226395606995
7M,15000,Frequency,1,0.85597825050354
7M,15000,Frequency,2,0.8425880670547485
7M,15000,Frequency,3,0.8170781135559082
7M,15000,Frequency,4,0.7874138951301575
7M,15000,Frequency,5,0.7732228636741638
7M,15000,Frequency,6,0.7494462728500366
7M,15000,Frequency,7,0.7282873392105103
7M,15000,Frequency,8,0.7081684470176697
7M,15000,Frequency,9,0.6842865943908691
7M,15000,Frequency,10,0.6669740676879883
7M,15000,Frequency,11,0.6532592177391052
7M,15000,Frequency,12,0.6316275596618652
7M,15000,Frequency,13,0.61454176902771
7M,15000,Frequency,14,0.5923182964324951
7M,15000,Frequency,15,0.5883797407150269
7M,15000,Frequency,16,0.5738475918769836
7M,15000,Frequency,17,0.5571591258049011
7M,15000,Frequency,18,0.5379970073699951
7M,15000,Frequency,19,0.5335066914558411
7M,15000,Frequency,20,0.5196979641914368
7M,15000,Frequency,21,0.4995509088039398
7M,15000,Frequency,22,0.5014445185661316
7M,15000,Frequency,23,0.48474231362342834
7M,15000,Frequency,24,0.4727761149406433
7M,15000,Frequency,25,0.4599631726741791
7M,15000,Frequency,26,0.45048975944519043
7M,15000,Frequency,27,0.4400959610939026
7M,15000,Frequency,28,0.4289698302745819
7M,15000,Frequency,29,0.41927045583724976
7M,15000,Frequency,30,0.4072529375553131
7M,15000,Frequency,31,0.3914007246494293
7M,15000,Frequency,32,0.3830580413341522
7M,15000,Frequency,33,0.3656552731990814
7M,15000,Frequency,34,0.35315510630607605
7M,15000,Frequency,35,0.3374783992767334
7M,15000,Frequency,36,0.32289037108421326
7M,15000,Frequency,37,0.3026563823223114
7M,15000,Frequency,38,0.28822848200798035
7M,15000,Frequency,39,0.26861828565597534
7M,15000,Frequency,40,0.25412920117378235
7M,15000,Frequency,41,0.243412584066391
7M,15000,Frequency,42,0.23566998541355133
7M,15000,Frequency,43,0.23026129603385925
7M,15000,Frequency,44,0.22920076549053192
7M,15000,Random,0,0.5203748345375061
7M,15000,Random,1,0.5157149434089661
7M,15000,Random,2,0.5106316804885864
7M,15000,Random,3,0.531715452671051
7M,15000,Random,4,0.5008557438850403
7M,15000,Random,5,0.5144323110580444
7M,15000,Random,6,0.5233129262924194
7M,15000,Random,7,0.5173488855361938
7M,15000,Random,8,0.5040653944015503
7M,15000,Random,9,0.515968918800354
7M,15000,Random,10,0.5222813487052917
7M,15000,Random,11,0.5139685869216919
7M,15000,Random,12,0.5110644698143005
7M,15000,Random,13,0.5147613286972046
7M,15000,Random,14,0.515272319316864
7M,15000,Random,15,0.5158863663673401
7M,15000,Random,16,0.5127415060997009
7M,15000,Random,17,0.5191464424133301
7M,15000,Random,18,0.5267272591590881
7M,15000,Random,19,0.5298394560813904
7M,15000,Random,20,0.5206892490386963
7M,15000,Random,21,0.5173317790031433
7M,15000,Random,22,0.5153313279151917
7M,15000,Random,23,0.5246472954750061
7M,15000,Random,24,0.5144547820091248
7M,15000,Random,25,0.5074554681777954
7M,15000,Random,26,0.5184046626091003
7M,15000,Random,27,0.515735387802124
7M,15000,Random,28,0.5225979089736938
7M,15000,Random,29,0.5151798129081726
7M,15000,Random,30,0.5228233933448792
7M,15000,Random,31,0.5136895179748535
7M,15000,Random,32,0.5213049054145813
7M,15000,Random,33,0.5207200050354004
7M,15000,Random,34,0.5231956839561462
7M,15000,Random,35,0.5199049115180969
7M,15000,Random,36,0.5193349123001099
7M,15000,Random,37,0.5147162079811096
7M,15000,Random,38,0.516615092754364
7M,15000,Random,39,0.5227116942405701
7M,15000,Random,40,0.5124537944793701
7M,15000,Random,41,0.516136884689331
7M,15000,Random,42,0.5100291967391968
7M,15000,Random,43,0.5281530618667603
7M,15000,Random,44,0.5121102929115295
7M,15000,Stat,Mean,0.4826056659221649
7M,15000,Stat,Std,0.2161691039800644
7M,15000,Stat,Max,1.5314528942108154
7M,15500,Frequency,0,0.8949212431907654
7M,15500,Frequency,1,0.8685078620910645
7M,15500,Frequency,2,0.8551431894302368
7M,15500,Frequency,3,0.8294195532798767
7M,15500,Frequency,4,0.7993662357330322
7M,15500,Frequency,5,0.7851054072380066
7M,15500,Frequency,6,0.7602614760398865
7M,15500,Frequency,7,0.7395118474960327
7M,15500,Frequency,8,0.7184607982635498
7M,15500,Frequency,9,0.6943911910057068
7M,15500,Frequency,10,0.6765140295028687
7M,15500,Frequency,11,0.6620373129844666
7M,15500,Frequency,12,0.640877902507782
7M,15500,Frequency,13,0.6238974332809448
7M,15500,Frequency,14,0.6010000705718994
7M,15500,Frequency,15,0.5965694785118103
7M,15500,Frequency,16,0.5822623372077942
7M,15500,Frequency,17,0.5650061964988708
7M,15500,Frequency,18,0.5454974174499512
7M,15500,Frequency,19,0.5407150387763977
7M,15500,Frequency,20,0.5265728831291199
7M,15500,Frequency,21,0.5062524080276489
7M,15500,Frequency,22,0.5078966617584229
7M,15500,Frequency,23,0.4912931025028229
7M,15500,Frequency,24,0.4788811504840851
7M,15500,Frequency,25,0.4658239185810089
7M,15500,Frequency,26,0.45624494552612305
7M,15500,Frequency,27,0.44578349590301514
7M,15500,Frequency,28,0.434362530708313
7M,15500,Frequency,29,0.4240819215774536
7M,15500,Frequency,30,0.4125054180622101
7M,15500,Frequency,31,0.3954741358757019
7M,15500,Frequency,32,0.387307733297348
7M,15500,Frequency,33,0.36970317363739014
7M,15500,Frequency,34,0.35674431920051575
7M,15500,Frequency,35,0.34071946144104004
7M,15500,Frequency,36,0.32564684748649597
7M,15500,Frequency,37,0.30499163269996643
7M,15500,Frequency,38,0.29033952951431274
7M,15500,Frequency,39,0.27033910155296326
7M,15500,Frequency,40,0.2552085816860199
7M,15500,Frequency,41,0.24403275549411774
7M,15500,Frequency,42,0.23597541451454163
7M,15500,Frequency,43,0.2304648458957672
7M,15500,Frequency,44,0.2293339967727661
7M,15500,Random,0,0.5272144079208374
7M,15500,Random,1,0.522163987159729
7M,15500,Random,2,0.5173851847648621
7M,15500,Random,3,0.5387970805168152
7M,15500,Random,4,0.5067823529243469
7M,15500,Random,5,0.5212854743003845
7M,15500,Random,6,0.5299758315086365
7M,15500,Random,7,0.524263858795166
7M,15500,Random,8,0.5106422901153564
7M,15500,Random,9,0.5219600200653076
7M,15500,Random,10,0.5293784737586975
7M,15500,Random,11,0.52073734998703
7M,15500,Random,12,0.5176932215690613
7M,15500,Random,13,0.5214682221412659
7M,15500,Random,14,0.5219231247901917
7M,15500,Random,15,0.5222569704055786
7M,15500,Random,16,0.520152747631073
7M,15500,Random,17,0.5259928703308105
7M,15500,Random,18,0.5332448482513428
7M,15500,Random,19,0.5368274450302124
7M,15500,Random,20,0.5274418592453003
7M,15500,Random,21,0.523861825466156
7M,15500,Random,22,0.5220308899879456
7M,15500,Random,23,0.5313053727149963
7M,15500,Random,24,0.5210498571395874
7M,15500,Random,25,0.5143867135047913
7M,15500,Random,26,0.5248414278030396
7M,15500,Random,27,0.5220423936843872
7M,15500,Random,28,0.5286698937416077
7M,15500,Random,29,0.522063672542572
7M,15500,Random,30,0.5295681953430176
7M,15500,Random,31,0.520500898361206
7M,15500,Random,32,0.5279300808906555
7M,15500,Random,33,0.527381956577301
7M,15500,Random,34,0.5295372605323792
7M,15500,Random,35,0.5269061923027039
7M,15500,Random,36,0.5262618064880371
7M,15500,Random,37,0.5212281346321106
7M,15500,Random,38,0.523308277130127
7M,15500,Random,39,0.5298491716384888
7M,15500,Random,40,0.5188207030296326
7M,15500,Random,41,0.5230951905250549
7M,15500,Random,42,0.5165982842445374
7M,15500,Random,43,0.5350550413131714
7M,15500,Random,44,0.5194172263145447
7M,15500,Stat,Mean,0.4884948432445526
7M,15500,Stat,Std,0.2204027622938156
7M,15500,Stat,Max,1.5506458282470703
7M,16000,Frequency,0,0.907633364200592
7M,16000,Frequency,1,0.8801169395446777
7M,16000,Frequency,2,0.8676388263702393
7M,16000,Frequency,3,0.8409705758094788
7M,16000,Frequency,4,0.8106786012649536
7M,16000,Frequency,5,0.7968764305114746
7M,16000,Frequency,6,0.7715400457382202
7M,16000,Frequency,7,0.7503102421760559
7M,16000,Frequency,8,0.7288039326667786
7M,16000,Frequency,9,0.7045946717262268
7M,16000,Frequency,10,0.6863839626312256
7M,16000,Frequency,11,0.6718978881835938
7M,16000,Frequency,12,0.6499791741371155
7M,16000,Frequency,13,0.6325824856758118
7M,16000,Frequency,14,0.609312891960144
7M,16000,Frequency,15,0.6053842306137085
7M,16000,Frequency,16,0.59019935131073
7M,16000,Frequency,17,0.5725044012069702
7M,16000,Frequency,18,0.5527188777923584
7M,16000,Frequency,19,0.5480985045433044
7M,16000,Frequency,20,0.5336975455284119
7M,16000,Frequency,21,0.5127274394035339
7M,16000,Frequency,22,0.514136552810669
7M,16000,Frequency,23,0.4968663454055786
7M,16000,Frequency,24,0.48473021388053894
7M,16000,Frequency,25,0.4720296859741211
7M,16000,Frequency,26,0.46193447709083557
7M,16000,Frequency,27,0.4512527585029602
7M,16000,Frequency,28,0.43979278206825256
7M,16000,Frequency,29,0.4288998246192932
7M,16000,Frequency,30,0.4172232747077942
7M,16000,Frequency,31,0.40022748708724976
7M,16000,Frequency,32,0.3914576470851898
7M,16000,Frequency,33,0.3734465539455414
7M,16000,Frequency,34,0.3603605329990387
7M,16000,Frequency,35,0.34388867020606995
7M,16000,Frequency,36,0.3284527659416199
7M,16000,Frequency,37,0.30779287219047546
7M,16000,Frequency,38,0.29248493909835815
7M,16000,Frequency,39,0.271621435880661
7M,16000,Frequency,40,0.2561478316783905
7M,16000,Frequency,41,0.2447601556777954
7M,16000,Frequency,42,0.23635730147361755
7M,16000,Frequency,43,0.2306479960680008
7M,16000,Frequency,44,0.22939208149909973
7M,16000,Random,0,0.5336088538169861
7M,16000,Random,1,0.5288625359535217
7M,16000,Random,2,0.5240278244018555
7M,16000,Random,3,0.5454836487770081
7M,16000,Random,4,0.5129297971725464
7M,16000,Random,5,0.5276878476142883
7M,16000,Random,6,0.537138819694519
7M,16000,Random,7,0.531020998954773
7M,16000,Random,8,0.5169374942779541
7M,16000,Random,9,0.5285537838935852
7M,16000,Random,10,0.5361083149909973
7M,16000,Random,11,0.527056872844696
7M,16000,Random,12,0.5240946412086487
7M,16000,Random,13,0.5277460217475891
7M,16000,Random,14,0.5289140939712524
7M,16000,Random,15,0.5287662744522095
7M,16000,Random,16,0.5261920094490051
7M,16000,Random,17,0.5327514410018921
7M,16000,Random,18,0.5399054884910583
7M,16000,Random,19,0.5433664321899414
7M,16000,Random,20,0.5340769290924072
7M,16000,Random,21,0.530335545539856
7M,16000,Random,22,0.5288752317428589
7M,16000,Random,23,0.5382228493690491
7M,16000,Random,24,0.5274912714958191
7M,16000,Random,25,0.5209492444992065
7M,16000,Random,26,0.5317124724388123
7M,16000,Random,27,0.5282049775123596
7M,16000,Random,28,0.5354068279266357
7M,16000,Random,29,0.528388500213623
7M,16000,Random,30,0.5366619825363159
7M,16000,Random,31,0.52745521068573
7M,16000,Random,32,0.5344371199607849
7M,16000,Random,33,0.5344591736793518
7M,16000,Random,34,0.5361139178276062
7M,16000,Random,35,0.5333920121192932
7M,16000,Random,36,0.5330426096916199
7M,16000,Random,37,0.5280972719192505
7M,16000,Random,38,0.5299316644668579
7M,16000,Random,39,0.5367203950881958
7M,16000,Random,40,0.5258058905601501
7M,16000,Random,41,0.5295700430870056
7M,16000,Random,42,0.5230056047439575
7M,16000,Random,43,0.5419156551361084
7M,16000,Random,44,0.5255245566368103
7M,16000,Stat,Mean,0.4943262040615082
7M,16000,Stat,Std,0.22455765306949615
7M,16000,Stat,Max,1.5436450242996216
7M,16500,Frequency,0,0.9187201261520386
7M,16500,Frequency,1,0.8922061324119568
7M,16500,Frequency,2,0.879408061504364
7M,16500,Frequency,3,0.8527777194976807
7M,16500,Frequency,4,0.8219352960586548
7M,16500,Frequency,5,0.8088904023170471
7M,16500,Frequency,6,0.7824726700782776
7M,16500,Frequency,7,0.7612547874450684
7M,16500,Frequency,8,0.7390733361244202
7M,16500,Frequency,9,0.714902937412262
7M,16500,Frequency,10,0.6960951089859009
7M,16500,Frequency,11,0.6812220215797424
7M,16500,Frequency,12,0.65895015001297
7M,16500,Frequency,13,0.6410762667655945
7M,16500,Frequency,14,0.6170000433921814
7M,16500,Frequency,15,0.613271176815033
7M,16500,Frequency,16,0.598221480846405
7M,16500,Frequency,17,0.5799764394760132
7M,16500,Frequency,18,0.5602108240127563
7M,16500,Frequency,19,0.5550675988197327
7M,16500,Frequency,20,0.5401661992073059
7M,16500,Frequency,21,0.5190967321395874
7M,16500,Frequency,22,0.5204249024391174
7M,16500,Frequency,23,0.502616286277771
7M,16500,Frequency,24,0.490350604057312
7M,16500,Frequency,25,0.4778481721878052
7M,16500,Frequency,26,0.4678749740123749
7M,16500,Frequency,27,0.4564502537250519
7M,16500,Frequency,28,0.4451325535774231
7M,16500,Frequency,29,0.4337238371372223
7M,16500,Frequency,30,0.42158544063568115
7M,16500,Frequency,31,0.4044966697692871
7M,16500,Frequency,32,0.39581820368766785
7M,16500,Frequency,33,0.3772774040699005
7M,16500,Frequency,34,0.36388158798217773
7M,16500,Frequency,35,0.34687045216560364
7M,16500,Frequency,36,0.3317553699016571
7M,16500,Frequency,37,0.3104096055030823
7M,16500,Frequency,38,0.2944921851158142
7M,16500,Frequency,39,0.27313247323036194
7M,16500,Frequency,40,0.25710776448249817
7M,16500,Frequency,41,0.24531476199626923
7M,16500,Frequency,42,0.2366914600133896
7M,16500,Frequency,43,0.23077943921089172
7M,16500,Frequency,44,0.22940826416015625
7M,16500,Random,0,0.5400289297103882
7M,16500,Random,1,0.5348812341690063
7M,16500,Random,2,0.5306524634361267
7M,16500,Random,3,0.5525462031364441
7M,16500,Random,4,0.5192090272903442
7M,16500,Random,5,0.5341601371765137
7M,16500,Random,6,0.5439402461051941
7M,16500,Random,7,0.5377669334411621
7M,16500,Random,8,0.5231161713600159
7M,16500,Random,9,0.5349225401878357
7M,16500,Random,10,0.5425401329994202
7M,16500,Random,11,0.5335245132446289
7M,16500,Random,12,0.5303524136543274
7M,16500,Random,13,0.5343554019927979
7M,16500,Random,14,0.5352604985237122
7M,16500,Random,15,0.535341739654541
7M,16500,Random,16,0.5324342250823975
7M,16500,Random,17,0.5393438935279846
7M,16500,Random,18,0.546808660030365
7M,16500,Random,19,0.5498751997947693
7M,16500,Random,20,0.5406792759895325
7M,16500,Random,21,0.5368595123291016
7M,16500,Random,22,0.5351864695549011
7M,16500,Random,23,0.5450175404548645
7M,16500,Random,24,0.5337532758712769
7M,16500,Random,25,0.5269195437431335
7M,16500,Random,26,0.5380945801734924
7M,16500,Random,27,0.5344133377075195
7M,16500,Random,28,0.5419272780418396
7M,16500,Random,29,0.5348972082138062
7M,16500,Random,30,0.5428783893585205
7M,16500,Random,31,0.5335179567337036
7M,16500,Random,32,0.541165292263031
7M,16500,Random,33,0.5411460399627686
7M,16500,Random,34,0.5427184700965881
7M,16500,Random,35,0.539743959903717
7M,16500,Random,36,0.5399796962738037
7M,16500,Random,37,0.5347806215286255
7M,16500,Random,38,0.5362874865531921
7M,16500,Random,39,0.5432664752006531
7M,16500,Random,40,0.5322134494781494
7M,16500,Random,41,0.5361263155937195
7M,16500,Random,42,0.5293663144111633
7M,16500,Random,43,0.5485984086990356
7M,16500,Random,44,0.5323498249053955
7M,16500,Stat,Mean,0.5000342726707458
7M,16500,Stat,Std,0.22863733768463135
7M,16500,Stat,Max,1.565937876701355
7M,17000,Frequency,0,0.930581271648407
7M,17000,Frequency,1,0.9039413928985596
7M,17000,Frequency,2,0.8912112712860107
7M,17000,Frequency,3,0.8649581074714661
7M,17000,Frequency,4,0.8333841562271118
7M,17000,Frequency,5,0.8193371295928955
7M,17000,Frequency,6,0.7937213778495789
7M,17000,Frequency,7,0.7718027234077454
7M,17000,Frequency,8,0.7488601207733154
7M,17000,Frequency,9,0.7248083353042603
7M,17000,Frequency,10,0.7055180668830872
7M,17000,Frequency,11,0.6906044483184814
7M,17000,Frequency,12,0.6677266955375671
7M,17000,Frequency,13,0.6496858596801758
7M,17000,Frequency,14,0.6249076128005981
7M,17000,Frequency,15,0.6213626265525818
7M,17000,Frequency,16,0.6061573624610901
7M,17000,Frequency,17,0.5873545408248901
7M,17000,Frequency,18,0.5675124526023865
7M,17000,Frequency,19,0.5621179342269897
7M,17000,Frequency,20,0.5468224883079529
7M,17000,Frequency,21,0.5254959464073181
7M,17000,Frequency,22,0.526787519454956
7M,17000,Frequency,23,0.5088354349136353
7M,17000,Frequency,24,0.49645543098449707
7M,17000,Frequency,25,0.48340174555778503
7M,17000,Frequency,26,0.4731282889842987
7M,17000,Frequency,27,0.46186932921409607
7M,17000,Frequency,28,0.4499065577983856
7M,17000,Frequency,29,0.43874484300613403
7M,17000,Frequency,30,0.42616692185401917
7M,17000,Frequency,31,0.4087587296962738
7M,17000,Frequency,32,0.39997515082359314
7M,17000,Frequency,33,0.38128000497817993
7M,17000,Frequency,34,0.367379754781723
7M,17000,Frequency,35,0.34978824853897095
7M,17000,Frequency,36,0.3345085382461548
7M,17000,Frequency,37,0.3127615451812744
7M,17000,Frequency,38,0.2965279817581177
7M,17000,Frequency,39,0.27448132634162903
7M,17000,Frequency,40,0.25819727778434753
7M,17000,Frequency,41,0.2459368258714676
7M,17000,Frequency,42,0.2370768040418625
7M,17000,Frequency,43,0.23086591064929962
7M,17000,Frequency,44,0.22952215373516083
7M,17000,Random,0,0.5466373562812805
7M,17000,Random,1,0.5413286685943604
7M,17000,Random,2,0.5368363857269287
7M,17000,Random,3,0.5590813159942627
7M,17000,Random,4,0.5249792337417603
7M,17000,Random,5,0.5402995347976685
7M,17000,Random,6,0.5501599311828613
7M,17000,Random,7,0.5442763566970825
7M,17000,Random,8,0.5292649269104004
7M,17000,Random,9,0.5412867665290833
7M,17000,Random,10,0.5487365126609802
7M,17000,Random,11,0.5397765040397644
7M,17000,Random,12,0.5359684228897095
7M,17000,Random,13,0.540773868560791
7M,17000,Random,14,0.541793942451477
7M,17000,Random,15,0.5418657064437866
7M,17000,Random,16,0.5386995673179626
7M,17000,Random,17,0.5456329584121704
7M,17000,Random,18,0.5533619523048401
7M,17000,Random,19,0.5563334226608276
7M,17000,Random,20,0.5473306775093079
7M,17000,Random,21,0.5431939959526062
7M,17000,Random,22,0.541434645652771
7M,17000,Random,23,0.5516601800918579
7M,17000,Random,24,0.5401216745376587
7M,17000,Random,25,0.5330250859260559
7M,17000,Random,26,0.5447572469711304
7M,17000,Random,27,0.541014552116394
7M,17000,Random,28,0.5484084486961365
7M,17000,Random,29,0.5415276288986206
7M,17000,Random,30,0.5490779876708984
7M,17000,Random,31,0.5402092933654785
7M,17000,Random,32,0.5476143956184387
7M,17000,Random,33,0.5480294227600098
7M,17000,Random,34,0.549634575843811
7M,17000,Random,35,0.5462309122085571
7M,17000,Random,36,0.5466390252113342
7M,17000,Random,37,0.5414509177207947
7M,17000,Random,38,0.5428209900856018
7M,17000,Random,39,0.5497493147850037
7M,17000,Random,40,0.5383971929550171
7M,17000,Random,41,0.5432479381561279
7M,17000,Random,42,0.5356427431106567
7M,17000,Random,43,0.5552505850791931
7M,17000,Random,44,0.5393356680870056
7M,17000,Stat,Mean,0.5056992769241333
7M,17000,Stat,Std,0.23269331455230713
7M,17000,Stat,Max,1.603023886680603
7M,17500,Frequency,0,0.9425110816955566
7M,17500,Frequency,1,0.9158298969268799
7M,17500,Frequency,2,0.9026508331298828
7M,17500,Frequency,3,0.8764729499816895
7M,17500,Frequency,4,0.843956708908081
7M,17500,Frequency,5,0.8302675485610962
7M,17500,Frequency,6,0.8049298524856567
7M,17500,Frequency,7,0.7821781635284424
7M,17500,Frequency,8,0.759181022644043
7M,17500,Frequency,9,0.7344574332237244
7M,17500,Frequency,10,0.7146888375282288
7M,17500,Frequency,11,0.7002271413803101
7M,17500,Frequency,12,0.6766466498374939
7M,17500,Frequency,13,0.6584819555282593
7M,17500,Frequency,14,0.6327963471412659
7M,17500,Frequency,15,0.629252552986145
7M,17500,Frequency,16,0.6135885715484619
7M,17500,Frequency,17,0.594988226890564
7M,17500,Frequency,18,0.5747949481010437
7M,17500,Frequency,19,0.5693555474281311
7M,17500,Frequency,20,0.5537848472595215
7M,17500,Frequency,21,0.5317860245704651
7M,17500,Frequency,22,0.5331454873085022
7M,17500,Frequency,23,0.5151216983795166
7M,17500,Frequency,24,0.5024979114532471
7M,17500,Frequency,25,0.48878827691078186
7M,17500,Frequency,26,0.47874167561531067
7M,17500,Frequency,27,0.46727409958839417
7M,17500,Frequency,28,0.4552249610424042
7M,17500,Frequency,29,0.44375452399253845
7M,17500,Frequency,30,0.43111729621887207
7M,17500,Frequency,31,0.41355040669441223
7M,17500,Frequency,32,0.40419355034828186
7M,17500,Frequency,33,0.38556262850761414
7M,17500,Frequency,34,0.37105390429496765
7M,17500,Frequency,35,0.3533172011375427
7M,17500,Frequency,36,0.33773675560951233
7M,17500,Frequency,37,0.31519630551338196
7M,17500,Frequency,38,0.298692911863327
7M,17500,Frequency,39,0.27589207887649536
7M,17500,Frequency,40,0.2593085765838623
7M,17500,Frequency,41,0.24657611548900604
7M,17500,Frequency,42,0.2374228537082672
7M,17500,Frequency,43,0.23107682168483734
7M,17500,Frequency,44,0.22971543669700623
7M,17500,Random,0,0.5532673597335815
7M,17500,Random,1,0.5479810237884521
7M,17500,Random,2,0.5433675646781921
7M,17500,Random,3,0.5655284523963928
7M,17500,Random,4,0.5315760970115662
7M,17500,Random,5,0.5467203259468079
7M,17500,Random,6,0.5568156838417053
7M,17500,Random,7,0.5508195757865906
7M,17500,Random,8,0.5353937149047852
7M,17500,Random,9,0.547714114189148
7M,17500,Random,10,0.5550596714019775
7M,17500,Random,11,0.5465605854988098
7M,17500,Random,12,0.5423315167427063
7M,17500,Random,13,0.5470689535140991
7M,17500,Random,14,0.5485358834266663
7M,17500,Random,15,0.5483987927436829
7M,17500,Random,16,0.5449557900428772
7M,17500,Random,17,0.5517916679382324
7M,17500,Random,18,0.5603629946708679
7M,17500,Random,19,0.5631654858589172
7M,17500,Random,20,0.5538557767868042
7M,17500,Random,21,0.5497247576713562
7M,17500,Random,22,0.5479800701141357
7M,17500,Random,23,0.5582358837127686
7M,17500,Random,24,0.5465784668922424
7M,17500,Random,25,0.5391870141029358
7M,17500,Random,26,0.5512373447418213
7M,17500,Random,27,0.5471207499504089
7M,17500,Random,28,0.554847240447998
7M,17500,Random,29,0.5477958917617798
7M,17500,Random,30,0.5553799867630005
7M,17500,Random,31,0.5469434857368469
7M,17500,Random,32,0.5543611645698547
7M,17500,Random,33,0.5543085932731628
7M,17500,Random,34,0.5559629797935486
7M,17500,Random,35,0.5527650713920593
7M,17500,Random,36,0.5532379746437073
7M,17500,Random,37,0.5476378202438354
7M,17500,Random,38,0.5495571494102478
7M,17500,Random,39,0.5563951134681702
7M,17500,Random,40,0.5451658964157104
7M,17500,Random,41,0.54999178647995
7M,17500,Random,42,0.5417817234992981
7M,17500,Random,43,0.5620830655097961
7M,17500,Random,44,0.5450677275657654
7M,17500,Stat,Mean,0.5114181637763977
7M,17500,Stat,Std,0.2366691529750824
7M,17500,Stat,Max,1.620195984840393
7M,18000,Frequency,0,0.9536480903625488
7M,18000,Frequency,1,0.9272511601448059
7M,18000,Frequency,2,0.9140514731407166
7M,18000,Frequency,3,0.8880475759506226
7M,18000,Frequency,4,0.8549819588661194
7M,18000,Frequency,5,0.8408182263374329
7M,18000,Frequency,6,0.815854012966156
7M,18000,Frequency,7,0.7921807765960693
7M,18000,Frequency,8,0.7690184116363525
7M,18000,Frequency,9,0.7441576719284058
7M,18000,Frequency,10,0.7235428690910339
7M,18000,Frequency,11,0.7093803286552429
7M,18000,Frequency,12,0.6853311061859131
7M,18000,Frequency,13,0.6672131419181824
7M,18000,Frequency,14,0.6410771608352661
7M,18000,Frequency,15,0.637186586856842
7M,18000,Frequency,16,0.6218408346176147
7M,18000,Frequency,17,0.6024813652038574
7M,18000,Frequency,18,0.5821887254714966
7M,18000,Frequency,19,0.5764565467834473
7M,18000,Frequency,20,0.5602639317512512
7M,18000,Frequency,21,0.5381295084953308
7M,18000,Frequency,22,0.5391104221343994
7M,18000,Frequency,23,0.52118319272995
7M,18000,Frequency,24,0.5084092020988464
7M,18000,Frequency,25,0.49429070949554443
7M,18000,Frequency,26,0.4843130111694336
7M,18000,Frequency,27,0.47302067279815674
7M,18000,Frequency,28,0.46017852425575256
7M,18000,Frequency,29,0.4486583173274994
7M,18000,Frequency,30,0.4358619451522827
7M,18000,Frequency,31,0.4178188145160675
7M,18000,Frequency,32,0.4086834192276001
7M,18000,Frequency,33,0.38898730278015137
7M,18000,Frequency,34,0.3747554123401642
7M,18000,Frequency,35,0.3567920923233032
7M,18000,Frequency,36,0.3406603932380676
7M,18000,Frequency,37,0.3175530731678009
7M,18000,Frequency,38,0.3008144199848175
7M,18000,Frequency,39,0.27745741605758667
7M,18000,Frequency,40,0.26028943061828613
7M,18000,Frequency,41,0.24738435447216034
7M,18000,Frequency,42,0.2377597689628601
7M,18000,Frequency,43,0.2311938852071762
7M,18000,Frequency,44,0.2297309935092926
7M,18000,Random,0,0.5597613453865051
7M,18000,Random,1,0.5545521378517151
7M,18000,Random,2,0.5492686629295349
7M,18000,Random,3,0.572170615196228
7M,18000,Random,4,0.5376150012016296
7M,18000,Random,5,0.5529534816741943
7M,18000,Random,6,0.5632091164588928
7M,18000,Random,7,0.5569875836372375
7M,18000,Random,8,0.5419598817825317
7M,18000,Random,9,0.5535919070243835
7M,18000,Random,10,0.5613222718238831
7M,18000,Random,11,0.5527930855751038
7M,18000,Random,12,0.5487148761749268
7M,18000,Random,13,0.5535036325454712
7M,18000,Random,14,0.5547108054161072
7M,18000,Random,15,0.5548526048660278
7M,18000,Random,16,0.5514591336250305
7M,18000,Random,17,0.5581812858581543
7M,18000,Random,18,0.566643238067627
7M,18000,Random,19,0.5695475935935974
7M,18000,Random,20,0.5605303049087524
7M,18000,Random,21,0.5562713742256165
7M,18000,Random,22,0.5545041561126709
7M,18000,Random,23,0.564645528793335
7M,18000,Random,24,0.5522097945213318
7M,18000,Random,25,0.5454168915748596
7M,18000,Random,26,0.5579235553741455
7M,18000,Random,27,0.5533496737480164
7M,18000,Random,28,0.5609748959541321
7M,18000,Random,29,0.5543462038040161
7M,18000,Random,30,0.5619314908981323
7M,18000,Random,31,0.5533263087272644
7M,18000,Random,32,0.5612682700157166
7M,18000,Random,33,0.5608786344528198
7M,18000,Random,34,0.5624926090240479
7M,18000,Random,35,0.5594074130058289
7M,18000,Random,36,0.5594455599784851
7M,18000,Random,37,0.5538934469223022
7M,18000,Random,38,0.5556973814964294
7M,18000,Random,39,0.5630427002906799
7M,18000,Random,40,0.5519706010818481
7M,18000,Random,41,0.5563848614692688
7M,18000,Random,42,0.5481176972389221
7M,18000,Random,43,0.568509042263031
7M,18000,Random,44,0.5507744550704956
7M,18000,Stat,Mean,0.5170334577560425
7M,18000,Stat,Std,0.24058681726455688
7M,18000,Stat,Max,1.638226866722107
7M,18500,Frequency,0,0.9649878740310669
7M,18500,Frequency,1,0.9380364418029785
7M,18500,Frequency,2,0.9243916273117065
7M,18500,Frequency,3,0.8992685079574585
7M,18500,Frequency,4,0.8652927875518799
7M,18500,Frequency,5,0.8514204025268555
7M,18500,Frequency,6,0.8259141445159912
7M,18500,Frequency,7,0.8018103837966919
7M,18500,Frequency,8,0.7779051065444946
7M,18500,Frequency,9,0.7533990740776062
7M,18500,Frequency,10,0.7324280738830566
7M,18500,Frequency,11,0.7183797359466553
7M,18500,Frequency,12,0.6940717101097107
7M,18500,Frequency,13,0.6752887964248657
7M,18500,Frequency,14,0.6493942737579346
7M,18500,Frequency,15,0.6447983980178833
7M,18500,Frequency,16,0.6287854909896851
7M,18500,Frequency,17,0.6101083159446716
7M,18500,Frequency,18,0.5886996984481812
7M,18500,Frequency,19,0.5832539796829224
7M,18500,Frequency,20,0.5671448111534119
7M,18500,Frequency,21,0.544391930103302
7M,18500,Frequency,22,0.5450544953346252
7M,18500,Frequency,23,0.5272243022918701
7M,18500,Frequency,24,0.5136954188346863
7M,18500,Frequency,25,0.5000478625297546
7M,18500,Frequency,26,0.48950475454330444
7M,18500,Frequency,27,0.47849854826927185
7M,18500,Frequency,28,0.46517202258110046
7M,18500,Frequency,29,0.45352452993392944
7M,18500,Frequency,30,0.4405728876590729
7M,18500,Frequency,31,0.42239466309547424
7M,18500,Frequency,32,0.41282781958580017
7M,18500,Frequency,33,0.39275088906288147
7M,18500,Frequency,34,0.37859368324279785
7M,18500,Frequency,35,0.3600655198097229
7M,18500,Frequency,36,0.3437098562717438
7M,18500,Frequency,37,0.32007595896720886
7M,18500,Frequency,38,0.30292946100234985
7M,18500,Frequency,39,0.2792072892189026
7M,18500,Frequency,40,0.26137393712997437
7M,18500,Frequency,41,0.2481376975774765
7M,18500,Frequency,42,0.2381187081336975
7M,18500,Frequency,43,0.2314138263463974
7M,18500,Frequency,44,0.22988948225975037
7M,18500,Random,0,0.5655754208564758
7M,18500,Random,1,0.5603675246238708
7M,18500,Random,2,0.5553836822509766
7M,18500,Random,3,0.5781843066215515
7M,18500,Random,4,0.5436804890632629
7M,18500,Random,5,0.5593951344490051
7M,18500,Random,6,0.5695455074310303
7M,18500,Random,7,0.5630955696105957
7M,18500,Random,8,0.5480321049690247
7M,18500,Random,9,0.5602830052375793
7M,18500,Random,10,0.5677931904792786
7M,18500,Random,11,0.5590202808380127
7M,18500,Random,12,0.5547442436218262
7M,18500,Random,13,0.5598027110099792
7M,18500,Random,14,0.561400830745697
7M,18500,Random,15,0.5610405206680298
7M,18500,Random,16,0.5579473972320557
7M,18500,Random,17,0.5642772912979126
7M,18500,Random,18,0.5728515982627869
7M,18500,Random,19,0.5756414532661438
7M,18500,Random,20,0.5669019818305969
7M,18500,Random,21,0.5624062418937683
7M,18500,Random,22,0.5608017444610596
7M,18500,Random,23,0.57075434923172
7M,18500,Random,24,0.5584148168563843
7M,18500,Random,25,0.5514345765113831
7M,18500,Random,26,0.5637824535369873
7M,18500,Random,27,0.5599173903465271
7M,18500,Random,28,0.5670546889305115
7M,18500,Random,29,0.5603458881378174
7M,18500,Random,30,0.5681465268135071
7M,18500,Random,31,0.5596802830696106
7M,18500,Random,32,0.5674105286598206
7M,18500,Random,33,0.566958487033844
7M,18500,Random,34,0.568747341632843
7M,18500,Random,35,0.5657029747962952
7M,18500,Random,36,0.5657122731208801
7M,18500,Random,37,0.5599238872528076
7M,18500,Random,38,0.5618906021118164
7M,18500,Random,39,0.5690288543701172
7M,18500,Random,40,0.5582855939865112
7M,18500,Random,41,0.5622309446334839
7M,18500,Random,42,0.5542188882827759
7M,18500,Random,43,0.5749044418334961
7M,18500,Random,44,0.5565879344940186
7M,18500,Stat,Mean,0.5224820375442505
7M,18500,Stat,Std,0.2443041056394577
7M,18500,Stat,Max,1.6597121953964233
7M,19000,Frequency,0,0.9756027460098267
7M,19000,Frequency,1,0.9489892721176147
7M,19000,Frequency,2,0.9358765482902527
7M,19000,Frequency,3,0.9098119139671326
7M,19000,Frequency,4,0.8756742477416992
7M,19000,Frequency,5,0.8621988892555237
7M,19000,Frequency,6,0.8362583518028259
7M,19000,Frequency,7,0.8116366863250732
7M,19000,Frequency,8,0.7874879240989685
7M,19000,Frequency,9,0.7629418969154358
7M,19000,Frequency,10,0.7417364716529846
7M,19000,Frequency,11,0.7268232107162476
7M,19000,Frequency,12,0.7028456926345825
7M,19000,Frequency,13,0.6835625171661377
7M,19000,Frequency,14,0.6570048928260803
7M,19000,Frequency,15,0.652653694152832
7M,19000,Frequency,16,0.6364253163337708
7M,19000,Frequency,17,0.6175574660301208
7M,19000,Frequency,18,0.595853328704834
7M,19000,Frequency,19,0.5904719829559326
7M,19000,Frequency,20,0.5741100907325745
7M,19000,Frequency,21,0.5506130456924438
7M,19000,Frequency,22,0.5510502457618713
7M,19000,Frequency,23,0.533647358417511
7M,19000,Frequency,24,0.5194244384765625
7M,19000,Frequency,25,0.5055040717124939
7M,19000,Frequency,26,0.49496740102767944
7M,19000,Frequency,27,0.4839268624782562
7M,19000,Frequency,28,0.47045648097991943
7M,19000,Frequency,29,0.4583355784416199
7M,19000,Frequency,30,0.4451904892921448
7M,19000,Frequency,31,0.42701515555381775
7M,19000,Frequency,32,0.417514830827713
7M,19000,Frequency,33,0.39644694328308105
7M,19000,Frequency,34,0.38209253549575806
7M,19000,Frequency,35,0.3633749186992645
7M,19000,Frequency,36,0.34648895263671875
7M,19000,Frequency,37,0.32233408093452454
7M,19000,Frequency,38,0.3050999343395233
7M,19000,Frequency,39,0.280741810798645
7M,19000,Frequency,40,0.2626093626022339
7M,19000,Frequency,41,0.24894234538078308
7M,19000,Frequency,42,0.23856444656848907
7M,19000,Frequency,43,0.23156915605068207
7M,19000,Frequency,44,0.2300986796617508
7M,19000,Random,0,0.57194983959198
7M,19000,Random,1,0.566382646560669
7M,19000,Random,2,0.5613877177238464
7M,19000,Random,3,0.5845566391944885
7M,19000,Random,4,0.5495889186859131
7M,19000,Random,5,0.5653576850891113
7M,19000,Random,6,0.5757830739021301
7M,19000,Random,7,0.5692402124404907
7M,19000,Random,8,0.5536779165267944
7M,19000,Random,9,0.5666031241416931
7M,19000,Random,10,0.5745994448661804
7M,19000,Random,11,0.5653612017631531
7M,19000,Random,12,0.5610092878341675
7M,19000,Random,13,0.5663884878158569
7M,19000,Random,14,0.56769198179245
7M,19000,Random,15,0.5669804811477661
7M,19000,Random,16,0.5636529326438904
7M,19000,Random,17,0.5705527067184448
7M,19000,Random,18,0.5793262720108032
7M,19000,Random,19,0.5821625590324402
7M,19000,Random,20,0.5733465552330017
7M,19000,Random,21,0.5688337087631226
7M,19000,Random,22,0.567528247833252
7M,19000,Random,23,0.576954185962677
7M,19000,Random,24,0.564507246017456
7M,19000,Random,25,0.5576406121253967
7M,19000,Random,26,0.5699021220207214
7M,19000,Random,27,0.5660976767539978
7M,19000,Random,28,0.5734128355979919
7M,19000,Random,29,0.5666837692260742
7M,19000,Random,30,0.5744456648826599
7M,19000,Random,31,0.56556236743927
7M,19000,Random,32,0.5738577842712402
7M,19000,Random,33,0.5733283162117004
7M,19000,Random,34,0.5752741098403931
7M,19000,Random,35,0.5722812414169312
7M,19000,Random,36,0.5721803307533264
7M,19000,Random,37,0.566503643989563
7M,19000,Random,38,0.5682928562164307
7M,19000,Random,39,0.5756056904792786
7M,19000,Random,40,0.5642043948173523
7M,19000,Random,41,0.5680424571037292
7M,19000,Random,42,0.5605573654174805
7M,19000,Random,43,0.5813361406326294
7M,19000,Random,44,0.5626336336135864
7M,19000,Stat,Mean,0.5280020236968994
7M,19000,Stat,Std,0.24814198911190033
7M,19000,Stat,Max,1.6959220170974731
7M,19500,Frequency,0,0.9862056374549866
7M,19500,Frequency,1,0.9612727761268616
7M,19500,Frequency,2,0.9467530846595764
7M,19500,Frequency,3,0.9204762578010559
7M,19500,Frequency,4,0.8864924311637878
7M,19500,Frequency,5,0.8724349141120911
7M,19500,Frequency,6,0.8458064794540405
7M,19500,Frequency,7,0.821674644947052
7M,19500,Frequency,8,0.7972447276115417
7M,19500,Frequency,9,0.7720561623573303
7M,19500,Frequency,10,0.7507712841033936
7M,19500,Frequency,11,0.735314130783081
7M,19500,Frequency,12,0.7107864618301392
7M,19500,Frequency,13,0.6918363571166992
7M,19500,Frequency,14,0.6645365953445435
7M,19500,Frequency,15,0.6600549817085266
7M,19500,Frequency,16,0.6436083912849426
7M,19500,Frequency,17,0.6248681545257568
7M,19500,Frequency,18,0.6028684377670288
7M,19500,Frequency,19,0.597127377986908
7M,19500,Frequency,20,0.5807408690452576
7M,19500,Frequency,21,0.5564793944358826
7M,19500,Frequency,22,0.5571099519729614
7M,19500,Frequency,23,0.5394604206085205
7M,19500,Frequency,24,0.5252927541732788
7M,19500,Frequency,25,0.5112178325653076
7M,19500,Frequency,26,0.5002347230911255
7M,19500,Frequency,27,0.48945850133895874
7M,19500,Frequency,28,0.4753735661506653
7M,19500,Frequency,29,0.46308887004852295
7M,19500,Frequency,30,0.4497869312763214
7M,19500,Frequency,31,0.4314647316932678
7M,19500,Frequency,32,0.4214912950992584
7M,19500,Frequency,33,0.4004387855529785
7M,19500,Frequency,34,0.3855532109737396
7M,19500,Frequency,35,0.3667289912700653
7M,19500,Frequency,36,0.34950175881385803
7M,19500,Frequency,37,0.32468268275260925
7M,19500,Frequency,38,0.3072494566440582
7M,19500,Frequency,39,0.2820765972137451
7M,19500,Frequency,40,0.2634972035884857
7M,19500,Frequency,41,0.24968594312667847
7M,19500,Frequency,42,0.23895014822483063
7M,19500,Frequency,43,0.23168641328811646
7M,19500,Frequency,44,0.23018011450767517
7M,19500,Random,0,0.5782127976417542
7M,19500,Random,1,0.5723289847373962
7M,19500,Random,2,0.5675570964813232
7M,19500,Random,3,0.5910761952400208
7M,19500,Random,4,0.5557552576065063
7M,19500,Random,5,0.5712214708328247
7M,19500,Random,6,0.5819262862205505
7M,19500,Random,7,0.5751024484634399
7M,19500,Random,8,0.5600730776786804
7M,19500,Random,9,0.5727116465568542
7M,19500,Random,10,0.5804781913757324
7M,19500,Random,11,0.5713950991630554
7M,19500,Random,12,0.5669627785682678
7M,19500,Random,13,0.5726695656776428
7M,19500,Random,14,0.5737832188606262
7M,19500,Random,15,0.5731369853019714
7M,19500,Random,16,0.5694580078125
7M,19500,Random,17,0.577041745185852
7M,19500,Random,18,0.5858182311058044
7M,19500,Random,19,0.5886548757553101
7M,19500,Random,20,0.5792815089225769
7M,19500,Random,21,0.5749579071998596
7M,19500,Random,22,0.5735881328582764
7M,19500,Random,23,0.5832571983337402
7M,19500,Random,24,0.5707500576972961
7M,19500,Random,25,0.5635595321655273
7M,19500,Random,26,0.5757845640182495
7M,19500,Random,27,0.5721496939659119
7M,19500,Random,28,0.5793986320495605
7M,19500,Random,29,0.5727625489234924
7M,19500,Random,30,0.5807534456253052
7M,19500,Random,31,0.5716696977615356
7M,19500,Random,32,0.5801922678947449
7M,19500,Random,33,0.5798961520195007
7M,19500,Random,34,0.5815160274505615
7M,19500,Random,35,0.5783109068870544
7M,19500,Random,36,0.5782713294029236
7M,19500,Random,37,0.5726819634437561
7M,19500,Random,38,0.5745123028755188
7M,19500,Random,39,0.5819936990737915
7M,19500,Random,40,0.5702234506607056
7M,19500,Random,41,0.5739346742630005
7M,19500,Random,42,0.566948413848877
7M,19500,Random,43,0.5875654816627502
7M,19500,Random,44,0.5679999589920044
7M,19500,Stat,Mean,0.5334147214889526
7M,19500,Stat,Std,0.25195157527923584
7M,19500,Stat,Max,1.7084356546401978
7M,20000,Frequency,0,0.9973592162132263
7M,20000,Frequency,1,0.9724117517471313
7M,20000,Frequency,2,0.9575659036636353
7M,20000,Frequency,3,0.9316994547843933
7M,20000,Frequency,4,0.8970215916633606
7M,20000,Frequency,5,0.883061945438385
7M,20000,Frequency,6,0.8557586073875427
7M,20000,Frequency,7,0.8310671448707581
7M,20000,Frequency,8,0.806448757648468
7M,20000,Frequency,9,0.7812585830688477
7M,20000,Frequency,10,0.7599063515663147
7M,20000,Frequency,11,0.7438448071479797
7M,20000,Frequency,12,0.7185607552528381
7M,20000,Frequency,13,0.6998484134674072
7M,20000,Frequency,14,0.6722903847694397
7M,20000,Frequency,15,0.6676009893417358
7M,20000,Frequency,16,0.6507644057273865
7M,20000,Frequency,17,0.6318093538284302
7M,20000,Frequency,18,0.609738290309906
7M,20000,Frequency,19,0.603740930557251
7M,20000,Frequency,20,0.5868404507637024
7M,20000,Frequency,21,0.562415361404419
7M,20000,Frequency,22,0.5631148219108582
7M,20000,Frequency,23,0.5452513098716736
7M,20000,Frequency,24,0.5311383605003357
7M,20000,Frequency,25,0.5167160034179688
7M,20000,Frequency,26,0.5053126215934753
7M,20000,Frequency,27,0.4950902760028839
7M,20000,Frequency,28,0.4802972972393036
7M,20000,Frequency,29,0.46812644600868225
7M,20000,Frequency,30,0.4537511169910431
7M,20000,Frequency,31,0.43545711040496826
7M,20000,Frequency,32,0.4253045618534088
7M,20000,Frequency,33,0.40407970547676086
7M,20000,Frequency,34,0.3888647258281708
7M,20000,Frequency,35,0.36992472410202026
7M,20000,Frequency,36,0.3521762490272522
7M,20000,Frequency,37,0.3272184133529663
7M,20000,Frequency,38,0.3095339238643646
7M,20000,Frequency,39,0.28370749950408936
7M,20000,Frequency,40,0.2644868791103363
7M,20000,Frequency,41,0.25039908289909363
7M,20000,Frequency,42,0.23931017518043518
7M,20000,Frequency,43,0.2318282127380371
7M,20000,Frequency,44,0.23033004999160767
7M,20000,Random,0,0.5841444134712219
7M,20000,Random,1,0.5785343647003174
7M,20000,Random,2,0.573644757270813
7M,20000,Random,3,0.5972836017608643
7M,20000,Random,4,0.5617276430130005
7M,20000,Random,5,0.5771580934524536
7M,20000,Random,6,0.5880893468856812
7M,20000,Random,7,0.5814197659492493
7M,20000,Random,8,0.565825879573822
7M,20000,Random,9,0.5789968371391296
7M,20000,Random,10,0.5866131782531738
7M,20000,Random,11,0.5775045156478882
7M,20000,Random,12,0.5728833079338074
7M,20000,Random,13,0.5789551734924316
7M,20000,Random,14,0.579424262046814
7M,20000,Random,15,0.5787476897239685
7M,20000,Random,16,0.5754964351654053
7M,20000,Random,17,0.5833005309104919
7M,20000,Random,18,0.5923405289649963
7M,20000,Random,19,0.5950434803962708
7M,20000,Random,20,0.5854711532592773
7M,20000,Random,21,0.5810300707817078
7M,20000,Random,22,0.5794911980628967
7M,20000,Random,23,0.5895417928695679
7M,20000,Random,24,0.5764809250831604
7M,20000,Random,25,0.5696155428886414
7M,20000,Random,26,0.5819447040557861
7M,20000,Random,27,0.5784165263175964
7M,20000,Random,28,0.5854620337486267
7M,20000,Random,29,0.5786961913108826
7M,20000,Random,30,0.5869125127792358
7M,20000,Random,31,0.5776160955429077
7M,20000,Random,32,0.5863732695579529
7M,20000,Random,33,0.5856987237930298
7M,20000,Random,34,0.5876286625862122
7M,20000,Random,35,0.5842395424842834
7M,20000,Random,36,0.584544837474823
7M,20000,Random,37,0.5788329839706421
7M,20000,Random,38,0.5802608728408813
7M,20000,Random,39,0.5880166292190552
7M,20000,Random,40,0.5761474370956421
7M,20000,Random,41,0.5800226926803589
7M,20000,Random,42,0.5730236768722534
7M,20000,Random,43,0.5938872694969177
7M,20000,Random,44,0.5741578936576843
7M,20000,Stat,Mean,0.5387612581253052
7M,20000,Stat,Std,0.25569948554039
7M,20000,Stat,Max,1.740972638130188
7M,20500,Frequency,0,1.0078567266464233
7M,20500,Frequency,1,0.983457624912262
7M,20500,Frequency,2,0.9681647419929504
7M,20500,Frequency,3,0.9426131248474121
7M,20500,Frequency,4,0.9073923826217651
7M,20500,Frequency,5,0.8928342461585999
7M,20500,Frequency,6,0.8659918308258057
7M,20500,Frequency,7,0.8406267762184143
7M,20500,Frequency,8,0.8156430125236511
7M,20500,Frequency,9,0.7902559041976929
7M,20500,Frequency,10,0.7691274881362915
7M,20500,Frequency,11,0.7525795698165894
7M,20500,Frequency,12,0.7267960906028748
7M,20500,Frequency,13,0.7077763676643372
7M,20500,Frequency,14,0.680237352848053
7M,20500,Frequency,15,0.674881637096405
7M,20500,Frequency,16,0.6575969457626343
7M,20500,Frequency,17,0.6387087106704712
7M,20500,Frequency,18,0.616279661655426
7M,20500,Frequency,19,0.6102248430252075
7M,20500,Frequency,20,0.5929819345474243
7M,20500,Frequency,21,0.5685369372367859
7M,20500,Frequency,22,0.5696882009506226
7M,20500,Frequency,23,0.5509357452392578
7M,20500,Frequency,24,0.536709725856781
7M,20500,Frequency,25,0.5225521922111511
7M,20500,Frequency,26,0.5106896758079529
7M,20500,Frequency,27,0.5003983974456787
7M,20500,Frequency,28,0.48500362038612366
7M,20500,Frequency,29,0.4730723798274994
7M,20500,Frequency,30,0.4581652879714966
7M,20500,Frequency,31,0.43963441252708435
7M,20500,Frequency,32,0.4293728470802307
7M,20500,Frequency,33,0.4075464904308319
7M,20500,Frequency,34,0.3924716114997864
7M,20500,Frequency,35,0.3732028305530548
7M,20500,Frequency,36,0.3551952838897705
7M,20500,Frequency,37,0.32956141233444214
7M,20500,Frequency,38,0.31159135699272156
7M,20500,Frequency,39,0.2851959764957428
7M,20500,Frequency,40,0.2653990387916565
7M,20500,Frequency,41,0.25107061862945557
7M,20500,Frequency,42,0.23962220549583435
7M,20500,Frequency,43,0.23197947442531586
7M,20500,Frequency,44,0.23041221499443054
7M,20500,Random,0,0.5902532935142517
7M,20500,Random,1,0.5848039984703064
7M,20500,Random,2,0.579495906829834
7M,20500,Random,3,0.6039878129959106
7M,20500,Random,4,0.5672705769538879
7M,20500,Random,5,0.5832971334457397
7M,20500,Random,6,0.5938413739204407
7M,20500,Random,7,0.5876153707504272
7M,20500,Random,8,0.5716860890388489
7M,20500,Random,9,0.5850268006324768
7M,20500,Random,10,0.5925416946411133
7M,20500,Random,11,0.584067165851593
7M,20500,Random,12,0.5791330337524414
7M,20500,Random,13,0.5847098231315613
7M,20500,Random,14,0.5852413177490234
7M,20500,Random,15,0.5848162770271301
7M,20500,Random,16,0.5814201235771179
7M,20500,Random,17,0.5889397263526917
7M,20500,Random,18,0.5986876487731934
7M,20500,Random,19,0.601406455039978
7M,20500,Random,20,0.5914143323898315
7M,20500,Random,21,0.5869150757789612
7M,20500,Random,22,0.5856928825378418
7M,20500,Random,23,0.5954849720001221
7M,20500,Random,24,0.5829265713691711
7M,20500,Random,25,0.5751920342445374
7M,20500,Random,26,0.5882021188735962
7M,20500,Random,27,0.5844737887382507
7M,20500,Random,28,0.5914681553840637
7M,20500,Random,29,0.5841423869132996
7M,20500,Random,30,0.5932971239089966
7M,20500,Random,31,0.5834407210350037
7M,20500,Random,32,0.5928199291229248
7M,20500,Random,33,0.5918213725090027
7M,20500,Random,34,0.5937864184379578
7M,20500,Random,35,0.5902330279350281
7M,20500,Random,36,0.5908277034759521
7M,20500,Random,37,0.5847030282020569
7M,20500,Random,38,0.5860269665718079
7M,20500,Random,39,0.5940793752670288
7M,20500,Random,40,0.5824908018112183
7M,20500,Random,41,0.5861176252365112
7M,20500,Random,42,0.5789029598236084
7M,20500,Random,43,0.599787175655365
7M,20500,Random,44,0.5803514122962952
7M,20500,Stat,Mean,0.5440846681594849
7M,20500,Stat,Std,0.2594227194786072
7M,20500,Stat,Max,1.7758411169052124
7M,21000,Frequency,0,1.0180437564849854
7M,21000,Frequency,1,0.9935230612754822
7M,21000,Frequency,2,0.9782784581184387
7M,21000,Frequency,3,0.9532583951950073
7M,21000,Frequency,4,0.9178794622421265
7M,21000,Frequency,5,0.9027450084686279
7M,21000,Frequency,6,0.8763411045074463
7M,21000,Frequency,7,0.8503467440605164
7M,21000,Frequency,8,0.8246380686759949
7M,21000,Frequency,9,0.7996060848236084
7M,21000,Frequency,10,0.7776732444763184
7M,21000,Frequency,11,0.7609243392944336
7M,21000,Frequency,12,0.735251784324646
7M,21000,Frequency,13,0.7157315015792847
7M,21000,Frequency,14,0.687951922416687
7M,21000,Frequency,15,0.6818199753761292
7M,21000,Frequency,16,0.6647499203681946
7M,21000,Frequency,17,0.645734965801239
7M,21000,Frequency,18,0.6231937408447266
7M,21000,Frequency,19,0.6173674464225769
7M,21000,Frequency,20,0.599431574344635
7M,21000,Frequency,21,0.5742911100387573
7M,21000,Frequency,22,0.5755258798599243
7M,21000,Frequency,23,0.5567535161972046
7M,21000,Frequency,24,0.5422293543815613
7M,21000,Frequency,25,0.527679443359375
7M,21000,Frequency,26,0.5161260366439819
7M,21000,Frequency,27,0.5055640339851379
7M,21000,Frequency,28,0.4901255965232849
7M,21000,Frequency,29,0.47785890102386475
7M,21000,Frequency,30,0.4626339375972748
7M,21000,Frequency,31,0.4439123868942261
7M,21000,Frequency,32,0.433237761259079
7M,21000,Frequency,33,0.4110983908176422
7M,21000,Frequency,34,0.39596930146217346
7M,21000,Frequency,35,0.3761180341243744
7M,21000,Frequency,36,0.3579253554344177
7M,21000,Frequency,37,0.33217039704322815
7M,21000,Frequency,38,0.3135840892791748
7M,21000,Frequency,39,0.2866271138191223
7M,21000,Frequency,40,0.2664320170879364
7M,21000,Frequency,41,0.25185951590538025
7M,21000,Frequency,42,0.23993882536888123
7M,21000,Frequency,43,0.23207487165927887
7M,21000,Frequency,44,0.23045043647289276
7M,21000,Random,0,0.5966100096702576
7M,21000,Random,1,0.5907537937164307
7M,21000,Random,2,0.5855164527893066
7M,21000,Random,3,0.6098582744598389
7M,21000,Random,4,0.5730612277984619
7M,21000,Random,5,0.5893422961235046
7M,21000,Random,6,0.6000515222549438
7M,21000,Random,7,0.5936801433563232
7M,21000,Random,8,0.5775304436683655
7M,21000,Random,9,0.5913125276565552
7M,21000,Random,10,0.5983571410179138
7M,21000,Random,11,0.589952826499939
7M,21000,Random,12,0.5848727822303772
7M,21000,Random,13,0.5909180045127869
7M,21000,Random,14,0.5912272334098816
7M,21000,Random,15,0.5907059907913208
7M,21000,Random,16,0.5871015787124634
7M,21000,Random,17,0.5947051644325256
7M,21000,Random,18,0.6047213673591614
7M,21000,Random,19,0.6068319082260132
7M,21000,Random,20,0.5975497961044312
7M,21000,Random,21,0.5925681591033936
7M,21000,Random,22,0.5915406346321106
7M,21000,Random,23,0.6013596057891846
7M,21000,Random,24,0.589126467704773
7M,21000,Random,25,0.5809218287467957
7M,21000,Random,26,0.5940058827400208
7M,21000,Random,27,0.5905806422233582
7M,21000,Random,28,0.5976456999778748
7M,21000,Random,29,0.5900896787643433
7M,21000,Random,30,0.5998219847679138
7M,21000,Random,31,0.5893645286560059
7M,21000,Random,32,0.5987541079521179
7M,21000,Random,33,0.5980899930000305
7M,21000,Random,34,0.6001015901565552
7M,21000,Random,35,0.5960236191749573
7M,21000,Random,36,0.5970343351364136
7M,21000,Random,37,0.5904249548912048
7M,21000,Random,38,0.5921857953071594
7M,21000,Random,39,0.5998600721359253
7M,21000,Random,40,0.5883839130401611
7M,21000,Random,41,0.5922341346740723
7M,21000,Random,42,0.5849926471710205
7M,21000,Random,43,0.605941891670227
7M,21000,Random,44,0.5859284400939941
7M,21000,Stat,Mean,0.5493499636650085
7M,21000,Stat,Std,0.2630458176136017
7M,21000,Stat,Max,1.7987414598464966
7M,21500,Frequency,0,1.0284069776535034
7M,21500,Frequency,1,1.003678798675537
7M,21500,Frequency,2,0.9898360371589661
7M,21500,Frequency,3,0.9646245837211609
7M,21500,Frequency,4,0.929040789604187
7M,21500,Frequency,5,0.9127504229545593
7M,21500,Frequency,6,0.8865461945533752
7M,21500,Frequency,7,0.8603817224502563
7M,21500,Frequency,8,0.8337097764015198
7M,21500,Frequency,9,0.8088937401771545
7M,21500,Frequency,10,0.7861990928649902
7M,21500,Frequency,11,0.7695489525794983
7M,21500,Frequency,12,0.7433732748031616
7M,21500,Frequency,13,0.7240256667137146
7M,21500,Frequency,14,0.6956872940063477
7M,21500,Frequency,15,0.6898019909858704
7M,21500,Frequency,16,0.6721819043159485
7M,21500,Frequency,17,0.6533260941505432
7M,21500,Frequency,18,0.6300108432769775
7M,21500,Frequency,19,0.6243658065795898
7M,21500,Frequency,20,0.6061481237411499
7M,21500,Frequency,21,0.5805220007896423
7M,21500,Frequency,22,0.5822070240974426
7M,21500,Frequency,23,0.5626256465911865
7M,21500,Frequency,24,0.5480186343193054
7M,21500,Frequency,25,0.533483624458313
7M,21500,Frequency,26,0.5215717554092407
7M,21500,Frequency,27,0.5102738738059998
7M,21500,Frequency,28,0.4952933192253113
7M,21500,Frequency,29,0.4827212393283844
7M,21500,Frequency,30,0.4672498404979706
7M,21500,Frequency,31,0.4480941891670227
7M,21500,Frequency,32,0.43722766637802124
7M,21500,Frequency,33,0.41443926095962524
7M,21500,Frequency,34,0.39945822954177856
7M,21500,Frequency,35,0.3795258402824402
7M,21500,Frequency,36,0.36078065633773804
7M,21500,Frequency,37,0.33434417843818665
7M,21500,Frequency,38,0.31566062569618225
7M,21500,Frequency,39,0.28822579979896545
7M,21500,Frequency,40,0.267426997423172
7M,21500,Frequency,41,0.25240394473075867
7M,21500,Frequency,42,0.24032138288021088
7M,21500,Frequency,43,0.23218436539173126
7M,21500,Frequency,44,0.230499729514122
7M,21500,Random,0,0.6028395891189575
7M,21500,Random,1,0.5967456698417664
7M,21500,Random,2,0.5917090773582458
7M,21500,Random,3,0.6162136793136597
7M,21500,Random,4,0.5785627365112305
7M,21500,Random,5,0.5954206585884094
7M,21500,Random,6,0.6060109734535217
7M,21500,Random,7,0.6000882387161255
7M,21500,Random,8,0.583611249923706
7M,21500,Random,9,0.5974531769752502
7M,21500,Random,10,0.6046057343482971
7M,21500,Random,11,0.5961444973945618
7M,21500,Random,12,0.5909261703491211
7M,21500,Random,13,0.5973233580589294
7M,21500,Random,14,0.5972965359687805
7M,21500,Random,15,0.5967336893081665
7M,21500,Random,16,0.593311071395874
7M,21500,Random,17,0.6008222699165344
7M,21500,Random,18,0.6114891171455383
7M,21500,Random,19,0.6132574677467346
7M,21500,Random,20,0.6035987734794617
7M,21500,Random,21,0.5987279415130615
7M,21500,Random,22,0.5977396965026855
7M,21500,Random,23,0.6077519655227661
7M,21500,Random,24,0.5954187512397766
7M,21500,Random,25,0.5869789719581604
7M,21500,Random,26,0.6002092361450195
7M,21500,Random,27,0.5965158939361572
7M,21500,Random,28,0.6034165024757385
7M,21500,Random,29,0.5962015986442566
7M,21500,Random,30,0.6056849956512451
7M,21500,Random,31,0.5954465270042419
7M,21500,Random,32,0.6048299670219421
7M,21500,Random,33,0.6042549014091492
7M,21500,Random,34,0.6063095331192017
7M,21500,Random,35,0.6020759344100952
7M,21500,Random,36,0.6030634045600891
7M,21500,Random,37,0.5964764952659607
7M,21500,Random,38,0.5981485843658447
7M,21500,Random,39,0.6061992049217224
7M,21500,Random,40,0.5946081280708313
7M,21500,Random,41,0.5983603596687317
7M,21500,Random,42,0.5911785364151001
7M,21500,Random,43,0.6128885746002197
7M,21500,Random,44,0.5917403697967529
7M,21500,Stat,Mean,0.55476975440979
7M,21500,Stat,Std,0.26681894063949585
7M,21500,Stat,Max,1.8245246410369873
7M,22000,Frequency,0,1.0397968292236328
7M,22000,Frequency,1,1.0143718719482422
7M,22000,Frequency,2,1.0005584955215454
7M,22000,Frequency,3,0.9749221205711365
7M,22000,Frequency,4,0.9383562207221985
7M,22000,Frequency,5,0.9226484894752502
7M,22000,Frequency,6,0.8959497213363647
7M,22000,Frequency,7,0.8699926733970642
7M,22000,Frequency,8,0.842983603477478
7M,22000,Frequency,9,0.8176328539848328
7M,22000,Frequency,10,0.7940293550491333
7M,22000,Frequency,11,0.7778635025024414
7M,22000,Frequency,12,0.7517497539520264
7M,22000,Frequency,13,0.7318726778030396
7M,22000,Frequency,14,0.7030156254768372
7M,22000,Frequency,15,0.6977051496505737
7M,22000,Frequency,16,0.6791820526123047
7M,22000,Frequency,17,0.6607239842414856
7M,22000,Frequency,18,0.6373604536056519
7M,22000,Frequency,19,0.631292462348938
7M,22000,Frequency,20,0.6124054789543152
7M,22000,Frequency,21,0.5861518979072571
7M,22000,Frequency,22,0.587854266166687
7M,22000,Frequency,23,0.5683144927024841
7M,22000,Frequency,24,0.5537481904029846
7M,22000,Frequency,25,0.5388839244842529
7M,22000,Frequency,26,0.5266750454902649
7M,22000,Frequency,27,0.5154578685760498
7M,22000,Frequency,28,0.5000239014625549
7M,22000,Frequency,29,0.487734854221344
7M,22000,Frequency,30,0.4715498089790344
7M,22000,Frequency,31,0.45249730348587036
7M,22000,Frequency,32,0.4414193630218506
7M,22000,Frequency,33,0.41816580295562744
7M,22000,Frequency,34,0.4030735194683075
7M,22000,Frequency,35,0.38289862871170044
7M,22000,Frequency,36,0.3638376295566559
7M,22000,Frequency,37,0.3365839421749115
7M,22000,Frequency,38,0.31772470474243164
7M,22000,Frequency,39,0.2899421155452728
7M,22000,Frequency,40,0.26845529675483704
7M,22000,Frequency,41,0.25297361612319946
7M,22000,Frequency,42,0.24070416390895844
7M,22000,Frequency,43,0.2324034869670868
7M,22000,Frequency,44,0.23062753677368164
7M,22000,Random,0,0.6092996597290039
7M,22000,Random,1,0.6023690700531006
7M,22000,Random,2,0.5979117751121521
7M,22000,Random,3,0.6229386329650879
7M,22000,Random,4,0.5839919447898865
7M,22000,Random,5,0.6012014746665955
7M,22000,Random,6,0.61232990026474
7M,22000,Random,7,0.6059054136276245
7M,22000,Random,8,0.589691162109375
7M,22000,Random,9,0.6036419868469238
7M,22000,Random,10,0.610562264919281
7M,22000,Random,11,0.6017319560050964
7M,22000,Random,12,0.5964664816856384
7M,22000,Random,13,0.6030495166778564
7M,22000,Random,14,0.6028461456298828
7M,22000,Random,15,0.6029780507087708
7M,22000,Random,16,0.5994290709495544
7M,22000,Random,17,0.6067200899124146
7M,22000,Random,18,0.6175264716148376
7M,22000,Random,19,0.6194884777069092
7M,22000,Random,20,0.6100805997848511
7M,22000,Random,21,0.6049914956092834
7M,22000,Random,22,0.6041940450668335
7M,22000,Random,23,0.6134676337242126
7M,22000,Random,24,0.6011300086975098
7M,22000,Random,25,0.5924782752990723
7M,22000,Random,26,0.6066040396690369
7M,22000,Random,27,0.6021251678466797
7M,22000,Random,28,0.60929936170578
7M,22000,Random,29,0.6018388271331787
7M,22000,Random,30,0.6121392846107483
7M,22000,Random,31,0.6012960076332092
7M,22000,Random,32,0.6110661625862122
7M,22000,Random,33,0.6097861528396606
7M,22000,Random,34,0.612163245677948
7M,22000,Random,35,0.6086364984512329
7M,22000,Random,36,0.6090149879455566
7M,22000,Random,37,0.6026908755302429
7M,22000,Random,38,0.6040052771568298
7M,22000,Random,39,0.6124294400215149
7M,22000,Random,40,0.6003847718238831
7M,22000,Random,41,0.6038112044334412
7M,22000,Random,42,0.5973673462867737
7M,22000,Random,43,0.6188415884971619
7M,22000,Random,44,0.5983609557151794
7M,22000,Stat,Mean,0.5600410103797913
7M,22000,Stat,Std,0.27042365074157715
7M,22000,Stat,Max,1.854288935661316
7M,22500,Frequency,0,1.0498424768447876
7M,22500,Frequency,1,1.0250873565673828
7M,22500,Frequency,2,1.0109045505523682
7M,22500,Frequency,3,0.9851740002632141
7M,22500,Frequency,4,0.947982907295227
7M,22500,Frequency,5,0.9325720071792603
7M,22500,Frequency,6,0.905525267124176
7M,22500,Frequency,7,0.8791726231575012
7M,22500,Frequency,8,0.8516600728034973
7M,22500,Frequency,9,0.8269612193107605
7M,22500,Frequency,10,0.8029214143753052
7M,22500,Frequency,11,0.7860763072967529
7M,22500,Frequency,12,0.7594919800758362
7M,22500,Frequency,13,0.7397775053977966
7M,22500,Frequency,14,0.7101024389266968
7M,22500,Frequency,15,0.7053248286247253
7M,22500,Frequency,16,0.685673713684082
7M,22500,Frequency,17,0.6677613854408264
7M,22500,Frequency,18,0.6441088318824768
7M,22500,Frequency,19,0.6377739310264587
7M,22500,Frequency,20,0.619129478931427
7M,22500,Frequency,21,0.5920627117156982
7M,22500,Frequency,22,0.5941447615623474
7M,22500,Frequency,23,0.5741719603538513
7M,22500,Frequency,24,0.5589927434921265
7M,22500,Frequency,25,0.544247031211853
7M,22500,Frequency,26,0.5317674279212952
7M,22500,Frequency,27,0.5204578042030334
7M,22500,Frequency,28,0.5046188831329346
7M,22500,Frequency,29,0.4923487901687622
7M,22500,Frequency,30,0.4762216806411743
7M,22500,Frequency,31,0.45653778314590454
7M,22500,Frequency,32,0.44523149728775024
7M,22500,Frequency,33,0.4220659136772156
7M,22500,Frequency,34,0.40649887919425964
7M,22500,Frequency,35,0.38578787446022034
7M,22500,Frequency,36,0.3668572008609772
7M,22500,Frequency,37,0.33884167671203613
7M,22500,Frequency,38,0.31984075903892517
7M,22500,Frequency,39,0.29144126176834106
7M,22500,Frequency,40,0.2696913182735443
7M,22500,Frequency,41,0.25357896089553833
7M,22500,Frequency,42,0.24111297726631165
7M,22500,Frequency,43,0.23262690007686615
7M,22500,Frequency,44,0.23073413968086243
7M,22500,Random,0,0.6151951551437378
7M,22500,Random,1,0.6084896922111511
7M,22500,Random,2,0.604243278503418
7M,22500,Random,3,0.6291855573654175
7M,22500,Random,4,0.5896607041358948
7M,22500,Random,5,0.606926679611206
7M,22500,Random,6,0.6183359622955322
7M,22500,Random,7,0.61161208152771
7M,22500,Random,8,0.5951765179634094
7M,22500,Random,9,0.6093494892120361
7M,22500,Random,10,0.6165220141410828
7M,22500,Random,11,0.6075987219810486
7M,22500,Random,12,0.6020167469978333
7M,22500,Random,13,0.6089650392532349
7M,22500,Random,14,0.6090508103370667
7M,22500,Random,15,0.6087188720703125
7M,22500,Random,16,0.6048722267150879
7M,22500,Random,17,0.6129348278045654
7M,22500,Random,18,0.6233090162277222
7M,22500,Random,19,0.6253656148910522
7M,22500,Random,20,0.6157275438308716
7M,22500,Random,21,0.6107038855552673
7M,22500,Random,22,0.6100113391876221
7M,22500,Random,23,0.6198139190673828
7M,22500,Random,24,0.607257068157196
7M,22500,Random,25,0.5985450148582458
7M,22500,Random,26,0.6124086976051331
7M,22500,Random,27,0.6081874966621399
7M,22500,Random,28,0.615532636642456
7M,22500,Random,29,0.6078492403030396
7M,22500,Random,30,0.6178848743438721
7M,22500,Random,31,0.6072589159011841
7M,22500,Random,32,0.6169174909591675
7M,22500,Random,33,0.6155306100845337
7M,22500,Random,34,0.617942750453949
7M,22500,Random,35,0.6146472096443176
7M,22500,Random,36,0.6151556372642517
7M,22500,Random,37,0.6087727546691895
7M,22500,Random,38,0.6100625991821289
7M,22500,Random,39,0.6183682680130005
7M,22500,Random,40,0.6062600612640381
7M,22500,Random,41,0.609420657157898
7M,22500,Random,42,0.602994978427887
7M,22500,Random,43,0.6244293451309204
7M,22500,Random,44,0.6040624976158142
7M,22500,Stat,Mean,0.5652286410331726
7M,22500,Stat,Std,0.27401936054229736
7M,22500,Stat,Max,1.8718652725219727
7M,23000,Frequency,0,1.060028076171875
7M,23000,Frequency,1,1.036072015762329
7M,23000,Frequency,2,1.0211530923843384
7M,23000,Frequency,3,0.9954614043235779
7M,23000,Frequency,4,0.9580477476119995
7M,23000,Frequency,5,0.9422582983970642
7M,23000,Frequency,6,0.9152252674102783
7M,23000,Frequency,7,0.8884643316268921
7M,23000,Frequency,8,0.8602275252342224
7M,23000,Frequency,9,0.8358519077301025
7M,23000,Frequency,10,0.8112645149230957
7M,23000,Frequency,11,0.7940042018890381
7M,23000,Frequency,12,0.7670443058013916
7M,23000,Frequency,13,0.7473374009132385
7M,23000,Frequency,14,0.7171842455863953
7M,23000,Frequency,15,0.7128592729568481
7M,23000,Frequency,16,0.6926594972610474
7M,23000,Frequency,17,0.6743936538696289
7M,23000,Frequency,18,0.6503311395645142
7M,23000,Frequency,19,0.6438878178596497
7M,23000,Frequency,20,0.6255385875701904
7M,23000,Frequency,21,0.5976909399032593
7M,23000,Frequency,22,0.600339949131012
7M,23000,Frequency,23,0.5801692008972168
7M,23000,Frequency,24,0.5642712116241455
7M,23000,Frequency,25,0.5497655272483826
7M,23000,Frequency,26,0.5369867086410522
7M,23000,Frequency,27,0.5253934860229492
7M,23000,Frequency,28,0.509254515171051
7M,23000,Frequency,29,0.49679848551750183
7M,23000,Frequency,30,0.48009783029556274
7M,23000,Frequency,31,0.46071872115135193
7M,23000,Frequency,32,0.44914674758911133
7M,23000,Frequency,33,0.4257723093032837
7M,23000,Frequency,34,0.4100320339202881
7M,23000,Frequency,35,0.388860285282135
7M,23000,Frequency,36,0.36989572644233704
7M,23000,Frequency,37,0.3412328064441681
7M,23000,Frequency,38,0.3219950497150421
7M,23000,Frequency,39,0.2931702733039856
7M,23000,Frequency,40,0.27095118165016174
7M,23000,Frequency,41,0.2545224726200104
7M,23000,Frequency,42,0.241471529006958
7M,23000,Frequency,43,0.23284326493740082
7M,23000,Frequency,44,0.23083290457725525
7M,23000,Random,0,0.6212953925132751
7M,23000,Random,1,0.6142820715904236
7M,23000,Random,2,0.6101194024085999
7M,23000,Random,3,0.6349149346351624
7M,23000,Random,4,0.5952112674713135
7M,23000,Random,5,0.6129205226898193
7M,23000,Random,6,0.6239030957221985
7M,23000,Random,7,0.617817759513855
7M,23000,Random,8,0.6005567908287048
7M,23000,Random,9,0.615040123462677
7M,23000,Random,10,0.6219152808189392
7M,23000,Random,11,0.6134891510009766
7M,23000,Random,12,0.6076306104660034
7M,23000,Random,13,0.6147518754005432
7M,23000,Random,14,0.6149954795837402
7M,23000,Random,15,0.6144155263900757
7M,23000,Random,16,0.6106745004653931
7M,23000,Random,17,0.6188620328903198
7M,23000,Random,18,0.6292919516563416
7M,23000,Random,19,0.6316348910331726
7M,23000,Random,20,0.6218880414962769
7M,23000,Random,21,0.6163552403450012
7M,23000,Random,22,0.6159837245941162
7M,23000,Random,23,0.6260251998901367
7M,23000,Random,24,0.6130845546722412
7M,23000,Random,25,0.6041441559791565
7M,23000,Random,26,0.6181098818778992
7M,23000,Random,27,0.6137686967849731
7M,23000,Random,28,0.6218785643577576
7M,23000,Random,29,0.6132510900497437
7M,23000,Random,30,0.6237527132034302
7M,23000,Random,31,0.6124898195266724
7M,23000,Random,32,0.6229671835899353
7M,23000,Random,33,0.6217977404594421
7M,23000,Random,34,0.6237684488296509
7M,23000,Random,35,0.620856761932373
7M,23000,Random,36,0.6210665702819824
7M,23000,Random,37,0.6143198013305664
7M,23000,Random,38,0.6159770488739014
7M,23000,Random,39,0.6246119141578674
7M,23000,Random,40,0.6119605898857117
7M,23000,Random,41,0.6152868866920471
7M,23000,Random,42,0.6084500551223755
7M,23000,Random,43,0.6306962966918945
7M,23000,Random,44,0.6101943254470825
7M,23000,Stat,Mean,0.5703727602958679
7M,23000,Stat,Std,0.27756956219673157
7M,23000,Stat,Max,1.8935734033584595
7M,23500,Frequency,0,1.070274829864502
7M,23500,Frequency,1,1.0463663339614868
7M,23500,Frequency,2,1.0319656133651733
7M,23500,Frequency,3,1.0051052570343018
7M,23500,Frequency,4,0.968270480632782
7M,23500,Frequency,5,0.9526742696762085
7M,23500,Frequency,6,0.925107479095459
7M,23500,Frequency,7,0.8973678946495056
7M,23500,Frequency,8,0.8689189553260803
7M,23500,Frequency,9,0.8444626331329346
7M,23500,Frequency,10,0.8197053074836731
7M,23500,Frequency,11,0.8026790618896484
7M,23500,Frequency,12,0.7752195596694946
7M,23500,Frequency,13,0.7546961903572083
7M,23500,Frequency,14,0.7244733572006226
7M,23500,Frequency,15,0.7202145457267761
7M,23500,Frequency,16,0.6997697949409485
7M,23500,Frequency,17,0.6814089417457581
7M,23500,Frequency,18,0.6565462350845337
7M,23500,Frequency,19,0.6502038836479187
7M,23500,Frequency,20,0.6312229037284851
7M,23500,Frequency,21,0.6038832068443298
7M,23500,Frequency,22,0.6064558029174805
7M,23500,Frequency,23,0.5854202508926392
7M,23500,Frequency,24,0.5692973136901855
7M,23500,Frequency,25,0.5551050901412964
7M,23500,Frequency,26,0.5419875979423523
7M,23500,Frequency,27,0.5304232239723206
7M,23500,Frequency,28,0.5136566162109375
7M,23500,Frequency,29,0.5011628270149231
7M,23500,Frequency,30,0.48438408970832825
7M,23500,Frequency,31,0.4648609459400177
7M,23500,Frequency,32,0.45323675870895386
7M,23500,Frequency,33,0.42933979630470276
7M,23500,Frequency,34,0.41333529353141785
7M,23500,Frequency,35,0.3918848931789398
7M,23500,Frequency,36,0.3726760745048523
7M,23500,Frequency,37,0.3435210585594177
7M,23500,Frequency,38,0.3241405189037323
7M,23500,Frequency,39,0.2945725619792938
7M,23500,Frequency,40,0.27173328399658203
7M,23500,Frequency,41,0.25511404871940613
7M,23500,Frequency,42,0.24182148277759552
7M,23500,Frequency,43,0.23295485973358154
7M,23500,Frequency,44,0.23084674775600433
7M,23500,Random,0,0.6273592710494995
7M,23500,Random,1,0.61990886926651
7M,23500,Random,2,0.6158086061477661
7M,23500,Random,3,0.6408223509788513
7M,23500,Random,4,0.600902259349823
7M,23500,Random,5,0.6189242005348206
7M,23500,Random,6,0.6298347115516663
7M,23500,Random,7,0.6235131621360779
7M,23500,Random,8,0.6061263084411621
7M,23500,Random,9,0.6205971240997314
7M,23500,Random,10,0.6277321577072144
7M,23500,Random,11,0.6191041469573975
7M,23500,Random,12,0.6133249402046204
7M,23500,Random,13,0.620268702507019
7M,23500,Random,14,0.620530366897583
7M,23500,Random,15,0.6199271082878113
7M,23500,Random,16,0.6162499785423279
7M,23500,Random,17,0.6250430345535278
7M,23500,Random,18,0.6356252431869507
7M,23500,Random,19,0.6379499435424805
7M,23500,Random,20,0.6281369924545288
7M,23500,Random,21,0.6220291256904602
7M,23500,Random,22,0.6214923858642578
7M,23500,Random,23,0.6322249174118042
7M,23500,Random,24,0.6185669898986816
7M,23500,Random,25,0.609526515007019
7M,23500,Random,26,0.6236668825149536
7M,23500,Random,27,0.6194376945495605
7M,23500,Random,28,0.6278591752052307
7M,23500,Random,29,0.619049072265625
7M,23500,Random,30,0.6299635171890259
7M,23500,Random,31,0.618028461933136
7M,23500,Random,32,0.6290338635444641
7M,23500,Random,33,0.6276552677154541
7M,23500,Random,34,0.6297657489776611
7M,23500,Random,35,0.6267046332359314
7M,23500,Random,36,0.6272883415222168
7M,23500,Random,37,0.6198117136955261
7M,23500,Random,38,0.6216922998428345
7M,23500,Random,39,0.630599856376648
7M,23500,Random,40,0.6176825165748596
7M,23500,Random,41,0.6206929087638855
7M,23500,Random,42,0.6141031384468079
7M,23500,Random,43,0.6369526386260986
7M,23500,Random,44,0.6168063282966614
7M,23500,Stat,Mean,0.5754854679107666
7M,23500,Stat,Std,0.28113365173339844
7M,23500,Stat,Max,1.9267783164978027
7M,24000,Frequency,0,1.0799477100372314
7M,24000,Frequency,1,1.0562297105789185
7M,24000,Frequency,2,1.0417263507843018
7M,24000,Frequency,3,1.0151646137237549
7M,24000,Frequency,4,0.9778560400009155
7M,24000,Frequency,5,0.9626600742340088
7M,24000,Frequency,6,0.9346152544021606
7M,24000,Frequency,7,0.9063224196434021
7M,24000,Frequency,8,0.8780090808868408
7M,24000,Frequency,9,0.8531147837638855
7M,24000,Frequency,10,0.8280851244926453
7M,24000,Frequency,11,0.81072998046875
7M,24000,Frequency,12,0.7830285429954529
7M,24000,Frequency,13,0.7624870538711548
7M,24000,Frequency,14,0.7316864728927612
7M,24000,Frequency,15,0.7273860573768616
7M,24000,Frequency,16,0.7062067985534668
7M,24000,Frequency,17,0.6879942417144775
7M,24000,Frequency,18,0.6632199287414551
7M,24000,Frequency,19,0.6559908390045166
7M,24000,Frequency,20,0.6376284956932068
7M,24000,Frequency,21,0.6093186736106873
7M,24000,Frequency,22,0.6123017072677612
7M,24000,Frequency,23,0.5907233357429504
7M,24000,Frequency,24,0.5745593905448914
7M,24000,Frequency,25,0.5599648356437683
7M,24000,Frequency,26,0.5467793941497803
7M,24000,Frequency,27,0.5349365472793579
7M,24000,Frequency,28,0.5183607935905457
7M,24000,Frequency,29,0.5056308507919312
7M,24000,Frequency,30,0.48877957463264465
7M,24000,Frequency,31,0.4688597321510315
7M,24000,Frequency,32,0.4571082293987274
7M,24000,Frequency,33,0.4329163134098053
7M,24000,Frequency,34,0.4167155921459198
7M,24000,Frequency,35,0.39506664872169495
7M,24000,Frequency,36,0.37544459104537964
7M,24000,Frequency,37,0.3458366096019745
7M,24000,Frequency,38,0.3263205587863922
7M,24000,Frequency,39,0.29603907465934753
7M,24000,Frequency,40,0.27285078167915344
7M,24000,Frequency,41,0.25592246651649475
7M,24000,Frequency,42,0.24224324524402618
7M,24000,Frequency,43,0.23306308686733246
7M,24000,Frequency,44,0.23093101382255554
7M,24000,Random,0,0.6330519318580627
7M,24000,Random,1,0.6257164478302002
7M,24000,Random,2,0.6214154958724976
7M,24000,Random,3,0.6469156742095947
7M,24000,Random,4,0.6060664057731628
7M,24000,Random,5,0.6242875456809998
7M,24000,Random,6,0.6355801820755005
7M,24000,Random,7,0.6289662718772888
7M,24000,Random,8,0.6115281581878662
7M,24000,Random,9,0.626246452331543
7M,24000,Random,10,0.6334224939346313
7M,24000,Random,11,0.6247097253799438
7M,24000,Random,12,0.6187247633934021
7M,24000,Random,13,0.6261923313140869
7M,24000,Random,14,0.6265309453010559
7M,24000,Random,15,0.6255546808242798
7M,24000,Random,16,0.6220396161079407
7M,24000,Random,17,0.6307131052017212
7M,24000,Random,18,0.6414790749549866
7M,24000,Random,19,0.6438561081886292
7M,24000,Random,20,0.6335749626159668
7M,24000,Random,21,0.6276993751525879
7M,24000,Random,22,0.6270668506622314
7M,24000,Random,23,0.6379494071006775
7M,24000,Random,24,0.6245388388633728
7M,24000,Random,25,0.6152758598327637
7M,24000,Random,26,0.6298614740371704
7M,24000,Random,27,0.6246894001960754
7M,24000,Random,28,0.6335780024528503
7M,24000,Random,29,0.6251147389411926
7M,24000,Random,30,0.6361010670661926
7M,24000,Random,31,0.6231756806373596
7M,24000,Random,32,0.6349495053291321
7M,24000,Random,33,0.6332330703735352
7M,24000,Random,34,0.6356895565986633
7M,24000,Random,35,0.6326192617416382
7M,24000,Random,36,0.632868766784668
7M,24000,Random,37,0.6255013942718506
7M,24000,Random,38,0.6270925402641296
7M,24000,Random,39,0.6364948749542236
7M,24000,Random,40,0.6231580376625061
7M,24000,Random,41,0.6265774965286255
7M,24000,Random,42,0.6198291182518005
7M,24000,Random,43,0.6425883173942566
7M,24000,Random,44,0.6229243874549866
7M,24000,Stat,Mean,0.5805042386054993
7M,24000,Stat,Std,0.28458312153816223
7M,24000,Stat,Max,1.9485342502593994
7M,24500,Frequency,0,1.089391827583313
7M,24500,Frequency,1,1.0664561986923218
7M,24500,Frequency,2,1.051552176475525
7M,24500,Frequency,3,1.025283932685852
7M,24500,Frequency,4,0.9867104291915894
7M,24500,Frequency,5,0.9724062085151672
7M,24500,Frequency,6,0.9433383941650391
7M,24500,Frequency,7,0.9157794713973999
7M,24500,Frequency,8,0.8866700530052185
7M,24500,Frequency,9,0.8616187572479248
7M,24500,Frequency,10,0.8361555933952332
7M,24500,Frequency,11,0.8185960054397583
7M,24500,Frequency,12,0.7907124161720276
7M,24500,Frequency,13,0.770739734172821
7M,24500,Frequency,14,0.7385203838348389
7M,24500,Frequency,15,0.7345042824745178
7M,24500,Frequency,16,0.7127950191497803
7M,24500,Frequency,17,0.6949387192726135
7M,24500,Frequency,18,0.6698043346405029
7M,24500,Frequency,19,0.6625952124595642
7M,24500,Frequency,20,0.6437888145446777
7M,24500,Frequency,21,0.6153622269630432
7M,24500,Frequency,22,0.6185295581817627
7M,24500,Frequency,23,0.596168577671051
7M,24500,Frequency,24,0.5806843638420105
7M,24500,Frequency,25,0.564793586730957
7M,24500,Frequency,26,0.5517827272415161
7M,24500,Frequency,27,0.5398619771003723
7M,24500,Frequency,28,0.5229750871658325
7M,24500,Frequency,29,0.5100763440132141
7M,24500,Frequency,30,0.49323028326034546
7M,24500,Frequency,31,0.47298675775527954
7M,24500,Frequency,32,0.4608394503593445
7M,24500,Frequency,33,0.43676501512527466
7M,24500,Frequency,34,0.4201400578022003
7M,24500,Frequency,35,0.3981693983078003
7M,24500,Frequency,36,0.37828296422958374
7M,24500,Frequency,37,0.3482782542705536
7M,24500,Frequency,38,0.3282574415206909
7M,24500,Frequency,39,0.29742640256881714
7M,24500,Frequency,40,0.2739899754524231
7M,24500,Frequency,41,0.25671321153640747
7M,24500,Frequency,42,0.24261873960494995
7M,24500,Frequency,43,0.23324084281921387
7M,24500,Frequency,44,0.23097993433475494
7M,24500,Random,0,0.6390923857688904
7M,24500,Random,1,0.6315087080001831
7M,24500,Random,2,0.6271089911460876
7M,24500,Random,3,0.6528603434562683
7M,24500,Random,4,0.6115729808807373
7M,24500,Random,5,0.6298270225524902
7M,24500,Random,6,0.6414794921875
7M,24500,Random,7,0.6349504590034485
7M,24500,Random,8,0.6170439720153809
7M,24500,Random,9,0.6322835683822632
7M,24500,Random,10,0.6392051577568054
7M,24500,Random,11,0.63025963306427
7M,24500,Random,12,0.6242699027061462
7M,24500,Random,13,0.6321849226951599
7M,24500,Random,14,0.632033109664917
7M,24500,Random,15,0.631052553653717
7M,24500,Random,16,0.6277647614479065
7M,24500,Random,17,0.6365756988525391
7M,24500,Random,18,0.6474758386611938
7M,24500,Random,19,0.6500747799873352
7M,24500,Random,20,0.6392850279808044
7M,24500,Random,21,0.633258044719696
7M,24500,Random,22,0.632532000541687
7M,24500,Random,23,0.6437351107597351
7M,24500,Random,24,0.630264937877655
7M,24500,Random,25,0.6208921670913696
7M,24500,Random,26,0.6353912949562073
7M,24500,Random,27,0.6304360628128052
7M,24500,Random,28,0.639706552028656
7M,24500,Random,29,0.6305344700813293
7M,24500,Random,30,0.641775906085968
7M,24500,Random,31,0.6290184259414673
7M,24500,Random,32,0.6407800316810608
7M,24500,Random,33,0.6389043927192688
7M,24500,Random,34,0.6412103176116943
7M,24500,Random,35,0.6381677389144897
7M,24500,Random,36,0.6387906074523926
7M,24500,Random,37,0.631096363067627
7M,24500,Random,38,0.6329871416091919
7M,24500,Random,39,0.6425277590751648
7M,24500,Random,40,0.6289743781089783
7M,24500,Random,41,0.6325932741165161
7M,24500,Random,42,0.6253160238265991
7M,24500,Random,43,0.6479973793029785
7M,24500,Random,44,0.6274924278259277
7M,24500,Stat,Mean,0.5855526328086853
7M,24500,Stat,Std,0.2880254089832306
7M,24500,Stat,Max,1.9682494401931763
7M,25000,Frequency,0,1.0994138717651367
7M,25000,Frequency,1,1.076104998588562
7M,25000,Frequency,2,1.061312198638916
7M,25000,Frequency,3,1.0351871252059937
7M,25000,Frequency,4,0.995637834072113
7M,25000,Frequency,5,0.9817467331886292
7M,25000,Frequency,6,0.9529703259468079
7M,25000,Frequency,7,0.92436683177948
7M,25000,Frequency,8,0.8952736258506775
7M,25000,Frequency,9,0.8700032234191895
7M,25000,Frequency,10,0.8441851735115051
7M,25000,Frequency,11,0.8262442350387573
7M,25000,Frequency,12,0.7985098958015442
7M,25000,Frequency,13,0.7781738042831421
7M,25000,Frequency,14,0.7458049058914185
7M,25000,Frequency,15,0.7416113018989563
7M,25000,Frequency,16,0.7194839715957642
7M,25000,Frequency,17,0.7016908526420593
7M,25000,Frequency,18,0.676320493221283
7M,25000,Frequency,19,0.6689510345458984
7M,25000,Frequency,20,0.6502369046211243
7M,25000,Frequency,21,0.6214158535003662
7M,25000,Frequency,22,0.6241036653518677
7M,25000,Frequency,23,0.6015166640281677
7M,25000,Frequency,24,0.5861397981643677
7M,25000,Frequency,25,0.5700082182884216
7M,25000,Frequency,26,0.5569794178009033
7M,25000,Frequency,27,0.5447864532470703
7M,25000,Frequency,28,0.5275023579597473
7M,25000,Frequency,29,0.5145699977874756
7M,25000,Frequency,30,0.49788323044776917
7M,25000,Frequency,31,0.4769326448440552
7M,25000,Frequency,32,0.46451106667518616
7M,25000,Frequency,33,0.4402104616165161
7M,25000,Frequency,34,0.42349666357040405
7M,25000,Frequency,35,0.4009714722633362
7M,25000,Frequency,36,0.380703330039978
7M,25000,Frequency,37,0.35082241892814636
7M,25000,Frequency,38,0.330382764339447
7M,25000,Frequency,39,0.29898062348365784
7M,25000,Frequency,40,0.2750714123249054
7M,25000,Frequency,41,0.25745686888694763
7M,25000,Frequency,42,0.24300913512706757
7M,25000,Frequency,43,0.23342394828796387
7M,25000,Frequency,44,0.23103384673595428
7M,25000,Random,0,0.6447075009346008
7M,25000,Random,1,0.6369852423667908
7M,25000,Random,2,0.6329127550125122
7M,25000,Random,3,0.6585708856582642
7M,25000,Random,4,0.6174944043159485
7M,25000,Random,5,0.6354267001152039
7M,25000,Random,6,0.6473074555397034
7M,25000,Random,7,0.6404381394386292
7M,25000,Random,8,0.6224967241287231
7M,25000,Random,9,0.6377217769622803
7M,25000,Random,10,0.6449365019798279
7M,25000,Random,11,0.6360368728637695
7M,25000,Random,12,0.629923939704895
7M,25000,Random,13,0.6378942728042603
7M,25000,Random,14,0.6379541754722595
7M,25000,Random,15,0.6366072297096252
7M,25000,Random,16,0.6332268714904785
7M,25000,Random,17,0.6427033543586731
7M,25000,Random,18,0.6531155109405518
7M,25000,Random,19,0.6554858684539795
7M,25000,Random,20,0.6450580954551697
7M,25000,Random,21,0.6393033862113953
7M,25000,Random,22,0.6380645036697388
7M,25000,Random,23,0.6498795747756958
7M,25000,Random,24,0.6358556151390076
7M,25000,Random,25,0.6261332035064697
7M,25000,Random,26,0.6411868929862976
7M,25000,Random,27,0.6357743144035339
7M,25000,Random,28,0.6456139087677002
7M,25000,Random,29,0.6362529993057251
7M,25000,Random,30,0.6474045515060425
7M,25000,Random,31,0.6348963975906372
7M,25000,Random,32,0.6465038061141968
7M,25000,Random,33,0.6441460251808167
7M,25000,Random,34,0.647010087966919
7M,25000,Random,35,0.6436284780502319
7M,25000,Random,36,0.6440936923027039
7M,25000,Random,37,0.6372247338294983
7M,25000,Random,38,0.6383386254310608
7M,25000,Random,39,0.6480334401130676
7M,25000,Random,40,0.6348296403884888
7M,25000,Random,41,0.6380528807640076
7M,25000,Random,42,0.6308157444000244
7M,25000,Random,43,0.6539252996444702
7M,25000,Random,44,0.6331847310066223
7M,25000,Stat,Mean,0.590538740158081
7M,25000,Stat,Std,0.2914164960384369
7M,25000,Stat,Max,2.0030856132507324
7M,25500,Frequency,0,1.1094844341278076
7M,25500,Frequency,1,1.085476279258728
7M,25500,Frequency,2,1.071580410003662
7M,25500,Frequency,3,1.0445232391357422
7M,25500,Frequency,4,1.0049573183059692
7M,25500,Frequency,5,0.9913126230239868
7M,25500,Frequency,6,0.9616910219192505
7M,25500,Frequency,7,0.9332093596458435
7M,25500,Frequency,8,0.9033666849136353
7M,25500,Frequency,9,0.8787029981613159
7M,25500,Frequency,10,0.8522344827651978
7M,25500,Frequency,11,0.8341647982597351
7M,25500,Frequency,12,0.8069658875465393
7M,25500,Frequency,13,0.7855571508407593
7M,25500,Frequency,14,0.7533100843429565
7M,25500,Frequency,15,0.7487478256225586
7M,25500,Frequency,16,0.7266011238098145
7M,25500,Frequency,17,0.7086665034294128
7M,25500,Frequency,18,0.682776689529419
7M,25500,Frequency,19,0.6753090620040894
7M,25500,Frequency,20,0.656205415725708
7M,25500,Frequency,21,0.627555787563324
7M,25500,Frequency,22,0.6301596760749817
7M,25500,Frequency,23,0.6073991656303406
7M,25500,Frequency,24,0.5911222696304321
7M,25500,Frequency,25,0.5748677253723145
7M,25500,Frequency,26,0.5616767406463623
7M,25500,Frequency,27,0.5494633913040161
7M,25500,Frequency,28,0.5318392515182495
7M,25500,Frequency,29,0.5191243290901184
7M,25500,Frequency,30,0.5020698308944702
7M,25500,Frequency,31,0.48077869415283203
7M,25500,Frequency,32,0.468067467212677
7M,25500,Frequency,33,0.44414350390434265
7M,25500,Frequency,34,0.42726004123687744
7M,25500,Frequency,35,0.40419474244117737
7M,25500,Frequency,36,0.3836396336555481
7M,25500,Frequency,37,0.35321885347366333
7M,25500,Frequency,38,0.3322674036026001
7M,25500,Frequency,39,0.30088183283805847
7M,25500,Frequency,40,0.2762514650821686
7M,25500,Frequency,41,0.25822174549102783
7M,25500,Frequency,42,0.24342361092567444
7M,25500,Frequency,43,0.23357748985290527
7M,25500,Frequency,44,0.23111486434936523
7M,25500,Random,0,0.6505293250083923
7M,25500,Random,1,0.6427517533302307
7M,25500,Random,2,0.6385969519615173
7M,25500,Random,3,0.6639260053634644
7M,25500,Random,4,0.6229433417320251
7M,25500,Random,5,0.6406005024909973
7M,25500,Random,6,0.6530401110649109
7M,25500,Random,7,0.6461377143859863
7M,25500,Random,8,0.6277881264686584
7M,25500,Random,9,0.6433706879615784
7M,25500,Random,10,0.6507308483123779
7M,25500,Random,11,0.6420128345489502
7M,25500,Random,12,0.6356813311576843
7M,25500,Random,13,0.6430146098136902
7M,25500,Random,14,0.6439631581306458
7M,25500,Random,15,0.6421418190002441
7M,25500,Random,16,0.638862669467926
7M,25500,Random,17,0.6486685276031494
7M,25500,Random,18,0.6591193675994873
7M,25500,Random,19,0.6615927815437317
7M,25500,Random,20,0.6507681608200073
7M,25500,Random,21,0.6448901891708374
7M,25500,Random,22,0.6435306072235107
7M,25500,Random,23,0.6557043790817261
7M,25500,Random,24,0.6417074799537659
7M,25500,Random,25,0.6316918134689331
7M,25500,Random,26,0.6466977596282959
7M,25500,Random,27,0.6416056752204895
7M,25500,Random,28,0.6510710716247559
7M,25500,Random,29,0.641680896282196
7M,25500,Random,30,0.6538336277008057
7M,25500,Random,31,0.6400712728500366
7M,25500,Random,32,0.6523627638816833
7M,25500,Random,33,0.6501218676567078
7M,25500,Random,34,0.6525710225105286
7M,25500,Random,35,0.6496026515960693
7M,25500,Random,36,0.6497003436088562
7M,25500,Random,37,0.6427621245384216
7M,25500,Random,38,0.6439508199691772
7M,25500,Random,39,0.6536428332328796
7M,25500,Random,40,0.6406130790710449
7M,25500,Random,41,0.6440754532814026
7M,25500,Random,42,0.6363950371742249
7M,25500,Random,43,0.6598635911941528
7M,25500,Random,44,0.6393924951553345
7M,25500,Stat,Mean,0.5955521464347839
7M,25500,Stat,Std,0.29482999444007874
7M,25500,Stat,Max,2.014467716217041
7M,26000,Frequency,0,1.118288516998291
7M,26000,Frequency,1,1.0950260162353516
7M,26000,Frequency,2,1.0811158418655396
7M,26000,Frequency,3,1.0540119409561157
7M,26000,Frequency,4,1.014339566230774
7M,26000,Frequency,5,1.0008068084716797
7M,26000,Frequency,6,0.9700428247451782
7M,26000,Frequency,7,0.9421544075012207
7M,26000,Frequency,8,0.9119504690170288
7M,26000,Frequency,9,0.8871451616287231
7M,26000,Frequency,10,0.8599852323532104
7M,26000,Frequency,11,0.8421071767807007
7M,26000,Frequency,12,0.8146959543228149
7M,26000,Frequency,13,0.7927778959274292
7M,26000,Frequency,14,0.760291337966919
7M,26000,Frequency,15,0.7554923892021179
7M,26000,Frequency,16,0.7334622144699097
7M,26000,Frequency,17,0.715147852897644
7M,26000,Frequency,18,0.6889433860778809
7M,26000,Frequency,19,0.6816898584365845
7M,26000,Frequency,20,0.6623809933662415
7M,26000,Frequency,21,0.6333982944488525
7M,26000,Frequency,22,0.6358658075332642
7M,26000,Frequency,23,0.6131263375282288
7M,26000,Frequency,24,0.5959927439689636
7M,26000,Frequency,25,0.5804157853126526
7M,26000,Frequency,26,0.5665443539619446
7M,26000,Frequency,27,0.5541520714759827
7M,26000,Frequency,28,0.5361607670783997
7M,26000,Frequency,29,0.5237445831298828
7M,26000,Frequency,30,0.5067027807235718
7M,26000,Frequency,31,0.48459339141845703
7M,26000,Frequency,32,0.4720452129840851
7M,26000,Frequency,33,0.4476487338542938
7M,26000,Frequency,34,0.4308587908744812
7M,26000,Frequency,35,0.4071245789527893
7M,26000,Frequency,36,0.3863486051559448
7M,26000,Frequency,37,0.3553465008735657
7M,26000,Frequency,38,0.334238737821579
7M,26000,Frequency,39,0.3025527894496918
7M,26000,Frequency,40,0.277198851108551
7M,26000,Frequency,41,0.2589995861053467
7M,26000,Frequency,42,0.24391499161720276
7M,26000,Frequency,43,0.23373593389987946
7M,26000,Frequency,44,0.23125989735126495
7M,26000,Random,0,0.6561760306358337
7M,26000,Random,1,0.6480446457862854
7M,26000,Random,2,0.6441603899002075
7M,26000,Random,3,0.6696388125419617
7M,26000,Random,4,0.6280113458633423
7M,26000,Random,5,0.6461894512176514
7M,26000,Random,6,0.658602774143219
7M,26000,Random,7,0.6516519784927368
7M,26000,Random,8,0.6327027678489685
7M,26000,Random,9,0.6489002704620361
7M,26000,Random,10,0.6563549637794495
7M,26000,Random,11,0.6475678086280823
7M,26000,Random,12,0.6413116455078125
7M,26000,Random,13,0.64875328540802
7M,26000,Random,14,0.6496084332466125
7M,26000,Random,15,0.647682249546051
7M,26000,Random,16,0.6446043252944946
7M,26000,Random,17,0.6542869210243225
7M,26000,Random,18,0.6647154688835144
7M,26000,Random,19,0.6678361892700195
7M,26000,Random,20,0.6564256548881531
7M,26000,Random,21,0.6506678462028503
7M,26000,Random,22,0.6487244963645935
7M,26000,Random,23,0.6610085368156433
7M,26000,Random,24,0.6477637887001038
7M,26000,Random,25,0.6373671293258667
7M,26000,Random,26,0.652447521686554
7M,26000,Random,27,0.6467998027801514
7M,26000,Random,28,0.6565577387809753
7M,26000,Random,29,0.6470444798469543
7M,26000,Random,30,0.6595607399940491
7M,26000,Random,31,0.6458444595336914
7M,26000,Random,32,0.6581447720527649
7M,26000,Random,33,0.6557261943817139
7M,26000,Random,34,0.6581990122795105
7M,26000,Random,35,0.654862642288208
7M,26000,Random,36,0.6555554270744324
7M,26000,Random,37,0.6483106017112732
7M,26000,Random,38,0.6495956182479858
7M,26000,Random,39,0.659497082233429
7M,26000,Random,40,0.6461939811706543
7M,26000,Random,41,0.6491438150405884
7M,26000,Random,42,0.6418544054031372
7M,26000,Random,43,0.6653297543525696
7M,26000,Random,44,0.6454795598983765
7M,26000,Stat,Mean,0.600458025932312
7M,26000,Stat,Std,0.29813286662101746
7M,26000,Stat,Max,2.0188705921173096
7M,26500,Frequency,0,1.127455234527588
7M,26500,Frequency,1,1.1047629117965698
7M,26500,Frequency,2,1.09060537815094
7M,26500,Frequency,3,1.063422441482544
7M,26500,Frequency,4,1.0236506462097168
7M,26500,Frequency,5,1.0095648765563965
7M,26500,Frequency,6,0.9784318208694458
7M,26500,Frequency,7,0.9506844282150269
7M,26500,Frequency,8,0.9200752973556519
7M,26500,Frequency,9,0.8955206871032715
7M,26500,Frequency,10,0.868146538734436
7M,26500,Frequency,11,0.8503241539001465
7M,26500,Frequency,12,0.8220637440681458
7M,26500,Frequency,13,0.8003787398338318
7M,26500,Frequency,14,0.7678154706954956
7M,26500,Frequency,15,0.7625535726547241
7M,26500,Frequency,16,0.7406101226806641
7M,26500,Frequency,17,0.7217410206794739
7M,26500,Frequency,18,0.6950927972793579
7M,26500,Frequency,19,0.6878743171691895
7M,26500,Frequency,20,0.6684198975563049
7M,26500,Frequency,21,0.639914333820343
7M,26500,Frequency,22,0.6415983438491821
7M,26500,Frequency,23,0.6184112429618835
7M,26500,Frequency,24,0.6013222932815552
7M,26500,Frequency,25,0.5854440331459045
7M,26500,Frequency,26,0.5713189840316772
7M,26500,Frequency,27,0.5589962601661682
7M,26500,Frequency,28,0.5410575270652771
7M,26500,Frequency,29,0.5281237363815308
7M,26500,Frequency,30,0.510590672492981
7M,26500,Frequency,31,0.4886583387851715
7M,26500,Frequency,32,0.47587406635284424
7M,26500,Frequency,33,0.45106667280197144
7M,26500,Frequency,34,0.43420228362083435
7M,26500,Frequency,35,0.4106244742870331
7M,26500,Frequency,36,0.3890078663825989
7M,26500,Frequency,37,0.35770195722579956
7M,26500,Frequency,38,0.33611631393432617
7M,26500,Frequency,39,0.304220587015152
7M,26500,Frequency,40,0.2783101499080658
7M,26500,Frequency,41,0.25966373085975647
7M,26500,Frequency,42,0.2443162351846695
7M,26500,Frequency,43,0.2338714301586151
7M,26500,Frequency,44,0.2313661426305771
7M,26500,Random,0,0.661969006061554
7M,26500,Random,1,0.6536555290222168
7M,26500,Random,2,0.6496328115463257
7M,26500,Random,3,0.6753522157669067
7M,26500,Random,4,0.6328206658363342
7M,26500,Random,5,0.6516298651695251
7M,26500,Random,6,0.6638560891151428
7M,26500,Random,7,0.6570644378662109
7M,26500,Random,8,0.6384369730949402
7M,26500,Random,9,0.6543765664100647
7M,26500,Random,10,0.6618176698684692
7M,26500,Random,11,0.6529945135116577
7M,26500,Random,12,0.6468377709388733
7M,26500,Random,13,0.6541933417320251
7M,26500,Random,14,0.6553797125816345
7M,26500,Random,15,0.6533703804016113
7M,26500,Random,16,0.6502200961112976
7M,26500,Random,17,0.6599670052528381
7M,26500,Random,18,0.6708425283432007
7M,26500,Random,19,0.6740281581878662
7M,26500,Random,20,0.661778450012207
7M,26500,Random,21,0.6564987301826477
7M,26500,Random,22,0.6545085310935974
7M,26500,Random,23,0.6667705178260803
7M,26500,Random,24,0.6531605124473572
7M,26500,Random,25,0.6430565118789673
7M,26500,Random,26,0.6581867933273315
7M,26500,Random,27,0.6525601744651794
7M,26500,Random,28,0.6619821786880493
7M,26500,Random,29,0.6523777842521667
7M,26500,Random,30,0.6653708219528198
7M,26500,Random,31,0.6514638662338257
7M,26500,Random,32,0.6639097332954407
7M,26500,Random,33,0.6612114906311035
7M,26500,Random,34,0.6636300086975098
7M,26500,Random,35,0.660412609577179
7M,26500,Random,36,0.6611769199371338
7M,26500,Random,37,0.6538220047950745
7M,26500,Random,38,0.654952883720398
7M,26500,Random,39,0.664995014667511
7M,26500,Random,40,0.6516220569610596
7M,26500,Random,41,0.6546812653541565
7M,26500,Random,42,0.6474385857582092
7M,26500,Random,43,0.6710581183433533
7M,26500,Random,44,0.6511837244033813
7M,26500,Stat,Mean,0.6053740978240967
7M,26500,Stat,Std,0.30142873525619507
7M,26500,Stat,Max,2.040553092956543
7M,27000,Frequency,0,1.1367253065109253
7M,27000,Frequency,1,1.1147102117538452
7M,27000,Frequency,2,1.1005059480667114
7M,27000,Frequency,3,1.0723528861999512
7M,27000,Frequency,4,1.0331141948699951
7M,27000,Frequency,5,1.0188052654266357
7M,27000,Frequency,6,0.9870273470878601
7M,27000,Frequency,7,0.9598347544670105
7M,27000,Frequency,8,0.9288131594657898
7M,27000,Frequency,9,0.9039542078971863
7M,27000,Frequency,10,0.8759344816207886
7M,27000,Frequency,11,0.8581332564353943
7M,27000,Frequency,12,0.8298236727714539
7M,27000,Frequency,13,0.8073588609695435
7M,27000,Frequency,14,0.7746530175209045
7M,27000,Frequency,15,0.7695972323417664
7M,27000,Frequency,16,0.7471520900726318
7M,27000,Frequency,17,0.7286108732223511
7M,27000,Frequency,18,0.7013441920280457
7M,27000,Frequency,19,0.6941156983375549
7M,27000,Frequency,20,0.6744991540908813
7M,27000,Frequency,21,0.6453817486763
7M,27000,Frequency,22,0.6471932530403137
7M,27000,Frequency,23,0.6239452958106995
7M,27000,Frequency,24,0.6063981056213379
7M,27000,Frequency,25,0.5903066396713257
7M,27000,Frequency,26,0.5762106776237488
7M,27000,Frequency,27,0.5641276240348816
7M,27000,Frequency,28,0.5457706451416016
7M,27000,Frequency,29,0.5322172045707703
7M,27000,Frequency,30,0.5152078866958618
7M,27000,Frequency,31,0.49279534816741943
7M,27000,Frequency,32,0.47982674837112427
7M,27000,Frequency,33,0.45465990900993347
7M,27000,Frequency,34,0.4375893473625183
7M,27000,Frequency,35,0.41358068585395813
7M,27000,Frequency,36,0.3918286859989166
7M,27000,Frequency,37,0.3603772819042206
7M,27000,Frequency,38,0.3383166790008545
7M,27000,Frequency,39,0.30585384368896484
7M,27000,Frequency,40,0.2793702483177185
7M,27000,Frequency,41,0.260331928730011
7M,27000,Frequency,42,0.24482694268226624
7M,27000,Frequency,43,0.23400184512138367
7M,27000,Frequency,44,0.2315957099199295
7M,27000,Random,0,0.6674551963806152
7M,27000,Random,1,0.6592413187026978
7M,27000,Random,2,0.6557530760765076
7M,27000,Random,3,0.6811575293540955
7M,27000,Random,4,0.6380879878997803
7M,27000,Random,5,0.6570491194725037
7M,27000,Random,6,0.6696274280548096
7M,27000,Random,7,0.662330687046051
7M,27000,Random,8,0.6438506245613098
7M,27000,Random,9,0.6593953967094421
7M,27000,Random,10,0.6674731373786926
7M,27000,Random,11,0.6583299040794373
7M,27000,Random,12,0.6524469256401062
7M,27000,Random,13,0.6597996950149536
7M,27000,Random,14,0.6607710123062134
7M,27000,Random,15,0.6584761738777161
7M,27000,Random,16,0.6560695767402649
7M,27000,Random,17,0.6656680703163147
7M,27000,Random,18,0.6765437722206116
7M,27000,Random,19,0.679678201675415
7M,27000,Random,20,0.667360782623291
7M,27000,Random,21,0.6618115305900574
7M,27000,Random,22,0.6601605415344238
7M,27000,Random,23,0.6727514863014221
7M,27000,Random,24,0.6584087610244751
7M,27000,Random,25,0.648470938205719
7M,27000,Random,26,0.6641881465911865
7M,27000,Random,27,0.6580571532249451
7M,27000,Random,28,0.6675146818161011
7M,27000,Random,29,0.6582520604133606
7M,27000,Random,30,0.6711945533752441
7M,27000,Random,31,0.6569835543632507
7M,27000,Random,32,0.669477641582489
7M,27000,Random,33,0.6666498184204102
7M,27000,Random,34,0.669607400894165
7M,27000,Random,35,0.6658065319061279
7M,27000,Random,36,0.6670159101486206
7M,27000,Random,37,0.6596450805664062
7M,27000,Random,38,0.6604199409484863
7M,27000,Random,39,0.6708314418792725
7M,27000,Random,40,0.6569161415100098
7M,27000,Random,41,0.6601019501686096
7M,27000,Random,42,0.6531636714935303
7M,27000,Random,43,0.677233099937439
7M,27000,Random,44,0.6571255326271057
7M,27000,Stat,Mean,0.6103014945983887
7M,27000,Stat,Std,0.3047569990158081
7M,27000,Stat,Max,2.0628812313079834
7M,27500,Frequency,0,1.1459245681762695
7M,27500,Frequency,1,1.1240800619125366
7M,27500,Frequency,2,1.1100293397903442
7M,27500,Frequency,3,1.0818462371826172
7M,27500,Frequency,4,1.042008876800537
7M,27500,Frequency,5,1.027531623840332
7M,27500,Frequency,6,0.9961300492286682
7M,27500,Frequency,7,0.9683892130851746
7M,27500,Frequency,8,0.9372071027755737
7M,27500,Frequency,9,0.9119350910186768
7M,27500,Frequency,10,0.8842100501060486
7M,27500,Frequency,11,0.8659937381744385
7M,27500,Frequency,12,0.8368546366691589
7M,27500,Frequency,13,0.8146315217018127
7M,27500,Frequency,14,0.7815970182418823
7M,27500,Frequency,15,0.7761774659156799
7M,27500,Frequency,16,0.7536383867263794
7M,27500,Frequency,17,0.7351486682891846
7M,27500,Frequency,18,0.7079901099205017
7M,27500,Frequency,19,0.6998541355133057
7M,27500,Frequency,20,0.6802207231521606
7M,27500,Frequency,21,0.6510648131370544
7M,27500,Frequency,22,0.6522273421287537
7M,27500,Frequency,23,0.6292732954025269
7M,27500,Frequency,24,0.611990749835968
7M,27500,Frequency,25,0.5954026579856873
7M,27500,Frequency,26,0.5812534093856812
7M,27500,Frequency,27,0.5689471960067749
7M,27500,Frequency,28,0.5505191087722778
7M,27500,Frequency,29,0.5367529988288879
7M,27500,Frequency,30,0.5199626088142395
7M,27500,Frequency,31,0.49738597869873047
7M,27500,Frequency,32,0.4837130606174469
7M,27500,Frequency,33,0.4580995440483093
7M,27500,Frequency,34,0.44096168875694275
7M,27500,Frequency,35,0.41670313477516174
7M,27500,Frequency,36,0.3950076997280121
7M,27500,Frequency,37,0.3627767264842987
7M,27500,Frequency,38,0.3404831290245056
7M,27500,Frequency,39,0.3076149821281433
7M,27500,Frequency,40,0.2803293764591217
7M,27500,Frequency,41,0.26091086864471436
7M,27500,Frequency,42,0.24519899487495422
7M,27500,Frequency,43,0.2341463416814804
7M,27500,Frequency,44,0.23167242109775543
7M,27500,Random,0,0.6728928685188293
7M,27500,Random,1,0.6646016836166382
7M,27500,Random,2,0.6612955927848816
7M,27500,Random,3,0.6867945194244385
7M,27500,Random,4,0.6433987021446228
7M,27500,Random,5,0.6621758341789246
7M,27500,Random,6,0.6754214763641357
7M,27500,Random,7,0.6677369475364685
7M,27500,Random,8,0.6491239070892334
7M,27500,Random,9,0.6649453043937683
7M,27500,Random,10,0.6727899312973022
7M,27500,Random,11,0.6643950343132019
7M,27500,Random,12,0.6577610373497009
7M,27500,Random,13,0.6654793620109558
7M,27500,Random,14,0.6662935614585876
7M,27500,Random,15,0.6640141606330872
7M,27500,Random,16,0.6614161729812622
7M,27500,Random,17,0.6718338131904602
7M,27500,Random,18,0.682459831237793
7M,27500,Random,19,0.6854382157325745
7M,27500,Random,20,0.6730161905288696
7M,27500,Random,21,0.6670624613761902
7M,27500,Random,22,0.6655157208442688
7M,27500,Random,23,0.6783971190452576
7M,27500,Random,24,0.6636378169059753
7M,27500,Random,25,0.6536986827850342
7M,27500,Random,26,0.6697150468826294
7M,27500,Random,27,0.6636011600494385
7M,27500,Random,28,0.6726781129837036
7M,27500,Random,29,0.6636324524879456
7M,27500,Random,30,0.6768923997879028
7M,27500,Random,31,0.6620032787322998
7M,27500,Random,32,0.6745973825454712
7M,27500,Random,33,0.6722911596298218
7M,27500,Random,34,0.6755041480064392
7M,27500,Random,35,0.6715865135192871
7M,27500,Random,36,0.6728039979934692
7M,27500,Random,37,0.6652624607086182
7M,27500,Random,38,0.6663207411766052
7M,27500,Random,39,0.6765240430831909
7M,27500,Random,40,0.6624616980552673
7M,27500,Random,41,0.6657978296279907
7M,27500,Random,42,0.6585221290588379
7M,27500,Random,43,0.6830808520317078
7M,27500,Random,44,0.6624096632003784
7M,27500,Stat,Mean,0.6151756644248962
7M,27500,Stat,Std,0.30798426270484924
7M,27500,Stat,Max,2.081721544265747
7M,28000,Frequency,0,1.154354214668274
7M,28000,Frequency,1,1.1333450078964233
7M,28000,Frequency,2,1.1199676990509033
7M,28000,Frequency,3,1.0910896062850952
7M,28000,Frequency,4,1.05129075050354
7M,28000,Frequency,5,1.0376235246658325
7M,28000,Frequency,6,1.0044180154800415
7M,28000,Frequency,7,0.9767099022865295
7M,28000,Frequency,8,0.9454118609428406
7M,28000,Frequency,9,0.9200997352600098
7M,28000,Frequency,10,0.8927869200706482
7M,28000,Frequency,11,0.8733931183815002
7M,28000,Frequency,12,0.8441482782363892
7M,28000,Frequency,13,0.8211228251457214
7M,28000,Frequency,14,0.788532018661499
7M,28000,Frequency,15,0.7826310992240906
7M,28000,Frequency,16,0.7604714035987854
7M,28000,Frequency,17,0.741584062576294
7M,28000,Frequency,18,0.7141550779342651
7M,28000,Frequency,19,0.7059515714645386
7M,28000,Frequency,20,0.6861547231674194
7M,28000,Frequency,21,0.6570733785629272
7M,28000,Frequency,22,0.6577867269515991
7M,28000,Frequency,23,0.6342414617538452
7M,28000,Frequency,24,0.6170750260353088
7M,28000,Frequency,25,0.6004129648208618
7M,28000,Frequency,26,0.5857614278793335
7M,28000,Frequency,27,0.5736992359161377
7M,28000,Frequency,28,0.5552513003349304
7M,28000,Frequency,29,0.5412963628768921
7M,28000,Frequency,30,0.5240809321403503
7M,28000,Frequency,31,0.5013455152511597
7M,28000,Frequency,32,0.48749879002571106
7M,28000,Frequency,33,0.46162205934524536
7M,28000,Frequency,34,0.44408634305000305
7M,28000,Frequency,35,0.41964051127433777
7M,28000,Frequency,36,0.39766427874565125
7M,28000,Frequency,37,0.36530593037605286
7M,28000,Frequency,38,0.34215447306632996
7M,28000,Frequency,39,0.30919739603996277
7M,28000,Frequency,40,0.2816604673862457
7M,28000,Frequency,41,0.2616576552391052
7M,28000,Frequency,42,0.24562770128250122
7M,28000,Frequency,43,0.23430155217647552
7M,28000,Frequency,44,0.23181848227977753
7M,28000,Random,0,0.6781461238861084
7M,28000,Random,1,0.6704838871955872
7M,28000,Random,2,0.6663816571235657
7M,28000,Random,3,0.69228196144104
7M,28000,Random,4,0.6483692526817322
7M,28000,Random,5,0.6679667830467224
7M,28000,Random,6,0.6810910105705261
7M,28000,Random,7,0.6731020212173462
7M,28000,Random,8,0.6544309258460999
7M,28000,Random,9,0.6705548167228699
7M,28000,Random,10,0.6781327128410339
7M,28000,Random,11,0.6697148680686951
7M,28000,Random,12,0.6633499264717102
7M,28000,Random,13,0.6708881855010986
7M,28000,Random,14,0.6717718243598938
7M,28000,Random,15,0.6695896983146667
7M,28000,Random,16,0.6665757894515991
7M,28000,Random,17,0.6777463555335999
7M,28000,Random,18,0.6882527470588684
7M,28000,Random,19,0.6915630102157593
7M,28000,Random,20,0.6787891387939453
7M,28000,Random,21,0.6725956797599792
7M,28000,Random,22,0.6713141798973083
7M,28000,Random,23,0.6838975548744202
7M,28000,Random,24,0.6690145134925842
7M,28000,Random,25,0.65876704454422
7M,28000,Random,26,0.6753062605857849
7M,28000,Random,27,0.6691275238990784
7M,28000,Random,28,0.6781253218650818
7M,28000,Random,29,0.6690263748168945
7M,28000,Random,30,0.6822470426559448
7M,28000,Random,31,0.6671537160873413
7M,28000,Random,32,0.6801633238792419
7M,28000,Random,33,0.6777167916297913
7M,28000,Random,34,0.6810163855552673
7M,28000,Random,35,0.676676869392395
7M,28000,Random,36,0.6782518029212952
7M,28000,Random,37,0.6704020500183105
7M,28000,Random,38,0.6720123887062073
7M,28000,Random,39,0.681925892829895
7M,28000,Random,40,0.66767817735672
7M,28000,Random,41,0.6712785959243774
7M,28000,Random,42,0.6637052297592163
7M,28000,Random,43,0.6884511113166809
7M,28000,Random,44,0.668148398399353
7M,28000,Stat,Mean,0.6199827790260315
7M,28000,Stat,Std,0.31122341752052307
7M,28000,Stat,Max,2.0962085723876953
7M,28500,Frequency,0,1.1628775596618652
7M,28500,Frequency,1,1.1430186033248901
7M,28500,Frequency,2,1.128949761390686
7M,28500,Frequency,3,1.0999464988708496
7M,28500,Frequency,4,1.060417890548706
7M,28500,Frequency,5,1.0460656881332397
7M,28500,Frequency,6,1.0131161212921143
7M,28500,Frequency,7,0.9852422475814819
7M,28500,Frequency,8,0.953456461429596
7M,28500,Frequency,9,0.9276399612426758
7M,28500,Frequency,10,0.9003856778144836
7M,28500,Frequency,11,0.8807455897331238
7M,28500,Frequency,12,0.8518988490104675
7M,28500,Frequency,13,0.828562319278717
7M,28500,Frequency,14,0.7954831719398499
7M,28500,Frequency,15,0.7894537448883057
7M,28500,Frequency,16,0.7668835520744324
7M,28500,Frequency,17,0.7477439045906067
7M,28500,Frequency,18,0.7205019593238831
7M,28500,Frequency,19,0.7120009660720825
7M,28500,Frequency,20,0.691704511642456
7M,28500,Frequency,21,0.6628366708755493
7M,28500,Frequency,22,0.6635178327560425
7M,28500,Frequency,23,0.639719545841217
7M,28500,Frequency,24,0.6223564743995667
7M,28500,Frequency,25,0.6054284572601318
7M,28500,Frequency,26,0.5910698771476746
7M,28500,Frequency,27,0.5782666802406311
7M,28500,Frequency,28,0.5600611567497253
7M,28500,Frequency,29,0.5458656549453735
7M,28500,Frequency,30,0.5286057591438293
7M,28500,Frequency,31,0.5055873990058899
7M,28500,Frequency,32,0.4911448657512665
7M,28500,Frequency,33,0.46518340706825256
7M,28500,Frequency,34,0.44728103280067444
7M,28500,Frequency,35,0.42270877957344055
7M,28500,Frequency,36,0.4005429148674011
7M,28500,Frequency,37,0.3675720989704132
7M,28500,Frequency,38,0.34407904744148254
7M,28500,Frequency,39,0.31086602807044983
7M,28500,Frequency,40,0.2827041745185852
7M,28500,Frequency,41,0.2624954879283905
7M,28500,Frequency,42,0.24600231647491455
7M,28500,Frequency,43,0.23449452221393585
7M,28500,Frequency,44,0.2319447547197342
7M,28500,Random,0,0.6837790608406067
7M,28500,Random,1,0.675955593585968
7M,28500,Random,2,0.6715335249900818
7M,28500,Random,3,0.6978230476379395
7M,28500,Random,4,0.654319167137146
7M,28500,Random,5,0.6729381084442139
7M,28500,Random,6,0.6865278482437134
7M,28500,Random,7,0.6789796352386475
7M,28500,Random,8,0.6599438190460205
7M,28500,Random,9,0.6761394739151001
7M,28500,Random,10,0.6836008429527283
7M,28500,Random,11,0.6747415661811829
7M,28500,Random,12,0.6683177351951599
7M,28500,Random,13,0.6763367652893066
7M,28500,Random,14,0.6772291660308838
7M,28500,Random,15,0.6747491359710693
7M,28500,Random,16,0.6720624566078186
7M,28500,Random,17,0.683125913143158
7M,28500,Random,18,0.6937705874443054
7M,28500,Random,19,0.6970242261886597
7M,28500,Random,20,0.6843042969703674
7M,28500,Random,21,0.6777964234352112
7M,28500,Random,22,0.676406979560852
7M,28500,Random,23,0.6896708011627197
7M,28500,Random,24,0.6742673516273499
7M,28500,Random,25,0.6638035178184509
7M,28500,Random,26,0.6807718276977539
7M,28500,Random,27,0.6743985414505005
7M,28500,Random,28,0.68376624584198
7M,28500,Random,29,0.6749265193939209
7M,28500,Random,30,0.6878848671913147
7M,28500,Random,31,0.6722840666770935
7M,28500,Random,32,0.6859637498855591
7M,28500,Random,33,0.6832081079483032
7M,28500,Random,34,0.686614453792572
7M,28500,Random,35,0.6821540594100952
7M,28500,Random,36,0.6832361817359924
7M,28500,Random,37,0.6760544180870056
7M,28500,Random,38,0.6775820255279541
7M,28500,Random,39,0.687461256980896
7M,28500,Random,40,0.673227071762085
7M,28500,Random,41,0.6764367818832397
7M,28500,Random,42,0.6693038940429688
7M,28500,Random,43,0.6941409111022949
7M,28500,Random,44,0.6734026074409485
7M,28500,Stat,Mean,0.6247748136520386
7M,28500,Stat,Std,0.31439563632011414
7M,28500,Stat,Max,2.107058525085449
7M,0,Frequency,0,0.2260807603597641
7M,0,Frequency,1,0.22585195302963257
7M,0,Frequency,2,0.22566938400268555
7M,0,Frequency,3,0.22594720125198364
7M,0,Frequency,4,0.22523869574069977
7M,0,Frequency,5,0.2262258231639862
7M,0,Frequency,6,0.22537174820899963
7M,0,Frequency,7,0.22580979764461517
7M,0,Frequency,8,0.22542962431907654
7M,0,Frequency,9,0.22575215995311737
7M,0,Frequency,10,0.22568517923355103
7M,0,Frequency,11,0.22545066475868225
7M,0,Frequency,12,0.22660301625728607
7M,0,Frequency,13,0.22575190663337708
7M,0,Frequency,14,0.22625966370105743
7M,0,Frequency,15,0.22568966448307037
7M,0,Frequency,16,0.22590190172195435
7M,0,Frequency,17,0.22503934800624847
7M,0,Frequency,18,0.22525952756404877
7M,0,Frequency,19,0.22663237154483795
7M,0,Frequency,20,0.2255675494670868
7M,0,Frequency,21,0.22620654106140137
7M,0,Frequency,22,0.22537854313850403
7M,0,Frequency,23,0.22522656619548798
7M,0,Frequency,24,0.22660274803638458
7M,0,Frequency,25,0.2254285216331482
7M,0,Frequency,26,0.22634723782539368
7M,0,Frequency,27,0.22608794271945953
7M,0,Frequency,28,0.22514751553535461
7M,0,Frequency,29,0.22611577808856964
7M,0,Frequency,30,0.22633183002471924
7M,0,Frequency,31,0.22485578060150146
7M,0,Frequency,32,0.22636958956718445
7M,0,Frequency,33,0.2266305387020111
7M,0,Frequency,34,0.225751131772995
7M,0,Frequency,35,0.22579751908779144
7M,0,Frequency,36,0.22600097954273224
7M,0,Frequency,37,0.22555722296237946
7M,0,Frequency,38,0.22601670026779175
7M,0,Frequency,39,0.2257622331380844
7M,0,Frequency,40,0.22589269280433655
7M,0,Frequency,41,0.22600045800209045
7M,0,Frequency,42,0.2261081486940384
7M,0,Frequency,43,0.22568540275096893
7M,0,Frequency,44,0.2260737419128418
7M,0,Random,0,0.22577056288719177
7M,0,Random,1,0.22610267996788025
7M,0,Random,2,0.22533059120178223
7M,0,Random,3,0.22491775453090668
7M,0,Random,4,0.22620004415512085
7M,0,Random,5,0.22639410197734833
7M,0,Random,6,0.2263180911540985
7M,0,Random,7,0.2259654402732849
7M,0,Random,8,0.2255827784538269
7M,0,Random,9,0.2257913500070572
7M,0,Random,10,0.22637014091014862
7M,0,Random,11,0.22517354786396027
7M,0,Random,12,0.22544370591640472
7M,0,Random,13,0.22619034349918365
7M,0,Random,14,0.2263282835483551
7M,0,Random,15,0.22551511228084564
7M,0,Random,16,0.2269267737865448
7M,0,Random,17,0.2254941463470459
7M,0,Random,18,0.22608907520771027
7M,0,Random,19,0.2258591204881668
7M,0,Random,20,0.22541528940200806
7M,0,Random,21,0.2266576886177063
7M,0,Random,22,0.22505739331245422
7M,0,Random,23,0.22545839846134186
7M,0,Random,24,0.22652533650398254
7M,0,Random,25,0.2258685976266861
7M,0,Random,26,0.2256692498922348
7M,0,Random,27,0.22607292234897614
7M,0,Random,28,0.2253999412059784
7M,0,Random,29,0.22607998549938202
7M,0,Random,30,0.22569938004016876
7M,0,Random,31,0.22553621232509613
7M,0,Random,32,0.2253321260213852
7M,0,Random,33,0.22628746926784515
7M,0,Random,34,0.22549234330654144
7M,0,Random,35,0.2258487045764923
7M,0,Random,36,0.22557489573955536
7M,0,Random,37,0.22553689777851105
7M,0,Random,38,0.2258729487657547
7M,0,Random,39,0.2259935885667801
7M,0,Random,40,0.22584809362888336
7M,0,Random,41,0.22661729156970978
7M,0,Random,42,0.22578440606594086
7M,0,Random,43,0.2252894937992096
7M,0,Random,44,0.22542089223861694
7M,0,Stat,Mean,0.2258368581533432
7M,0,Stat,Std,0.014113795012235641
7M,0,Stat,Max,0.28584983944892883
7M,500,Frequency,0,0.30756431818008423
7M,500,Frequency,1,0.28014877438545227
7M,500,Frequency,2,0.27263233065605164
7M,500,Frequency,3,0.26734182238578796
7M,500,Frequency,4,0.2604004144668579
7M,500,Frequency,5,0.2590758502483368
7M,500,Frequency,6,0.254533976316452
7M,500,Frequency,7,0.25243595242500305
7M,500,Frequency,8,0.2505979537963867
7M,500,Frequency,9,0.24884314835071564
7M,500,Frequency,10,0.24658961594104767
7M,500,Frequency,11,0.24528361856937408
7M,500,Frequency,12,0.24391156435012817
7M,500,Frequency,13,0.24160921573638916
7M,500,Frequency,14,0.24093247950077057
7M,500,Frequency,15,0.23987962305545807
7M,500,Frequency,16,0.2392158806324005
7M,500,Frequency,17,0.2374839037656784
7M,500,Frequency,18,0.23623451590538025
7M,500,Frequency,19,0.2368762046098709
7M,500,Frequency,20,0.2352619618177414
7M,500,Frequency,21,0.23476266860961914
7M,500,Frequency,22,0.23392783105373383
7M,500,Frequency,23,0.23306313157081604
7M,500,Frequency,24,0.23419912159442902
7M,500,Frequency,25,0.23265011608600616
7M,500,Frequency,26,0.2324361652135849
7M,500,Frequency,27,0.23218846321105957
7M,500,Frequency,28,0.23077411949634552
7M,500,Frequency,29,0.2312648743391037
7M,500,Frequency,30,0.23100696504116058
7M,500,Frequency,31,0.2288859486579895
7M,500,Frequency,32,0.22994275391101837
7M,500,Frequency,33,0.2295714169740677
7M,500,Frequency,34,0.22863805294036865
7M,500,Frequency,35,0.22817446291446686
7M,500,Frequency,36,0.22788375616073608
7M,500,Frequency,37,0.22718298435211182
7M,500,Frequency,38,0.22721444070339203
7M,500,Frequency,39,0.22653277218341827
7M,500,Frequency,40,0.22651678323745728
7M,500,Frequency,41,0.22635076940059662
7M,500,Frequency,42,0.2262798696756363
7M,500,Frequency,43,0.2257848083972931
7M,500,Frequency,44,0.2262079417705536
7M,500,Random,0,0.23998653888702393
7M,500,Random,1,0.24095849692821503
7M,500,Random,2,0.23948872089385986
7M,500,Random,3,0.2404329925775528
7M,500,Random,4,0.23986385762691498
7M,500,Random,5,0.24034519493579865
7M,500,Random,6,0.24064017832279205
7M,500,Random,7,0.2416401207447052
7M,500,Random,8,0.23897069692611694
7M,500,Random,9,0.2403610348701477
7M,500,Random,10,0.2412046641111374
7M,500,Random,11,0.24008387327194214
7M,500,Random,12,0.23947711288928986
7M,500,Random,13,0.24071617424488068
7M,500,Random,14,0.23953939974308014
7M,500,Random,15,0.24019715189933777
7M,500,Random,16,0.24177856743335724
7M,500,Random,17,0.24067413806915283
7M,500,Random,18,0.2413119673728943
7M,500,Random,19,0.2406405359506607
7M,500,Random,20,0.2409767508506775
7M,500,Random,21,0.24157799780368805
7M,500,Random,22,0.2399781495332718
7M,500,Random,23,0.24012410640716553
7M,500,Random,24,0.2407977133989334
7M,500,Random,25,0.23953640460968018
7M,500,Random,26,0.24022766947746277
7M,500,Random,27,0.24049842357635498
7M,500,Random,28,0.24061943590641022
7M,500,Random,29,0.24003715813159943
7M,500,Random,30,0.24107690155506134
7M,500,Random,31,0.23992803692817688
7M,500,Random,32,0.24099916219711304
7M,500,Random,33,0.24105311930179596
7M,500,Random,34,0.24077598750591278
7M,500,Random,35,0.2403213530778885
7M,500,Random,36,0.24020764231681824
7M,500,Random,37,0.239719420671463
7M,500,Random,38,0.2401869297027588
7M,500,Random,39,0.2408328354358673
7M,500,Random,40,0.24016320705413818
7M,500,Random,41,0.24063095450401306
7M,500,Random,42,0.23979976773262024
7M,500,Random,43,0.2403048872947693
7M,500,Random,44,0.23986192047595978
7M,500,Stat,Mean,0.23868277668952942
7M,500,Stat,Std,0.02398054115474224
7M,500,Stat,Max,0.477412611246109
7M,1000,Frequency,0,0.36574071645736694
7M,1000,Frequency,1,0.3278381824493408
7M,1000,Frequency,2,0.3152325451374054
7M,1000,Frequency,3,0.3074644207954407
7M,1000,Frequency,4,0.2975206673145294
7M,1000,Frequency,5,0.29420703649520874
7M,1000,Frequency,6,0.2864152193069458
7M,1000,Frequency,7,0.2824094295501709
7M,1000,Frequency,8,0.2785743474960327
7M,1000,Frequency,9,0.2747304141521454
7M,1000,Frequency,10,0.27108776569366455
7M,1000,Frequency,11,0.2687564790248871
7M,1000,Frequency,12,0.26541852951049805
7M,1000,Frequency,13,0.2620852291584015
7M,1000,Frequency,14,0.25928571820259094
7M,1000,Frequency,15,0.25838011503219604
7M,1000,Frequency,16,0.2563779354095459
7M,1000,Frequency,17,0.253467321395874
7M,1000,Frequency,18,0.2511773705482483
7M,1000,Frequency,19,0.25098341703414917
7M,1000,Frequency,20,0.24869376420974731
7M,1000,Frequency,21,0.2471780627965927
7M,1000,Frequency,22,0.24622175097465515
7M,1000,Frequency,23,0.24449610710144043
7M,1000,Frequency,24,0.24414068460464478
7M,1000,Frequency,25,0.24230241775512695
7M,1000,Frequency,26,0.24100930988788605
7M,1000,Frequency,27,0.24029693007469177
7M,1000,Frequency,28,0.23784975707530975
7M,1000,Frequency,29,0.23795893788337708
7M,1000,Frequency,30,0.23722350597381592
7M,1000,Frequency,31,0.23475036025047302
7M,1000,Frequency,32,0.2348378747701645
7M,1000,Frequency,33,0.2338879108428955
7M,1000,Frequency,34,0.2319743037223816
7M,1000,Frequency,35,0.23137883841991425
7M,1000,Frequency,36,0.23060369491577148
7M,1000,Frequency,37,0.22909706830978394
7M,1000,Frequency,38,0.22875533998012543
7M,1000,Frequency,39,0.22746075689792633
7M,1000,Frequency,40,0.22711670398712158
7M,1000,Frequency,41,0.22673779726028442
7M,1000,Frequency,42,0.22644846141338348
7M,1000,Frequency,43,0.22595202922821045
7M,1000,Frequency,44,0.22632211446762085
7M,1000,Random,0,0.2559482753276825
7M,1000,Random,1,0.257064551115036
7M,1000,Random,2,0.25455060601234436
7M,1000,Random,3,0.2575867176055908
7M,1000,Random,4,0.2546710968017578
7M,1000,Random,5,0.25571227073669434
7M,1000,Random,6,0.25667014718055725
7M,1000,Random,7,0.2581188678741455
7M,1000,Random,8,0.2538265585899353
7M,1000,Random,9,0.2561110556125641
7M,1000,Random,10,0.25797030329704285
7M,1000,Random,11,0.2558055520057678
7M,1000,Random,12,0.25481465458869934
7M,1000,Random,13,0.25675711035728455
7M,1000,Random,14,0.2544925808906555
7M,1000,Random,15,0.25646883249282837
7M,1000,Random,16,0.257440447807312
7M,1000,Random,17,0.25748199224472046
7M,1000,Random,18,0.2572614848613739
7M,1000,Random,19,0.25719499588012695
7M,1000,Random,20,0.25695642828941345
7M,1000,Random,21,0.2574056386947632
7M,1000,Random,22,0.25554990768432617
7M,1000,Random,23,0.25598621368408203
7M,1000,Random,24,0.25670772790908813
7M,1000,Random,25,0.25420936942100525
7M,1000,Random,26,0.2563017010688782
7M,1000,Random,27,0.2563774585723877
7M,1000,Random,28,0.2573779821395874
7M,1000,Random,29,0.2554071545600891
7M,1000,Random,30,0.2569895386695862
7M,1000,Random,31,0.2547800838947296
7M,1000,Random,32,0.25726252794265747
7M,1000,Random,33,0.25747552514076233
7M,1000,Random,34,0.2572321593761444
7M,1000,Random,35,0.2560904622077942
7M,1000,Random,36,0.25596514344215393
7M,1000,Random,37,0.25524571537971497
7M,1000,Random,38,0.2557482123374939
7M,1000,Random,39,0.25688299536705017
7M,1000,Random,40,0.2560015320777893
7M,1000,Random,41,0.25633054971694946
7M,1000,Random,42,0.25576820969581604
7M,1000,Random,43,0.25663283467292786
7M,1000,Random,44,0.2540009021759033
7M,1000,Stat,Mean,0.25264042615890503
7M,1000,Stat,Std,0.03808566927909851
7M,1000,Stat,Max,0.660502552986145
7M,29000,Frequency,0,1.1675564050674438
7M,29000,Frequency,1,1.1480584144592285
7M,29000,Frequency,2,1.1342395544052124
7M,29000,Frequency,3,1.10486900806427
7M,29000,Frequency,4,1.0651724338531494
7M,29000,Frequency,5,1.0505284070968628
7M,29000,Frequency,6,1.0179085731506348
7M,29000,Frequency,7,0.9897595047950745
7M,29000,Frequency,8,0.9576890468597412
7M,29000,Frequency,9,0.9318493604660034
7M,29000,Frequency,10,0.9044398665428162
7M,29000,Frequency,11,0.8842064738273621
7M,29000,Frequency,12,0.8556881546974182
7M,29000,Frequency,13,0.8323166370391846
7M,29000,Frequency,14,0.7990869879722595
7M,29000,Frequency,15,0.7928131222724915
7M,29000,Frequency,16,0.7701483964920044
7M,29000,Frequency,17,0.751254141330719
7M,29000,Frequency,18,0.7236889004707336
7M,29000,Frequency,19,0.7152044773101807
7M,29000,Frequency,20,0.6947348713874817
7M,29000,Frequency,21,0.6659924387931824
7M,29000,Frequency,22,0.6666061282157898
7M,29000,Frequency,23,0.6425260305404663
7M,29000,Frequency,24,0.6250292062759399
7M,29000,Frequency,25,0.6080776453018188
7M,29000,Frequency,26,0.5934049487113953
7M,29000,Frequency,27,0.5807293057441711
7M,29000,Frequency,28,0.5624133348464966
7M,29000,Frequency,29,0.5479667782783508
7M,29000,Frequency,30,0.5308887958526611
7M,29000,Frequency,31,0.5075606107711792
7M,29000,Frequency,32,0.49312824010849
7M,29000,Frequency,33,0.4669887125492096
7M,29000,Frequency,34,0.4488893449306488
7M,29000,Frequency,35,0.4243958592414856
7M,29000,Frequency,36,0.401925653219223
7M,29000,Frequency,37,0.3690090477466583
7M,29000,Frequency,38,0.34515613317489624
7M,29000,Frequency,39,0.31148186326026917
7M,29000,Frequency,40,0.28322404623031616
7M,29000,Frequency,41,0.26281434297561646
7M,29000,Frequency,42,0.2462032586336136
7M,29000,Frequency,43,0.23455241322517395
7M,29000,Frequency,44,0.23199142515659332
7M,29000,Random,0,0.6863816380500793
7M,29000,Random,1,0.6787287592887878
7M,29000,Random,2,0.6745272278785706
7M,29000,Random,3,0.7005473375320435
7M,29000,Random,4,0.6569390296936035
7M,29000,Random,5,0.6759316921234131
7M,29000,Random,6,0.689203143119812
7M,29000,Random,7,0.6818798184394836
7M,29000,Random,8,0.6625548601150513
7M,29000,Random,9,0.6793203353881836
7M,29000,Random,10,0.6863047480583191
7M,29000,Random,11,0.6776109337806702
7M,29000,Random,12,0.6712445616722107
7M,29000,Random,13,0.6790881752967834
7M,29000,Random,14,0.6803203225135803
7M,29000,Random,15,0.6776742935180664
7M,29000,Random,16,0.6748596429824829
7M,29000,Random,17,0.6861062049865723
7M,29000,Random,18,0.6966550946235657
7M,29000,Random,19,0.6997444033622742
7M,29000,Random,20,0.6872358322143555
7M,29000,Random,21,0.6805095076560974
7M,29000,Random,22,0.679293155670166
7M,29000,Random,23,0.6924318671226501
7M,29000,Random,24,0.6769850850105286
7M,29000,Random,25,0.66668301820755
7M,29000,Random,26,0.6840748190879822
7M,29000,Random,27,0.6771307587623596
7M,29000,Random,28,0.6865869164466858
7M,29000,Random,29,0.6776900887489319
7M,29000,Random,30,0.6908884048461914
7M,29000,Random,31,0.6750152707099915
7M,29000,Random,32,0.688644528388977
7M,29000,Random,33,0.686286449432373
7M,29000,Random,34,0.6894829273223877
7M,29000,Random,35,0.6849977970123291
7M,29000,Random,36,0.685958981513977
7M,29000,Random,37,0.678918719291687
7M,29000,Random,38,0.6805922985076904
7M,29000,Random,39,0.6901818513870239
7M,29000,Random,40,0.676018238067627
7M,29000,Random,41,0.6792546510696411
7M,29000,Random,42,0.672194242477417
7M,29000,Random,43,0.6968868374824524
7M,29000,Random,44,0.6762197613716125
7M,29000,Stat,Mean,0.6272760629653931
7M,29000,Stat,Std,0.31611454486846924
7M,29000,Stat,Max,2.1032233238220215
