Model,Step,Method,Bin_ID,Feature_Value
124M,23000,Global,-1,303.1508483886719
124M,23000,Frequency,0,2.381438732147217
124M,23000,Frequency,1,2.2982006072998047
124M,23000,Frequency,2,2.2178852558135986
124M,23000,Frequency,3,2.1448557376861572
124M,23000,Frequency,4,2.071800947189331
124M,23000,Frequency,5,2.008706569671631
124M,23000,Frequency,6,1.942885160446167
124M,23000,Frequency,7,1.8810391426086426
124M,23000,Frequency,8,1.8202943801879883
124M,23000,Frequency,9,1.7647087574005127
124M,23000,Frequency,10,1.7174710035324097
124M,23000,Frequency,11,1.6743061542510986
124M,23000,Frequency,12,1.6164077520370483
124M,23000,Frequency,13,1.5750312805175781
124M,23000,Frequency,14,1.5196410417556763
124M,23000,Frequency,15,1.5034198760986328
124M,23000,Frequency,16,1.46225905418396
124M,23000,Frequency,17,1.4282636642456055
124M,23000,Frequency,18,1.3780051469802856
124M,23000,Frequency,19,1.36661696434021
124M,23000,Frequency,20,1.3289660215377808
124M,23000,Frequency,21,1.2809231281280518
124M,23000,Frequency,22,1.277466058731079
124M,23000,Frequency,23,1.2376855611801147
124M,23000,Frequency,24,1.2056273221969604
124M,23000,Frequency,25,1.1807825565338135
124M,23000,Frequency,26,1.1566269397735596
124M,23000,Frequency,27,1.128522515296936
124M,23000,Frequency,28,1.103602647781372
124M,23000,Frequency,29,1.0724018812179565
124M,23000,Frequency,30,1.0454702377319336
124M,23000,Frequency,31,1.0068532228469849
124M,23000,Frequency,32,0.9872974753379822
124M,23000,Frequency,33,0.9406107068061829
124M,23000,Frequency,34,0.9082448482513428
124M,23000,Frequency,35,0.8704374432563782
124M,23000,Frequency,36,0.8323317170143127
124M,23000,Frequency,37,0.7820638418197632
124M,23000,Frequency,38,0.7433925271034241
124M,23000,Frequency,39,0.6901519894599915
124M,23000,Frequency,40,0.649134635925293
124M,23000,Frequency,41,0.6147043108940125
124M,23000,Frequency,42,0.5903156995773315
124M,23000,Frequency,43,0.5723751187324524
124M,23000,Frequency,44,0.5685052275657654
124M,23000,Random,0,1.3245731592178345
124M,23000,Random,1,1.3650575876235962
124M,23000,Random,2,1.3546072244644165
124M,23000,Random,3,1.3201953172683716
124M,23000,Random,4,1.34049391746521
124M,23000,Random,5,1.3137351274490356
124M,23000,Random,6,1.3230860233306885
124M,23000,Random,7,1.3340202569961548
124M,23000,Random,8,1.3525527715682983
124M,23000,Random,9,1.3465889692306519
124M,23000,Random,10,1.354361891746521
124M,23000,Random,11,1.3390350341796875
124M,23000,Random,12,1.3307193517684937
124M,23000,Random,13,1.3502260446548462
124M,23000,Random,14,1.331902265548706
124M,23000,Random,15,1.3450521230697632
124M,23000,Random,16,1.3213237524032593
124M,23000,Random,17,1.3377116918563843
124M,23000,Random,18,1.325500249862671
124M,23000,Random,19,1.3293207883834839
124M,23000,Random,20,1.3225144147872925
124M,23000,Random,21,1.3085980415344238
124M,23000,Random,22,1.3097251653671265
124M,23000,Random,23,1.3298369646072388
124M,23000,Random,24,1.3232653141021729
124M,23000,Random,25,1.3195478916168213
124M,23000,Random,26,1.3641252517700195
124M,23000,Random,27,1.336753487586975
124M,23000,Random,28,1.3520939350128174
124M,23000,Random,29,1.36275053024292
124M,23000,Random,30,1.3166345357894897
124M,23000,Random,31,1.3509032726287842
124M,23000,Random,32,1.332299828529358
124M,23000,Random,33,1.319809079170227
124M,23000,Random,34,1.3014886379241943
124M,23000,Random,35,1.3109560012817383
124M,23000,Random,36,1.3591214418411255
124M,23000,Random,37,1.3502236604690552
124M,23000,Random,38,1.3380787372589111
124M,23000,Random,39,1.3458709716796875
124M,23000,Random,40,1.3360871076583862
124M,23000,Random,41,1.3825877904891968
124M,23000,Random,42,1.3370765447616577
124M,23000,Random,43,1.3456357717514038
124M,23000,Random,44,1.3041563034057617
124M,23500,Global,-1,305.9364013671875
124M,23500,Frequency,0,2.4038567543029785
124M,23500,Frequency,1,2.3220455646514893
124M,23500,Frequency,2,2.240274667739868
124M,23500,Frequency,3,2.166285753250122
124M,23500,Frequency,4,2.092378854751587
124M,23500,Frequency,5,2.0289313793182373
124M,23500,Frequency,6,1.9631325006484985
124M,23500,Frequency,7,1.9001929759979248
124M,23500,Frequency,8,1.838665246963501
124M,23500,Frequency,9,1.782015323638916
124M,23500,Frequency,10,1.7345441579818726
124M,23500,Frequency,11,1.6914751529693604
124M,23500,Frequency,12,1.6318955421447754
124M,23500,Frequency,13,1.5904124975204468
124M,23500,Frequency,14,1.5339710712432861
124M,23500,Frequency,15,1.517886757850647
124M,23500,Frequency,16,1.4760127067565918
124M,23500,Frequency,17,1.4414706230163574
124M,23500,Frequency,18,1.3901772499084473
124M,23500,Frequency,19,1.3790251016616821
124M,23500,Frequency,20,1.3410080671310425
124M,23500,Frequency,21,1.2931371927261353
124M,23500,Frequency,22,1.289562702178955
124M,23500,Frequency,23,1.2489131689071655
124M,23500,Frequency,24,1.216795563697815
124M,23500,Frequency,25,1.1910685300827026
124M,23500,Frequency,26,1.1668424606323242
124M,23500,Frequency,27,1.1386401653289795
124M,23500,Frequency,28,1.112493872642517
124M,23500,Frequency,29,1.0812804698944092
124M,23500,Frequency,30,1.054245948791504
124M,23500,Frequency,31,1.0148876905441284
124M,23500,Frequency,32,0.9947909116744995
124M,23500,Frequency,33,0.9474033713340759
124M,23500,Frequency,34,0.9142782688140869
124M,23500,Frequency,35,0.8763031363487244
124M,23500,Frequency,36,0.8375685811042786
124M,23500,Frequency,37,0.7862601280212402
124M,23500,Frequency,38,0.747366189956665
124M,23500,Frequency,39,0.6928830146789551
124M,23500,Frequency,40,0.650908350944519
124M,23500,Frequency,41,0.6158981919288635
124M,23500,Frequency,42,0.5910547375679016
124M,23500,Frequency,43,0.5726907849311829
124M,23500,Frequency,44,0.5685963034629822
124M,23500,Random,0,1.3368620872497559
124M,23500,Random,1,1.3769545555114746
124M,23500,Random,2,1.3675200939178467
124M,23500,Random,3,1.3318333625793457
124M,23500,Random,4,1.3520448207855225
124M,23500,Random,5,1.3253514766693115
124M,23500,Random,6,1.3346166610717773
124M,23500,Random,7,1.3453432321548462
124M,23500,Random,8,1.3649896383285522
124M,23500,Random,9,1.3582594394683838
124M,23500,Random,10,1.3669540882110596
124M,23500,Random,11,1.35096275806427
124M,23500,Random,12,1.3426364660263062
124M,23500,Random,13,1.3617582321166992
124M,23500,Random,14,1.3437721729278564
124M,23500,Random,15,1.3569366931915283
124M,23500,Random,16,1.3332481384277344
124M,23500,Random,17,1.3495439291000366
124M,23500,Random,18,1.3375325202941895
124M,23500,Random,19,1.3417967557907104
124M,23500,Random,20,1.3341535329818726
124M,23500,Random,21,1.3200185298919678
124M,23500,Random,22,1.3211758136749268
124M,23500,Random,23,1.340987205505371
124M,23500,Random,24,1.33488929271698
124M,23500,Random,25,1.3315014839172363
124M,23500,Random,26,1.3756133317947388
124M,23500,Random,27,1.3490204811096191
124M,23500,Random,28,1.3633716106414795
124M,23500,Random,29,1.3754687309265137
124M,23500,Random,30,1.3282610177993774
124M,23500,Random,31,1.3625874519348145
124M,23500,Random,32,1.343724012374878
124M,23500,Random,33,1.3312245607376099
124M,23500,Random,34,1.312058925628662
124M,23500,Random,35,1.3221983909606934
124M,23500,Random,36,1.3705778121948242
124M,23500,Random,37,1.3621468544006348
124M,23500,Random,38,1.349737524986267
124M,23500,Random,39,1.3576843738555908
124M,23500,Random,40,1.3478806018829346
124M,23500,Random,41,1.39491605758667
124M,23500,Random,42,1.3486757278442383
124M,23500,Random,43,1.3579579591751099
124M,23500,Random,44,1.3163245916366577
124M,24000,Global,-1,308.690185546875
124M,24000,Frequency,0,2.4267501831054688
124M,24000,Frequency,1,2.3439385890960693
124M,24000,Frequency,2,2.263186454772949
124M,24000,Frequency,3,2.1878623962402344
124M,24000,Frequency,4,2.1134250164031982
124M,24000,Frequency,5,2.050025463104248
124M,24000,Frequency,6,1.9822262525558472
124M,24000,Frequency,7,1.9181879758834839
124M,24000,Frequency,8,1.856833815574646
124M,24000,Frequency,9,1.7995680570602417
124M,24000,Frequency,10,1.7518965005874634
124M,24000,Frequency,11,1.7078745365142822
124M,24000,Frequency,12,1.647843837738037
124M,24000,Frequency,13,1.6055662631988525
124M,24000,Frequency,14,1.5483214855194092
124M,24000,Frequency,15,1.5323331356048584
124M,24000,Frequency,16,1.4896690845489502
124M,24000,Frequency,17,1.4551538228988647
124M,24000,Frequency,18,1.4033405780792236
124M,24000,Frequency,19,1.3904613256454468
124M,24000,Frequency,20,1.353055715560913
124M,24000,Frequency,21,1.3047568798065186
124M,24000,Frequency,22,1.3006752729415894
124M,24000,Frequency,23,1.2597240209579468
124M,24000,Frequency,24,1.227484941482544
124M,24000,Frequency,25,1.2012312412261963
124M,24000,Frequency,26,1.1767613887786865
124M,24000,Frequency,27,1.1479922533035278
124M,24000,Frequency,28,1.1217564344406128
124M,24000,Frequency,29,1.0897935628890991
124M,24000,Frequency,30,1.062880039215088
124M,24000,Frequency,31,1.0225415229797363
124M,24000,Frequency,32,1.0021370649337769
124M,24000,Frequency,33,0.9543799161911011
124M,24000,Frequency,34,0.9207957983016968
124M,24000,Frequency,35,0.882247805595398
124M,24000,Frequency,36,0.8428486585617065
124M,24000,Frequency,37,0.7902514934539795
124M,24000,Frequency,38,0.7513221502304077
124M,24000,Frequency,39,0.6957021355628967
124M,24000,Frequency,40,0.6531128883361816
124M,24000,Frequency,41,0.61723393201828
124M,24000,Frequency,42,0.5919182300567627
124M,24000,Frequency,43,0.5729973316192627
124M,24000,Frequency,44,0.5688658952713013
124M,24000,Random,0,1.348584771156311
124M,24000,Random,1,1.3888593912124634
124M,24000,Random,2,1.3792943954467773
124M,24000,Random,3,1.3429301977157593
124M,24000,Random,4,1.363256812095642
124M,24000,Random,5,1.336923599243164
124M,24000,Random,6,1.3460091352462769
124M,24000,Random,7,1.3566758632659912
124M,24000,Random,8,1.3767250776290894
124M,24000,Random,9,1.370481252670288
124M,24000,Random,10,1.3789416551589966
124M,24000,Random,11,1.3630565404891968
124M,24000,Random,12,1.3534940481185913
124M,24000,Random,13,1.3736525774002075
124M,24000,Random,14,1.3545969724655151
124M,24000,Random,15,1.368403434753418
124M,24000,Random,16,1.3442342281341553
124M,24000,Random,17,1.361204981803894
124M,24000,Random,18,1.348920464515686
124M,24000,Random,19,1.3534572124481201
124M,24000,Random,20,1.346172571182251
124M,24000,Random,21,1.3317036628723145
124M,24000,Random,22,1.3334009647369385
124M,24000,Random,23,1.3529977798461914
124M,24000,Random,24,1.346771240234375
124M,24000,Random,25,1.3423030376434326
124M,24000,Random,26,1.3882099390029907
124M,24000,Random,27,1.3608726263046265
124M,24000,Random,28,1.3751556873321533
124M,24000,Random,29,1.3876292705535889
124M,24000,Random,30,1.3401991128921509
124M,24000,Random,31,1.3746551275253296
124M,24000,Random,32,1.3555395603179932
124M,24000,Random,33,1.3428422212600708
124M,24000,Random,34,1.3232619762420654
124M,24000,Random,35,1.3337008953094482
124M,24000,Random,36,1.3825677633285522
124M,24000,Random,37,1.3739209175109863
124M,24000,Random,38,1.3615236282348633
124M,24000,Random,39,1.369206428527832
124M,24000,Random,40,1.3592151403427124
124M,24000,Random,41,1.4074634313583374
124M,24000,Random,42,1.3605901002883911
124M,24000,Random,43,1.369422435760498
124M,24000,Random,44,1.3280528783798218
124M,24500,Global,-1,311.4551086425781
124M,24500,Frequency,0,2.4495959281921387
124M,24500,Frequency,1,2.36700701713562
124M,24500,Frequency,2,2.284430980682373
124M,24500,Frequency,3,2.2094521522521973
124M,24500,Frequency,4,2.133235454559326
124M,24500,Frequency,5,2.0703113079071045
124M,24500,Frequency,6,2.0026867389678955
124M,24500,Frequency,7,1.937504529953003
124M,24500,Frequency,8,1.8748242855072021
124M,24500,Frequency,9,1.8164522647857666
124M,24500,Frequency,10,1.7681609392166138
124M,24500,Frequency,11,1.7236993312835693
124M,24500,Frequency,12,1.6637872457504272
124M,24500,Frequency,13,1.620553970336914
124M,24500,Frequency,14,1.5626128911972046
124M,24500,Frequency,15,1.546741008758545
124M,24500,Frequency,16,1.504123330116272
124M,24500,Frequency,17,1.46882164478302
124M,24500,Frequency,18,1.416383147239685
124M,24500,Frequency,19,1.4033839702606201
124M,24500,Frequency,20,1.365173101425171
124M,24500,Frequency,21,1.3160053491592407
124M,24500,Frequency,22,1.3127187490463257
124M,24500,Frequency,23,1.2704756259918213
124M,24500,Frequency,24,1.2387937307357788
124M,24500,Frequency,25,1.211154580116272
124M,24500,Frequency,26,1.186680555343628
124M,24500,Frequency,27,1.1569538116455078
124M,24500,Frequency,28,1.1308085918426514
124M,24500,Frequency,29,1.098475456237793
124M,24500,Frequency,30,1.071502923965454
124M,24500,Frequency,31,1.0301263332366943
124M,24500,Frequency,32,1.0096858739852905
124M,24500,Frequency,33,0.9618000388145447
124M,24500,Frequency,34,0.9272944331169128
124M,24500,Frequency,35,0.8884263634681702
124M,24500,Frequency,36,0.848353385925293
124M,24500,Frequency,37,0.7948810458183289
124M,24500,Frequency,38,0.7551253437995911
124M,24500,Frequency,39,0.69870525598526
124M,24500,Frequency,40,0.655449390411377
124M,24500,Frequency,41,0.6188911199569702
124M,24500,Frequency,42,0.5927954316139221
124M,24500,Frequency,43,0.573348343372345
124M,24500,Frequency,44,0.5691440105438232
124M,24500,Random,0,1.359245777130127
124M,24500,Random,1,1.4004660844802856
124M,24500,Random,2,1.3912441730499268
124M,24500,Random,3,1.3541556596755981
124M,24500,Random,4,1.3750338554382324
124M,24500,Random,5,1.3482866287231445
124M,24500,Random,6,1.3575679063796997
124M,24500,Random,7,1.3693543672561646
124M,24500,Random,8,1.3887971639633179
124M,24500,Random,9,1.3826168775558472
124M,24500,Random,10,1.3907078504562378
124M,24500,Random,11,1.3759546279907227
124M,24500,Random,12,1.3655550479888916
124M,24500,Random,13,1.385721206665039
124M,24500,Random,14,1.3665883541107178
124M,24500,Random,15,1.3803284168243408
124M,24500,Random,16,1.3556015491485596
124M,24500,Random,17,1.3736716508865356
124M,24500,Random,18,1.3605775833129883
124M,24500,Random,19,1.3651896715164185
124M,24500,Random,20,1.3576420545578003
124M,24500,Random,21,1.3436964750289917
124M,24500,Random,22,1.344659686088562
124M,24500,Random,23,1.3645284175872803
124M,24500,Random,24,1.3575388193130493
124M,24500,Random,25,1.353080153465271
124M,24500,Random,26,1.401222586631775
124M,24500,Random,27,1.3726096153259277
124M,24500,Random,28,1.3867771625518799
124M,24500,Random,29,1.3993897438049316
124M,24500,Random,30,1.3527419567108154
124M,24500,Random,31,1.3866654634475708
124M,24500,Random,32,1.3663878440856934
124M,24500,Random,33,1.3541079759597778
124M,24500,Random,34,1.3342348337173462
124M,24500,Random,35,1.3451842069625854
124M,24500,Random,36,1.3943264484405518
124M,24500,Random,37,1.385439157485962
124M,24500,Random,38,1.3730578422546387
124M,24500,Random,39,1.3809254169464111
124M,24500,Random,40,1.3707319498062134
124M,24500,Random,41,1.4202780723571777
124M,24500,Random,42,1.3725528717041016
124M,24500,Random,43,1.3814493417739868
124M,24500,Random,44,1.3382229804992676
124M,25000,Global,-1,314.16357421875
124M,25000,Frequency,0,2.4706037044525146
124M,25000,Frequency,1,2.3895394802093506
124M,25000,Frequency,2,2.3056180477142334
124M,25000,Frequency,3,2.2317636013031006
124M,25000,Frequency,4,2.1534862518310547
124M,25000,Frequency,5,2.0900068283081055
124M,25000,Frequency,6,2.0210719108581543
124M,25000,Frequency,7,1.9558274745941162
124M,25000,Frequency,8,1.8928521871566772
124M,25000,Frequency,9,1.8340198993682861
124M,25000,Frequency,10,1.784008264541626
124M,25000,Frequency,11,1.7389471530914307
124M,25000,Frequency,12,1.6790508031845093
124M,25000,Frequency,13,1.6362115144729614
124M,25000,Frequency,14,1.5763733386993408
124M,25000,Frequency,15,1.5608983039855957
124M,25000,Frequency,16,1.517764925956726
124M,25000,Frequency,17,1.4816913604736328
124M,25000,Frequency,18,1.4290413856506348
124M,25000,Frequency,19,1.4159172773361206
124M,25000,Frequency,20,1.3776006698608398
124M,25000,Frequency,21,1.3278272151947021
124M,25000,Frequency,22,1.3234978914260864
124M,25000,Frequency,23,1.281625747680664
124M,25000,Frequency,24,1.249448299407959
124M,25000,Frequency,25,1.2215371131896973
124M,25000,Frequency,26,1.1964237689971924
124M,25000,Frequency,27,1.1664340496063232
124M,25000,Frequency,28,1.1398793458938599
124M,25000,Frequency,29,1.1070032119750977
124M,25000,Frequency,30,1.0805310010910034
124M,25000,Frequency,31,1.0377156734466553
124M,25000,Frequency,32,1.0168488025665283
124M,25000,Frequency,33,0.9686405658721924
124M,25000,Frequency,34,0.9338982701301575
124M,25000,Frequency,35,0.893541693687439
124M,25000,Frequency,36,0.8528746962547302
124M,25000,Frequency,37,0.7996405959129333
124M,25000,Frequency,38,0.7589738965034485
124M,25000,Frequency,39,0.7014932632446289
124M,25000,Frequency,40,0.6574733853340149
124M,25000,Frequency,41,0.620445191860199
124M,25000,Frequency,42,0.5936951637268066
124M,25000,Frequency,43,0.5737981200218201
124M,25000,Frequency,44,0.5694180130958557
124M,25000,Random,0,1.3710638284683228
124M,25000,Random,1,1.41292142868042
124M,25000,Random,2,1.4030649662017822
124M,25000,Random,3,1.365108847618103
124M,25000,Random,4,1.3869673013687134
124M,25000,Random,5,1.3597137928009033
124M,25000,Random,6,1.3692270517349243
124M,25000,Random,7,1.3805817365646362
124M,25000,Random,8,1.3997730016708374
124M,25000,Random,9,1.3940383195877075
124M,25000,Random,10,1.403382420539856
124M,25000,Random,11,1.3877208232879639
124M,25000,Random,12,1.3766288757324219
124M,25000,Random,13,1.3972493410110474
124M,25000,Random,14,1.3781063556671143
124M,25000,Random,15,1.3919140100479126
124M,25000,Random,16,1.3666136264801025
124M,25000,Random,17,1.3848456144332886
124M,25000,Random,18,1.3711286783218384
124M,25000,Random,19,1.375994086265564
124M,25000,Random,20,1.3692200183868408
124M,25000,Random,21,1.3541194200515747
124M,25000,Random,22,1.3557748794555664
124M,25000,Random,23,1.3760713338851929
124M,25000,Random,24,1.3689796924591064
124M,25000,Random,25,1.3644134998321533
124M,25000,Random,26,1.4132790565490723
124M,25000,Random,27,1.384075403213501
124M,25000,Random,28,1.398667335510254
124M,25000,Random,29,1.4116874933242798
124M,25000,Random,30,1.3640682697296143
124M,25000,Random,31,1.3985973596572876
124M,25000,Random,32,1.3779057264328003
124M,25000,Random,33,1.3653671741485596
124M,25000,Random,34,1.344925045967102
124M,25000,Random,35,1.355968713760376
124M,25000,Random,36,1.4056808948516846
124M,25000,Random,37,1.396820306777954
124M,25000,Random,38,1.38466215133667
124M,25000,Random,39,1.3926267623901367
124M,25000,Random,40,1.3826416730880737
124M,25000,Random,41,1.4324896335601807
124M,25000,Random,42,1.3842275142669678
124M,25000,Random,43,1.3928724527359009
124M,25000,Random,44,1.3499666452407837
124M,25500,Global,-1,316.8911437988281
124M,25500,Frequency,0,2.4933207035064697
124M,25500,Frequency,1,2.4118571281433105
124M,25500,Frequency,2,2.326669216156006
124M,25500,Frequency,3,2.252429962158203
124M,25500,Frequency,4,2.173886775970459
124M,25500,Frequency,5,2.1096794605255127
124M,25500,Frequency,6,2.04006290435791
124M,25500,Frequency,7,1.9742581844329834
124M,25500,Frequency,8,1.9103626012802124
124M,25500,Frequency,9,1.8516156673431396
124M,25500,Frequency,10,1.8005073070526123
124M,25500,Frequency,11,1.7543009519577026
124M,25500,Frequency,12,1.69497811794281
124M,25500,Frequency,13,1.6514172554016113
124M,25500,Frequency,14,1.590675711631775
124M,25500,Frequency,15,1.5754655599594116
124M,25500,Frequency,16,1.5317299365997314
124M,25500,Frequency,17,1.4957139492034912
124M,25500,Frequency,18,1.4413385391235352
124M,25500,Frequency,19,1.428030014038086
124M,25500,Frequency,20,1.3892475366592407
124M,25500,Frequency,21,1.3398830890655518
124M,25500,Frequency,22,1.3353896141052246
124M,25500,Frequency,23,1.2925300598144531
124M,25500,Frequency,24,1.2601425647735596
124M,25500,Frequency,25,1.2312877178192139
124M,25500,Frequency,26,1.2062722444534302
124M,25500,Frequency,27,1.1757550239562988
124M,25500,Frequency,28,1.1491644382476807
124M,25500,Frequency,29,1.1153544187545776
124M,25500,Frequency,30,1.088854193687439
124M,25500,Frequency,31,1.0448784828186035
124M,25500,Frequency,32,1.024176836013794
124M,25500,Frequency,33,0.9756126999855042
124M,25500,Frequency,34,0.940525233745575
124M,25500,Frequency,35,0.900114893913269
124M,25500,Frequency,36,0.8578411340713501
124M,25500,Frequency,37,0.8043915033340454
124M,25500,Frequency,38,0.7626088857650757
124M,25500,Frequency,39,0.7051807045936584
124M,25500,Frequency,40,0.6596536636352539
124M,25500,Frequency,41,0.6219995021820068
124M,25500,Frequency,42,0.5945687890052795
124M,25500,Frequency,43,0.5741434693336487
124M,25500,Frequency,44,0.5697923302650452
124M,25500,Random,0,1.3822858333587646
124M,25500,Random,1,1.4246045351028442
124M,25500,Random,2,1.4137877225875854
124M,25500,Random,3,1.376238226890564
124M,25500,Random,4,1.3985391855239868
124M,25500,Random,5,1.3713728189468384
124M,25500,Random,6,1.380345106124878
124M,25500,Random,7,1.39183509349823
124M,25500,Random,8,1.4110974073410034
124M,25500,Random,9,1.4064425230026245
124M,25500,Random,10,1.4156239032745361
124M,25500,Random,11,1.399533748626709
124M,25500,Random,12,1.388678789138794
124M,25500,Random,13,1.4094653129577637
124M,25500,Random,14,1.3890315294265747
124M,25500,Random,15,1.4039641618728638
124M,25500,Random,16,1.3778996467590332
124M,25500,Random,17,1.3963721990585327
124M,25500,Random,18,1.3827919960021973
124M,25500,Random,19,1.3869946002960205
124M,25500,Random,20,1.3802660703659058
124M,25500,Random,21,1.3656224012374878
124M,25500,Random,22,1.3667185306549072
124M,25500,Random,23,1.3878079652786255
124M,25500,Random,24,1.3801932334899902
124M,25500,Random,25,1.3759046792984009
124M,25500,Random,26,1.4251911640167236
124M,25500,Random,27,1.3959599733352661
124M,25500,Random,28,1.41099214553833
124M,25500,Random,29,1.4236915111541748
124M,25500,Random,30,1.3757506608963013
124M,25500,Random,31,1.410349726676941
124M,25500,Random,32,1.3883477449417114
124M,25500,Random,33,1.3764103651046753
124M,25500,Random,34,1.3564906120300293
124M,25500,Random,35,1.3677417039871216
124M,25500,Random,36,1.417489767074585
124M,25500,Random,37,1.408315658569336
124M,25500,Random,38,1.396720290184021
124M,25500,Random,39,1.404744267463684
124M,25500,Random,40,1.3939205408096313
124M,25500,Random,41,1.445265293121338
124M,25500,Random,42,1.3956010341644287
124M,25500,Random,43,1.40446138381958
124M,25500,Random,44,1.3610141277313232
124M,26000,Global,-1,319.5833435058594
124M,26000,Frequency,0,2.5151731967926025
124M,26000,Frequency,1,2.434000253677368
124M,26000,Frequency,2,2.3468692302703857
124M,26000,Frequency,3,2.2735378742218018
124M,26000,Frequency,4,2.1935856342315674
124M,26000,Frequency,5,2.12919282913208
124M,26000,Frequency,6,2.0583608150482178
124M,26000,Frequency,7,1.9925776720046997
124M,26000,Frequency,8,1.9285097122192383
124M,26000,Frequency,9,1.8684664964675903
124M,26000,Frequency,10,1.8168028593063354
124M,26000,Frequency,11,1.7713390588760376
124M,26000,Frequency,12,1.7114330530166626
124M,26000,Frequency,13,1.6662917137145996
124M,26000,Frequency,14,1.6042544841766357
124M,26000,Frequency,15,1.5890904664993286
124M,26000,Frequency,16,1.5453150272369385
124M,26000,Frequency,17,1.5081043243408203
124M,26000,Frequency,18,1.4535975456237793
124M,26000,Frequency,19,1.440872073173523
124M,26000,Frequency,20,1.4017568826675415
124M,26000,Frequency,21,1.3508169651031494
124M,26000,Frequency,22,1.347127914428711
124M,26000,Frequency,23,1.3035175800323486
124M,26000,Frequency,24,1.2702723741531372
124M,26000,Frequency,25,1.241271734237671
124M,26000,Frequency,26,1.2154957056045532
124M,26000,Frequency,27,1.1848645210266113
124M,26000,Frequency,28,1.1582560539245605
124M,26000,Frequency,29,1.1237810850143433
124M,26000,Frequency,30,1.0972416400909424
124M,26000,Frequency,31,1.0527098178863525
124M,26000,Frequency,32,1.0320913791656494
124M,26000,Frequency,33,0.9822416305541992
124M,26000,Frequency,34,0.9466581344604492
124M,26000,Frequency,35,0.9055838584899902
124M,26000,Frequency,36,0.8628782629966736
124M,26000,Frequency,37,0.8084588646888733
124M,26000,Frequency,38,0.7658235430717468
124M,26000,Frequency,39,0.7085543274879456
124M,26000,Frequency,40,0.6615779995918274
124M,26000,Frequency,41,0.623435914516449
124M,26000,Frequency,42,0.5954321026802063
124M,26000,Frequency,43,0.5746119022369385
124M,26000,Frequency,44,0.5701830387115479
124M,26000,Random,0,1.3931844234466553
124M,26000,Random,1,1.4366260766983032
124M,26000,Random,2,1.425750732421875
124M,26000,Random,3,1.3873428106307983
124M,26000,Random,4,1.410122036933899
124M,26000,Random,5,1.3822717666625977
124M,26000,Random,6,1.3920557498931885
124M,26000,Random,7,1.4027879238128662
124M,26000,Random,8,1.4222055673599243
124M,26000,Random,9,1.4179471731185913
124M,26000,Random,10,1.4271411895751953
124M,26000,Random,11,1.4106301069259644
124M,26000,Random,12,1.3995689153671265
124M,26000,Random,13,1.4213138818740845
124M,26000,Random,14,1.4002532958984375
124M,26000,Random,15,1.4152157306671143
124M,26000,Random,16,1.3890578746795654
124M,26000,Random,17,1.4078418016433716
124M,26000,Random,18,1.3938825130462646
124M,26000,Random,19,1.3985306024551392
124M,26000,Random,20,1.3914850950241089
124M,26000,Random,21,1.3765133619308472
124M,26000,Random,22,1.3774222135543823
124M,26000,Random,23,1.3991332054138184
124M,26000,Random,24,1.3911304473876953
124M,26000,Random,25,1.3877371549606323
124M,26000,Random,26,1.437723994255066
124M,26000,Random,27,1.4078638553619385
124M,26000,Random,28,1.4226174354553223
124M,26000,Random,29,1.4361019134521484
124M,26000,Random,30,1.3871577978134155
124M,26000,Random,31,1.4213318824768066
124M,26000,Random,32,1.3999547958374023
124M,26000,Random,33,1.3879857063293457
124M,26000,Random,34,1.3677529096603394
124M,26000,Random,35,1.3787273168563843
124M,26000,Random,36,1.429468035697937
124M,26000,Random,37,1.4184626340866089
124M,26000,Random,38,1.407895565032959
124M,26000,Random,39,1.4161136150360107
124M,26000,Random,40,1.4053821563720703
124M,26000,Random,41,1.457234263420105
124M,26000,Random,42,1.4071420431137085
124M,26000,Random,43,1.4159585237503052
124M,26000,Random,44,1.3726310729980469
124M,26500,Global,-1,322.281005859375
124M,26500,Frequency,0,2.5382401943206787
124M,26500,Frequency,1,2.455380916595459
124M,26500,Frequency,2,2.3682303428649902
124M,26500,Frequency,3,2.2944159507751465
124M,26500,Frequency,4,2.2135891914367676
124M,26500,Frequency,5,2.1477081775665283
124M,26500,Frequency,6,2.077016830444336
124M,26500,Frequency,7,2.0112946033477783
124M,26500,Frequency,8,1.9459139108657837
124M,26500,Frequency,9,1.8853121995925903
124M,26500,Frequency,10,1.8331189155578613
124M,26500,Frequency,11,1.7876033782958984
124M,26500,Frequency,12,1.7266796827316284
124M,26500,Frequency,13,1.6813303232192993
124M,26500,Frequency,14,1.6184970140457153
124M,26500,Frequency,15,1.6026453971862793
124M,26500,Frequency,16,1.5591318607330322
124M,26500,Frequency,17,1.5211280584335327
124M,26500,Frequency,18,1.4665876626968384
124M,26500,Frequency,19,1.453240990638733
124M,26500,Frequency,20,1.4137197732925415
124M,26500,Frequency,21,1.3625963926315308
124M,26500,Frequency,22,1.358060359954834
124M,26500,Frequency,23,1.3138213157653809
124M,26500,Frequency,24,1.2807600498199463
124M,26500,Frequency,25,1.251551866531372
124M,26500,Frequency,26,1.22450852394104
124M,26500,Frequency,27,1.1939448118209839
124M,26500,Frequency,28,1.167534351348877
124M,26500,Frequency,29,1.1324161291122437
124M,26500,Frequency,30,1.1050657033920288
124M,26500,Frequency,31,1.0602518320083618
124M,26500,Frequency,32,1.0395857095718384
124M,26500,Frequency,33,0.9883834719657898
124M,26500,Frequency,34,0.9527395963668823
124M,26500,Frequency,35,0.9120221734046936
124M,26500,Frequency,36,0.8676450252532959
124M,26500,Frequency,37,0.8130386471748352
124M,26500,Frequency,38,0.7694460153579712
124M,26500,Frequency,39,0.7115297913551331
124M,26500,Frequency,40,0.6636698842048645
124M,26500,Frequency,41,0.6247958540916443
124M,26500,Frequency,42,0.5963560938835144
124M,26500,Frequency,43,0.5749877095222473
124M,26500,Frequency,44,0.5704572200775146
124M,26500,Random,0,1.4047194719314575
124M,26500,Random,1,1.448056697845459
124M,26500,Random,2,1.4371393918991089
124M,26500,Random,3,1.398196816444397
124M,26500,Random,4,1.4216527938842773
124M,26500,Random,5,1.3931410312652588
124M,26500,Random,6,1.4031482934951782
124M,26500,Random,7,1.4144762754440308
124M,26500,Random,8,1.4341332912445068
124M,26500,Random,9,1.4295034408569336
124M,26500,Random,10,1.4386616945266724
124M,26500,Random,11,1.421640157699585
124M,26500,Random,12,1.4111024141311646
124M,26500,Random,13,1.4325053691864014
124M,26500,Random,14,1.4116601943969727
124M,26500,Random,15,1.4268194437026978
124M,26500,Random,16,1.4005615711212158
124M,26500,Random,17,1.4189770221710205
124M,26500,Random,18,1.4049750566482544
124M,26500,Random,19,1.4104775190353394
124M,26500,Random,20,1.403090238571167
124M,26500,Random,21,1.3877167701721191
124M,26500,Random,22,1.387879729270935
124M,26500,Random,23,1.4100124835968018
124M,26500,Random,24,1.402501106262207
124M,26500,Random,25,1.3986912965774536
124M,26500,Random,26,1.4501873254776
124M,26500,Random,27,1.419113278388977
124M,26500,Random,28,1.4340466260910034
124M,26500,Random,29,1.447932243347168
124M,26500,Random,30,1.39872145652771
124M,26500,Random,31,1.432826280593872
124M,26500,Random,32,1.4111275672912598
124M,26500,Random,33,1.3990395069122314
124M,26500,Random,34,1.37912118434906
124M,26500,Random,35,1.3897590637207031
124M,26500,Random,36,1.4418420791625977
124M,26500,Random,37,1.43009614944458
124M,26500,Random,38,1.4188042879104614
124M,26500,Random,39,1.427559733390808
124M,26500,Random,40,1.4167066812515259
124M,26500,Random,41,1.4683690071105957
124M,26500,Random,42,1.4182329177856445
124M,26500,Random,43,1.4281940460205078
124M,26500,Random,44,1.3832201957702637
124M,27000,Global,-1,324.9168701171875
124M,27000,Frequency,0,2.5594334602355957
124M,27000,Frequency,1,2.476816177368164
124M,27000,Frequency,2,2.3885645866394043
124M,27000,Frequency,3,2.315659284591675
124M,27000,Frequency,4,2.2336204051971436
124M,27000,Frequency,5,2.1659462451934814
124M,27000,Frequency,6,2.09517765045166
124M,27000,Frequency,7,2.0290327072143555
124M,27000,Frequency,8,1.9628322124481201
124M,27000,Frequency,9,1.9014040231704712
124M,27000,Frequency,10,1.848590612411499
124M,27000,Frequency,11,1.803452968597412
124M,27000,Frequency,12,1.7416157722473145
124M,27000,Frequency,13,1.6950854063034058
124M,27000,Frequency,14,1.6324151754379272
124M,27000,Frequency,15,1.6161328554153442
124M,27000,Frequency,16,1.5724427700042725
124M,27000,Frequency,17,1.5340361595153809
124M,27000,Frequency,18,1.4788330793380737
124M,27000,Frequency,19,1.4654263257980347
124M,27000,Frequency,20,1.4260996580123901
124M,27000,Frequency,21,1.373351812362671
124M,27000,Frequency,22,1.3690626621246338
124M,27000,Frequency,23,1.324198603630066
124M,27000,Frequency,24,1.290798544883728
124M,27000,Frequency,25,1.2612278461456299
124M,27000,Frequency,26,1.2346972227096558
124M,27000,Frequency,27,1.2030811309814453
124M,27000,Frequency,28,1.1765153408050537
124M,27000,Frequency,29,1.1404154300689697
124M,27000,Frequency,30,1.1131575107574463
124M,27000,Frequency,31,1.0685735940933228
124M,27000,Frequency,32,1.0470242500305176
124M,27000,Frequency,33,0.9956072568893433
124M,27000,Frequency,34,0.9591587781906128
124M,27000,Frequency,35,0.9178656935691833
124M,27000,Frequency,36,0.8731708526611328
124M,27000,Frequency,37,0.8182314038276672
124M,27000,Frequency,38,0.7733100652694702
124M,27000,Frequency,39,0.7146280407905579
124M,27000,Frequency,40,0.6658802032470703
124M,27000,Frequency,41,0.6261423230171204
124M,27000,Frequency,42,0.5974660515785217
124M,27000,Frequency,43,0.5753121972084045
124M,27000,Frequency,44,0.5710079669952393
124M,27000,Random,0,1.4156837463378906
124M,27000,Random,1,1.4588884115219116
124M,27000,Random,2,1.448709487915039
124M,27000,Random,3,1.409496784210205
124M,27000,Random,4,1.4328030347824097
124M,27000,Random,5,1.404232144355774
124M,27000,Random,6,1.4143140316009521
124M,27000,Random,7,1.4263532161712646
124M,27000,Random,8,1.4458158016204834
124M,27000,Random,9,1.4405981302261353
124M,27000,Random,10,1.4499423503875732
124M,27000,Random,11,1.4334299564361572
124M,27000,Random,12,1.4221062660217285
124M,27000,Random,13,1.4437470436096191
124M,27000,Random,14,1.4230234622955322
124M,27000,Random,15,1.437255620956421
124M,27000,Random,16,1.4119635820388794
124M,27000,Random,17,1.4305481910705566
124M,27000,Random,18,1.4164036512374878
124M,27000,Random,19,1.4223434925079346
124M,27000,Random,20,1.4138855934143066
124M,27000,Random,21,1.3980573415756226
124M,27000,Random,22,1.3989050388336182
124M,27000,Random,23,1.420578956604004
124M,27000,Random,24,1.4142006635665894
124M,27000,Random,25,1.4097070693969727
124M,27000,Random,26,1.4614603519439697
124M,27000,Random,27,1.4303011894226074
124M,27000,Random,28,1.4454915523529053
124M,27000,Random,29,1.459716796875
124M,27000,Random,30,1.4103082418441772
124M,27000,Random,31,1.4440793991088867
124M,27000,Random,32,1.422515869140625
124M,27000,Random,33,1.4101921319961548
124M,27000,Random,34,1.3892748355865479
124M,27000,Random,35,1.4005424976348877
124M,27000,Random,36,1.4530808925628662
124M,27000,Random,37,1.441573143005371
124M,27000,Random,38,1.4295345544815063
124M,27000,Random,39,1.4385653734207153
124M,27000,Random,40,1.4270859956741333
124M,27000,Random,41,1.4798429012298584
124M,27000,Random,42,1.4295610189437866
124M,27000,Random,43,1.4403494596481323
124M,27000,Random,44,1.3944013118743896
124M,27500,Global,-1,327.54901123046875
124M,27500,Frequency,0,2.5816287994384766
124M,27500,Frequency,1,2.4979188442230225
124M,27500,Frequency,2,2.40891170501709
124M,27500,Frequency,3,2.3358922004699707
124M,27500,Frequency,4,2.2530782222747803
124M,27500,Frequency,5,2.184465169906616
124M,27500,Frequency,6,2.1136109828948975
124M,27500,Frequency,7,2.046745777130127
124M,27500,Frequency,8,1.9797955751419067
124M,27500,Frequency,9,1.9175851345062256
124M,27500,Frequency,10,1.86476469039917
124M,27500,Frequency,11,1.8185585737228394
124M,27500,Frequency,12,1.7562365531921387
124M,27500,Frequency,13,1.7093909978866577
124M,27500,Frequency,14,1.6452019214630127
124M,27500,Frequency,15,1.6295441389083862
124M,27500,Frequency,16,1.5848664045333862
124M,27500,Frequency,17,1.5467724800109863
124M,27500,Frequency,18,1.4915851354599
124M,27500,Frequency,19,1.4777345657348633
124M,27500,Frequency,20,1.4382377862930298
124M,27500,Frequency,21,1.3845789432525635
124M,27500,Frequency,22,1.3792853355407715
124M,27500,Frequency,23,1.3348054885864258
124M,27500,Frequency,24,1.3013207912445068
124M,27500,Frequency,25,1.271037220954895
124M,27500,Frequency,26,1.2451523542404175
124M,27500,Frequency,27,1.2118730545043945
124M,27500,Frequency,28,1.1853665113449097
124M,27500,Frequency,29,1.1490918397903442
124M,27500,Frequency,30,1.1217916011810303
124M,27500,Frequency,31,1.0773983001708984
124M,27500,Frequency,32,1.0545151233673096
124M,27500,Frequency,33,1.0023468732833862
124M,27500,Frequency,34,0.9655492901802063
124M,27500,Frequency,35,0.9236807227134705
124M,27500,Frequency,36,0.878637433052063
124M,27500,Frequency,37,0.8231245279312134
124M,27500,Frequency,38,0.7773535847663879
124M,27500,Frequency,39,0.7177485227584839
124M,27500,Frequency,40,0.6676751375198364
124M,27500,Frequency,41,0.627374529838562
124M,27500,Frequency,42,0.5982831716537476
124M,27500,Frequency,43,0.5757544636726379
124M,27500,Frequency,44,0.5711522698402405
124M,27500,Random,0,1.4266120195388794
124M,27500,Random,1,1.4705067873001099
124M,27500,Random,2,1.4603861570358276
124M,27500,Random,3,1.4201527833938599
124M,27500,Random,4,1.4440999031066895
124M,27500,Random,5,1.41576087474823
124M,27500,Random,6,1.4255175590515137
124M,27500,Random,7,1.4377154111862183
124M,27500,Random,8,1.4563474655151367
124M,27500,Random,9,1.4520479440689087
124M,27500,Random,10,1.461742639541626
124M,27500,Random,11,1.4448115825653076
124M,27500,Random,12,1.4331622123718262
124M,27500,Random,13,1.4550904035568237
124M,27500,Random,14,1.4346445798873901
124M,27500,Random,15,1.4479649066925049
124M,27500,Random,16,1.422567367553711
124M,27500,Random,17,1.4418954849243164
124M,27500,Random,18,1.4272794723510742
124M,27500,Random,19,1.4331258535385132
124M,27500,Random,20,1.4245715141296387
124M,27500,Random,21,1.4087507724761963
124M,27500,Random,22,1.4100333452224731
124M,27500,Random,23,1.4319827556610107
124M,27500,Random,24,1.4252184629440308
124M,27500,Random,25,1.420710563659668
124M,27500,Random,26,1.4725607633590698
124M,27500,Random,27,1.4417299032211304
124M,27500,Random,28,1.4574732780456543
124M,27500,Random,29,1.4704432487487793
124M,27500,Random,30,1.4211621284484863
124M,27500,Random,31,1.455039143562317
124M,27500,Random,32,1.4342788457870483
124M,27500,Random,33,1.4220207929611206
124M,27500,Random,34,1.3995921611785889
124M,27500,Random,35,1.4119303226470947
124M,27500,Random,36,1.4640300273895264
124M,27500,Random,37,1.4534108638763428
124M,27500,Random,38,1.4406908750534058
124M,27500,Random,39,1.4497981071472168
124M,27500,Random,40,1.4381145238876343
124M,27500,Random,41,1.4916210174560547
124M,27500,Random,42,1.440672755241394
124M,27500,Random,43,1.4512786865234375
124M,27500,Random,44,1.4053906202316284
124M,28000,Global,-1,330.1423034667969
124M,28000,Frequency,0,2.6041259765625
124M,28000,Frequency,1,2.5196831226348877
124M,28000,Frequency,2,2.430387496948242
124M,28000,Frequency,3,2.356520652770996
124M,28000,Frequency,4,2.272202491760254
124M,28000,Frequency,5,2.2023656368255615
124M,28000,Frequency,6,2.1308698654174805
124M,28000,Frequency,7,2.0639564990997314
124M,28000,Frequency,8,1.9965242147445679
124M,28000,Frequency,9,1.93357515335083
124M,28000,Frequency,10,1.8805471658706665
124M,28000,Frequency,11,1.8329658508300781
124M,28000,Frequency,12,1.7707550525665283
124M,28000,Frequency,13,1.722658634185791
124M,28000,Frequency,14,1.6588255167007446
124M,28000,Frequency,15,1.643309473991394
124M,28000,Frequency,16,1.5974042415618896
124M,28000,Frequency,17,1.5598719120025635
124M,28000,Frequency,18,1.5031942129135132
124M,28000,Frequency,19,1.4899214506149292
124M,28000,Frequency,20,1.4494777917861938
124M,28000,Frequency,21,1.3955570459365845
124M,28000,Frequency,22,1.3900614976882935
124M,28000,Frequency,23,1.34551203250885
124M,28000,Frequency,24,1.311269760131836
124M,28000,Frequency,25,1.2807754278182983
124M,28000,Frequency,26,1.2542227506637573
124M,28000,Frequency,27,1.2206625938415527
124M,28000,Frequency,28,1.1941511631011963
124M,28000,Frequency,29,1.1577481031417847
124M,28000,Frequency,30,1.1296873092651367
124M,28000,Frequency,31,1.0845887660980225
124M,28000,Frequency,32,1.0614746809005737
124M,28000,Frequency,33,1.0086504220962524
124M,28000,Frequency,34,0.9716981053352356
124M,28000,Frequency,35,0.9294623136520386
124M,28000,Frequency,36,0.8834628462791443
124M,28000,Frequency,37,0.8274154663085938
124M,28000,Frequency,38,0.7805989980697632
124M,28000,Frequency,39,0.7208166122436523
124M,28000,Frequency,40,0.670054018497467
124M,28000,Frequency,41,0.6288213729858398
124M,28000,Frequency,42,0.5990983843803406
124M,28000,Frequency,43,0.5762396454811096
124M,28000,Frequency,44,0.5713794231414795
124M,28000,Random,0,1.437294840812683
124M,28000,Random,1,1.4818370342254639
124M,28000,Random,2,1.4713276624679565
124M,28000,Random,3,1.4303966760635376
124M,28000,Random,4,1.4553955793380737
124M,28000,Random,5,1.4263968467712402
124M,28000,Random,6,1.4356458187103271
124M,28000,Random,7,1.448359489440918
124M,28000,Random,8,1.4671193361282349
124M,28000,Random,9,1.4633171558380127
124M,28000,Random,10,1.4730644226074219
124M,28000,Random,11,1.4557148218154907
124M,28000,Random,12,1.4444856643676758
124M,28000,Random,13,1.4665390253067017
124M,28000,Random,14,1.4450321197509766
124M,28000,Random,15,1.4585273265838623
124M,28000,Random,16,1.4334889650344849
124M,28000,Random,17,1.4525773525238037
124M,28000,Random,18,1.4378284215927124
124M,28000,Random,19,1.4436389207839966
124M,28000,Random,20,1.4356169700622559
124M,28000,Random,21,1.4191697835922241
124M,28000,Random,22,1.4208974838256836
124M,28000,Random,23,1.4428869485855103
124M,28000,Random,24,1.4364827871322632
124M,28000,Random,25,1.4316797256469727
124M,28000,Random,26,1.483867883682251
124M,28000,Random,27,1.4534131288528442
124M,28000,Random,28,1.4692931175231934
124M,28000,Random,29,1.4821007251739502
124M,28000,Random,30,1.4315382242202759
124M,28000,Random,31,1.4661517143249512
124M,28000,Random,32,1.4449197053909302
124M,28000,Random,33,1.4328043460845947
124M,28000,Random,34,1.4100855588912964
124M,28000,Random,35,1.4231146574020386
124M,28000,Random,36,1.4759137630462646
124M,28000,Random,37,1.4647339582443237
124M,28000,Random,38,1.4514329433441162
124M,28000,Random,39,1.4608200788497925
124M,28000,Random,40,1.4489383697509766
124M,28000,Random,41,1.5029228925704956
124M,28000,Random,42,1.4518858194351196
124M,28000,Random,43,1.4622478485107422
124M,28000,Random,44,1.4158169031143188
124M,28500,Global,-1,332.7132263183594
124M,28500,Frequency,0,2.625077486038208
124M,28500,Frequency,1,2.540543794631958
124M,28500,Frequency,2,2.4501240253448486
124M,28500,Frequency,3,2.3749051094055176
124M,28500,Frequency,4,2.2918596267700195
124M,28500,Frequency,5,2.2211105823516846
124M,28500,Frequency,6,2.1483521461486816
124M,28500,Frequency,7,2.080749988555908
124M,28500,Frequency,8,2.0128092765808105
124M,28500,Frequency,9,1.949965476989746
124M,28500,Frequency,10,1.896862268447876
124M,28500,Frequency,11,1.8470444679260254
124M,28500,Frequency,12,1.7857446670532227
124M,28500,Frequency,13,1.7364991903305054
124M,28500,Frequency,14,1.6722941398620605
124M,28500,Frequency,15,1.656180739402771
124M,28500,Frequency,16,1.6099039316177368
124M,28500,Frequency,17,1.5724165439605713
124M,28500,Frequency,18,1.5150110721588135
124M,28500,Frequency,19,1.5020400285720825
124M,28500,Frequency,20,1.4608465433120728
124M,28500,Frequency,21,1.4068549871444702
124M,28500,Frequency,22,1.4007174968719482
124M,28500,Frequency,23,1.3564201593399048
124M,28500,Frequency,24,1.3210115432739258
124M,28500,Frequency,25,1.2902268171310425
124M,28500,Frequency,26,1.2640541791915894
124M,28500,Frequency,27,1.2295467853546143
124M,28500,Frequency,28,1.2029250860214233
124M,28500,Frequency,29,1.166195273399353
124M,28500,Frequency,30,1.1377308368682861
124M,28500,Frequency,31,1.091921091079712
124M,28500,Frequency,32,1.068943738937378
124M,28500,Frequency,33,1.0159040689468384
124M,28500,Frequency,34,0.9781113266944885
124M,28500,Frequency,35,0.9356387853622437
124M,28500,Frequency,36,0.8886436223983765
124M,28500,Frequency,37,0.8315631151199341
124M,28500,Frequency,38,0.7844706177711487
124M,28500,Frequency,39,0.723755955696106
124M,28500,Frequency,40,0.671948254108429
124M,28500,Frequency,41,0.6305168867111206
124M,28500,Frequency,42,0.5998964309692383
124M,28500,Frequency,43,0.5765977501869202
124M,28500,Frequency,44,0.5717649459838867
124M,28500,Random,0,1.447871208190918
124M,28500,Random,1,1.492646336555481
124M,28500,Random,2,1.482079267501831
124M,28500,Random,3,1.4418144226074219
124M,28500,Random,4,1.466299295425415
124M,28500,Random,5,1.437203288078308
124M,28500,Random,6,1.4460049867630005
124M,28500,Random,7,1.4588810205459595
124M,28500,Random,8,1.4782235622406006
124M,28500,Random,9,1.4742567539215088
124M,28500,Random,10,1.4841938018798828
124M,28500,Random,11,1.4667571783065796
124M,28500,Random,12,1.4556506872177124
124M,28500,Random,13,1.4775142669677734
124M,28500,Random,14,1.4560455083847046
124M,28500,Random,15,1.4691038131713867
124M,28500,Random,16,1.4442204236984253
124M,28500,Random,17,1.463922142982483
124M,28500,Random,18,1.4488104581832886
124M,28500,Random,19,1.4547181129455566
124M,28500,Random,20,1.4464353322982788
124M,28500,Random,21,1.4294209480285645
124M,28500,Random,22,1.4320963621139526
124M,28500,Random,23,1.4533169269561768
124M,28500,Random,24,1.4473464488983154
124M,28500,Random,25,1.442452311515808
124M,28500,Random,26,1.4949517250061035
124M,28500,Random,27,1.4638267755508423
124M,28500,Random,28,1.4802751541137695
124M,28500,Random,29,1.4933327436447144
124M,28500,Random,30,1.4422980546951294
124M,28500,Random,31,1.4768309593200684
124M,28500,Random,32,1.456422209739685
124M,28500,Random,33,1.4434539079666138
124M,28500,Random,34,1.4205102920532227
124M,28500,Random,35,1.433472752571106
124M,28500,Random,36,1.4872429370880127
124M,28500,Random,37,1.4761250019073486
124M,28500,Random,38,1.4624419212341309
124M,28500,Random,39,1.4710756540298462
124M,28500,Random,40,1.4601662158966064
124M,28500,Random,41,1.5151270627975464
124M,28500,Random,42,1.4624849557876587
124M,28500,Random,43,1.4736182689666748
124M,28500,Random,44,1.4271618127822876
124M,0,Global,-1,123.96733093261719
124M,0,Frequency,0,0.554082989692688
124M,0,Frequency,1,0.5537384748458862
124M,0,Frequency,2,0.5545311570167542
124M,0,Frequency,3,0.5538786053657532
124M,0,Frequency,4,0.5542061924934387
124M,0,Frequency,5,0.5535675883293152
124M,0,Frequency,6,0.5539221167564392
124M,0,Frequency,7,0.5535328388214111
124M,0,Frequency,8,0.5545030236244202
124M,0,Frequency,9,0.5541737079620361
124M,0,Frequency,10,0.5539720058441162
124M,0,Frequency,11,0.5540157556533813
124M,0,Frequency,12,0.5548612475395203
124M,0,Frequency,13,0.5540137887001038
124M,0,Frequency,14,0.5546512603759766
124M,0,Frequency,15,0.5541754961013794
124M,0,Frequency,16,0.5539895296096802
124M,0,Frequency,17,0.5540133118629456
124M,0,Frequency,18,0.5538199543952942
124M,0,Frequency,19,0.5542171597480774
124M,0,Frequency,20,0.5545248985290527
124M,0,Frequency,21,0.5542948842048645
124M,0,Frequency,22,0.5537866950035095
124M,0,Frequency,23,0.5535888075828552
124M,0,Frequency,24,0.5537328720092773
124M,0,Frequency,25,0.5539534091949463
124M,0,Frequency,26,0.5546188950538635
124M,0,Frequency,27,0.553630530834198
124M,0,Frequency,28,0.5538594126701355
124M,0,Frequency,29,0.553341269493103
124M,0,Frequency,30,0.5552322864532471
124M,0,Frequency,31,0.5537704229354858
124M,0,Frequency,32,0.5542322397232056
124M,0,Frequency,33,0.5535023212432861
124M,0,Frequency,34,0.5542249083518982
124M,0,Frequency,35,0.5545177459716797
124M,0,Frequency,36,0.5553227663040161
124M,0,Frequency,37,0.5545111298561096
124M,0,Frequency,38,0.5540049076080322
124M,0,Frequency,39,0.5543064475059509
124M,0,Frequency,40,0.5534115433692932
124M,0,Frequency,41,0.5540700554847717
124M,0,Frequency,42,0.5543742179870605
124M,0,Frequency,43,0.5543235540390015
124M,0,Frequency,44,0.5549556016921997
124M,0,Random,0,0.5541967749595642
124M,0,Random,1,0.5536065697669983
124M,0,Random,2,0.5534695982933044
124M,0,Random,3,0.55485600233078
124M,0,Random,4,0.5544599890708923
124M,0,Random,5,0.5534210205078125
124M,0,Random,6,0.5535760521888733
124M,0,Random,7,0.5544553399085999
124M,0,Random,8,0.5532346367835999
124M,0,Random,9,0.5543488264083862
124M,0,Random,10,0.5536625981330872
124M,0,Random,11,0.553803563117981
124M,0,Random,12,0.5548772215843201
124M,0,Random,13,0.5531394481658936
124M,0,Random,14,0.5531555414199829
124M,0,Random,15,0.5547706484794617
124M,0,Random,16,0.5540770888328552
124M,0,Random,17,0.5545383095741272
124M,0,Random,18,0.5543786883354187
124M,0,Random,19,0.5542984008789062
124M,0,Random,20,0.5542905926704407
124M,0,Random,21,0.5542533993721008
124M,0,Random,22,0.5548310279846191
124M,0,Random,23,0.5539047718048096
124M,0,Random,24,0.5536038279533386
124M,0,Random,25,0.5546438694000244
124M,0,Random,26,0.5530878901481628
124M,0,Random,27,0.5532615780830383
124M,0,Random,28,0.5534002780914307
124M,0,Random,29,0.5545491576194763
124M,0,Random,30,0.5550889372825623
124M,0,Random,31,0.5539097189903259
124M,0,Random,32,0.5543206930160522
124M,0,Random,33,0.5545706748962402
124M,0,Random,34,0.5543551445007324
124M,0,Random,35,0.5547016859054565
124M,0,Random,36,0.5543379187583923
124M,0,Random,37,0.5533422231674194
124M,0,Random,38,0.553844153881073
124M,0,Random,39,0.5546604990959167
124M,0,Random,40,0.5546263456344604
124M,0,Random,41,0.5546641945838928
124M,0,Random,42,0.5545371174812317
124M,0,Random,43,0.5539255142211914
124M,0,Random,44,0.5548145771026611
124M,500,Global,-1,130.67330932617188
124M,500,Frequency,0,0.7002552151679993
124M,500,Frequency,1,0.6659650206565857
124M,500,Frequency,2,0.6529135704040527
124M,500,Frequency,3,0.6431062817573547
124M,500,Frequency,4,0.6334154009819031
124M,500,Frequency,5,0.6264588236808777
124M,500,Frequency,6,0.6205846667289734
124M,500,Frequency,7,0.6145555377006531
124M,500,Frequency,8,0.611319363117218
124M,500,Frequency,9,0.6062109470367432
124M,500,Frequency,10,0.6032459735870361
124M,500,Frequency,11,0.5995805859565735
124M,500,Frequency,12,0.5964793562889099
124M,500,Frequency,13,0.5930643081665039
124M,500,Frequency,14,0.5909059643745422
124M,500,Frequency,15,0.5885202884674072
124M,500,Frequency,16,0.58601313829422
124M,500,Frequency,17,0.5844736099243164
124M,500,Frequency,18,0.580858588218689
124M,500,Frequency,19,0.5807815194129944
124M,500,Frequency,20,0.5789135694503784
124M,500,Frequency,21,0.5762550234794617
124M,500,Frequency,22,0.5753515362739563
124M,500,Frequency,23,0.5743160843849182
124M,500,Frequency,24,0.5731790661811829
124M,500,Frequency,25,0.5721347332000732
124M,500,Frequency,26,0.5706251859664917
124M,500,Frequency,27,0.5685567855834961
124M,500,Frequency,28,0.5690529942512512
124M,500,Frequency,29,0.5666288137435913
124M,500,Frequency,30,0.566918134689331
124M,500,Frequency,31,0.5646694302558899
124M,500,Frequency,32,0.5636725425720215
124M,500,Frequency,33,0.5618411302566528
124M,500,Frequency,34,0.5622203350067139
124M,500,Frequency,35,0.5610269904136658
124M,500,Frequency,36,0.5605496168136597
124M,500,Frequency,37,0.5587698817253113
124M,500,Frequency,38,0.5572096109390259
124M,500,Frequency,39,0.5564858317375183
124M,500,Frequency,40,0.5550171136856079
124M,500,Frequency,41,0.5549641251564026
124M,500,Frequency,42,0.5549401640892029
124M,500,Frequency,43,0.5546141266822815
124M,500,Frequency,44,0.5552739500999451
124M,500,Random,0,0.5866851806640625
124M,500,Random,1,0.5883641242980957
124M,500,Random,2,0.5881553888320923
124M,500,Random,3,0.586195707321167
124M,500,Random,4,0.5876948833465576
124M,500,Random,5,0.5848270058631897
124M,500,Random,6,0.5873058438301086
124M,500,Random,7,0.5872088670730591
124M,500,Random,8,0.5871304869651794
124M,500,Random,9,0.588331937789917
124M,500,Random,10,0.5867961645126343
124M,500,Random,11,0.586442768573761
124M,500,Random,12,0.5866578221321106
124M,500,Random,13,0.5872005820274353
124M,500,Random,14,0.5854869484901428
124M,500,Random,15,0.5881783366203308
124M,500,Random,16,0.5870694518089294
124M,500,Random,17,0.587114155292511
124M,500,Random,18,0.5862154960632324
124M,500,Random,19,0.5869575142860413
124M,500,Random,20,0.5862728357315063
124M,500,Random,21,0.58503258228302
124M,500,Random,22,0.5857272744178772
124M,500,Random,23,0.5863375663757324
124M,500,Random,24,0.5852062106132507
124M,500,Random,25,0.587387204170227
124M,500,Random,26,0.5884970426559448
124M,500,Random,27,0.5863505601882935
124M,500,Random,28,0.5862994194030762
124M,500,Random,29,0.589016854763031
124M,500,Random,30,0.5876550674438477
124M,500,Random,31,0.5883394479751587
124M,500,Random,32,0.5861413478851318
124M,500,Random,33,0.5868629217147827
124M,500,Random,34,0.5856561064720154
124M,500,Random,35,0.5855211019515991
124M,500,Random,36,0.5882164835929871
124M,500,Random,37,0.5871708393096924
124M,500,Random,38,0.5870450735092163
124M,500,Random,39,0.587683916091919
124M,500,Random,40,0.5876773595809937
124M,500,Random,41,0.589424729347229
124M,500,Random,42,0.5875707864761353
124M,500,Random,43,0.5881639719009399
124M,500,Random,44,0.5847739577293396
124M,1000,Global,-1,136.85772705078125
124M,1000,Frequency,0,0.7913503050804138
124M,1000,Frequency,1,0.7479825615882874
124M,1000,Frequency,2,0.7267923951148987
124M,1000,Frequency,3,0.7130555510520935
124M,1000,Frequency,4,0.7001781463623047
124M,1000,Frequency,5,0.688721776008606
124M,1000,Frequency,6,0.6779213547706604
124M,1000,Frequency,7,0.6692410111427307
124M,1000,Frequency,8,0.6634870767593384
124M,1000,Frequency,9,0.6537498831748962
124M,1000,Frequency,10,0.6478922963142395
124M,1000,Frequency,11,0.6426117420196533
124M,1000,Frequency,12,0.6362950205802917
124M,1000,Frequency,13,0.6309437155723572
124M,1000,Frequency,14,0.6247484087944031
124M,1000,Frequency,15,0.6228242516517639
124M,1000,Frequency,16,0.6186646223068237
124M,1000,Frequency,17,0.61492520570755
124M,1000,Frequency,18,0.6097142100334167
124M,1000,Frequency,19,0.6085845232009888
124M,1000,Frequency,20,0.6053550839424133
124M,1000,Frequency,21,0.6012018918991089
124M,1000,Frequency,22,0.6004692912101746
124M,1000,Frequency,23,0.5969748497009277
124M,1000,Frequency,24,0.5940533876419067
124M,1000,Frequency,25,0.5923522114753723
124M,1000,Frequency,26,0.5890311598777771
124M,1000,Frequency,27,0.5857502818107605
124M,1000,Frequency,28,0.5845853686332703
124M,1000,Frequency,29,0.5810747146606445
124M,1000,Frequency,30,0.5806162357330322
124M,1000,Frequency,31,0.576912522315979
124M,1000,Frequency,32,0.575071394443512
124M,1000,Frequency,33,0.5714627504348755
124M,1000,Frequency,34,0.5701013207435608
124M,1000,Frequency,35,0.5686013698577881
124M,1000,Frequency,36,0.5669218301773071
124M,1000,Frequency,37,0.5633835792541504
124M,1000,Frequency,38,0.5608907341957092
124M,1000,Frequency,39,0.5591806769371033
124M,1000,Frequency,40,0.5566423535346985
124M,1000,Frequency,41,0.5561109781265259
124M,1000,Frequency,42,0.5555440783500671
124M,1000,Frequency,43,0.5550192594528198
124M,1000,Frequency,44,0.5558478832244873
124M,1000,Random,0,0.6154450178146362
124M,1000,Random,1,0.6194354891777039
124M,1000,Random,2,0.6191449165344238
124M,1000,Random,3,0.6147187352180481
124M,1000,Random,4,0.6170852184295654
124M,1000,Random,5,0.613400399684906
124M,1000,Random,6,0.6167885065078735
124M,1000,Random,7,0.6164513230323792
124M,1000,Random,8,0.6167750954627991
124M,1000,Random,9,0.6187366843223572
124M,1000,Random,10,0.6163440346717834
124M,1000,Random,11,0.6159743070602417
124M,1000,Random,12,0.614900529384613
124M,1000,Random,13,0.6177857518196106
124M,1000,Random,14,0.6142786145210266
124M,1000,Random,15,0.6184077262878418
124M,1000,Random,16,0.6153931617736816
124M,1000,Random,17,0.6161625981330872
124M,1000,Random,18,0.6164313554763794
124M,1000,Random,19,0.6159035563468933
124M,1000,Random,20,0.6152201890945435
124M,1000,Random,21,0.6126695871353149
124M,1000,Random,22,0.6141743063926697
124M,1000,Random,23,0.6152880787849426
124M,1000,Random,24,0.6143606305122375
124M,1000,Random,25,0.6154107451438904
124M,1000,Random,26,0.6190750002861023
124M,1000,Random,27,0.6148909330368042
124M,1000,Random,28,0.6162375211715698
124M,1000,Random,29,0.6194955110549927
124M,1000,Random,30,0.6165642142295837
124M,1000,Random,31,0.6184256076812744
124M,1000,Random,32,0.6146150231361389
124M,1000,Random,33,0.6157559752464294
124M,1000,Random,34,0.61339271068573
124M,1000,Random,35,0.6141481995582581
124M,1000,Random,36,0.6184467077255249
124M,1000,Random,37,0.6178430318832397
124M,1000,Random,38,0.6164520978927612
124M,1000,Random,39,0.6175619959831238
124M,1000,Random,40,0.617428719997406
124M,1000,Random,41,0.6204005479812622
124M,1000,Random,42,0.6175870299339294
124M,1000,Random,43,0.6181132793426514
124M,1000,Random,44,0.6115541458129883
124M,1500,Global,-1,142.7845458984375
124M,1500,Frequency,0,0.8718422651290894
124M,1500,Frequency,1,0.8219959735870361
124M,1500,Frequency,2,0.7945084571838379
124M,1500,Frequency,3,0.7767329216003418
124M,1500,Frequency,4,0.7611233592033386
124M,1500,Frequency,5,0.7446476817131042
124M,1500,Frequency,6,0.730341911315918
124M,1500,Frequency,7,0.7183778882026672
124M,1500,Frequency,8,0.7109366655349731
124M,1500,Frequency,9,0.6980008482933044
124M,1500,Frequency,10,0.6897807121276855
124M,1500,Frequency,11,0.683777928352356
124M,1500,Frequency,12,0.6733274459838867
124M,1500,Frequency,13,0.6657204627990723
124M,1500,Frequency,14,0.6584084630012512
124M,1500,Frequency,15,0.6552050113677979
124M,1500,Frequency,16,0.6495359539985657
124M,1500,Frequency,17,0.6438590288162231
124M,1500,Frequency,18,0.6358836889266968
124M,1500,Frequency,19,0.6349461674690247
124M,1500,Frequency,20,0.6303281188011169
124M,1500,Frequency,21,0.6245416402816772
124M,1500,Frequency,22,0.6245983242988586
124M,1500,Frequency,23,0.6180101037025452
124M,1500,Frequency,24,0.6145079135894775
124M,1500,Frequency,25,0.6127105951309204
124M,1500,Frequency,26,0.6063708066940308
124M,1500,Frequency,27,0.6025440096855164
124M,1500,Frequency,28,0.6004161238670349
124M,1500,Frequency,29,0.5958443284034729
124M,1500,Frequency,30,0.5941343307495117
124M,1500,Frequency,31,0.5894027352333069
124M,1500,Frequency,32,0.5868001580238342
124M,1500,Frequency,33,0.5809070467948914
124M,1500,Frequency,34,0.5789095163345337
124M,1500,Frequency,35,0.5767144560813904
124M,1500,Frequency,36,0.5729292631149292
124M,1500,Frequency,37,0.568591833114624
124M,1500,Frequency,38,0.5645922422409058
124M,1500,Frequency,39,0.5616307258605957
124M,1500,Frequency,40,0.5585854649543762
124M,1500,Frequency,41,0.5573517084121704
124M,1500,Frequency,42,0.5560786724090576
124M,1500,Frequency,43,0.5554885268211365
124M,1500,Frequency,44,0.5562849640846252
124M,1500,Random,0,0.6430356502532959
124M,1500,Random,1,0.6473648548126221
124M,1500,Random,2,0.6482986211776733
124M,1500,Random,3,0.640721321105957
124M,1500,Random,4,0.6455500721931458
124M,1500,Random,5,0.6398375630378723
124M,1500,Random,6,0.6433730721473694
124M,1500,Random,7,0.6437934041023254
124M,1500,Random,8,0.6448915004730225
124M,1500,Random,9,0.6459254026412964
124M,1500,Random,10,0.6447573900222778
124M,1500,Random,11,0.6437312960624695
124M,1500,Random,12,0.6425474882125854
124M,1500,Random,13,0.6455119848251343
124M,1500,Random,14,0.6404368877410889
124M,1500,Random,15,0.6456000208854675
124M,1500,Random,16,0.6422877907752991
124M,1500,Random,17,0.6431595087051392
124M,1500,Random,18,0.644586980342865
124M,1500,Random,19,0.6424189209938049
124M,1500,Random,20,0.6418521404266357
124M,1500,Random,21,0.6379484534263611
124M,1500,Random,22,0.6408599615097046
124M,1500,Random,23,0.6419427990913391
124M,1500,Random,24,0.642081618309021
124M,1500,Random,25,0.6423103213310242
124M,1500,Random,26,0.6484286785125732
124M,1500,Random,27,0.6423217058181763
124M,1500,Random,28,0.6451278924942017
124M,1500,Random,29,0.648624062538147
124M,1500,Random,30,0.6442029476165771
124M,1500,Random,31,0.647010326385498
124M,1500,Random,32,0.6411928534507751
124M,1500,Random,33,0.642059326171875
124M,1500,Random,34,0.6392773389816284
124M,1500,Random,35,0.6411340832710266
124M,1500,Random,36,0.6464857459068298
124M,1500,Random,37,0.6459327340126038
124M,1500,Random,38,0.6438941359519958
124M,1500,Random,39,0.6462755799293518
124M,1500,Random,40,0.6444972157478333
124M,1500,Random,41,0.6498449444770813
124M,1500,Random,42,0.6442455649375916
124M,1500,Random,43,0.6452356576919556
124M,1500,Random,44,0.637913703918457
124M,2000,Global,-1,148.4787139892578
124M,2000,Frequency,0,0.9420230984687805
124M,2000,Frequency,1,0.8884825706481934
124M,2000,Frequency,2,0.8563230037689209
124M,2000,Frequency,3,0.8348237872123718
124M,2000,Frequency,4,0.8168798089027405
124M,2000,Frequency,5,0.7966303825378418
124M,2000,Frequency,6,0.779765784740448
124M,2000,Frequency,7,0.7651976943016052
124M,2000,Frequency,8,0.7550795674324036
124M,2000,Frequency,9,0.7401595115661621
124M,2000,Frequency,10,0.7288870811462402
124M,2000,Frequency,11,0.7213934659957886
124M,2000,Frequency,12,0.7088375687599182
124M,2000,Frequency,13,0.7001484632492065
124M,2000,Frequency,14,0.6892064809799194
124M,2000,Frequency,15,0.6858444213867188
124M,2000,Frequency,16,0.6793743968009949
124M,2000,Frequency,17,0.6722530722618103
124M,2000,Frequency,18,0.6613826751708984
124M,2000,Frequency,19,0.6597984433174133
124M,2000,Frequency,20,0.6545093059539795
124M,2000,Frequency,21,0.6466731429100037
124M,2000,Frequency,22,0.6463151574134827
124M,2000,Frequency,23,0.6384046077728271
124M,2000,Frequency,24,0.6346494555473328
124M,2000,Frequency,25,0.6309248208999634
124M,2000,Frequency,26,0.6238487958908081
124M,2000,Frequency,27,0.6201863288879395
124M,2000,Frequency,28,0.6168124675750732
124M,2000,Frequency,29,0.6110663414001465
124M,2000,Frequency,30,0.6080691814422607
124M,2000,Frequency,31,0.6010543704032898
124M,2000,Frequency,32,0.5992681980133057
124M,2000,Frequency,33,0.5914012789726257
124M,2000,Frequency,34,0.5878448486328125
124M,2000,Frequency,35,0.5841173529624939
124M,2000,Frequency,36,0.5792533755302429
124M,2000,Frequency,37,0.5737589597702026
124M,2000,Frequency,38,0.5687541365623474
124M,2000,Frequency,39,0.5643203258514404
124M,2000,Frequency,40,0.5603457093238831
124M,2000,Frequency,41,0.5590057373046875
124M,2000,Frequency,42,0.5567445158958435
124M,2000,Frequency,43,0.5558520555496216
124M,2000,Frequency,44,0.5567637085914612
124M,2000,Random,0,0.6676628589630127
124M,2000,Random,1,0.6746189594268799
124M,2000,Random,2,0.6757209300994873
124M,2000,Random,3,0.6664549708366394
124M,2000,Random,4,0.6713129878044128
124M,2000,Random,5,0.664567232131958
124M,2000,Random,6,0.6700121164321899
124M,2000,Random,7,0.6691669821739197
124M,2000,Random,8,0.6719958782196045
124M,2000,Random,9,0.6734539270401001
124M,2000,Random,10,0.6707797050476074
124M,2000,Random,11,0.6687073111534119
124M,2000,Random,12,0.6686218976974487
124M,2000,Random,13,0.6721447706222534
124M,2000,Random,14,0.6658976674079895
124M,2000,Random,15,0.6715967059135437
124M,2000,Random,16,0.6684622168540955
124M,2000,Random,17,0.6696121096611023
124M,2000,Random,18,0.6692274808883667
124M,2000,Random,19,0.6673058867454529
124M,2000,Random,20,0.6674408912658691
124M,2000,Random,21,0.6622573137283325
124M,2000,Random,22,0.6664659380912781
124M,2000,Random,23,0.6675308346748352
124M,2000,Random,24,0.6676389575004578
124M,2000,Random,25,0.6682172417640686
124M,2000,Random,26,0.6752570271492004
124M,2000,Random,27,0.6681866645812988
124M,2000,Random,28,0.6712936758995056
124M,2000,Random,29,0.6750841736793518
124M,2000,Random,30,0.6698265671730042
124M,2000,Random,31,0.6733644008636475
124M,2000,Random,32,0.6664956212043762
124M,2000,Random,33,0.6669091582298279
124M,2000,Random,34,0.6640194058418274
124M,2000,Random,35,0.6669834852218628
124M,2000,Random,36,0.6730356216430664
124M,2000,Random,37,0.6723163723945618
124M,2000,Random,38,0.6692623496055603
124M,2000,Random,39,0.672081470489502
124M,2000,Random,40,0.6709401607513428
124M,2000,Random,41,0.6761087775230408
124M,2000,Random,42,0.6708129048347473
124M,2000,Random,43,0.6706424951553345
124M,2000,Random,44,0.6618945002555847
124M,2500,Global,-1,154.00811767578125
124M,2500,Frequency,0,1.007362723350525
124M,2500,Frequency,1,0.9491142630577087
124M,2500,Frequency,2,0.9136500358581543
124M,2500,Frequency,3,0.8899202942848206
124M,2500,Frequency,4,0.869225263595581
124M,2500,Frequency,5,0.8446502089500427
124M,2500,Frequency,6,0.826948881149292
124M,2500,Frequency,7,0.8095622062683105
124M,2500,Frequency,8,0.7976887822151184
124M,2500,Frequency,9,0.7797474265098572
124M,2500,Frequency,10,0.767719030380249
124M,2500,Frequency,11,0.7567510008811951
124M,2500,Frequency,12,0.742300808429718
124M,2500,Frequency,13,0.7328457832336426
124M,2500,Frequency,14,0.7208065390586853
124M,2500,Frequency,15,0.7163327932357788
124M,2500,Frequency,16,0.7078012824058533
124M,2500,Frequency,17,0.6992208957672119
124M,2500,Frequency,18,0.6863274574279785
124M,2500,Frequency,19,0.6840430498123169
124M,2500,Frequency,20,0.6777703762054443
124M,2500,Frequency,21,0.6690448522567749
124M,2500,Frequency,22,0.6685105562210083
124M,2500,Frequency,23,0.6587826013565063
124M,2500,Frequency,24,0.6527901291847229
124M,2500,Frequency,25,0.6490234732627869
124M,2500,Frequency,26,0.6414597034454346
124M,2500,Frequency,27,0.6365313529968262
124M,2500,Frequency,28,0.6323484778404236
124M,2500,Frequency,29,0.625615119934082
124M,2500,Frequency,30,0.6217800378799438
124M,2500,Frequency,31,0.6139771938323975
124M,2500,Frequency,32,0.6113056540489197
124M,2500,Frequency,33,0.6012513637542725
124M,2500,Frequency,34,0.5967738628387451
124M,2500,Frequency,35,0.5920464992523193
124M,2500,Frequency,36,0.5859937071800232
124M,2500,Frequency,37,0.5796448588371277
124M,2500,Frequency,38,0.5728687047958374
124M,2500,Frequency,39,0.5672193169593811
124M,2500,Frequency,40,0.5622592568397522
124M,2500,Frequency,41,0.5603586435317993
124M,2500,Frequency,42,0.5575036406517029
124M,2500,Frequency,43,0.5562133193016052
124M,2500,Frequency,44,0.5568722486495972
124M,2500,Random,0,0.6918966174125671
124M,2500,Random,1,0.6996825933456421
124M,2500,Random,2,0.7018797397613525
124M,2500,Random,3,0.6899101138114929
124M,2500,Random,4,0.6958888173103333
124M,2500,Random,5,0.6885185837745667
124M,2500,Random,6,0.6950438022613525
124M,2500,Random,7,0.6942036151885986
124M,2500,Random,8,0.6969764232635498
124M,2500,Random,9,0.6979902386665344
124M,2500,Random,10,0.6967408657073975
124M,2500,Random,11,0.6942101716995239
124M,2500,Random,12,0.6927903294563293
124M,2500,Random,13,0.6977176070213318
124M,2500,Random,14,0.6899062991142273
124M,2500,Random,15,0.696912944316864
124M,2500,Random,16,0.6922414898872375
124M,2500,Random,17,0.6950394511222839
124M,2500,Random,18,0.6925749182701111
124M,2500,Random,19,0.6911081671714783
124M,2500,Random,20,0.6917052268981934
124M,2500,Random,21,0.6862919330596924
124M,2500,Random,22,0.6904306411743164
124M,2500,Random,23,0.6924014687538147
124M,2500,Random,24,0.6922149658203125
124M,2500,Random,25,0.6933951377868652
124M,2500,Random,26,0.7019803524017334
124M,2500,Random,27,0.6933859586715698
124M,2500,Random,28,0.6971232891082764
124M,2500,Random,29,0.7002965807914734
124M,2500,Random,30,0.6939089298248291
124M,2500,Random,31,0.6988987326622009
124M,2500,Random,32,0.6911875605583191
124M,2500,Random,33,0.691514790058136
124M,2500,Random,34,0.6888373494148254
124M,2500,Random,35,0.690951406955719
124M,2500,Random,36,0.6984161734580994
124M,2500,Random,37,0.6968237161636353
124M,2500,Random,38,0.6937363147735596
124M,2500,Random,39,0.6986762881278992
124M,2500,Random,40,0.6953685879707336
124M,2500,Random,41,0.7018013596534729
124M,2500,Random,42,0.6961540579795837
124M,2500,Random,43,0.6943175196647644
124M,2500,Random,44,0.6855472922325134
124M,3000,Global,-1,159.2843017578125
124M,3000,Frequency,0,1.0666512250900269
124M,3000,Frequency,1,1.007002592086792
124M,3000,Frequency,2,0.9681974053382874
124M,3000,Frequency,3,0.9412667751312256
124M,3000,Frequency,4,0.9174025058746338
124M,3000,Frequency,5,0.8902562260627747
124M,3000,Frequency,6,0.8699755072593689
124M,3000,Frequency,7,0.8506796360015869
124M,3000,Frequency,8,0.8358674049377441
124M,3000,Frequency,9,0.8175508379936218
124M,3000,Frequency,10,0.8042970895767212
124M,3000,Frequency,11,0.7917739748954773
124M,3000,Frequency,12,0.7740721702575684
124M,3000,Frequency,13,0.7632628679275513
124M,3000,Frequency,14,0.7494760155677795
124M,3000,Frequency,15,0.7448257803916931
124M,3000,Frequency,16,0.7350664138793945
124M,3000,Frequency,17,0.724414050579071
124M,3000,Frequency,18,0.7099109888076782
124M,3000,Frequency,19,0.7084112763404846
124M,3000,Frequency,20,0.698896586894989
124M,3000,Frequency,21,0.6896650195121765
124M,3000,Frequency,22,0.6896831393241882
124M,3000,Frequency,23,0.6776100397109985
124M,3000,Frequency,24,0.670745849609375
124M,3000,Frequency,25,0.6670082211494446
124M,3000,Frequency,26,0.658737063407898
124M,3000,Frequency,27,0.6525223255157471
124M,3000,Frequency,28,0.6463320255279541
124M,3000,Frequency,29,0.6393714547157288
124M,3000,Frequency,30,0.6354926824569702
124M,3000,Frequency,31,0.6257988214492798
124M,3000,Frequency,32,0.6218308210372925
124M,3000,Frequency,33,0.6108909249305725
124M,3000,Frequency,34,0.6056540608406067
124M,3000,Frequency,35,0.6004918217658997
124M,3000,Frequency,36,0.5926955342292786
124M,3000,Frequency,37,0.58503657579422
124M,3000,Frequency,38,0.5774266123771667
124M,3000,Frequency,39,0.5702440142631531
124M,3000,Frequency,40,0.5644731521606445
124M,3000,Frequency,41,0.5615158677101135
124M,3000,Frequency,42,0.5582479238510132
124M,3000,Frequency,43,0.5565914511680603
124M,3000,Frequency,44,0.5572065114974976
124M,3000,Random,0,0.71524578332901
124M,3000,Random,1,0.7237219214439392
124M,3000,Random,2,0.7246848344802856
124M,3000,Random,3,0.7123532891273499
124M,3000,Random,4,0.7195616364479065
124M,3000,Random,5,0.7110525965690613
124M,3000,Random,6,0.7184447050094604
124M,3000,Random,7,0.7176567316055298
124M,3000,Random,8,0.72218257188797
124M,3000,Random,9,0.7213780283927917
124M,3000,Random,10,0.721352756023407
124M,3000,Random,11,0.7181258797645569
124M,3000,Random,12,0.7155560255050659
124M,3000,Random,13,0.7215232253074646
124M,3000,Random,14,0.7137336134910583
124M,3000,Random,15,0.7203037738800049
124M,3000,Random,16,0.7153940796852112
124M,3000,Random,17,0.7177464962005615
124M,3000,Random,18,0.7150459885597229
124M,3000,Random,19,0.7144383788108826
124M,3000,Random,20,0.7140623331069946
124M,3000,Random,21,0.7083368301391602
124M,3000,Random,22,0.7127071022987366
124M,3000,Random,23,0.7152977585792542
124M,3000,Random,24,0.7145147323608398
124M,3000,Random,25,0.7165374159812927
124M,3000,Random,26,0.7268450856208801
124M,3000,Random,27,0.7170064449310303
124M,3000,Random,28,0.7210245132446289
124M,3000,Random,29,0.7248386740684509
124M,3000,Random,30,0.7173935174942017
124M,3000,Random,31,0.7225126624107361
124M,3000,Random,32,0.7148488163948059
124M,3000,Random,33,0.7138287425041199
124M,3000,Random,34,0.7118152976036072
124M,3000,Random,35,0.7135446667671204
124M,3000,Random,36,0.7219265103340149
124M,3000,Random,37,0.7210693955421448
124M,3000,Random,38,0.7167032957077026
124M,3000,Random,39,0.7223710417747498
124M,3000,Random,40,0.7189025282859802
124M,3000,Random,41,0.7272778153419495
124M,3000,Random,42,0.719434380531311
124M,3000,Random,43,0.717594563961029
124M,3000,Random,44,0.7075133919715881
124M,3500,Global,-1,164.42535400390625
124M,3500,Frequency,0,1.1229358911514282
124M,3500,Frequency,1,1.0594929456710815
124M,3500,Frequency,2,1.0182377099990845
124M,3500,Frequency,3,0.9893377423286438
124M,3500,Frequency,4,0.962710976600647
124M,3500,Frequency,5,0.9356554746627808
124M,3500,Frequency,6,0.91268390417099
124M,3500,Frequency,7,0.890367329120636
124M,3500,Frequency,8,0.8734745979309082
124M,3500,Frequency,9,0.8530060648918152
124M,3500,Frequency,10,0.8393824696540833
124M,3500,Frequency,11,0.8252476453781128
124M,3500,Frequency,12,0.8054473996162415
124M,3500,Frequency,13,0.7936482429504395
124M,3500,Frequency,14,0.7770749926567078
124M,3500,Frequency,15,0.7731252312660217
124M,3500,Frequency,16,0.7602828741073608
124M,3500,Frequency,17,0.7495329976081848
124M,3500,Frequency,18,0.732606828212738
124M,3500,Frequency,19,0.7308411598205566
124M,3500,Frequency,20,0.7214486598968506
124M,3500,Frequency,21,0.710570216178894
124M,3500,Frequency,22,0.7095752954483032
124M,3500,Frequency,23,0.6958514451980591
124M,3500,Frequency,24,0.6889437437057495
124M,3500,Frequency,25,0.6844426989555359
124M,3500,Frequency,26,0.6744382977485657
124M,3500,Frequency,27,0.6680920124053955
124M,3500,Frequency,28,0.6621624827384949
124M,3500,Frequency,29,0.6528176069259644
124M,3500,Frequency,30,0.6490035653114319
124M,3500,Frequency,31,0.6383203268051147
124M,3500,Frequency,32,0.6330835819244385
124M,3500,Frequency,33,0.6215501427650452
124M,3500,Frequency,34,0.6147685050964355
124M,3500,Frequency,35,0.6080709099769592
124M,3500,Frequency,36,0.5996484756469727
124M,3500,Frequency,37,0.5902755260467529
124M,3500,Frequency,38,0.5821014642715454
124M,3500,Frequency,39,0.5728835463523865
124M,3500,Frequency,40,0.5663661360740662
124M,3500,Frequency,41,0.5625935792922974
124M,3500,Frequency,42,0.558850884437561
124M,3500,Frequency,43,0.5568313002586365
124M,3500,Frequency,44,0.557659387588501
124M,3500,Random,0,0.7380918860435486
124M,3500,Random,1,0.747073233127594
124M,3500,Random,2,0.7484268546104431
124M,3500,Random,3,0.7344411611557007
124M,3500,Random,4,0.7413550019264221
124M,3500,Random,5,0.7334731817245483
124M,3500,Random,6,0.7412986159324646
124M,3500,Random,7,0.7393015027046204
124M,3500,Random,8,0.745793879032135
124M,3500,Random,9,0.7438841462135315
124M,3500,Random,10,0.7443093657493591
124M,3500,Random,11,0.7406212091445923
124M,3500,Random,12,0.737017810344696
124M,3500,Random,13,0.7446162104606628
124M,3500,Random,14,0.7363936305046082
124M,3500,Random,15,0.7440862059593201
124M,3500,Random,16,0.7373782992362976
124M,3500,Random,17,0.7404621839523315
124M,3500,Random,18,0.7374902367591858
124M,3500,Random,19,0.7370907664299011
124M,3500,Random,20,0.7354326844215393
124M,3500,Random,21,0.7292875051498413
124M,3500,Random,22,0.7345184087753296
124M,3500,Random,23,0.7379729747772217
124M,3500,Random,24,0.7361529469490051
124M,3500,Random,25,0.7386823296546936
124M,3500,Random,26,0.750022828578949
124M,3500,Random,27,0.7396537065505981
124M,3500,Random,28,0.7440917491912842
124M,3500,Random,29,0.7470743060112
124M,3500,Random,30,0.7392475605010986
124M,3500,Random,31,0.7459368109703064
124M,3500,Random,32,0.7374171614646912
124M,3500,Random,33,0.7361223101615906
124M,3500,Random,34,0.7339245676994324
124M,3500,Random,35,0.7350530624389648
124M,3500,Random,36,0.7455909848213196
124M,3500,Random,37,0.7437974214553833
124M,3500,Random,38,0.7389702796936035
124M,3500,Random,39,0.7462244629859924
124M,3500,Random,40,0.7426411509513855
124M,3500,Random,41,0.7511855363845825
124M,3500,Random,42,0.742188572883606
124M,3500,Random,43,0.7411162257194519
124M,3500,Random,44,0.7298370599746704
124M,4000,Global,-1,169.4254150390625
124M,4000,Frequency,0,1.1747167110443115
124M,4000,Frequency,1,1.1100795269012451
124M,4000,Frequency,2,1.066377878189087
124M,4000,Frequency,3,1.0344136953353882
124M,4000,Frequency,4,1.0068403482437134
124M,4000,Frequency,5,0.9773120880126953
124M,4000,Frequency,6,0.9540340900421143
124M,4000,Frequency,7,0.926953136920929
124M,4000,Frequency,8,0.9088871479034424
124M,4000,Frequency,9,0.8867536783218384
124M,4000,Frequency,10,0.8731388449668884
124M,4000,Frequency,11,0.8567852973937988
124M,4000,Frequency,12,0.8350682258605957
124M,4000,Frequency,13,0.8222312331199646
124M,4000,Frequency,14,0.8046771883964539
124M,4000,Frequency,15,0.799296498298645
124M,4000,Frequency,16,0.7849154472351074
124M,4000,Frequency,17,0.7751168012619019
124M,4000,Frequency,18,0.7569697499275208
124M,4000,Frequency,19,0.7538114786148071
124M,4000,Frequency,20,0.7433512806892395
124M,4000,Frequency,21,0.7311572432518005
124M,4000,Frequency,22,0.7290588617324829
124M,4000,Frequency,23,0.7153661251068115
124M,4000,Frequency,24,0.7062787413597107
124M,4000,Frequency,25,0.7018095254898071
124M,4000,Frequency,26,0.6907159090042114
124M,4000,Frequency,27,0.6830165386199951
124M,4000,Frequency,28,0.6769160032272339
124M,4000,Frequency,29,0.6674838662147522
124M,4000,Frequency,30,0.6630668044090271
124M,4000,Frequency,31,0.6500142216682434
124M,4000,Frequency,32,0.6448062062263489
124M,4000,Frequency,33,0.6316580772399902
124M,4000,Frequency,34,0.6249843835830688
124M,4000,Frequency,35,0.6162423491477966
124M,4000,Frequency,36,0.6064851880073547
124M,4000,Frequency,37,0.5953207612037659
124M,4000,Frequency,38,0.5861427783966064
124M,4000,Frequency,39,0.5761078000068665
124M,4000,Frequency,40,0.5686348676681519
124M,4000,Frequency,41,0.5638330578804016
124M,4000,Frequency,42,0.5596132874488831
124M,4000,Frequency,43,0.5571274757385254
124M,4000,Frequency,44,0.5577975511550903
124M,4000,Random,0,0.7597164511680603
124M,4000,Random,1,0.7702644467353821
124M,4000,Random,2,0.7715916633605957
124M,4000,Random,3,0.7551355957984924
124M,4000,Random,4,0.763550341129303
124M,4000,Random,5,0.7557893395423889
124M,4000,Random,6,0.7625454068183899
124M,4000,Random,7,0.7607091069221497
124M,4000,Random,8,0.7681229710578918
124M,4000,Random,9,0.7655616402626038
124M,4000,Random,10,0.7663867473602295
124M,4000,Random,11,0.7623664736747742
124M,4000,Random,12,0.759692370891571
124M,4000,Random,13,0.7669792771339417
124M,4000,Random,14,0.7584162354469299
124M,4000,Random,15,0.7664149403572083
124M,4000,Random,16,0.7594306468963623
124M,4000,Random,17,0.7633160948753357
124M,4000,Random,18,0.7585527300834656
124M,4000,Random,19,0.7581407427787781
124M,4000,Random,20,0.7573515772819519
124M,4000,Random,21,0.7515521049499512
124M,4000,Random,22,0.755540668964386
124M,4000,Random,23,0.7592715620994568
124M,4000,Random,24,0.7582566142082214
124M,4000,Random,25,0.759673535823822
124M,4000,Random,26,0.7735651731491089
124M,4000,Random,27,0.7619030475616455
124M,4000,Random,28,0.7670229077339172
124M,4000,Random,29,0.7701364159584045
124M,4000,Random,30,0.7604196667671204
124M,4000,Random,31,0.7674309015274048
124M,4000,Random,32,0.7586573958396912
124M,4000,Random,33,0.7573955655097961
124M,4000,Random,34,0.7555865049362183
124M,4000,Random,35,0.7556626200675964
124M,4000,Random,36,0.7682044506072998
124M,4000,Random,37,0.7655544877052307
124M,4000,Random,38,0.7602390646934509
124M,4000,Random,39,0.7679954767227173
124M,4000,Random,40,0.7640126347541809
124M,4000,Random,41,0.7743514776229858
124M,4000,Random,42,0.7639190554618835
124M,4000,Random,43,0.7630907297134399
124M,4000,Random,44,0.7509435415267944
124M,4500,Global,-1,174.2267303466797
124M,4500,Frequency,0,1.2261481285095215
124M,4500,Frequency,1,1.1580859422683716
124M,4500,Frequency,2,1.1110718250274658
124M,4500,Frequency,3,1.0773818492889404
124M,4500,Frequency,4,1.0480263233184814
124M,4500,Frequency,5,1.0181620121002197
124M,4500,Frequency,6,0.9919130802154541
124M,4500,Frequency,7,0.9643093943595886
124M,4500,Frequency,8,0.9423102736473083
124M,4500,Frequency,9,0.9188462495803833
124M,4500,Frequency,10,0.9031577110290527
124M,4500,Frequency,11,0.8870850801467896
124M,4500,Frequency,12,0.8638230562210083
124M,4500,Frequency,13,0.8499222993850708
124M,4500,Frequency,14,0.8307494521141052
124M,4500,Frequency,15,0.824633777141571
124M,4500,Frequency,16,0.8096732497215271
124M,4500,Frequency,17,0.7984101176261902
124M,4500,Frequency,18,0.7792519927024841
124M,4500,Frequency,19,0.776045560836792
124M,4500,Frequency,20,0.7637616991996765
124M,4500,Frequency,21,0.7510988116264343
124M,4500,Frequency,22,0.7486262917518616
124M,4500,Frequency,23,0.7329214811325073
124M,4500,Frequency,24,0.7232115864753723
124M,4500,Frequency,25,0.7175582051277161
124M,4500,Frequency,26,0.7070751786231995
124M,4500,Frequency,27,0.6975681781768799
124M,4500,Frequency,28,0.6904634237289429
124M,4500,Frequency,29,0.6805161833763123
124M,4500,Frequency,30,0.6748446226119995
124M,4500,Frequency,31,0.6609380841255188
124M,4500,Frequency,32,0.6562821865081787
124M,4500,Frequency,33,0.6415089964866638
124M,4500,Frequency,34,0.6335815787315369
124M,4500,Frequency,35,0.6235139966011047
124M,4500,Frequency,36,0.6136213541030884
124M,4500,Frequency,37,0.6004787683486938
124M,4500,Frequency,38,0.590436577796936
124M,4500,Frequency,39,0.5790947079658508
124M,4500,Frequency,40,0.5704240798950195
124M,4500,Frequency,41,0.5650505423545837
124M,4500,Frequency,42,0.5604955554008484
124M,4500,Frequency,43,0.5575515627861023
124M,4500,Frequency,44,0.5582054853439331
124M,4500,Random,0,0.780653715133667
124M,4500,Random,1,0.7910416126251221
124M,4500,Random,2,0.7923330664634705
124M,4500,Random,3,0.7752363681793213
124M,4500,Random,4,0.7850096225738525
124M,4500,Random,5,0.7758808135986328
124M,4500,Random,6,0.7830843329429626
124M,4500,Random,7,0.780718982219696
124M,4500,Random,8,0.7889941930770874
124M,4500,Random,9,0.7868888974189758
124M,4500,Random,10,0.7874026298522949
124M,4500,Random,11,0.7830119132995605
124M,4500,Random,12,0.7809876799583435
124M,4500,Random,13,0.7885630130767822
124M,4500,Random,14,0.7793377637863159
124M,4500,Random,15,0.7872290015220642
124M,4500,Random,16,0.7793506383895874
124M,4500,Random,17,0.7851136922836304
124M,4500,Random,18,0.7799021601676941
124M,4500,Random,19,0.7783253788948059
124M,4500,Random,20,0.7789227366447449
124M,4500,Random,21,0.7712022662162781
124M,4500,Random,22,0.7756604552268982
124M,4500,Random,23,0.7806003093719482
124M,4500,Random,24,0.7795778512954712
124M,4500,Random,25,0.7803042531013489
124M,4500,Random,26,0.7952055335044861
124M,4500,Random,27,0.7830525040626526
124M,4500,Random,28,0.7878313660621643
124M,4500,Random,29,0.7914677858352661
124M,4500,Random,30,0.780547022819519
124M,4500,Random,31,0.7891331315040588
124M,4500,Random,32,0.7785812020301819
124M,4500,Random,33,0.7794678211212158
124M,4500,Random,34,0.7746018171310425
124M,4500,Random,35,0.7756444811820984
124M,4500,Random,36,0.7890110015869141
124M,4500,Random,37,0.7870814204216003
124M,4500,Random,38,0.781769335269928
124M,4500,Random,39,0.7891484498977661
124M,4500,Random,40,0.7840499877929688
124M,4500,Random,41,0.7956061959266663
124M,4500,Random,42,0.7849562764167786
124M,4500,Random,43,0.7844950556755066
124M,4500,Random,44,0.7696409821510315
124M,5000,Global,-1,178.93255615234375
124M,5000,Frequency,0,1.2727617025375366
124M,5000,Frequency,1,1.2042996883392334
124M,5000,Frequency,2,1.1557095050811768
124M,5000,Frequency,3,1.1181116104125977
124M,5000,Frequency,4,1.0888296365737915
124M,5000,Frequency,5,1.0563700199127197
124M,5000,Frequency,6,1.028774619102478
124M,5000,Frequency,7,1.0001649856567383
124M,5000,Frequency,8,0.9751061201095581
124M,5000,Frequency,9,0.9499498009681702
124M,5000,Frequency,10,0.9332566261291504
124M,5000,Frequency,11,0.9168998599052429
124M,5000,Frequency,12,0.8909593224525452
124M,5000,Frequency,13,0.8763384819030762
124M,5000,Frequency,14,0.8565588593482971
124M,5000,Frequency,15,0.8492149710655212
124M,5000,Frequency,16,0.8326944708824158
124M,5000,Frequency,17,0.8215656876564026
124M,5000,Frequency,18,0.8011141419410706
124M,5000,Frequency,19,0.7976040244102478
124M,5000,Frequency,20,0.7842027544975281
124M,5000,Frequency,21,0.769904613494873
124M,5000,Frequency,22,0.7676683068275452
124M,5000,Frequency,23,0.7510945200920105
124M,5000,Frequency,24,0.7409036755561829
124M,5000,Frequency,25,0.7335428595542908
124M,5000,Frequency,26,0.7222084999084473
124M,5000,Frequency,27,0.7121801376342773
124M,5000,Frequency,28,0.7046976685523987
124M,5000,Frequency,29,0.6941667199134827
124M,5000,Frequency,30,0.6870350241661072
124M,5000,Frequency,31,0.6724036931991577
124M,5000,Frequency,32,0.667729914188385
124M,5000,Frequency,33,0.6518912315368652
124M,5000,Frequency,34,0.6417134404182434
124M,5000,Frequency,35,0.631282389163971
124M,5000,Frequency,36,0.6203677654266357
124M,5000,Frequency,37,0.6059330701828003
124M,5000,Frequency,38,0.5949138402938843
124M,5000,Frequency,39,0.5822352170944214
124M,5000,Frequency,40,0.5728973150253296
124M,5000,Frequency,41,0.5665392875671387
124M,5000,Frequency,42,0.5611897706985474
124M,5000,Frequency,43,0.5579431653022766
124M,5000,Frequency,44,0.5583202838897705
124M,5000,Random,0,0.8010376691818237
124M,5000,Random,1,0.8107175230979919
124M,5000,Random,2,0.8134511709213257
124M,5000,Random,3,0.7949888706207275
124M,5000,Random,4,0.8053072690963745
124M,5000,Random,5,0.7956087589263916
124M,5000,Random,6,0.8023502230644226
124M,5000,Random,7,0.8003798723220825
124M,5000,Random,8,0.8093116879463196
124M,5000,Random,9,0.8065420389175415
124M,5000,Random,10,0.80837482213974
124M,5000,Random,11,0.8031361103057861
124M,5000,Random,12,0.8010343313217163
124M,5000,Random,13,0.8094205260276794
124M,5000,Random,14,0.8001663684844971
124M,5000,Random,15,0.8075094223022461
124M,5000,Random,16,0.7992953062057495
124M,5000,Random,17,0.8058435320854187
124M,5000,Random,18,0.7997283935546875
124M,5000,Random,19,0.7995830178260803
124M,5000,Random,20,0.7991734743118286
124M,5000,Random,21,0.7904625535011292
124M,5000,Random,22,0.7949771881103516
124M,5000,Random,23,0.8005290627479553
124M,5000,Random,24,0.8005944490432739
124M,5000,Random,25,0.7999923825263977
124M,5000,Random,26,0.8158344030380249
124M,5000,Random,27,0.8032276034355164
124M,5000,Random,28,0.8086969256401062
124M,5000,Random,29,0.8129280805587769
124M,5000,Random,30,0.8008872270584106
124M,5000,Random,31,0.809359610080719
124M,5000,Random,32,0.7984338402748108
124M,5000,Random,33,0.7991329431533813
124M,5000,Random,34,0.7945913076400757
124M,5000,Random,35,0.7961373329162598
124M,5000,Random,36,0.8104173541069031
124M,5000,Random,37,0.8080382347106934
124M,5000,Random,38,0.8025901317596436
124M,5000,Random,39,0.8100589513778687
124M,5000,Random,40,0.8055393695831299
124M,5000,Random,41,0.8175399899482727
124M,5000,Random,42,0.8045926094055176
124M,5000,Random,43,0.8056790232658386
124M,5000,Random,44,0.7901618480682373
124M,5500,Global,-1,183.49362182617188
124M,5500,Frequency,0,1.3185099363327026
124M,5500,Frequency,1,1.2476516962051392
124M,5500,Frequency,2,1.19777512550354
124M,5500,Frequency,3,1.157747507095337
124M,5500,Frequency,4,1.12908935546875
124M,5500,Frequency,5,1.0927566289901733
124M,5500,Frequency,6,1.064385175704956
124M,5500,Frequency,7,1.0330694913864136
124M,5500,Frequency,8,1.0084960460662842
124M,5500,Frequency,9,0.9816667437553406
124M,5500,Frequency,10,0.9636499285697937
124M,5500,Frequency,11,0.9465850591659546
124M,5500,Frequency,12,0.9183393120765686
124M,5500,Frequency,13,0.903616189956665
124M,5500,Frequency,14,0.8810811638832092
124M,5500,Frequency,15,0.8747718334197998
124M,5500,Frequency,16,0.8565575480461121
124M,5500,Frequency,17,0.8426897525787354
124M,5500,Frequency,18,0.8227151036262512
124M,5500,Frequency,19,0.817668616771698
124M,5500,Frequency,20,0.8045459389686584
124M,5500,Frequency,21,0.7893106937408447
124M,5500,Frequency,22,0.7867707014083862
124M,5500,Frequency,23,0.7684949636459351
124M,5500,Frequency,24,0.7568666338920593
124M,5500,Frequency,25,0.7496972680091858
124M,5500,Frequency,26,0.7376213669776917
124M,5500,Frequency,27,0.7276012301445007
124M,5500,Frequency,28,0.7184247970581055
124M,5500,Frequency,29,0.707032322883606
124M,5500,Frequency,30,0.699809193611145
124M,5500,Frequency,31,0.684090256690979
124M,5500,Frequency,32,0.6786798238754272
124M,5500,Frequency,33,0.6606782078742981
124M,5500,Frequency,34,0.6503575444221497
124M,5500,Frequency,35,0.6391292214393616
124M,5500,Frequency,36,0.6271065473556519
124M,5500,Frequency,37,0.6112745404243469
124M,5500,Frequency,38,0.5991024374961853
124M,5500,Frequency,39,0.58527672290802
124M,5500,Frequency,40,0.5750570297241211
124M,5500,Frequency,41,0.5678064227104187
124M,5500,Frequency,42,0.5618749856948853
124M,5500,Frequency,43,0.5583285093307495
124M,5500,Frequency,44,0.5583750009536743
124M,5500,Random,0,0.8202738761901855
124M,5500,Random,1,0.8323827385902405
124M,5500,Random,2,0.8328468203544617
124M,5500,Random,3,0.8140811920166016
124M,5500,Random,4,0.8252513408660889
124M,5500,Random,5,0.8156374096870422
124M,5500,Random,6,0.8221706748008728
124M,5500,Random,7,0.8201354742050171
124M,5500,Random,8,0.8300749659538269
124M,5500,Random,9,0.8266291618347168
124M,5500,Random,10,0.8281041383743286
124M,5500,Random,11,0.8230148553848267
124M,5500,Random,12,0.8199183344841003
124M,5500,Random,13,0.829405665397644
124M,5500,Random,14,0.819956362247467
124M,5500,Random,15,0.8282122015953064
124M,5500,Random,16,0.8177959322929382
124M,5500,Random,17,0.825962483882904
124M,5500,Random,18,0.8197147250175476
124M,5500,Random,19,0.8202846646308899
124M,5500,Random,20,0.8190350532531738
124M,5500,Random,21,0.8094169497489929
124M,5500,Random,22,0.8146942257881165
124M,5500,Random,23,0.8201254606246948
124M,5500,Random,24,0.8201842308044434
124M,5500,Random,25,0.8200859427452087
124M,5500,Random,26,0.8368723392486572
124M,5500,Random,27,0.82306307554245
124M,5500,Random,28,0.8297758102416992
124M,5500,Random,29,0.8339542746543884
124M,5500,Random,30,0.8200556635856628
124M,5500,Random,31,0.8290706276893616
124M,5500,Random,32,0.8189570903778076
124M,5500,Random,33,0.8190266489982605
124M,5500,Random,34,0.8133904933929443
124M,5500,Random,35,0.8154135346412659
124M,5500,Random,36,0.8311944007873535
124M,5500,Random,37,0.8282939195632935
124M,5500,Random,38,0.8217287063598633
124M,5500,Random,39,0.8287031054496765
124M,5500,Random,40,0.8257744908332825
124M,5500,Random,41,0.8396351337432861
124M,5500,Random,42,0.8234017491340637
124M,5500,Random,43,0.8272919654846191
124M,5500,Random,44,0.8104322552680969
124M,6000,Global,-1,187.86492919921875
124M,6000,Frequency,0,1.3615180253982544
124M,6000,Frequency,1,1.2897648811340332
124M,6000,Frequency,2,1.2386037111282349
124M,6000,Frequency,3,1.1962741613388062
124M,6000,Frequency,4,1.1666394472122192
124M,6000,Frequency,5,1.128024697303772
124M,6000,Frequency,6,1.0987541675567627
124M,6000,Frequency,7,1.0668737888336182
124M,6000,Frequency,8,1.0394953489303589
124M,6000,Frequency,9,1.0108065605163574
124M,6000,Frequency,10,0.992682933807373
124M,6000,Frequency,11,0.974335253238678
124M,6000,Frequency,12,0.9457249045372009
124M,6000,Frequency,13,0.9286866188049316
124M,6000,Frequency,14,0.9046868681907654
124M,6000,Frequency,15,0.8985241651535034
124M,6000,Frequency,16,0.8790419697761536
124M,6000,Frequency,17,0.8638066649436951
124M,6000,Frequency,18,0.8429936170578003
124M,6000,Frequency,19,0.8375645875930786
124M,6000,Frequency,20,0.8239415884017944
124M,6000,Frequency,21,0.8067337274551392
124M,6000,Frequency,22,0.8050552606582642
124M,6000,Frequency,23,0.7854516506195068
124M,6000,Frequency,24,0.7719681859016418
124M,6000,Frequency,25,0.7647823691368103
124M,6000,Frequency,26,0.7526184916496277
124M,6000,Frequency,27,0.7422937750816345
124M,6000,Frequency,28,0.732435941696167
124M,6000,Frequency,29,0.7204946875572205
124M,6000,Frequency,30,0.7115241885185242
124M,6000,Frequency,31,0.6960494518280029
124M,6000,Frequency,32,0.6892820000648499
124M,6000,Frequency,33,0.6705301403999329
124M,6000,Frequency,34,0.6587727069854736
124M,6000,Frequency,35,0.6461341381072998
124M,6000,Frequency,36,0.6335772275924683
124M,6000,Frequency,37,0.616658627986908
124M,6000,Frequency,38,0.6034846305847168
124M,6000,Frequency,39,0.5884596705436707
124M,6000,Frequency,40,0.5772387981414795
124M,6000,Frequency,41,0.5691236853599548
124M,6000,Frequency,42,0.5627612471580505
124M,6000,Frequency,43,0.5588303208351135
124M,6000,Frequency,44,0.5587231516838074
124M,6000,Random,0,0.8387059569358826
124M,6000,Random,1,0.8533112406730652
124M,6000,Random,2,0.8525211811065674
124M,6000,Random,3,0.8323289752006531
124M,6000,Random,4,0.845134437084198
124M,6000,Random,5,0.8327493667602539
124M,6000,Random,6,0.8411570191383362
124M,6000,Random,7,0.8394092321395874
124M,6000,Random,8,0.8485972285270691
124M,6000,Random,9,0.8455697894096375
124M,6000,Random,10,0.8488248586654663
124M,6000,Random,11,0.8425593972206116
124M,6000,Random,12,0.8383234739303589
124M,6000,Random,13,0.8486509323120117
124M,6000,Random,14,0.8393381237983704
124M,6000,Random,15,0.8477036952972412
124M,6000,Random,16,0.8375057578086853
124M,6000,Random,17,0.8450658321380615
124M,6000,Random,18,0.8391225934028625
124M,6000,Random,19,0.8387452363967896
124M,6000,Random,20,0.8371664881706238
124M,6000,Random,21,0.8284831047058105
124M,6000,Random,22,0.8328967690467834
124M,6000,Random,23,0.8394290804862976
124M,6000,Random,24,0.839156985282898
124M,6000,Random,25,0.8386993408203125
124M,6000,Random,26,0.8563463687896729
124M,6000,Random,27,0.8426080346107483
124M,6000,Random,28,0.8496184945106506
124M,6000,Random,29,0.8538538813591003
124M,6000,Random,30,0.8394613265991211
124M,6000,Random,31,0.8480969071388245
124M,6000,Random,32,0.8382859826087952
124M,6000,Random,33,0.8386499285697937
124M,6000,Random,34,0.8305321335792542
124M,6000,Random,35,0.8346095085144043
124M,6000,Random,36,0.850243330001831
124M,6000,Random,37,0.8473847508430481
124M,6000,Random,38,0.8410104513168335
124M,6000,Random,39,0.8486297726631165
124M,6000,Random,40,0.8448355793952942
124M,6000,Random,41,0.8603457808494568
124M,6000,Random,42,0.8432241678237915
124M,6000,Random,43,0.8468179702758789
124M,6000,Random,44,0.8289834260940552
124M,6500,Global,-1,192.1515655517578
124M,6500,Frequency,0,1.4049650430679321
124M,6500,Frequency,1,1.330199122428894
124M,6500,Frequency,2,1.2756761312484741
124M,6500,Frequency,3,1.2325998544692993
124M,6500,Frequency,4,1.2022578716278076
124M,6500,Frequency,5,1.1629043817520142
124M,6500,Frequency,6,1.1316850185394287
124M,6500,Frequency,7,1.0981539487838745
124M,6500,Frequency,8,1.070555567741394
124M,6500,Frequency,9,1.0395197868347168
124M,6500,Frequency,10,1.02142333984375
124M,6500,Frequency,11,1.0012174844741821
124M,6500,Frequency,12,0.9706827402114868
124M,6500,Frequency,13,0.953245222568512
124M,6500,Frequency,14,0.9278646111488342
124M,6500,Frequency,15,0.9219307899475098
124M,6500,Frequency,16,0.9013428688049316
124M,6500,Frequency,17,0.884916365146637
124M,6500,Frequency,18,0.8629160523414612
124M,6500,Frequency,19,0.8571478128433228
124M,6500,Frequency,20,0.8437873721122742
124M,6500,Frequency,21,0.8242784738540649
124M,6500,Frequency,22,0.8230419754981995
124M,6500,Frequency,23,0.8026074767112732
124M,6500,Frequency,24,0.7881549596786499
124M,6500,Frequency,25,0.7802960872650146
124M,6500,Frequency,26,0.7677727341651917
124M,6500,Frequency,27,0.7564282417297363
124M,6500,Frequency,28,0.7457398176193237
124M,6500,Frequency,29,0.7324548959732056
124M,6500,Frequency,30,0.7244156002998352
124M,6500,Frequency,31,0.7077251076698303
124M,6500,Frequency,32,0.6995606422424316
124M,6500,Frequency,33,0.6804838180541992
124M,6500,Frequency,34,0.6673586368560791
124M,6500,Frequency,35,0.6540292501449585
124M,6500,Frequency,36,0.6400507092475891
124M,6500,Frequency,37,0.6220552921295166
124M,6500,Frequency,38,0.6080520153045654
124M,6500,Frequency,39,0.5914064049720764
124M,6500,Frequency,40,0.5793030858039856
124M,6500,Frequency,41,0.5702965259552002
124M,6500,Frequency,42,0.5637223720550537
124M,6500,Frequency,43,0.5592650771141052
124M,6500,Frequency,44,0.559131383895874
124M,6500,Random,0,0.856834352016449
124M,6500,Random,1,0.8732133507728577
124M,6500,Random,2,0.8716393113136292
124M,6500,Random,3,0.8504453301429749
124M,6500,Random,4,0.8641773462295532
124M,6500,Random,5,0.8512715101242065
124M,6500,Random,6,0.8598647713661194
124M,6500,Random,7,0.858228325843811
124M,6500,Random,8,0.867357075214386
124M,6500,Random,9,0.8654477000236511
124M,6500,Random,10,0.8688989281654358
124M,6500,Random,11,0.8623183965682983
124M,6500,Random,12,0.8562227487564087
124M,6500,Random,13,0.8684161305427551
124M,6500,Random,14,0.8578128218650818
124M,6500,Random,15,0.8668372631072998
124M,6500,Random,16,0.8551293015480042
124M,6500,Random,17,0.8633940815925598
124M,6500,Random,18,0.8586212396621704
124M,6500,Random,19,0.8575150370597839
124M,6500,Random,20,0.8552834987640381
124M,6500,Random,21,0.8474498987197876
124M,6500,Random,22,0.8506655097007751
124M,6500,Random,23,0.8579786419868469
124M,6500,Random,24,0.8568773865699768
124M,6500,Random,25,0.8565090894699097
124M,6500,Random,26,0.8757375478744507
124M,6500,Random,27,0.8613699674606323
124M,6500,Random,28,0.8674123883247375
124M,6500,Random,29,0.8729738593101501
124M,6500,Random,30,0.8589608073234558
124M,6500,Random,31,0.8668083548545837
124M,6500,Random,32,0.8572037220001221
124M,6500,Random,33,0.8564552068710327
124M,6500,Random,34,0.8488408923149109
124M,6500,Random,35,0.8530049324035645
124M,6500,Random,36,0.8699731230735779
124M,6500,Random,37,0.8662474751472473
124M,6500,Random,38,0.8603109121322632
124M,6500,Random,39,0.8669150471687317
124M,6500,Random,40,0.8630590438842773
124M,6500,Random,41,0.8795976638793945
124M,6500,Random,42,0.8622711300849915
124M,6500,Random,43,0.8657779693603516
124M,6500,Random,44,0.8489344120025635
124M,7000,Global,-1,196.3766632080078
124M,7000,Frequency,0,1.4443539381027222
124M,7000,Frequency,1,1.3698115348815918
124M,7000,Frequency,2,1.3141405582427979
124M,7000,Frequency,3,1.2697187662124634
124M,7000,Frequency,4,1.236276388168335
124M,7000,Frequency,5,1.1965664625167847
124M,7000,Frequency,6,1.163930058479309
124M,7000,Frequency,7,1.1296911239624023
124M,7000,Frequency,8,1.099560022354126
124M,7000,Frequency,9,1.0695687532424927
124M,7000,Frequency,10,1.0487819910049438
124M,7000,Frequency,11,1.02726149559021
124M,7000,Frequency,12,0.9961694478988647
124M,7000,Frequency,13,0.9776615500450134
124M,7000,Frequency,14,0.9506683349609375
124M,7000,Frequency,15,0.943928062915802
124M,7000,Frequency,16,0.9235684871673584
124M,7000,Frequency,17,0.9054033756256104
124M,7000,Frequency,18,0.8822770714759827
124M,7000,Frequency,19,0.8768852949142456
124M,7000,Frequency,20,0.8630079030990601
124M,7000,Frequency,21,0.8416427373886108
124M,7000,Frequency,22,0.840394914150238
124M,7000,Frequency,23,0.8190010786056519
124M,7000,Frequency,24,0.8031687140464783
124M,7000,Frequency,25,0.7946169972419739
124M,7000,Frequency,26,0.7828638553619385
124M,7000,Frequency,27,0.7706414461135864
124M,7000,Frequency,28,0.7597004771232605
124M,7000,Frequency,29,0.7451135516166687
124M,7000,Frequency,30,0.7362180948257446
124M,7000,Frequency,31,0.7187256813049316
124M,7000,Frequency,32,0.7097548842430115
124M,7000,Frequency,33,0.6900659799575806
124M,7000,Frequency,34,0.6763315200805664
124M,7000,Frequency,35,0.6614108681678772
124M,7000,Frequency,36,0.6464588642120361
124M,7000,Frequency,37,0.627642810344696
124M,7000,Frequency,38,0.6122366189956665
124M,7000,Frequency,39,0.5944496393203735
124M,7000,Frequency,40,0.5815116167068481
124M,7000,Frequency,41,0.5716633200645447
124M,7000,Frequency,42,0.5647305846214294
124M,7000,Frequency,43,0.5598383545875549
124M,7000,Frequency,44,0.5596201419830322
124M,7000,Random,0,0.8749270439147949
124M,7000,Random,1,0.8915428519248962
124M,7000,Random,2,0.8906349539756775
124M,7000,Random,3,0.8687875866889954
124M,7000,Random,4,0.8825712203979492
124M,7000,Random,5,0.8695787191390991
124M,7000,Random,6,0.8778336644172668
124M,7000,Random,7,0.8771840929985046
124M,7000,Random,8,0.8859151005744934
124M,7000,Random,9,0.8834726810455322
124M,7000,Random,10,0.8879379034042358
124M,7000,Random,11,0.8807148933410645
124M,7000,Random,12,0.8745479583740234
124M,7000,Random,13,0.8882759809494019
124M,7000,Random,14,0.8764982223510742
124M,7000,Random,15,0.8853120803833008
124M,7000,Random,16,0.8731911182403564
124M,7000,Random,17,0.8810659646987915
124M,7000,Random,18,0.876624345779419
124M,7000,Random,19,0.8751969933509827
124M,7000,Random,20,0.8737235069274902
124M,7000,Random,21,0.8654229640960693
124M,7000,Random,22,0.868257462978363
124M,7000,Random,23,0.8760082721710205
124M,7000,Random,24,0.8743508458137512
124M,7000,Random,25,0.8744704127311707
124M,7000,Random,26,0.8952967524528503
124M,7000,Random,27,0.8794393539428711
124M,7000,Random,28,0.885868489742279
124M,7000,Random,29,0.891787052154541
124M,7000,Random,30,0.8773117661476135
124M,7000,Random,31,0.8853179216384888
124M,7000,Random,32,0.8764835000038147
124M,7000,Random,33,0.8746476769447327
124M,7000,Random,34,0.8658364415168762
124M,7000,Random,35,0.8711976408958435
124M,7000,Random,36,0.8888066411018372
124M,7000,Random,37,0.8860610127449036
124M,7000,Random,38,0.8783910274505615
124M,7000,Random,39,0.8849818110466003
124M,7000,Random,40,0.8811091780662537
124M,7000,Random,41,0.8990119695663452
124M,7000,Random,42,0.8808594346046448
124M,7000,Random,43,0.8845645785331726
124M,7000,Random,44,0.8664260506629944
124M,7500,Global,-1,200.46832275390625
124M,7500,Frequency,0,1.4836041927337646
124M,7500,Frequency,1,1.4079594612121582
124M,7500,Frequency,2,1.3524469137191772
124M,7500,Frequency,3,1.3043808937072754
124M,7500,Frequency,4,1.2689932584762573
124M,7500,Frequency,5,1.228312611579895
124M,7500,Frequency,6,1.1953096389770508
124M,7500,Frequency,7,1.1597168445587158
124M,7500,Frequency,8,1.128253698348999
124M,7500,Frequency,9,1.096935749053955
124M,7500,Frequency,10,1.0756345987319946
124M,7500,Frequency,11,1.051720142364502
124M,7500,Frequency,12,1.0209541320800781
124M,7500,Frequency,13,1.0008772611618042
124M,7500,Frequency,14,0.9734456539154053
124M,7500,Frequency,15,0.9648851752281189
124M,7500,Frequency,16,0.944128155708313
124M,7500,Frequency,17,0.92491215467453
124M,7500,Frequency,18,0.900945246219635
124M,7500,Frequency,19,0.8952648639678955
124M,7500,Frequency,20,0.8811834454536438
124M,7500,Frequency,21,0.8584733605384827
124M,7500,Frequency,22,0.8574970364570618
124M,7500,Frequency,23,0.8353546261787415
124M,7500,Frequency,24,0.8181464672088623
124M,7500,Frequency,25,0.809100329875946
124M,7500,Frequency,26,0.7964893579483032
124M,7500,Frequency,27,0.783441424369812
124M,7500,Frequency,28,0.7718464732170105
124M,7500,Frequency,29,0.757274866104126
124M,7500,Frequency,30,0.7482905387878418
124M,7500,Frequency,31,0.7294517755508423
124M,7500,Frequency,32,0.7203485369682312
124M,7500,Frequency,33,0.699045717716217
124M,7500,Frequency,34,0.6843177676200867
124M,7500,Frequency,35,0.6690000295639038
124M,7500,Frequency,36,0.6530576944351196
124M,7500,Frequency,37,0.633029043674469
124M,7500,Frequency,38,0.616635799407959
124M,7500,Frequency,39,0.5972309112548828
124M,7500,Frequency,40,0.5836334824562073
124M,7500,Frequency,41,0.5728334188461304
124M,7500,Frequency,42,0.5654506087303162
124M,7500,Frequency,43,0.5601658821105957
124M,7500,Frequency,44,0.5601425766944885
124M,7500,Random,0,0.8917555212974548
124M,7500,Random,1,0.9096964597702026
124M,7500,Random,2,0.9092589020729065
124M,7500,Random,3,0.8859334588050842
124M,7500,Random,4,0.9006587862968445
124M,7500,Random,5,0.8867948055267334
124M,7500,Random,6,0.8954408168792725
124M,7500,Random,7,0.8946765065193176
124M,7500,Random,8,0.9037438035011292
124M,7500,Random,9,0.9025416374206543
124M,7500,Random,10,0.9060404300689697
124M,7500,Random,11,0.8988204002380371
124M,7500,Random,12,0.8924355506896973
124M,7500,Random,13,0.9059070944786072
124M,7500,Random,14,0.8940802216529846
124M,7500,Random,15,0.9039238095283508
124M,7500,Random,16,0.8908572793006897
124M,7500,Random,17,0.8982775807380676
124M,7500,Random,18,0.8941106200218201
124M,7500,Random,19,0.892314612865448
124M,7500,Random,20,0.8903698921203613
124M,7500,Random,21,0.8827397227287292
124M,7500,Random,22,0.8844193816184998
124M,7500,Random,23,0.8935716152191162
124M,7500,Random,24,0.891633927822113
124M,7500,Random,25,0.8925288319587708
124M,7500,Random,26,0.9141073226928711
124M,7500,Random,27,0.8965806365013123
124M,7500,Random,28,0.9034691452980042
124M,7500,Random,29,0.9095783233642578
124M,7500,Random,30,0.8945339322090149
124M,7500,Random,31,0.903700590133667
124M,7500,Random,32,0.8946938514709473
124M,7500,Random,33,0.8918869495391846
124M,7500,Random,34,0.8817644119262695
124M,7500,Random,35,0.8879141807556152
124M,7500,Random,36,0.90715491771698
124M,7500,Random,37,0.9045708775520325
124M,7500,Random,38,0.8961286544799805
124M,7500,Random,39,0.9032091498374939
124M,7500,Random,40,0.8983083963394165
124M,7500,Random,41,0.9183675646781921
124M,7500,Random,42,0.8984920382499695
124M,7500,Random,43,0.902195155620575
124M,7500,Random,44,0.8846074938774109
124M,8000,Global,-1,204.4822235107422
124M,8000,Frequency,0,1.5221377611160278
124M,8000,Frequency,1,1.446435809135437
124M,8000,Frequency,2,1.388043999671936
124M,8000,Frequency,3,1.3386081457138062
124M,8000,Frequency,4,1.3018547296524048
124M,8000,Frequency,5,1.2604248523712158
124M,8000,Frequency,6,1.2253185510635376
124M,8000,Frequency,7,1.1896588802337646
124M,8000,Frequency,8,1.1565791368484497
124M,8000,Frequency,9,1.1246315240859985
124M,8000,Frequency,10,1.1002917289733887
124M,8000,Frequency,11,1.0764333009719849
124M,8000,Frequency,12,1.044966220855713
124M,8000,Frequency,13,1.0230807065963745
124M,8000,Frequency,14,0.9955371618270874
124M,8000,Frequency,15,0.9862783551216125
124M,8000,Frequency,16,0.9643650054931641
124M,8000,Frequency,17,0.9435728788375854
124M,8000,Frequency,18,0.9195729494094849
124M,8000,Frequency,19,0.9132533073425293
124M,8000,Frequency,20,0.8985889554023743
124M,8000,Frequency,21,0.8743569850921631
124M,8000,Frequency,22,0.8745101690292358
124M,8000,Frequency,23,0.8506701588630676
124M,8000,Frequency,24,0.8327813148498535
124M,8000,Frequency,25,0.8233433365821838
124M,8000,Frequency,26,0.8099709153175354
124M,8000,Frequency,27,0.7965775728225708
124M,8000,Frequency,28,0.7837543487548828
124M,8000,Frequency,29,0.7689446210861206
124M,8000,Frequency,30,0.7592292428016663
124M,8000,Frequency,31,0.739008367061615
124M,8000,Frequency,32,0.7297166585922241
124M,8000,Frequency,33,0.7079097032546997
124M,8000,Frequency,34,0.6926799416542053
124M,8000,Frequency,35,0.6758077144622803
124M,8000,Frequency,36,0.6596919298171997
124M,8000,Frequency,37,0.6382409930229187
124M,8000,Frequency,38,0.6207113862037659
124M,8000,Frequency,39,0.600048840045929
124M,8000,Frequency,40,0.585753321647644
124M,8000,Frequency,41,0.5740731954574585
124M,8000,Frequency,42,0.5662853717803955
124M,8000,Frequency,43,0.5604631304740906
124M,8000,Frequency,44,0.5602760910987854
124M,8000,Random,0,0.9091669917106628
124M,8000,Random,1,0.9277665615081787
124M,8000,Random,2,0.9262917041778564
124M,8000,Random,3,0.903315007686615
124M,8000,Random,4,0.9187209606170654
124M,8000,Random,5,0.9035530686378479
124M,8000,Random,6,0.9126971364021301
124M,8000,Random,7,0.9113466143608093
124M,8000,Random,8,0.9220156669616699
124M,8000,Random,9,0.9187449216842651
124M,8000,Random,10,0.9235168695449829
124M,8000,Random,11,0.9165945649147034
124M,8000,Random,12,0.9098482131958008
124M,8000,Random,13,0.9238137006759644
124M,8000,Random,14,0.9104629158973694
124M,8000,Random,15,0.9209684729576111
124M,8000,Random,16,0.9079892635345459
124M,8000,Random,17,0.9155606627464294
124M,8000,Random,18,0.9110770225524902
124M,8000,Random,19,0.9092453718185425
124M,8000,Random,20,0.9080948233604431
124M,8000,Random,21,0.9009008407592773
124M,8000,Random,22,0.9016323685646057
124M,8000,Random,23,0.9096829891204834
124M,8000,Random,24,0.9073394536972046
124M,8000,Random,25,0.9097471833229065
124M,8000,Random,26,0.9315060973167419
124M,8000,Random,27,0.9137483835220337
124M,8000,Random,28,0.9216042757034302
124M,8000,Random,29,0.9276270866394043
124M,8000,Random,30,0.9102333784103394
124M,8000,Random,31,0.9212022423744202
124M,8000,Random,32,0.9115534424781799
124M,8000,Random,33,0.9081907868385315
124M,8000,Random,34,0.8985581994056702
124M,8000,Random,35,0.9045876860618591
124M,8000,Random,36,0.9251790046691895
124M,8000,Random,37,0.9225817322731018
124M,8000,Random,38,0.9143151640892029
124M,8000,Random,39,0.921222448348999
124M,8000,Random,40,0.9154467582702637
124M,8000,Random,41,0.9377444386482239
124M,8000,Random,42,0.91482013463974
124M,8000,Random,43,0.9196232557296753
124M,8000,Random,44,0.898931086063385
124M,8500,Global,-1,208.502685546875
124M,8500,Frequency,0,1.559656023979187
124M,8500,Frequency,1,1.4825812578201294
124M,8500,Frequency,2,1.4216487407684326
124M,8500,Frequency,3,1.3723788261413574
124M,8500,Frequency,4,1.3335829973220825
124M,8500,Frequency,5,1.2909080982208252
124M,8500,Frequency,6,1.2563685178756714
124M,8500,Frequency,7,1.2185899019241333
124M,8500,Frequency,8,1.1836339235305786
124M,8500,Frequency,9,1.151915431022644
124M,8500,Frequency,10,1.1259139776229858
124M,8500,Frequency,11,1.1019136905670166
124M,8500,Frequency,12,1.0681465864181519
124M,8500,Frequency,13,1.0450118780136108
124M,8500,Frequency,14,1.0166704654693604
124M,8500,Frequency,15,1.007975459098816
124M,8500,Frequency,16,0.9852890372276306
124M,8500,Frequency,17,0.963771402835846
124M,8500,Frequency,18,0.9385724663734436
124M,8500,Frequency,19,0.9325322508811951
124M,8500,Frequency,20,0.916307806968689
124M,8500,Frequency,21,0.8908416032791138
124M,8500,Frequency,22,0.8914621472358704
124M,8500,Frequency,23,0.8663507699966431
124M,8500,Frequency,24,0.8476307392120361
124M,8500,Frequency,25,0.8378323316574097
124M,8500,Frequency,26,0.824769139289856
124M,8500,Frequency,27,0.8100727796554565
124M,8500,Frequency,28,0.7966413497924805
124M,8500,Frequency,29,0.780524730682373
124M,8500,Frequency,30,0.7708343267440796
124M,8500,Frequency,31,0.7498486042022705
124M,8500,Frequency,32,0.739580512046814
124M,8500,Frequency,33,0.717306911945343
124M,8500,Frequency,34,0.7011286616325378
124M,8500,Frequency,35,0.6831986904144287
124M,8500,Frequency,36,0.6656680703163147
124M,8500,Frequency,37,0.6438388824462891
124M,8500,Frequency,38,0.6253740191459656
124M,8500,Frequency,39,0.6033575534820557
124M,8500,Frequency,40,0.5881736874580383
124M,8500,Frequency,41,0.5754079818725586
124M,8500,Frequency,42,0.5670284032821655
124M,8500,Frequency,43,0.5607504844665527
124M,8500,Frequency,44,0.5605655312538147
124M,8500,Random,0,0.9270243644714355
124M,8500,Random,1,0.9468022584915161
124M,8500,Random,2,0.9434598684310913
124M,8500,Random,3,0.920803427696228
124M,8500,Random,4,0.9365888833999634
124M,8500,Random,5,0.9192119240760803
124M,8500,Random,6,0.9294236302375793
124M,8500,Random,7,0.9289599061012268
124M,8500,Random,8,0.9392628073692322
124M,8500,Random,9,0.936268150806427
124M,8500,Random,10,0.9426341652870178
124M,8500,Random,11,0.9337033033370972
124M,8500,Random,12,0.927642822265625
124M,8500,Random,13,0.9414933919906616
124M,8500,Random,14,0.9270342588424683
124M,8500,Random,15,0.9386160969734192
124M,8500,Random,16,0.9255089163780212
124M,8500,Random,17,0.9316462874412537
124M,8500,Random,18,0.9273286461830139
124M,8500,Random,19,0.9271958470344543
124M,8500,Random,20,0.9248219132423401
124M,8500,Random,21,0.9174594879150391
124M,8500,Random,22,0.9186322689056396
124M,8500,Random,23,0.9273814558982849
124M,8500,Random,24,0.9249123334884644
124M,8500,Random,25,0.9267934560775757
124M,8500,Random,26,0.9501677751541138
124M,8500,Random,27,0.9311796426773071
124M,8500,Random,28,0.9395438432693481
124M,8500,Random,29,0.9454278349876404
124M,8500,Random,30,0.9274210333824158
124M,8500,Random,31,0.9379558563232422
124M,8500,Random,32,0.92905592918396
124M,8500,Random,33,0.9247677326202393
124M,8500,Random,34,0.915188193321228
124M,8500,Random,35,0.9218530058860779
124M,8500,Random,36,0.9426957964897156
124M,8500,Random,37,0.9390701055526733
124M,8500,Random,38,0.9320526123046875
124M,8500,Random,39,0.9380210638046265
124M,8500,Random,40,0.9331890940666199
124M,8500,Random,41,0.9559016227722168
124M,8500,Random,42,0.9318327307701111
124M,8500,Random,43,0.9364928603172302
124M,8500,Random,44,0.9162464141845703
124M,9000,Global,-1,212.4085693359375
124M,9000,Frequency,0,1.596047043800354
124M,9000,Frequency,1,1.5183558464050293
124M,9000,Frequency,2,1.4563603401184082
124M,9000,Frequency,3,1.4049513339996338
124M,9000,Frequency,4,1.3653675317764282
124M,9000,Frequency,5,1.3218052387237549
124M,9000,Frequency,6,1.2858525514602661
124M,9000,Frequency,7,1.2457422018051147
124M,9000,Frequency,8,1.2107099294662476
124M,9000,Frequency,9,1.1767692565917969
124M,9000,Frequency,10,1.1507893800735474
124M,9000,Frequency,11,1.1250667572021484
124M,9000,Frequency,12,1.0906078815460205
124M,9000,Frequency,13,1.067981243133545
124M,9000,Frequency,14,1.0373578071594238
124M,9000,Frequency,15,1.0286785364151
124M,9000,Frequency,16,1.0044808387756348
124M,9000,Frequency,17,0.9830120801925659
124M,9000,Frequency,18,0.9570425152778625
124M,9000,Frequency,19,0.950218677520752
124M,9000,Frequency,20,0.9332723021507263
124M,9000,Frequency,21,0.907091498374939
124M,9000,Frequency,22,0.9076070189476013
124M,9000,Frequency,23,0.8819392919540405
124M,9000,Frequency,24,0.8623617887496948
124M,9000,Frequency,25,0.8514112830162048
124M,9000,Frequency,26,0.8380413055419922
124M,9000,Frequency,27,0.8231141567230225
124M,9000,Frequency,28,0.8089482188224792
124M,9000,Frequency,29,0.7914539575576782
124M,9000,Frequency,30,0.7815456390380859
124M,9000,Frequency,31,0.7602385878562927
124M,9000,Frequency,32,0.7490257620811462
124M,9000,Frequency,33,0.7259209156036377
124M,9000,Frequency,34,0.708697497844696
124M,9000,Frequency,35,0.6905235052108765
124M,9000,Frequency,36,0.6718191504478455
124M,9000,Frequency,37,0.6491098999977112
124M,9000,Frequency,38,0.629827082157135
124M,9000,Frequency,39,0.6063417792320251
124M,9000,Frequency,40,0.5902224183082581
124M,9000,Frequency,41,0.5766569972038269
124M,9000,Frequency,42,0.5676896572113037
124M,9000,Frequency,43,0.5610476136207581
124M,9000,Frequency,44,0.5606759786605835
124M,9000,Random,0,0.9427528977394104
124M,9000,Random,1,0.9638217687606812
124M,9000,Random,2,0.9609118700027466
124M,9000,Random,3,0.9369898438453674
124M,9000,Random,4,0.9531046152114868
124M,9000,Random,5,0.9347003698348999
124M,9000,Random,6,0.9461383819580078
124M,9000,Random,7,0.9462171196937561
124M,9000,Random,8,0.9579787850379944
124M,9000,Random,9,0.9539462924003601
124M,9000,Random,10,0.9590046405792236
124M,9000,Random,11,0.9501522779464722
124M,9000,Random,12,0.9441831707954407
124M,9000,Random,13,0.9583537578582764
124M,9000,Random,14,0.9433258175849915
124M,9000,Random,15,0.955906331539154
124M,9000,Random,16,0.9413756728172302
124M,9000,Random,17,0.9486072063446045
124M,9000,Random,18,0.9438785314559937
124M,9000,Random,19,0.9443950653076172
124M,9000,Random,20,0.9409089088439941
124M,9000,Random,21,0.9334286451339722
124M,9000,Random,22,0.934220016002655
124M,9000,Random,23,0.9444334506988525
124M,9000,Random,24,0.9415696859359741
124M,9000,Random,25,0.9428622722625732
124M,9000,Random,26,0.9672659039497375
124M,9000,Random,27,0.9482826590538025
124M,9000,Random,28,0.9571053385734558
124M,9000,Random,29,0.962614893913269
124M,9000,Random,30,0.9428519606590271
124M,9000,Random,31,0.9548168778419495
124M,9000,Random,32,0.9460332989692688
124M,9000,Random,33,0.9408051371574402
124M,9000,Random,34,0.9316223859786987
124M,9000,Random,35,0.9375618696212769
124M,9000,Random,36,0.9591081142425537
124M,9000,Random,37,0.9565687775611877
124M,9000,Random,38,0.9486342668533325
124M,9000,Random,39,0.9552345871925354
124M,9000,Random,40,0.9502705335617065
124M,9000,Random,41,0.9736719131469727
124M,9000,Random,42,0.9487643837928772
124M,9000,Random,43,0.9544059038162231
124M,9000,Random,44,0.9314311146736145
124M,9500,Global,-1,216.2481231689453
124M,9500,Frequency,0,1.6320818662643433
124M,9500,Frequency,1,1.552973747253418
124M,9500,Frequency,2,1.4889097213745117
124M,9500,Frequency,3,1.4368091821670532
124M,9500,Frequency,4,1.396435022354126
124M,9500,Frequency,5,1.3527719974517822
124M,9500,Frequency,6,1.313582420349121
124M,9500,Frequency,7,1.273348093032837
124M,9500,Frequency,8,1.2370047569274902
124M,9500,Frequency,9,1.202388882637024
124M,9500,Frequency,10,1.1757639646530151
124M,9500,Frequency,11,1.1491942405700684
124M,9500,Frequency,12,1.113067626953125
124M,9500,Frequency,13,1.0903267860412598
124M,9500,Frequency,14,1.0580343008041382
124M,9500,Frequency,15,1.0495202541351318
124M,9500,Frequency,16,1.023612380027771
124M,9500,Frequency,17,1.0018516778945923
124M,9500,Frequency,18,0.9744603633880615
124M,9500,Frequency,19,0.9663283824920654
124M,9500,Frequency,20,0.9494725465774536
124M,9500,Frequency,21,0.9238712191581726
124M,9500,Frequency,22,0.9226487278938293
124M,9500,Frequency,23,0.8972361087799072
124M,9500,Frequency,24,0.8763134479522705
124M,9500,Frequency,25,0.8646138906478882
124M,9500,Frequency,26,0.8506447672843933
124M,9500,Frequency,27,0.8355172276496887
124M,9500,Frequency,28,0.8204482793807983
124M,9500,Frequency,29,0.8026488423347473
124M,9500,Frequency,30,0.7921792268753052
124M,9500,Frequency,31,0.7698684930801392
124M,9500,Frequency,32,0.7590798735618591
124M,9500,Frequency,33,0.7340541481971741
124M,9500,Frequency,34,0.7159561514854431
124M,9500,Frequency,35,0.6972459554672241
124M,9500,Frequency,36,0.6775172352790833
124M,9500,Frequency,37,0.6536917686462402
124M,9500,Frequency,38,0.6341122388839722
124M,9500,Frequency,39,0.6090258359909058
124M,9500,Frequency,40,0.5924719572067261
124M,9500,Frequency,41,0.5776568651199341
124M,9500,Frequency,42,0.5684859156608582
124M,9500,Frequency,43,0.5613484978675842
124M,9500,Frequency,44,0.5608361959457397
124M,9500,Random,0,0.9592106938362122
124M,9500,Random,1,0.9814310073852539
124M,9500,Random,2,0.9781708717346191
124M,9500,Random,3,0.9533379673957825
124M,9500,Random,4,0.9700536131858826
124M,9500,Random,5,0.9500232934951782
124M,9500,Random,6,0.9618743658065796
124M,9500,Random,7,0.962572455406189
124M,9500,Random,8,0.9748579263687134
124M,9500,Random,9,0.9704410433769226
124M,9500,Random,10,0.9755663275718689
124M,9500,Random,11,0.9662638902664185
124M,9500,Random,12,0.9610037803649902
124M,9500,Random,13,0.9745901823043823
124M,9500,Random,14,0.9595770835876465
124M,9500,Random,15,0.9718031883239746
124M,9500,Random,16,0.9570279121398926
124M,9500,Random,17,0.9656463265419006
124M,9500,Random,18,0.9600721597671509
124M,9500,Random,19,0.9609265327453613
124M,9500,Random,20,0.9566662311553955
124M,9500,Random,21,0.9485457539558411
124M,9500,Random,22,0.9502618312835693
124M,9500,Random,23,0.9602988362312317
124M,9500,Random,24,0.9582504630088806
124M,9500,Random,25,0.9591752886772156
124M,9500,Random,26,0.9833904504776001
124M,9500,Random,27,0.9646215438842773
124M,9500,Random,28,0.9740477204322815
124M,9500,Random,29,0.979121208190918
124M,9500,Random,30,0.9583891034126282
124M,9500,Random,31,0.9714624285697937
124M,9500,Random,32,0.9621897339820862
124M,9500,Random,33,0.9565344452857971
124M,9500,Random,34,0.9478573203086853
124M,9500,Random,35,0.9526726007461548
124M,9500,Random,36,0.9756644368171692
124M,9500,Random,37,0.973702073097229
124M,9500,Random,38,0.964207649230957
124M,9500,Random,39,0.9722544550895691
124M,9500,Random,40,0.9664599895477295
124M,9500,Random,41,0.991911768913269
124M,9500,Random,42,0.9650107622146606
124M,9500,Random,43,0.9710613489151001
124M,9500,Random,44,0.9478543400764465
124M,10000,Global,-1,220.051025390625
124M,10000,Frequency,0,1.667144536972046
124M,10000,Frequency,1,1.5858803987503052
124M,10000,Frequency,2,1.5218257904052734
124M,10000,Frequency,3,1.4684948921203613
124M,10000,Frequency,4,1.4270020723342896
124M,10000,Frequency,5,1.3822576999664307
124M,10000,Frequency,6,1.3414700031280518
124M,10000,Frequency,7,1.2999968528747559
124M,10000,Frequency,8,1.2630615234375
124M,10000,Frequency,9,1.2279539108276367
124M,10000,Frequency,10,1.2000731229782104
124M,10000,Frequency,11,1.1732944250106812
124M,10000,Frequency,12,1.1350667476654053
124M,10000,Frequency,13,1.1110289096832275
124M,10000,Frequency,14,1.0770399570465088
124M,10000,Frequency,15,1.068874716758728
124M,10000,Frequency,16,1.0431759357452393
124M,10000,Frequency,17,1.020723581314087
124M,10000,Frequency,18,0.9918348789215088
124M,10000,Frequency,19,0.9841028451919556
124M,10000,Frequency,20,0.9658674001693726
124M,10000,Frequency,21,0.9394373297691345
124M,10000,Frequency,22,0.9384093284606934
124M,10000,Frequency,23,0.9113715887069702
124M,10000,Frequency,24,0.8906207084655762
124M,10000,Frequency,25,0.8779529333114624
124M,10000,Frequency,26,0.8640812635421753
124M,10000,Frequency,27,0.8487845659255981
124M,10000,Frequency,28,0.8322237730026245
124M,10000,Frequency,29,0.8142374157905579
124M,10000,Frequency,30,0.8027747869491577
124M,10000,Frequency,31,0.7803658843040466
124M,10000,Frequency,32,0.7679281234741211
124M,10000,Frequency,33,0.7422714233398438
124M,10000,Frequency,34,0.7239483594894409
124M,10000,Frequency,35,0.7046822309494019
124M,10000,Frequency,36,0.6839256882667542
124M,10000,Frequency,37,0.6588132977485657
124M,10000,Frequency,38,0.6383489966392517
124M,10000,Frequency,39,0.6120721697807312
124M,10000,Frequency,40,0.5944884419441223
124M,10000,Frequency,41,0.5790426135063171
124M,10000,Frequency,42,0.569308340549469
124M,10000,Frequency,43,0.5617007613182068
124M,10000,Frequency,44,0.5612180233001709
124M,10000,Random,0,0.9746264815330505
124M,10000,Random,1,0.9978524446487427
124M,10000,Random,2,0.9953256845474243
124M,10000,Random,3,0.9701111912727356
124M,10000,Random,4,0.9861104488372803
124M,10000,Random,5,0.9655918478965759
124M,10000,Random,6,0.9776959419250488
124M,10000,Random,7,0.978287935256958
124M,10000,Random,8,0.9918467998504639
124M,10000,Random,9,0.9873770475387573
124M,10000,Random,10,0.9924980998039246
124M,10000,Random,11,0.9827517867088318
124M,10000,Random,12,0.9767365455627441
124M,10000,Random,13,0.9916172027587891
124M,10000,Random,14,0.9761602282524109
124M,10000,Random,15,0.9883504509925842
124M,10000,Random,16,0.9727646708488464
124M,10000,Random,17,0.9823868274688721
124M,10000,Random,18,0.9763904213905334
124M,10000,Random,19,0.9782571196556091
124M,10000,Random,20,0.9726619720458984
124M,10000,Random,21,0.9638957381248474
124M,10000,Random,22,0.9655894637107849
124M,10000,Random,23,0.9771682024002075
124M,10000,Random,24,0.9736918210983276
124M,10000,Random,25,0.974604606628418
124M,10000,Random,26,0.999809205532074
124M,10000,Random,27,0.9812948107719421
124M,10000,Random,28,0.9907737970352173
124M,10000,Random,29,0.9948170185089111
124M,10000,Random,30,0.9736754298210144
124M,10000,Random,31,0.988556981086731
124M,10000,Random,32,0.9777610301971436
124M,10000,Random,33,0.9721999168395996
124M,10000,Random,34,0.9634242653846741
124M,10000,Random,35,0.9683923721313477
124M,10000,Random,36,0.9920226335525513
124M,10000,Random,37,0.9902242422103882
124M,10000,Random,38,0.98011314868927
124M,10000,Random,39,0.9887804985046387
124M,10000,Random,40,0.9824399352073669
124M,10000,Random,41,1.0095505714416504
124M,10000,Random,42,0.981310248374939
124M,10000,Random,43,0.9873756170272827
124M,10000,Random,44,0.963172197341919
124M,10500,Global,-1,223.80316162109375
124M,10500,Frequency,0,1.7020745277404785
124M,10500,Frequency,1,1.6188631057739258
124M,10500,Frequency,2,1.5538307428359985
124M,10500,Frequency,3,1.4997751712799072
124M,10500,Frequency,4,1.4555882215499878
124M,10500,Frequency,5,1.4113832712173462
124M,10500,Frequency,6,1.3693574666976929
124M,10500,Frequency,7,1.326809048652649
124M,10500,Frequency,8,1.287998914718628
124M,10500,Frequency,9,1.2522317171096802
124M,10500,Frequency,10,1.2236721515655518
124M,10500,Frequency,11,1.1966826915740967
124M,10500,Frequency,12,1.156427264213562
124M,10500,Frequency,13,1.133133888244629
124M,10500,Frequency,14,1.0971777439117432
124M,10500,Frequency,15,1.0895284414291382
124M,10500,Frequency,16,1.0619434118270874
124M,10500,Frequency,17,1.0392155647277832
124M,10500,Frequency,18,1.0090172290802002
124M,10500,Frequency,19,1.0004545450210571
124M,10500,Frequency,20,0.9817380905151367
124M,10500,Frequency,21,0.954079806804657
124M,10500,Frequency,22,0.9540234208106995
124M,10500,Frequency,23,0.9256746768951416
124M,10500,Frequency,24,0.9045165777206421
124M,10500,Frequency,25,0.8911428451538086
124M,10500,Frequency,26,0.8763625621795654
124M,10500,Frequency,27,0.8611205220222473
124M,10500,Frequency,28,0.8434445858001709
124M,10500,Frequency,29,0.8257488012313843
124M,10500,Frequency,30,0.8132401704788208
124M,10500,Frequency,31,0.7899061441421509
124M,10500,Frequency,32,0.7782579660415649
124M,10500,Frequency,33,0.7513996362686157
124M,10500,Frequency,34,0.7315292954444885
124M,10500,Frequency,35,0.7118495106697083
124M,10500,Frequency,36,0.6899673938751221
124M,10500,Frequency,37,0.6636831164360046
124M,10500,Frequency,38,0.6426780223846436
124M,10500,Frequency,39,0.6153444051742554
124M,10500,Frequency,40,0.5967705249786377
124M,10500,Frequency,41,0.5802972912788391
124M,10500,Frequency,42,0.5701709985733032
124M,10500,Frequency,43,0.5621188282966614
124M,10500,Frequency,44,0.5613127946853638
124M,10500,Random,0,0.9909093379974365
124M,10500,Random,1,1.0141545534133911
124M,10500,Random,2,1.0117119550704956
124M,10500,Random,3,0.9860584735870361
124M,10500,Random,4,1.0024267435073853
124M,10500,Random,5,0.9813191890716553
124M,10500,Random,6,0.9935089945793152
124M,10500,Random,7,0.9944190382957458
124M,10500,Random,8,1.0080722570419312
124M,10500,Random,9,1.0037707090377808
124M,10500,Random,10,1.0082238912582397
124M,10500,Random,11,0.998828649520874
124M,10500,Random,12,0.9923486113548279
124M,10500,Random,13,1.0076247453689575
124M,10500,Random,14,0.9918858408927917
124M,10500,Random,15,1.0036230087280273
124M,10500,Random,16,0.9884970784187317
124M,10500,Random,17,0.9986085891723633
124M,10500,Random,18,0.9921373724937439
124M,10500,Random,19,0.9942607283592224
124M,10500,Random,20,0.9885455965995789
124M,10500,Random,21,0.9798321723937988
124M,10500,Random,22,0.9801691770553589
124M,10500,Random,23,0.9929142594337463
124M,10500,Random,24,0.9894605278968811
124M,10500,Random,25,0.9900680780410767
124M,10500,Random,26,1.0157995223999023
124M,10500,Random,27,0.9977706074714661
124M,10500,Random,28,1.0074474811553955
124M,10500,Random,29,1.01119065284729
124M,10500,Random,30,0.9897139072418213
124M,10500,Random,31,1.0044820308685303
124M,10500,Random,32,0.9935687184333801
124M,10500,Random,33,0.9880512356758118
124M,10500,Random,34,0.9790552854537964
124M,10500,Random,35,0.9836020469665527
124M,10500,Random,36,1.0088083744049072
124M,10500,Random,37,1.0068166255950928
124M,10500,Random,38,0.9964094161987305
124M,10500,Random,39,1.004714846611023
124M,10500,Random,40,0.9982614517211914
124M,10500,Random,41,1.0261298418045044
124M,10500,Random,42,0.9976546764373779
124M,10500,Random,43,1.0036650896072388
124M,10500,Random,44,0.9778136610984802
124M,11000,Global,-1,227.41880798339844
124M,11000,Frequency,0,1.735219120979309
124M,11000,Frequency,1,1.6509463787078857
124M,11000,Frequency,2,1.5864068269729614
124M,11000,Frequency,3,1.5305087566375732
124M,11000,Frequency,4,1.4833557605743408
124M,11000,Frequency,5,1.4398354291915894
124M,11000,Frequency,6,1.3957009315490723
124M,11000,Frequency,7,1.3520653247833252
124M,11000,Frequency,8,1.3132883310317993
124M,11000,Frequency,9,1.2748637199401855
124M,11000,Frequency,10,1.2469714879989624
124M,11000,Frequency,11,1.2188293933868408
124M,11000,Frequency,12,1.1779720783233643
124M,11000,Frequency,13,1.1525318622589111
124M,11000,Frequency,14,1.1160621643066406
124M,11000,Frequency,15,1.1078388690948486
124M,11000,Frequency,16,1.0798773765563965
124M,11000,Frequency,17,1.0566259622573853
124M,11000,Frequency,18,1.0259997844696045
124M,11000,Frequency,19,1.016674280166626
124M,11000,Frequency,20,0.9973094463348389
124M,11000,Frequency,21,0.9693763852119446
124M,11000,Frequency,22,0.967988908290863
124M,11000,Frequency,23,0.9388495087623596
124M,11000,Frequency,24,0.9176734089851379
124M,11000,Frequency,25,0.9031047821044922
124M,11000,Frequency,26,0.8886268734931946
124M,11000,Frequency,27,0.8723718523979187
124M,11000,Frequency,28,0.8537927269935608
124M,11000,Frequency,29,0.837174654006958
124M,11000,Frequency,30,0.8228266835212708
124M,11000,Frequency,31,0.7987239956855774
124M,11000,Frequency,32,0.7864179015159607
124M,11000,Frequency,33,0.7596303224563599
124M,11000,Frequency,34,0.7392674684524536
124M,11000,Frequency,35,0.7188807725906372
124M,11000,Frequency,36,0.6958007216453552
124M,11000,Frequency,37,0.6686999797821045
124M,11000,Frequency,38,0.647047758102417
124M,11000,Frequency,39,0.6186872124671936
124M,11000,Frequency,40,0.599054753780365
124M,11000,Frequency,41,0.5815245509147644
124M,11000,Frequency,42,0.5710254907608032
124M,11000,Frequency,43,0.562444806098938
124M,11000,Frequency,44,0.5615987181663513
124M,11000,Random,0,1.0051978826522827
124M,11000,Random,1,1.0302870273590088
124M,11000,Random,2,1.0281298160552979
124M,11000,Random,3,1.0017681121826172
124M,11000,Random,4,1.017594814300537
124M,11000,Random,5,0.9966090321540833
124M,11000,Random,6,1.0085582733154297
124M,11000,Random,7,1.010237216949463
124M,11000,Random,8,1.0234363079071045
124M,11000,Random,9,1.019895076751709
124M,11000,Random,10,1.0237772464752197
124M,11000,Random,11,1.0145007371902466
124M,11000,Random,12,1.0073925256729126
124M,11000,Random,13,1.0237469673156738
124M,11000,Random,14,1.007683515548706
124M,11000,Random,15,1.0182123184204102
124M,11000,Random,16,1.0029025077819824
124M,11000,Random,17,1.0130054950714111
124M,11000,Random,18,1.0071040391921997
124M,11000,Random,19,1.0092545747756958
124M,11000,Random,20,1.0034514665603638
124M,11000,Random,21,0.994385302066803
124M,11000,Random,22,0.9962040185928345
124M,11000,Random,23,1.0078879594802856
124M,11000,Random,24,1.0047023296356201
124M,11000,Random,25,1.0047496557235718
124M,11000,Random,26,1.0315794944763184
124M,11000,Random,27,1.012795090675354
124M,11000,Random,28,1.0223205089569092
124M,11000,Random,29,1.027290940284729
124M,11000,Random,30,1.0050116777420044
124M,11000,Random,31,1.020355463027954
124M,11000,Random,32,1.0092853307724
124M,11000,Random,33,1.0025098323822021
124M,11000,Random,34,0.9937794804573059
124M,11000,Random,35,0.9983454346656799
124M,11000,Random,36,1.0245407819747925
124M,11000,Random,37,1.0223133563995361
124M,11000,Random,38,1.0116561651229858
124M,11000,Random,39,1.0192127227783203
124M,11000,Random,40,1.014316439628601
124M,11000,Random,41,1.0422300100326538
124M,11000,Random,42,1.013116717338562
124M,11000,Random,43,1.01897394657135
124M,11000,Random,44,0.9935901761054993
124M,11500,Global,-1,231.04583740234375
124M,11500,Frequency,0,1.7688606977462769
124M,11500,Frequency,1,1.6841193437576294
124M,11500,Frequency,2,1.6180635690689087
124M,11500,Frequency,3,1.5612760782241821
124M,11500,Frequency,4,1.512014627456665
124M,11500,Frequency,5,1.4677107334136963
124M,11500,Frequency,6,1.4231725931167603
124M,11500,Frequency,7,1.3783332109451294
124M,11500,Frequency,8,1.3372266292572021
124M,11500,Frequency,9,1.2974135875701904
124M,11500,Frequency,10,1.269406795501709
124M,11500,Frequency,11,1.2410194873809814
124M,11500,Frequency,12,1.198816180229187
124M,11500,Frequency,13,1.1723859310150146
124M,11500,Frequency,14,1.1359378099441528
124M,11500,Frequency,15,1.125087857246399
124M,11500,Frequency,16,1.0979313850402832
124M,11500,Frequency,17,1.0735511779785156
124M,11500,Frequency,18,1.0418775081634521
124M,11500,Frequency,19,1.0336838960647583
124M,11500,Frequency,20,1.0128707885742188
124M,11500,Frequency,21,0.983688235282898
124M,11500,Frequency,22,0.9831976294517517
124M,11500,Frequency,23,0.9528111815452576
124M,11500,Frequency,24,0.930819571018219
124M,11500,Frequency,25,0.9156234264373779
124M,11500,Frequency,26,0.901583194732666
124M,11500,Frequency,27,0.8838942050933838
124M,11500,Frequency,28,0.865001916885376
124M,11500,Frequency,29,0.8474431037902832
124M,11500,Frequency,30,0.8322563767433167
124M,11500,Frequency,31,0.8078466057777405
124M,11500,Frequency,32,0.7951043844223022
124M,11500,Frequency,33,0.7676056623458862
124M,11500,Frequency,34,0.7461338043212891
124M,11500,Frequency,35,0.7250321507453918
124M,11500,Frequency,36,0.7011992335319519
124M,11500,Frequency,37,0.6737228035926819
124M,11500,Frequency,38,0.6509121656417847
124M,11500,Frequency,39,0.6214905381202698
124M,11500,Frequency,40,0.60089111328125
124M,11500,Frequency,41,0.5829872488975525
124M,11500,Frequency,42,0.5717988014221191
124M,11500,Frequency,43,0.5627586245536804
124M,11500,Frequency,44,0.5619585514068604
124M,11500,Random,0,1.0200272798538208
124M,11500,Random,1,1.0461593866348267
124M,11500,Random,2,1.0435729026794434
124M,11500,Random,3,1.0166559219360352
124M,11500,Random,4,1.033315896987915
124M,11500,Random,5,1.0115768909454346
124M,11500,Random,6,1.0233445167541504
124M,11500,Random,7,1.025843858718872
124M,11500,Random,8,1.03993821144104
124M,11500,Random,9,1.035578727722168
124M,11500,Random,10,1.0394846200942993
124M,11500,Random,11,1.0298881530761719
124M,11500,Random,12,1.022729754447937
124M,11500,Random,13,1.0382697582244873
124M,11500,Random,14,1.0229417085647583
124M,11500,Random,15,1.0337436199188232
124M,11500,Random,16,1.0185667276382446
124M,11500,Random,17,1.028212547302246
124M,11500,Random,18,1.0218713283538818
124M,11500,Random,19,1.0236705541610718
124M,11500,Random,20,1.0180310010910034
124M,11500,Random,21,1.008782982826233
124M,11500,Random,22,1.0109915733337402
124M,11500,Random,23,1.0240775346755981
124M,11500,Random,24,1.0193778276443481
124M,11500,Random,25,1.0197323560714722
124M,11500,Random,26,1.047053575515747
124M,11500,Random,27,1.0279780626296997
124M,11500,Random,28,1.0382812023162842
124M,11500,Random,29,1.0445148944854736
124M,11500,Random,30,1.019665002822876
124M,11500,Random,31,1.036470890045166
124M,11500,Random,32,1.0248064994812012
124M,11500,Random,33,1.016885757446289
124M,11500,Random,34,1.0079213380813599
124M,11500,Random,35,1.0135587453842163
124M,11500,Random,36,1.040181279182434
124M,11500,Random,37,1.0383752584457397
124M,11500,Random,38,1.0275590419769287
124M,11500,Random,39,1.0336991548538208
124M,11500,Random,40,1.0292102098464966
124M,11500,Random,41,1.058600902557373
124M,11500,Random,42,1.0278719663619995
124M,11500,Random,43,1.0344172716140747
124M,11500,Random,44,1.0082496404647827
124M,12000,Global,-1,234.56329345703125
124M,12000,Frequency,0,1.8006479740142822
124M,12000,Frequency,1,1.7144635915756226
124M,12000,Frequency,2,1.6481130123138428
124M,12000,Frequency,3,1.5897985696792603
124M,12000,Frequency,4,1.5403634309768677
124M,12000,Frequency,5,1.4945367574691772
124M,12000,Frequency,6,1.4481703042984009
124M,12000,Frequency,7,1.403111219406128
124M,12000,Frequency,8,1.3619110584259033
124M,12000,Frequency,9,1.3200627565383911
124M,12000,Frequency,10,1.2916107177734375
124M,12000,Frequency,11,1.2616779804229736
124M,12000,Frequency,12,1.2192937135696411
124M,12000,Frequency,13,1.191766619682312
124M,12000,Frequency,14,1.1555842161178589
124M,12000,Frequency,15,1.1441245079040527
124M,12000,Frequency,16,1.1151716709136963
124M,12000,Frequency,17,1.090172290802002
124M,12000,Frequency,18,1.0582258701324463
124M,12000,Frequency,19,1.0492234230041504
124M,12000,Frequency,20,1.0273146629333496
124M,12000,Frequency,21,0.9979550242424011
124M,12000,Frequency,22,0.9964166283607483
124M,12000,Frequency,23,0.9669061303138733
124M,12000,Frequency,24,0.9441313147544861
124M,12000,Frequency,25,0.928429126739502
124M,12000,Frequency,26,0.9131879210472107
124M,12000,Frequency,27,0.8944030404090881
124M,12000,Frequency,28,0.8760899305343628
124M,12000,Frequency,29,0.8577855229377747
124M,12000,Frequency,30,0.8424209356307983
124M,12000,Frequency,31,0.8168357610702515
124M,12000,Frequency,32,0.8038583993911743
124M,12000,Frequency,33,0.7755780816078186
124M,12000,Frequency,34,0.7530812621116638
124M,12000,Frequency,35,0.7316827774047852
124M,12000,Frequency,36,0.7070921063423157
124M,12000,Frequency,37,0.6783937811851501
124M,12000,Frequency,38,0.6545647978782654
124M,12000,Frequency,39,0.6245772838592529
124M,12000,Frequency,40,0.6028999090194702
124M,12000,Frequency,41,0.5843523144721985
124M,12000,Frequency,42,0.5726132988929749
124M,12000,Frequency,43,0.5631847381591797
124M,12000,Frequency,44,0.5622212886810303
124M,12000,Random,0,1.0348550081253052
124M,12000,Random,1,1.0614925622940063
124M,12000,Random,2,1.0594006776809692
124M,12000,Random,3,1.0320945978164673
124M,12000,Random,4,1.0476652383804321
124M,12000,Random,5,1.0264639854431152
124M,12000,Random,6,1.0384540557861328
124M,12000,Random,7,1.0407369136810303
124M,12000,Random,8,1.055312156677246
124M,12000,Random,9,1.0503406524658203
124M,12000,Random,10,1.054532766342163
124M,12000,Random,11,1.0441466569900513
124M,12000,Random,12,1.038253903388977
124M,12000,Random,13,1.0527068376541138
124M,12000,Random,14,1.0381157398223877
124M,12000,Random,15,1.0491218566894531
124M,12000,Random,16,1.0330008268356323
124M,12000,Random,17,1.042797565460205
124M,12000,Random,18,1.036331057548523
124M,12000,Random,19,1.0391170978546143
124M,12000,Random,20,1.0321043729782104
124M,12000,Random,21,1.0230945348739624
124M,12000,Random,22,1.0253318548202515
124M,12000,Random,23,1.0382651090621948
124M,12000,Random,24,1.033996820449829
124M,12000,Random,25,1.033437967300415
124M,12000,Random,26,1.0625426769256592
124M,12000,Random,27,1.0431818962097168
124M,12000,Random,28,1.0534956455230713
124M,12000,Random,29,1.0594960451126099
124M,12000,Random,30,1.0339888334274292
124M,12000,Random,31,1.0510125160217285
124M,12000,Random,32,1.0394604206085205
124M,12000,Random,33,1.0314196348190308
124M,12000,Random,34,1.0224988460540771
124M,12000,Random,35,1.0282008647918701
124M,12000,Random,36,1.0554511547088623
124M,12000,Random,37,1.0535391569137573
124M,12000,Random,38,1.041481614112854
124M,12000,Random,39,1.0495847463607788
124M,12000,Random,40,1.043620228767395
124M,12000,Random,41,1.0748552083969116
124M,12000,Random,42,1.0434805154800415
124M,12000,Random,43,1.0491470098495483
124M,12000,Random,44,1.0206769704818726
124M,12500,Global,-1,238.10215759277344
124M,12500,Frequency,0,1.8314690589904785
124M,12500,Frequency,1,1.7450401782989502
124M,12500,Frequency,2,1.6771167516708374
124M,12500,Frequency,3,1.6185719966888428
124M,12500,Frequency,4,1.5673270225524902
124M,12500,Frequency,5,1.5212652683258057
124M,12500,Frequency,6,1.4742792844772339
124M,12500,Frequency,7,1.4262793064117432
124M,12500,Frequency,8,1.3861305713653564
124M,12500,Frequency,9,1.3431485891342163
124M,12500,Frequency,10,1.3133124113082886
124M,12500,Frequency,11,1.2826178073883057
124M,12500,Frequency,12,1.2399919033050537
124M,12500,Frequency,13,1.2120426893234253
124M,12500,Frequency,14,1.1744133234024048
124M,12500,Frequency,15,1.163774847984314
124M,12500,Frequency,16,1.1326022148132324
124M,12500,Frequency,17,1.1074092388153076
124M,12500,Frequency,18,1.0747874975204468
124M,12500,Frequency,19,1.066061019897461
124M,12500,Frequency,20,1.0427911281585693
124M,12500,Frequency,21,1.0120823383331299
124M,12500,Frequency,22,1.01045560836792
124M,12500,Frequency,23,0.9802051782608032
124M,12500,Frequency,24,0.9575456976890564
124M,12500,Frequency,25,0.9412356019020081
124M,12500,Frequency,26,0.9261094331741333
124M,12500,Frequency,27,0.906480073928833
124M,12500,Frequency,28,0.8876283764839172
124M,12500,Frequency,29,0.8678840398788452
124M,12500,Frequency,30,0.8530735969543457
124M,12500,Frequency,31,0.8264187574386597
124M,12500,Frequency,32,0.8133007287979126
124M,12500,Frequency,33,0.7837806344032288
124M,12500,Frequency,34,0.7606808543205261
124M,12500,Frequency,35,0.7384461164474487
124M,12500,Frequency,36,0.7134719491004944
124M,12500,Frequency,37,0.6832037568092346
124M,12500,Frequency,38,0.6585333347320557
124M,12500,Frequency,39,0.627503514289856
124M,12500,Frequency,40,0.6051129102706909
124M,12500,Frequency,41,0.5854120850563049
124M,12500,Frequency,42,0.5732170343399048
124M,12500,Frequency,43,0.5635311007499695
124M,12500,Frequency,44,0.5623212456703186
124M,12500,Random,0,1.050683617591858
124M,12500,Random,1,1.0769703388214111
124M,12500,Random,2,1.0750277042388916
124M,12500,Random,3,1.0469026565551758
124M,12500,Random,4,1.0635871887207031
124M,12500,Random,5,1.0413768291473389
124M,12500,Random,6,1.0530285835266113
124M,12500,Random,7,1.0564467906951904
124M,12500,Random,8,1.0706919431686401
124M,12500,Random,9,1.0657835006713867
124M,12500,Random,10,1.069269061088562
124M,12500,Random,11,1.059546709060669
124M,12500,Random,12,1.0531738996505737
124M,12500,Random,13,1.067838191986084
124M,12500,Random,14,1.0527894496917725
124M,12500,Random,15,1.06434166431427
124M,12500,Random,16,1.047560691833496
124M,12500,Random,17,1.0576720237731934
124M,12500,Random,18,1.0505870580673218
124M,12500,Random,19,1.0540578365325928
124M,12500,Random,20,1.0472302436828613
124M,12500,Random,21,1.0375335216522217
124M,12500,Random,22,1.0395585298538208
124M,12500,Random,23,1.0522449016571045
124M,12500,Random,24,1.0486873388290405
124M,12500,Random,25,1.0480214357376099
124M,12500,Random,26,1.0776251554489136
124M,12500,Random,27,1.0583992004394531
124M,12500,Random,28,1.068556308746338
124M,12500,Random,29,1.0753341913223267
124M,12500,Random,30,1.0485798120498657
124M,12500,Random,31,1.0672447681427002
124M,12500,Random,32,1.0550134181976318
124M,12500,Random,33,1.0458383560180664
124M,12500,Random,34,1.0364594459533691
124M,12500,Random,35,1.0425657033920288
124M,12500,Random,36,1.0713578462600708
124M,12500,Random,37,1.068091869354248
124M,12500,Random,38,1.0572184324264526
124M,12500,Random,39,1.0634068250656128
124M,12500,Random,40,1.0582926273345947
124M,12500,Random,41,1.0907014608383179
124M,12500,Random,42,1.0582079887390137
124M,12500,Random,43,1.0644086599349976
124M,12500,Random,44,1.0355374813079834
124M,13000,Global,-1,241.5648956298828
124M,13000,Frequency,0,1.8624647855758667
124M,13000,Frequency,1,1.7754210233688354
124M,13000,Frequency,2,1.706878423690796
124M,13000,Frequency,3,1.6485908031463623
124M,13000,Frequency,4,1.5936870574951172
124M,13000,Frequency,5,1.547585129737854
124M,13000,Frequency,6,1.4996438026428223
124M,13000,Frequency,7,1.4507043361663818
124M,13000,Frequency,8,1.4100359678268433
124M,13000,Frequency,9,1.365986943244934
124M,13000,Frequency,10,1.3349374532699585
124M,13000,Frequency,11,1.3039805889129639
124M,13000,Frequency,12,1.2602821588516235
124M,13000,Frequency,13,1.2301177978515625
124M,13000,Frequency,14,1.1922866106033325
124M,13000,Frequency,15,1.181152105331421
124M,13000,Frequency,16,1.149871587753296
124M,13000,Frequency,17,1.1244187355041504
124M,13000,Frequency,18,1.0901609659194946
124M,13000,Frequency,19,1.0806899070739746
124M,13000,Frequency,20,1.0572218894958496
124M,13000,Frequency,21,1.0263612270355225
124M,13000,Frequency,22,1.0240391492843628
124M,13000,Frequency,23,0.9938580393791199
124M,13000,Frequency,24,0.9693571925163269
124M,13000,Frequency,25,0.9533510208129883
124M,13000,Frequency,26,0.9374305605888367
124M,13000,Frequency,27,0.9176455140113831
124M,13000,Frequency,28,0.8988007307052612
124M,13000,Frequency,29,0.8783937096595764
124M,13000,Frequency,30,0.8636230826377869
124M,13000,Frequency,31,0.8353368639945984
124M,13000,Frequency,32,0.8220062255859375
124M,13000,Frequency,33,0.7915521860122681
124M,13000,Frequency,34,0.7675085663795471
124M,13000,Frequency,35,0.7443991899490356
124M,13000,Frequency,36,0.719215452671051
124M,13000,Frequency,37,0.6875627636909485
124M,13000,Frequency,38,0.6622776985168457
124M,13000,Frequency,39,0.6302547454833984
124M,13000,Frequency,40,0.6069104075431824
124M,13000,Frequency,41,0.5865944027900696
124M,13000,Frequency,42,0.5738252997398376
124M,13000,Frequency,43,0.5639187097549438
124M,13000,Frequency,44,0.5626163482666016
124M,13000,Random,0,1.0651437044143677
124M,13000,Random,1,1.0926721096038818
124M,13000,Random,2,1.0896434783935547
124M,13000,Random,3,1.060633659362793
124M,13000,Random,4,1.0782486200332642
124M,13000,Random,5,1.0563080310821533
124M,13000,Random,6,1.0655817985534668
124M,13000,Random,7,1.070175051689148
124M,13000,Random,8,1.086034893989563
124M,13000,Random,9,1.0804948806762695
124M,13000,Random,10,1.0840359926223755
124M,13000,Random,11,1.0738239288330078
124M,13000,Random,12,1.066959023475647
124M,13000,Random,13,1.0828020572662354
124M,13000,Random,14,1.0661144256591797
124M,13000,Random,15,1.0797510147094727
124M,13000,Random,16,1.060989499092102
124M,13000,Random,17,1.0732522010803223
124M,13000,Random,18,1.0648605823516846
124M,13000,Random,19,1.069238305091858
124M,13000,Random,20,1.061065912246704
124M,13000,Random,21,1.0519109964370728
124M,13000,Random,22,1.0535378456115723
124M,13000,Random,23,1.066787600517273
124M,13000,Random,24,1.0636730194091797
124M,13000,Random,25,1.062164306640625
124M,13000,Random,26,1.0928632020950317
124M,13000,Random,27,1.0734814405441284
124M,13000,Random,28,1.083522915840149
124M,13000,Random,29,1.09032142162323
124M,13000,Random,30,1.0629123449325562
124M,13000,Random,31,1.0827723741531372
124M,13000,Random,32,1.0698779821395874
124M,13000,Random,33,1.0599381923675537
124M,13000,Random,34,1.0508801937103271
124M,13000,Random,35,1.0572054386138916
124M,13000,Random,36,1.0854462385177612
124M,13000,Random,37,1.0826807022094727
124M,13000,Random,38,1.071842908859253
124M,13000,Random,39,1.0772846937179565
124M,13000,Random,40,1.072694182395935
124M,13000,Random,41,1.106980323791504
124M,13000,Random,42,1.0731064081192017
124M,13000,Random,43,1.0790249109268188
124M,13000,Random,44,1.0509779453277588
124M,13500,Global,-1,245.02574157714844
124M,13500,Frequency,0,1.8932512998580933
124M,13500,Frequency,1,1.8056434392929077
124M,13500,Frequency,2,1.7359838485717773
124M,13500,Frequency,3,1.6766330003738403
124M,13500,Frequency,4,1.619935393333435
124M,13500,Frequency,5,1.573459267616272
124M,13500,Frequency,6,1.5245131254196167
124M,13500,Frequency,7,1.4744102954864502
124M,13500,Frequency,8,1.433557152748108
124M,13500,Frequency,9,1.3887230157852173
124M,13500,Frequency,10,1.3557065725326538
124M,13500,Frequency,11,1.3246816396713257
124M,13500,Frequency,12,1.279344916343689
124M,13500,Frequency,13,1.2486668825149536
124M,13500,Frequency,14,1.2105787992477417
124M,13500,Frequency,15,1.1988874673843384
124M,13500,Frequency,16,1.167504906654358
124M,13500,Frequency,17,1.1410123109817505
124M,13500,Frequency,18,1.1061538457870483
124M,13500,Frequency,19,1.0970864295959473
124M,13500,Frequency,20,1.0719300508499146
124M,13500,Frequency,21,1.0407609939575195
124M,13500,Frequency,22,1.0378769636154175
124M,13500,Frequency,23,1.0065293312072754
124M,13500,Frequency,24,0.9828011393547058
124M,13500,Frequency,25,0.9660738110542297
124M,13500,Frequency,26,0.9493042826652527
124M,13500,Frequency,27,0.9288551211357117
124M,13500,Frequency,28,0.9097014665603638
124M,13500,Frequency,29,0.8889162540435791
124M,13500,Frequency,30,0.8742755651473999
124M,13500,Frequency,31,0.8448630571365356
124M,13500,Frequency,32,0.8307700157165527
124M,13500,Frequency,33,0.7991927862167358
124M,13500,Frequency,34,0.7747269868850708
124M,13500,Frequency,35,0.7511452436447144
124M,13500,Frequency,36,0.7251244187355042
124M,13500,Frequency,37,0.6931755542755127
124M,13500,Frequency,38,0.6665357947349548
124M,13500,Frequency,39,0.6335400342941284
124M,13500,Frequency,40,0.6088816523551941
124M,13500,Frequency,41,0.5880018472671509
124M,13500,Frequency,42,0.5745534896850586
124M,13500,Frequency,43,0.5642874240875244
124M,13500,Frequency,44,0.5628999471664429
124M,13500,Random,0,1.0796030759811401
124M,13500,Random,1,1.1077685356140137
124M,13500,Random,2,1.1039069890975952
124M,13500,Random,3,1.0749521255493164
124M,13500,Random,4,1.0932623147964478
124M,13500,Random,5,1.0703001022338867
124M,13500,Random,6,1.0798097848892212
124M,13500,Random,7,1.0849218368530273
124M,13500,Random,8,1.1001155376434326
124M,13500,Random,9,1.0955451726913452
124M,13500,Random,10,1.0993434190750122
124M,13500,Random,11,1.0892144441604614
124M,13500,Random,12,1.0820283889770508
124M,13500,Random,13,1.098028540611267
124M,13500,Random,14,1.0804914236068726
124M,13500,Random,15,1.0954444408416748
124M,13500,Random,16,1.074971079826355
124M,13500,Random,17,1.0878885984420776
124M,13500,Random,18,1.0791951417922974
124M,13500,Random,19,1.0841330289840698
124M,13500,Random,20,1.0748964548110962
124M,13500,Random,21,1.0672062635421753
124M,13500,Random,22,1.0670982599258423
124M,13500,Random,23,1.081378698348999
124M,13500,Random,24,1.0777143239974976
124M,13500,Random,25,1.0762962102890015
124M,13500,Random,26,1.1065701246261597
124M,13500,Random,27,1.0876656770706177
124M,13500,Random,28,1.0987839698791504
124M,13500,Random,29,1.10545015335083
124M,13500,Random,30,1.0771596431732178
124M,13500,Random,31,1.0981014966964722
124M,13500,Random,32,1.0839993953704834
124M,13500,Random,33,1.0748897790908813
124M,13500,Random,34,1.0645902156829834
124M,13500,Random,35,1.071688175201416
124M,13500,Random,36,1.1007357835769653
124M,13500,Random,37,1.0968358516693115
124M,13500,Random,38,1.086685061454773
124M,13500,Random,39,1.0922234058380127
124M,13500,Random,40,1.0872550010681152
124M,13500,Random,41,1.1216678619384766
124M,13500,Random,42,1.0884528160095215
124M,13500,Random,43,1.094445824623108
124M,13500,Random,44,1.0642733573913574
124M,14000,Global,-1,248.41473388671875
124M,14000,Frequency,0,1.9220259189605713
124M,14000,Frequency,1,1.8352656364440918
124M,14000,Frequency,2,1.7653727531433105
124M,14000,Frequency,3,1.705075979232788
124M,14000,Frequency,4,1.6455414295196533
124M,14000,Frequency,5,1.598320484161377
124M,14000,Frequency,6,1.5483161211013794
124M,14000,Frequency,7,1.498806118965149
124M,14000,Frequency,8,1.4561995267868042
124M,14000,Frequency,9,1.410437822341919
124M,14000,Frequency,10,1.3759357929229736
124M,14000,Frequency,11,1.3455570936203003
124M,14000,Frequency,12,1.2997651100158691
124M,14000,Frequency,13,1.2677558660507202
124M,14000,Frequency,14,1.2282733917236328
124M,14000,Frequency,15,1.2163305282592773
124M,14000,Frequency,16,1.1847845315933228
124M,14000,Frequency,17,1.1569631099700928
124M,14000,Frequency,18,1.1212819814682007
124M,14000,Frequency,19,1.1121940612792969
124M,14000,Frequency,20,1.0865737199783325
124M,14000,Frequency,21,1.054810881614685
124M,14000,Frequency,22,1.0515949726104736
124M,14000,Frequency,23,1.019752025604248
124M,14000,Frequency,24,0.9956221580505371
124M,14000,Frequency,25,0.9782551527023315
124M,14000,Frequency,26,0.9602524042129517
124M,14000,Frequency,27,0.9397871494293213
124M,14000,Frequency,28,0.9207175374031067
124M,14000,Frequency,29,0.8992668390274048
124M,14000,Frequency,30,0.8840110301971436
124M,14000,Frequency,31,0.8535779714584351
124M,14000,Frequency,32,0.8396564722061157
124M,14000,Frequency,33,0.8069184422492981
124M,14000,Frequency,34,0.7816983461380005
124M,14000,Frequency,35,0.7578520774841309
124M,14000,Frequency,36,0.7304490804672241
124M,14000,Frequency,37,0.6974417567253113
124M,14000,Frequency,38,0.6703125834465027
124M,14000,Frequency,39,0.6365606784820557
124M,14000,Frequency,40,0.6109551191329956
124M,14000,Frequency,41,0.589178204536438
124M,14000,Frequency,42,0.5754039287567139
124M,14000,Frequency,43,0.5646345019340515
124M,14000,Frequency,44,0.563159167766571
124M,14000,Random,0,1.0943124294281006
124M,14000,Random,1,1.1222666501998901
124M,14000,Random,2,1.118791937828064
124M,14000,Random,3,1.0898239612579346
124M,14000,Random,4,1.1072487831115723
124M,14000,Random,5,1.084367275238037
124M,14000,Random,6,1.0942994356155396
124M,14000,Random,7,1.098352074623108
124M,14000,Random,8,1.1143032312393188
124M,14000,Random,9,1.1106215715408325
124M,14000,Random,10,1.114043116569519
124M,14000,Random,11,1.1034907102584839
124M,14000,Random,12,1.0960993766784668
124M,14000,Random,13,1.112857460975647
124M,14000,Random,14,1.094081997871399
124M,14000,Random,15,1.1089884042739868
124M,14000,Random,16,1.089685320854187
124M,14000,Random,17,1.1024624109268188
124M,14000,Random,18,1.0924091339111328
124M,14000,Random,19,1.0984121561050415
124M,14000,Random,20,1.089106798171997
124M,14000,Random,21,1.081649661064148
124M,14000,Random,22,1.0813137292861938
124M,14000,Random,23,1.0958125591278076
124M,14000,Random,24,1.091413974761963
124M,14000,Random,25,1.0896520614624023
124M,14000,Random,26,1.1222690343856812
124M,14000,Random,27,1.102223515510559
124M,14000,Random,28,1.1130739450454712
124M,14000,Random,29,1.120302677154541
124M,14000,Random,30,1.0909316539764404
124M,14000,Random,31,1.1119431257247925
124M,14000,Random,32,1.0984275341033936
124M,14000,Random,33,1.088193655014038
124M,14000,Random,34,1.0784368515014648
124M,14000,Random,35,1.0853976011276245
124M,14000,Random,36,1.1153700351715088
124M,14000,Random,37,1.1115210056304932
124M,14000,Random,38,1.1005654335021973
124M,14000,Random,39,1.1064602136611938
124M,14000,Random,40,1.1011840105056763
124M,14000,Random,41,1.1370434761047363
124M,14000,Random,42,1.1030415296554565
124M,14000,Random,43,1.1089123487472534
124M,14000,Random,44,1.0785104036331177
124M,14500,Global,-1,251.8013458251953
124M,14500,Frequency,0,1.9506183862686157
124M,14500,Frequency,1,1.8646003007888794
124M,14500,Frequency,2,1.7938085794448853
124M,14500,Frequency,3,1.7323330640792847
124M,14500,Frequency,4,1.6727370023727417
124M,14500,Frequency,5,1.623337984085083
124M,14500,Frequency,6,1.5727003812789917
124M,14500,Frequency,7,1.521968126296997
124M,14500,Frequency,8,1.4778337478637695
124M,14500,Frequency,9,1.4329543113708496
124M,14500,Frequency,10,1.397143840789795
124M,14500,Frequency,11,1.36617910861969
124M,14500,Frequency,12,1.3191865682601929
124M,14500,Frequency,13,1.2865718603134155
124M,14500,Frequency,14,1.2464683055877686
124M,14500,Frequency,15,1.233618140220642
124M,14500,Frequency,16,1.2016241550445557
124M,14500,Frequency,17,1.1729811429977417
124M,14500,Frequency,18,1.1367557048797607
124M,14500,Frequency,19,1.1285834312438965
124M,14500,Frequency,20,1.1006802320480347
124M,14500,Frequency,21,1.0675044059753418
124M,14500,Frequency,22,1.065008521080017
124M,14500,Frequency,23,1.0325634479522705
124M,14500,Frequency,24,1.0080186128616333
124M,14500,Frequency,25,0.990070104598999
124M,14500,Frequency,26,0.9722500443458557
124M,14500,Frequency,27,0.9509600400924683
124M,14500,Frequency,28,0.9317480325698853
124M,14500,Frequency,29,0.9102017879486084
124M,14500,Frequency,30,0.8941376805305481
124M,14500,Frequency,31,0.8629873991012573
124M,14500,Frequency,32,0.8478564620018005
124M,14500,Frequency,33,0.814772367477417
124M,14500,Frequency,34,0.7892430424690247
124M,14500,Frequency,35,0.7639235258102417
124M,14500,Frequency,36,0.7367508411407471
124M,14500,Frequency,37,0.7020710706710815
124M,14500,Frequency,38,0.6744517087936401
124M,14500,Frequency,39,0.6392781734466553
124M,14500,Frequency,40,0.6130824089050293
124M,14500,Frequency,41,0.5905716419219971
124M,14500,Frequency,42,0.5762413144111633
124M,14500,Frequency,43,0.5649615526199341
124M,14500,Frequency,44,0.5634126663208008
124M,14500,Random,0,1.1085115671157837
124M,14500,Random,1,1.137559175491333
124M,14500,Random,2,1.1330351829528809
124M,14500,Random,3,1.1037858724594116
124M,14500,Random,4,1.1203253269195557
124M,14500,Random,5,1.098013162612915
124M,14500,Random,6,1.1087416410446167
124M,14500,Random,7,1.1126691102981567
124M,14500,Random,8,1.12868070602417
124M,14500,Random,9,1.1253740787506104
124M,14500,Random,10,1.1285959482192993
124M,14500,Random,11,1.1176749467849731
124M,14500,Random,12,1.1111019849777222
124M,14500,Random,13,1.1272621154785156
124M,14500,Random,14,1.1095707416534424
124M,14500,Random,15,1.1237857341766357
124M,14500,Random,16,1.1038463115692139
124M,14500,Random,17,1.1165062189102173
124M,14500,Random,18,1.1073187589645386
124M,14500,Random,19,1.1124680042266846
124M,14500,Random,20,1.1036710739135742
124M,14500,Random,21,1.0953447818756104
124M,14500,Random,22,1.0947309732437134
124M,14500,Random,23,1.1101657152175903
124M,14500,Random,24,1.1055684089660645
124M,14500,Random,25,1.1032657623291016
124M,14500,Random,26,1.1368169784545898
124M,14500,Random,27,1.1164039373397827
124M,14500,Random,28,1.127539038658142
124M,14500,Random,29,1.135391354560852
124M,14500,Random,30,1.104576587677002
124M,14500,Random,31,1.1257526874542236
124M,14500,Random,32,1.112735390663147
124M,14500,Random,33,1.1018555164337158
124M,14500,Random,34,1.0919238328933716
124M,14500,Random,35,1.0996242761611938
124M,14500,Random,36,1.1295051574707031
124M,14500,Random,37,1.1250619888305664
124M,14500,Random,38,1.1152819395065308
124M,14500,Random,39,1.1214731931686401
124M,14500,Random,40,1.1160472631454468
124M,14500,Random,41,1.1522021293640137
124M,14500,Random,42,1.1169084310531616
124M,14500,Random,43,1.1230976581573486
124M,14500,Random,44,1.0918024778366089
124M,15000,Global,-1,255.15264892578125
124M,15000,Frequency,0,1.9793915748596191
124M,15000,Frequency,1,1.8937063217163086
124M,15000,Frequency,2,1.8211324214935303
124M,15000,Frequency,3,1.7595163583755493
124M,15000,Frequency,4,1.6994658708572388
124M,15000,Frequency,5,1.6480411291122437
124M,15000,Frequency,6,1.5967841148376465
124M,15000,Frequency,7,1.5454157590866089
124M,15000,Frequency,8,1.500710129737854
124M,15000,Frequency,9,1.4544339179992676
124M,15000,Frequency,10,1.4188737869262695
124M,15000,Frequency,11,1.3858643770217896
124M,15000,Frequency,12,1.337968349456787
124M,15000,Frequency,13,1.305154800415039
124M,15000,Frequency,14,1.2638221979141235
124M,15000,Frequency,15,1.251312017440796
124M,15000,Frequency,16,1.2188150882720947
124M,15000,Frequency,17,1.1892036199569702
124M,15000,Frequency,18,1.1517540216445923
124M,15000,Frequency,19,1.1434742212295532
124M,15000,Frequency,20,1.1151597499847412
124M,15000,Frequency,21,1.0814597606658936
124M,15000,Frequency,22,1.0785492658615112
124M,15000,Frequency,23,1.045305609703064
124M,15000,Frequency,24,1.019940733909607
124M,15000,Frequency,25,1.0020182132720947
124M,15000,Frequency,26,0.9829838871955872
124M,15000,Frequency,27,0.9619507789611816
124M,15000,Frequency,28,0.9428724646568298
124M,15000,Frequency,29,0.9202484488487244
124M,15000,Frequency,30,0.9038572907447815
124M,15000,Frequency,31,0.8718714118003845
124M,15000,Frequency,32,0.8565225601196289
124M,15000,Frequency,33,0.8227724432945251
124M,15000,Frequency,34,0.7968896627426147
124M,15000,Frequency,35,0.7699896097183228
124M,15000,Frequency,36,0.742492139339447
124M,15000,Frequency,37,0.7070296406745911
124M,15000,Frequency,38,0.6784453988075256
124M,15000,Frequency,39,0.6426243782043457
124M,15000,Frequency,40,0.6153322458267212
124M,15000,Frequency,41,0.5921457409858704
124M,15000,Frequency,42,0.5770719051361084
124M,15000,Frequency,43,0.5653720498085022
124M,15000,Frequency,44,0.5637902021408081
124M,15000,Random,0,1.1220697164535522
124M,15000,Random,1,1.1521941423416138
124M,15000,Random,2,1.1471730470657349
124M,15000,Random,3,1.1171698570251465
124M,15000,Random,4,1.1339528560638428
124M,15000,Random,5,1.1128816604614258
124M,15000,Random,6,1.121924877166748
124M,15000,Random,7,1.1274182796478271
124M,15000,Random,8,1.1427528858184814
124M,15000,Random,9,1.1396924257278442
124M,15000,Random,10,1.1441936492919922
124M,15000,Random,11,1.1317638158798218
124M,15000,Random,12,1.125400424003601
124M,15000,Random,13,1.1419237852096558
124M,15000,Random,14,1.1237192153930664
124M,15000,Random,15,1.1378769874572754
124M,15000,Random,16,1.1176203489303589
124M,15000,Random,17,1.1310077905654907
124M,15000,Random,18,1.1213434934616089
124M,15000,Random,19,1.1266729831695557
124M,15000,Random,20,1.1186814308166504
124M,15000,Random,21,1.1092125177383423
124M,15000,Random,22,1.1081780195236206
124M,15000,Random,23,1.1242363452911377
124M,15000,Random,24,1.1193628311157227
124M,15000,Random,25,1.1166660785675049
124M,15000,Random,26,1.1509779691696167
124M,15000,Random,27,1.1309984922409058
124M,15000,Random,28,1.1415947675704956
124M,15000,Random,29,1.1498914957046509
124M,15000,Random,30,1.1177886724472046
124M,15000,Random,31,1.1403335332870483
124M,15000,Random,32,1.127010703086853
124M,15000,Random,33,1.1159327030181885
124M,15000,Random,34,1.1058130264282227
124M,15000,Random,35,1.112894058227539
124M,15000,Random,36,1.1439342498779297
124M,15000,Random,37,1.1393184661865234
124M,15000,Random,38,1.1295537948608398
124M,15000,Random,39,1.1358009576797485
124M,15000,Random,40,1.1301789283752441
124M,15000,Random,41,1.1671003103256226
124M,15000,Random,42,1.1309242248535156
124M,15000,Random,43,1.1375080347061157
124M,15000,Random,44,1.1063698530197144
124M,15500,Global,-1,258.3828125
124M,15500,Frequency,0,2.006072521209717
124M,15500,Frequency,1,1.9230953454971313
124M,15500,Frequency,2,1.8485782146453857
124M,15500,Frequency,3,1.7865437269210815
124M,15500,Frequency,4,1.725701093673706
124M,15500,Frequency,5,1.6728523969650269
124M,15500,Frequency,6,1.6206200122833252
124M,15500,Frequency,7,1.5691062211990356
124M,15500,Frequency,8,1.522468090057373
124M,15500,Frequency,9,1.474841594696045
124M,15500,Frequency,10,1.4393457174301147
124M,15500,Frequency,11,1.4054956436157227
124M,15500,Frequency,12,1.3570326566696167
124M,15500,Frequency,13,1.3234636783599854
124M,15500,Frequency,14,1.2818925380706787
124M,15500,Frequency,15,1.2680668830871582
124M,15500,Frequency,16,1.2361440658569336
124M,15500,Frequency,17,1.2053356170654297
124M,15500,Frequency,18,1.1665809154510498
124M,15500,Frequency,19,1.1586121320724487
124M,15500,Frequency,20,1.1293354034423828
124M,15500,Frequency,21,1.0946930646896362
124M,15500,Frequency,22,1.091745376586914
124M,15500,Frequency,23,1.058935523033142
124M,15500,Frequency,24,1.0322445631027222
124M,15500,Frequency,25,1.0137602090835571
124M,15500,Frequency,26,0.994845449924469
124M,15500,Frequency,27,0.97333163022995
124M,15500,Frequency,28,0.9540320634841919
124M,15500,Frequency,29,0.9298783540725708
124M,15500,Frequency,30,0.913163423538208
124M,15500,Frequency,31,0.8801568746566772
124M,15500,Frequency,32,0.8654571771621704
124M,15500,Frequency,33,0.8302173018455505
124M,15500,Frequency,34,0.8038512468338013
124M,15500,Frequency,35,0.7760909199714661
124M,15500,Frequency,36,0.7480751276016235
124M,15500,Frequency,37,0.7118566632270813
124M,15500,Frequency,38,0.6826249361038208
124M,15500,Frequency,39,0.6456922888755798
124M,15500,Frequency,40,0.6175249218940735
124M,15500,Frequency,41,0.5935036540031433
124M,15500,Frequency,42,0.5777509808540344
124M,15500,Frequency,43,0.5658814907073975
124M,15500,Frequency,44,0.5643196702003479
124M,15500,Random,0,1.1352864503860474
124M,15500,Random,1,1.166812777519226
124M,15500,Random,2,1.1620500087738037
124M,15500,Random,3,1.1301043033599854
124M,15500,Random,4,1.1474415063858032
124M,15500,Random,5,1.1263377666473389
124M,15500,Random,6,1.1354305744171143
124M,15500,Random,7,1.1418671607971191
124M,15500,Random,8,1.157792329788208
124M,15500,Random,9,1.1538563966751099
124M,15500,Random,10,1.1592611074447632
124M,15500,Random,11,1.145978569984436
124M,15500,Random,12,1.1387972831726074
124M,15500,Random,13,1.1552636623382568
124M,15500,Random,14,1.137797474861145
124M,15500,Random,15,1.1523265838623047
124M,15500,Random,16,1.130842924118042
124M,15500,Random,17,1.1453332901000977
124M,15500,Random,18,1.135257601737976
124M,15500,Random,19,1.1404834985733032
124M,15500,Random,20,1.1327338218688965
124M,15500,Random,21,1.121700644493103
124M,15500,Random,22,1.122391939163208
124M,15500,Random,23,1.1376200914382935
124M,15500,Random,24,1.1332863569259644
124M,15500,Random,25,1.1303868293762207
124M,15500,Random,26,1.165097713470459
124M,15500,Random,27,1.1447231769561768
124M,15500,Random,28,1.1563836336135864
124M,15500,Random,29,1.1645127534866333
124M,15500,Random,30,1.1315439939498901
124M,15500,Random,31,1.1545125246047974
124M,15500,Random,32,1.1405762434005737
124M,15500,Random,33,1.129990816116333
124M,15500,Random,34,1.1193922758102417
124M,15500,Random,35,1.1259710788726807
124M,15500,Random,36,1.158171534538269
124M,15500,Random,37,1.1545523405075073
124M,15500,Random,38,1.144095778465271
124M,15500,Random,39,1.1502172946929932
124M,15500,Random,40,1.143558144569397
124M,15500,Random,41,1.1819367408752441
124M,15500,Random,42,1.144831657409668
124M,15500,Random,43,1.1513512134552002
124M,15500,Random,44,1.1210983991622925
124M,16000,Global,-1,261.5367736816406
124M,16000,Frequency,0,2.0329670906066895
124M,16000,Frequency,1,1.9512929916381836
124M,16000,Frequency,2,1.8759411573410034
124M,16000,Frequency,3,1.8135064840316772
124M,16000,Frequency,4,1.7512363195419312
124M,16000,Frequency,5,1.6966480016708374
124M,16000,Frequency,6,1.6442118883132935
124M,16000,Frequency,7,1.5922311544418335
124M,16000,Frequency,8,1.5443652868270874
124M,16000,Frequency,9,1.4958019256591797
124M,16000,Frequency,10,1.4594523906707764
124M,16000,Frequency,11,1.425360918045044
124M,16000,Frequency,12,1.3756157159805298
124M,16000,Frequency,13,1.3416141271591187
124M,16000,Frequency,14,1.2987563610076904
124M,16000,Frequency,15,1.2842801809310913
124M,16000,Frequency,16,1.2523661851882935
124M,16000,Frequency,17,1.2214059829711914
124M,16000,Frequency,18,1.1807283163070679
124M,16000,Frequency,19,1.1734660863876343
124M,16000,Frequency,20,1.1427488327026367
124M,16000,Frequency,21,1.1077321767807007
124M,16000,Frequency,22,1.104078769683838
124M,16000,Frequency,23,1.0707448720932007
124M,16000,Frequency,24,1.044211983680725
124M,16000,Frequency,25,1.0261956453323364
124M,16000,Frequency,26,1.0062692165374756
124M,16000,Frequency,27,0.9844374060630798
124M,16000,Frequency,28,0.9643495678901672
124M,16000,Frequency,29,0.9394018650054932
124M,16000,Frequency,30,0.922371506690979
124M,16000,Frequency,31,0.8889195919036865
124M,16000,Frequency,32,0.8739231824874878
124M,16000,Frequency,33,0.8380247950553894
124M,16000,Frequency,34,0.810820460319519
124M,16000,Frequency,35,0.7823697924613953
124M,16000,Frequency,36,0.7538362145423889
124M,16000,Frequency,37,0.7165889739990234
124M,16000,Frequency,38,0.686682939529419
124M,16000,Frequency,39,0.6484014391899109
124M,16000,Frequency,40,0.6195812821388245
124M,16000,Frequency,41,0.5949483513832092
124M,16000,Frequency,42,0.5786676406860352
124M,16000,Frequency,43,0.5663739442825317
124M,16000,Frequency,44,0.5646182298660278
124M,16000,Random,0,1.1476788520812988
124M,16000,Random,1,1.181350827217102
124M,16000,Random,2,1.1762481927871704
124M,16000,Random,3,1.1436964273452759
124M,16000,Random,4,1.16110360622406
124M,16000,Random,5,1.140086054801941
124M,16000,Random,6,1.1486839056015015
124M,16000,Random,7,1.155864953994751
124M,16000,Random,8,1.1717523336410522
124M,16000,Random,9,1.1674230098724365
124M,16000,Random,10,1.1735881567001343
124M,16000,Random,11,1.1593878269195557
124M,16000,Random,12,1.153022289276123
124M,16000,Random,13,1.1695737838745117
124M,16000,Random,14,1.1513879299163818
124M,16000,Random,15,1.1653302907943726
124M,16000,Random,16,1.1444504261016846
124M,16000,Random,17,1.1578987836837769
124M,16000,Random,18,1.149059534072876
124M,16000,Random,19,1.1538556814193726
124M,16000,Random,20,1.1457377672195435
124M,16000,Random,21,1.1349459886550903
124M,16000,Random,22,1.1357394456863403
124M,16000,Random,23,1.1520236730575562
124M,16000,Random,24,1.1467238664627075
124M,16000,Random,25,1.1437993049621582
124M,16000,Random,26,1.179167628288269
124M,16000,Random,27,1.159002423286438
124M,16000,Random,28,1.1707737445831299
124M,16000,Random,29,1.1790108680725098
124M,16000,Random,30,1.1447092294692993
124M,16000,Random,31,1.1690254211425781
124M,16000,Random,32,1.1542162895202637
124M,16000,Random,33,1.1424939632415771
124M,16000,Random,34,1.1320626735687256
124M,16000,Random,35,1.138834834098816
124M,16000,Random,36,1.17250657081604
124M,16000,Random,37,1.1679770946502686
124M,16000,Random,38,1.158679485321045
124M,16000,Random,39,1.1646054983139038
124M,16000,Random,40,1.157739520072937
124M,16000,Random,41,1.196447730064392
124M,16000,Random,42,1.1581950187683105
124M,16000,Random,43,1.1651853322982788
124M,16000,Random,44,1.1344246864318848
124M,16500,Global,-1,264.65032958984375
124M,16500,Frequency,0,2.0594370365142822
124M,16500,Frequency,1,1.9784122705459595
124M,16500,Frequency,2,1.9029103517532349
124M,16500,Frequency,3,1.839832067489624
124M,16500,Frequency,4,1.775465965270996
124M,16500,Frequency,5,1.7209892272949219
124M,16500,Frequency,6,1.6671950817108154
124M,16500,Frequency,7,1.6155517101287842
124M,16500,Frequency,8,1.5658495426177979
124M,16500,Frequency,9,1.5168224573135376
124M,16500,Frequency,10,1.478940486907959
124M,16500,Frequency,11,1.444595456123352
124M,16500,Frequency,12,1.3942224979400635
124M,16500,Frequency,13,1.359241247177124
124M,16500,Frequency,14,1.3148695230484009
124M,16500,Frequency,15,1.3001115322113037
124M,16500,Frequency,16,1.2688219547271729
124M,16500,Frequency,17,1.2367196083068848
124M,16500,Frequency,18,1.1953219175338745
124M,16500,Frequency,19,1.1876397132873535
124M,16500,Frequency,20,1.1556360721588135
124M,16500,Frequency,21,1.1204785108566284
124M,16500,Frequency,22,1.117086410522461
124M,16500,Frequency,23,1.0822632312774658
124M,16500,Frequency,24,1.055857539176941
124M,16500,Frequency,25,1.0378965139389038
124M,16500,Frequency,26,1.0179201364517212
124M,16500,Frequency,27,0.995010256767273
124M,16500,Frequency,28,0.9745561480522156
124M,16500,Frequency,29,0.948817789554596
124M,16500,Frequency,30,0.9308695793151855
124M,16500,Frequency,31,0.8973089456558228
124M,16500,Frequency,32,0.8827716112136841
124M,16500,Frequency,33,0.845615029335022
124M,16500,Frequency,34,0.8178079724311829
124M,16500,Frequency,35,0.7887147068977356
124M,16500,Frequency,36,0.7595188021659851
124M,16500,Frequency,37,0.7216482162475586
124M,16500,Frequency,38,0.6900213956832886
124M,16500,Frequency,39,0.6515746116638184
124M,16500,Frequency,40,0.6215677857398987
124M,16500,Frequency,41,0.5961744785308838
124M,16500,Frequency,42,0.5793846249580383
124M,16500,Frequency,43,0.5666894912719727
124M,16500,Frequency,44,0.5647443532943726
124M,16500,Random,0,1.161508560180664
124M,16500,Random,1,1.195684790611267
124M,16500,Random,2,1.1894057989120483
124M,16500,Random,3,1.1572465896606445
124M,16500,Random,4,1.1741046905517578
124M,16500,Random,5,1.1524474620819092
124M,16500,Random,6,1.1618160009384155
124M,16500,Random,7,1.1690583229064941
124M,16500,Random,8,1.1859667301177979
124M,16500,Random,9,1.1810581684112549
124M,16500,Random,10,1.1871594190597534
124M,16500,Random,11,1.1731116771697998
124M,16500,Random,12,1.1672526597976685
124M,16500,Random,13,1.183100938796997
124M,16500,Random,14,1.1646718978881836
124M,16500,Random,15,1.179331660270691
124M,16500,Random,16,1.1571868658065796
124M,16500,Random,17,1.1711710691452026
124M,16500,Random,18,1.1625161170959473
124M,16500,Random,19,1.167046070098877
124M,16500,Random,20,1.1583764553070068
124M,16500,Random,21,1.1483991146087646
124M,16500,Random,22,1.1490826606750488
124M,16500,Random,23,1.164717435836792
124M,16500,Random,24,1.1600098609924316
124M,16500,Random,25,1.1571788787841797
124M,16500,Random,26,1.193766713142395
124M,16500,Random,27,1.1726864576339722
124M,16500,Random,28,1.1840906143188477
124M,16500,Random,29,1.1930315494537354
124M,16500,Random,30,1.1578797101974487
124M,16500,Random,31,1.182968258857727
124M,16500,Random,32,1.1678298711776733
124M,16500,Random,33,1.156049370765686
124M,16500,Random,34,1.144620418548584
124M,16500,Random,35,1.1519172191619873
124M,16500,Random,36,1.1861042976379395
124M,16500,Random,37,1.1817725896835327
124M,16500,Random,38,1.172351598739624
124M,16500,Random,39,1.1776729822158813
124M,16500,Random,40,1.1711065769195557
124M,16500,Random,41,1.2111314535140991
124M,16500,Random,42,1.1714802980422974
124M,16500,Random,43,1.1780543327331543
124M,16500,Random,44,1.147134780883789
124M,17000,Global,-1,267.7430725097656
124M,17000,Frequency,0,2.086609125137329
124M,17000,Frequency,1,2.0045368671417236
124M,17000,Frequency,2,1.9293757677078247
124M,17000,Frequency,3,1.8647176027297974
124M,17000,Frequency,4,1.7999236583709717
124M,17000,Frequency,5,1.744391918182373
124M,17000,Frequency,6,1.6901689767837524
124M,17000,Frequency,7,1.6375083923339844
124M,17000,Frequency,8,1.5875049829483032
124M,17000,Frequency,9,1.5375661849975586
124M,17000,Frequency,10,1.4981861114501953
124M,17000,Frequency,11,1.462886095046997
124M,17000,Frequency,12,1.4128108024597168
124M,17000,Frequency,13,1.377016305923462
124M,17000,Frequency,14,1.3310881853103638
124M,17000,Frequency,15,1.3162914514541626
124M,17000,Frequency,16,1.2846622467041016
124M,17000,Frequency,17,1.2521448135375977
124M,17000,Frequency,18,1.210157036781311
124M,17000,Frequency,19,1.202272653579712
124M,17000,Frequency,20,1.1701977252960205
124M,17000,Frequency,21,1.1328611373901367
124M,17000,Frequency,22,1.1307820081710815
124M,17000,Frequency,23,1.0952011346817017
124M,17000,Frequency,24,1.0678097009658813
124M,17000,Frequency,25,1.0493829250335693
124M,17000,Frequency,26,1.028292179107666
124M,17000,Frequency,27,1.0053985118865967
124M,17000,Frequency,28,0.9841184616088867
124M,17000,Frequency,29,0.9584305882453918
124M,17000,Frequency,30,0.939778745174408
124M,17000,Frequency,31,0.9058520793914795
124M,17000,Frequency,32,0.8911691308021545
124M,17000,Frequency,33,0.8533401489257812
124M,17000,Frequency,34,0.8249495029449463
124M,17000,Frequency,35,0.7947385311126709
124M,17000,Frequency,36,0.7651146054267883
124M,17000,Frequency,37,0.7260986566543579
124M,17000,Frequency,38,0.6940335035324097
124M,17000,Frequency,39,0.6542232036590576
124M,17000,Frequency,40,0.6237927675247192
124M,17000,Frequency,41,0.597367525100708
124M,17000,Frequency,42,0.5803285241127014
124M,17000,Frequency,43,0.5669981837272644
124M,17000,Frequency,44,0.5650249719619751
124M,17000,Random,0,1.1750071048736572
124M,17000,Random,1,1.2098137140274048
124M,17000,Random,2,1.2021313905715942
124M,17000,Random,3,1.1701164245605469
124M,17000,Random,4,1.1882224082946777
124M,17000,Random,5,1.166101098060608
124M,17000,Random,6,1.1752456426620483
124M,17000,Random,7,1.1820203065872192
124M,17000,Random,8,1.2004008293151855
124M,17000,Random,9,1.1940890550613403
124M,17000,Random,10,1.2018035650253296
124M,17000,Random,11,1.1862331628799438
124M,17000,Random,12,1.1800693273544312
124M,17000,Random,13,1.195909857749939
124M,17000,Random,14,1.1785392761230469
124M,17000,Random,15,1.1927963495254517
124M,17000,Random,16,1.1701879501342773
124M,17000,Random,17,1.18452787399292
124M,17000,Random,18,1.1755812168121338
124M,17000,Random,19,1.1807307004928589
124M,17000,Random,20,1.1716071367263794
124M,17000,Random,21,1.1612403392791748
124M,17000,Random,22,1.1620008945465088
124M,17000,Random,23,1.1779001951217651
124M,17000,Random,24,1.1735881567001343
124M,17000,Random,25,1.1705762147903442
124M,17000,Random,26,1.207553744316101
124M,17000,Random,27,1.1855581998825073
124M,17000,Random,28,1.1980661153793335
124M,17000,Random,29,1.2064963579177856
124M,17000,Random,30,1.1709887981414795
124M,17000,Random,31,1.1965982913970947
124M,17000,Random,32,1.1808162927627563
124M,17000,Random,33,1.169413685798645
124M,17000,Random,34,1.15780770778656
124M,17000,Random,35,1.1649165153503418
124M,17000,Random,36,1.1997679471969604
124M,17000,Random,37,1.195798397064209
124M,17000,Random,38,1.18570876121521
124M,17000,Random,39,1.1915209293365479
124M,17000,Random,40,1.1834291219711304
124M,17000,Random,41,1.2247214317321777
124M,17000,Random,42,1.1843039989471436
124M,17000,Random,43,1.1920067071914673
124M,17000,Random,44,1.160072922706604
124M,17500,Global,-1,270.85107421875
124M,17500,Frequency,0,2.113463878631592
124M,17500,Frequency,1,2.030892848968506
124M,17500,Frequency,2,1.9561108350753784
124M,17500,Frequency,3,1.8888487815856934
124M,17500,Frequency,4,1.8231548070907593
124M,17500,Frequency,5,1.768985629081726
124M,17500,Frequency,6,1.712890386581421
124M,17500,Frequency,7,1.6594805717468262
124M,17500,Frequency,8,1.6080503463745117
124M,17500,Frequency,9,1.557554841041565
124M,17500,Frequency,10,1.5172358751296997
124M,17500,Frequency,11,1.4814519882202148
124M,17500,Frequency,12,1.4301857948303223
124M,17500,Frequency,13,1.3946698904037476
124M,17500,Frequency,14,1.3475911617279053
124M,17500,Frequency,15,1.3332202434539795
124M,17500,Frequency,16,1.3003969192504883
124M,17500,Frequency,17,1.2681975364685059
124M,17500,Frequency,18,1.2252435684204102
124M,17500,Frequency,19,1.2164303064346313
124M,17500,Frequency,20,1.1839141845703125
124M,17500,Frequency,21,1.146690845489502
124M,17500,Frequency,22,1.143888235092163
124M,17500,Frequency,23,1.107334852218628
124M,17500,Frequency,24,1.0800665616989136
124M,17500,Frequency,25,1.0608952045440674
124M,17500,Frequency,26,1.0393853187561035
124M,17500,Frequency,27,1.0159357786178589
124M,17500,Frequency,28,0.9950112104415894
124M,17500,Frequency,29,0.9681398272514343
124M,17500,Frequency,30,0.9493072032928467
124M,17500,Frequency,31,0.9151396751403809
124M,17500,Frequency,32,0.8996685147285461
124M,17500,Frequency,33,0.8612270355224609
124M,17500,Frequency,34,0.8326990008354187
124M,17500,Frequency,35,0.801224410533905
124M,17500,Frequency,36,0.771041989326477
124M,17500,Frequency,37,0.7310505509376526
124M,17500,Frequency,38,0.6982740759849548
124M,17500,Frequency,39,0.6570361852645874
124M,17500,Frequency,40,0.6260115504264832
124M,17500,Frequency,41,0.5990280508995056
124M,17500,Frequency,42,0.5811805129051208
124M,17500,Frequency,43,0.5675159692764282
124M,17500,Frequency,44,0.5655782222747803
124M,17500,Random,0,1.1885277032852173
124M,17500,Random,1,1.223486065864563
124M,17500,Random,2,1.2153995037078857
124M,17500,Random,3,1.183596134185791
124M,17500,Random,4,1.2015000581741333
124M,17500,Random,5,1.1792312860488892
124M,17500,Random,6,1.1887075901031494
124M,17500,Random,7,1.1951541900634766
124M,17500,Random,8,1.2138183116912842
124M,17500,Random,9,1.2074286937713623
124M,17500,Random,10,1.2156285047531128
124M,17500,Random,11,1.2001168727874756
124M,17500,Random,12,1.1938416957855225
124M,17500,Random,13,1.209652066230774
124M,17500,Random,14,1.1923062801361084
124M,17500,Random,15,1.2057712078094482
124M,17500,Random,16,1.1832425594329834
124M,17500,Random,17,1.197568655014038
124M,17500,Random,18,1.1889655590057373
124M,17500,Random,19,1.1936451196670532
124M,17500,Random,20,1.1852558851242065
124M,17500,Random,21,1.1742955446243286
124M,17500,Random,22,1.1750797033309937
124M,17500,Random,23,1.1915959119796753
124M,17500,Random,24,1.1873252391815186
124M,17500,Random,25,1.1843581199645996
124M,17500,Random,26,1.2215869426727295
124M,17500,Random,27,1.1983921527862549
124M,17500,Random,28,1.2120412588119507
124M,17500,Random,29,1.2200590372085571
124M,17500,Random,30,1.1847261190414429
124M,17500,Random,31,1.2105600833892822
124M,17500,Random,32,1.1938573122024536
124M,17500,Random,33,1.1833022832870483
124M,17500,Random,34,1.1708459854125977
124M,17500,Random,35,1.1779654026031494
124M,17500,Random,36,1.2143572568893433
124M,17500,Random,37,1.209213376045227
124M,17500,Random,38,1.1979671716690063
124M,17500,Random,39,1.2052277326583862
124M,17500,Random,40,1.196842908859253
124M,17500,Random,41,1.2390751838684082
124M,17500,Random,42,1.1975417137145996
124M,17500,Random,43,1.2054929733276367
124M,17500,Random,44,1.1726799011230469
124M,18000,Global,-1,273.9241027832031
124M,18000,Frequency,0,2.1393139362335205
124M,18000,Frequency,1,2.056548595428467
124M,18000,Frequency,2,1.9820350408554077
124M,18000,Frequency,3,1.9138453006744385
124M,18000,Frequency,4,1.8475364446640015
124M,18000,Frequency,5,1.7919855117797852
124M,18000,Frequency,6,1.734953761100769
124M,18000,Frequency,7,1.6807386875152588
124M,18000,Frequency,8,1.6287366151809692
124M,18000,Frequency,9,1.5764871835708618
124M,18000,Frequency,10,1.535961627960205
124M,18000,Frequency,11,1.5007975101470947
124M,18000,Frequency,12,1.4486775398254395
124M,18000,Frequency,13,1.4121954441070557
124M,18000,Frequency,14,1.3643805980682373
124M,18000,Frequency,15,1.349509596824646
124M,18000,Frequency,16,1.31627357006073
124M,18000,Frequency,17,1.2833112478256226
124M,18000,Frequency,18,1.2407853603363037
124M,18000,Frequency,19,1.2300986051559448
124M,18000,Frequency,20,1.1976144313812256
124M,18000,Frequency,21,1.1595369577407837
124M,18000,Frequency,22,1.1566368341445923
124M,18000,Frequency,23,1.1196719408035278
124M,18000,Frequency,24,1.0923019647598267
124M,18000,Frequency,25,1.0716519355773926
124M,18000,Frequency,26,1.0510168075561523
124M,18000,Frequency,27,1.027217984199524
124M,18000,Frequency,28,1.0048421621322632
124M,18000,Frequency,29,0.9780967831611633
124M,18000,Frequency,30,0.9581579566001892
124M,18000,Frequency,31,0.923883855342865
124M,18000,Frequency,32,0.9075581431388855
124M,18000,Frequency,33,0.8678258061408997
124M,18000,Frequency,34,0.8402206301689148
124M,18000,Frequency,35,0.8078644871711731
124M,18000,Frequency,36,0.7765798568725586
124M,18000,Frequency,37,0.7358213067054749
124M,18000,Frequency,38,0.7024860978126526
124M,18000,Frequency,39,0.660018801689148
124M,18000,Frequency,40,0.6280036568641663
124M,18000,Frequency,41,0.6007509827613831
124M,18000,Frequency,42,0.5820140838623047
124M,18000,Frequency,43,0.5679534673690796
124M,18000,Frequency,44,0.5657285451889038
124M,18000,Random,0,1.2020617723464966
124M,18000,Random,1,1.2371532917022705
124M,18000,Random,2,1.2278826236724854
124M,18000,Random,3,1.1964569091796875
124M,18000,Random,4,1.2141191959381104
124M,18000,Random,5,1.1916627883911133
124M,18000,Random,6,1.201512336730957
124M,18000,Random,7,1.2079217433929443
124M,18000,Random,8,1.2279865741729736
124M,18000,Random,9,1.2208303213119507
124M,18000,Random,10,1.2297028303146362
124M,18000,Random,11,1.2132738828659058
124M,18000,Random,12,1.2069664001464844
124M,18000,Random,13,1.2239694595336914
124M,18000,Random,14,1.205091118812561
124M,18000,Random,15,1.2191345691680908
124M,18000,Random,16,1.196884036064148
124M,18000,Random,17,1.2107926607131958
124M,18000,Random,18,1.2020426988601685
124M,18000,Random,19,1.2063902616500854
124M,18000,Random,20,1.1988564729690552
124M,18000,Random,21,1.1878241300582886
124M,18000,Random,22,1.1880993843078613
124M,18000,Random,23,1.204559087753296
124M,18000,Random,24,1.2003556489944458
124M,18000,Random,25,1.1968228816986084
124M,18000,Random,26,1.2350516319274902
124M,18000,Random,27,1.2118034362792969
124M,18000,Random,28,1.2252061367034912
124M,18000,Random,29,1.2340738773345947
124M,18000,Random,30,1.1980410814285278
124M,18000,Random,31,1.224206566810608
124M,18000,Random,32,1.2068390846252441
124M,18000,Random,33,1.195473551750183
124M,18000,Random,34,1.1827431917190552
124M,18000,Random,35,1.1913522481918335
124M,18000,Random,36,1.228217363357544
124M,18000,Random,37,1.2229562997817993
124M,18000,Random,38,1.2105258703231812
124M,18000,Random,39,1.2189606428146362
124M,18000,Random,40,1.2106839418411255
124M,18000,Random,41,1.252609133720398
124M,18000,Random,42,1.211487054824829
124M,18000,Random,43,1.2189486026763916
124M,18000,Random,44,1.1856727600097656
124M,18500,Global,-1,276.9487609863281
124M,18500,Frequency,0,2.164604425430298
124M,18500,Frequency,1,2.081425428390503
124M,18500,Frequency,2,2.0067310333251953
124M,18500,Frequency,3,1.9385240077972412
124M,18500,Frequency,4,1.8711680173873901
124M,18500,Frequency,5,1.814499020576477
124M,18500,Frequency,6,1.756832480430603
124M,18500,Frequency,7,1.7007570266723633
124M,18500,Frequency,8,1.648801326751709
124M,18500,Frequency,9,1.5959405899047852
124M,18500,Frequency,10,1.5548373460769653
124M,18500,Frequency,11,1.5190485715866089
124M,18500,Frequency,12,1.4669480323791504
124M,18500,Frequency,13,1.4291892051696777
124M,18500,Frequency,14,1.380794644355774
124M,18500,Frequency,15,1.3652702569961548
124M,18500,Frequency,16,1.3314085006713867
124M,18500,Frequency,17,1.2985044717788696
124M,18500,Frequency,18,1.2542914152145386
124M,18500,Frequency,19,1.2435941696166992
124M,18500,Frequency,20,1.2115241289138794
124M,18500,Frequency,21,1.1718549728393555
124M,18500,Frequency,22,1.1691373586654663
124M,18500,Frequency,23,1.1321083307266235
124M,18500,Frequency,24,1.1034808158874512
124M,18500,Frequency,25,1.083371877670288
124M,18500,Frequency,26,1.0618860721588135
124M,18500,Frequency,27,1.0385029315948486
124M,18500,Frequency,28,1.015379548072815
124M,18500,Frequency,29,0.9881269335746765
124M,18500,Frequency,30,0.9674016833305359
124M,18500,Frequency,31,0.933010458946228
124M,18500,Frequency,32,0.9158300757408142
124M,18500,Frequency,33,0.8752401471138
124M,18500,Frequency,34,0.8473353981971741
124M,18500,Frequency,35,0.8142763376235962
124M,18500,Frequency,36,0.7827392816543579
124M,18500,Frequency,37,0.7407333850860596
124M,18500,Frequency,38,0.7066991925239563
124M,18500,Frequency,39,0.6632508635520935
124M,18500,Frequency,40,0.6302352547645569
124M,18500,Frequency,41,0.6020742058753967
124M,18500,Frequency,42,0.5828909277915955
124M,18500,Frequency,43,0.5685303807258606
124M,18500,Frequency,44,0.5662372708320618
124M,18500,Random,0,1.215073585510254
124M,18500,Random,1,1.2502657175064087
124M,18500,Random,2,1.2410199642181396
124M,18500,Random,3,1.2096368074417114
124M,18500,Random,4,1.2275887727737427
124M,18500,Random,5,1.2046117782592773
124M,18500,Random,6,1.2146252393722534
124M,18500,Random,7,1.2208935022354126
124M,18500,Random,8,1.241317629814148
124M,18500,Random,9,1.2341681718826294
124M,18500,Random,10,1.2416778802871704
124M,18500,Random,11,1.226106882095337
124M,18500,Random,12,1.2201851606369019
124M,18500,Random,13,1.2373156547546387
124M,18500,Random,14,1.2180452346801758
124M,18500,Random,15,1.232663869857788
124M,18500,Random,16,1.209334373474121
124M,18500,Random,17,1.2240686416625977
124M,18500,Random,18,1.2153894901275635
124M,18500,Random,19,1.2186535596847534
124M,18500,Random,20,1.2119563817977905
124M,18500,Random,21,1.2002335786819458
124M,18500,Random,22,1.2010242938995361
124M,18500,Random,23,1.2171462774276733
124M,18500,Random,24,1.2129639387130737
124M,18500,Random,25,1.2099874019622803
124M,18500,Random,26,1.248382329940796
124M,18500,Random,27,1.2249231338500977
124M,18500,Random,28,1.2386574745178223
124M,18500,Random,29,1.2477608919143677
124M,18500,Random,30,1.2109864950180054
124M,18500,Random,31,1.2376906871795654
124M,18500,Random,32,1.2198134660720825
124M,18500,Random,33,1.2084311246871948
124M,18500,Random,34,1.1945911645889282
124M,18500,Random,35,1.2037665843963623
124M,18500,Random,36,1.2413095235824585
124M,18500,Random,37,1.2358770370483398
124M,18500,Random,38,1.223425269126892
124M,18500,Random,39,1.2317901849746704
124M,18500,Random,40,1.2245895862579346
124M,18500,Random,41,1.2663347721099854
124M,18500,Random,42,1.2243691682815552
124M,18500,Random,43,1.233086109161377
124M,18500,Random,44,1.196969985961914
124M,19000,Global,-1,279.974609375
124M,19000,Frequency,0,2.190443754196167
124M,19000,Frequency,1,2.1053717136383057
124M,19000,Frequency,2,2.0310213565826416
124M,19000,Frequency,3,1.961812973022461
124M,19000,Frequency,4,1.894470453262329
124M,19000,Frequency,5,1.8378547430038452
124M,19000,Frequency,6,1.7788084745407104
124M,19000,Frequency,7,1.7222055196762085
124M,19000,Frequency,8,1.6689765453338623
124M,19000,Frequency,9,1.6161593198776245
124M,19000,Frequency,10,1.5745651721954346
124M,19000,Frequency,11,1.5365110635757446
124M,19000,Frequency,12,1.4841877222061157
124M,19000,Frequency,13,1.4457112550735474
124M,19000,Frequency,14,1.3967785835266113
124M,19000,Frequency,15,1.3816760778427124
124M,19000,Frequency,16,1.346798300743103
124M,19000,Frequency,17,1.3140612840652466
124M,19000,Frequency,18,1.2688337564468384
124M,19000,Frequency,19,1.2575596570968628
124M,19000,Frequency,20,1.2250301837921143
124M,19000,Frequency,21,1.1839962005615234
124M,19000,Frequency,22,1.1815366744995117
124M,19000,Frequency,23,1.145005226135254
124M,19000,Frequency,24,1.114608883857727
124M,19000,Frequency,25,1.0945796966552734
124M,19000,Frequency,26,1.0729299783706665
124M,19000,Frequency,27,1.0491887331008911
124M,19000,Frequency,28,1.0259021520614624
124M,19000,Frequency,29,0.9972628355026245
124M,19000,Frequency,30,0.9760198593139648
124M,19000,Frequency,31,0.9415585994720459
124M,19000,Frequency,32,0.9246236085891724
124M,19000,Frequency,33,0.882672905921936
124M,19000,Frequency,34,0.8541169762611389
124M,19000,Frequency,35,0.8207535147666931
124M,19000,Frequency,36,0.7878531217575073
124M,19000,Frequency,37,0.7452254891395569
124M,19000,Frequency,38,0.7111029624938965
124M,19000,Frequency,39,0.6661216616630554
124M,19000,Frequency,40,0.6324790716171265
124M,19000,Frequency,41,0.6035712361335754
124M,19000,Frequency,42,0.5838780403137207
124M,19000,Frequency,43,0.5690024495124817
124M,19000,Frequency,44,0.5666228532791138
124M,19000,Random,0,1.2279983758926392
124M,19000,Random,1,1.2635754346847534
124M,19000,Random,2,1.2540225982666016
124M,19000,Random,3,1.222611904144287
124M,19000,Random,4,1.2412511110305786
124M,19000,Random,5,1.216702938079834
124M,19000,Random,6,1.226683259010315
124M,19000,Random,7,1.2334485054016113
124M,19000,Random,8,1.254899024963379
124M,19000,Random,9,1.2469415664672852
124M,19000,Random,10,1.255165457725525
124M,19000,Random,11,1.2388036251068115
124M,19000,Random,12,1.2331180572509766
124M,19000,Random,13,1.2504701614379883
124M,19000,Random,14,1.2309796810150146
124M,19000,Random,15,1.24570631980896
124M,19000,Random,16,1.2222932577133179
124M,19000,Random,17,1.2379176616668701
124M,19000,Random,18,1.2278339862823486
124M,19000,Random,19,1.2308543920516968
124M,19000,Random,20,1.2250757217407227
124M,19000,Random,21,1.2125723361968994
124M,19000,Random,22,1.2139962911605835
124M,19000,Random,23,1.2301579713821411
124M,19000,Random,24,1.2254796028137207
124M,19000,Random,25,1.2224582433700562
124M,19000,Random,26,1.262893557548523
124M,19000,Random,27,1.2382453680038452
124M,19000,Random,28,1.251684308052063
124M,19000,Random,29,1.2611597776412964
124M,19000,Random,30,1.2230571508407593
124M,19000,Random,31,1.2501715421676636
124M,19000,Random,32,1.2332093715667725
124M,19000,Random,33,1.221380591392517
124M,19000,Random,34,1.2076436281204224
124M,19000,Random,35,1.2162185907363892
124M,19000,Random,36,1.255149006843567
124M,19000,Random,37,1.2491751909255981
124M,19000,Random,38,1.2367455959320068
124M,19000,Random,39,1.2453101873397827
124M,19000,Random,40,1.2377021312713623
124M,19000,Random,41,1.2793347835540771
124M,19000,Random,42,1.2374364137649536
124M,19000,Random,43,1.2457292079925537
124M,19000,Random,44,1.2074394226074219
124M,19500,Global,-1,282.9384460449219
124M,19500,Frequency,0,2.2154972553253174
124M,19500,Frequency,1,2.131129503250122
124M,19500,Frequency,2,2.056105852127075
124M,19500,Frequency,3,1.9860464334487915
124M,19500,Frequency,4,1.9165983200073242
124M,19500,Frequency,5,1.8604748249053955
124M,19500,Frequency,6,1.7993088960647583
124M,19500,Frequency,7,1.7420742511749268
124M,19500,Frequency,8,1.687925100326538
124M,19500,Frequency,9,1.6354526281356812
124M,19500,Frequency,10,1.593637466430664
124M,19500,Frequency,11,1.5543614625930786
124M,19500,Frequency,12,1.5004197359085083
124M,19500,Frequency,13,1.4619758129119873
124M,19500,Frequency,14,1.412819743156433
124M,19500,Frequency,15,1.3962740898132324
124M,19500,Frequency,16,1.3618764877319336
124M,19500,Frequency,17,1.3290022611618042
124M,19500,Frequency,18,1.2829668521881104
124M,19500,Frequency,19,1.2704814672470093
124M,19500,Frequency,20,1.2383794784545898
124M,19500,Frequency,21,1.1965041160583496
124M,19500,Frequency,22,1.1937991380691528
124M,19500,Frequency,23,1.1572133302688599
124M,19500,Frequency,24,1.126316785812378
124M,19500,Frequency,25,1.1057333946228027
124M,19500,Frequency,26,1.0831125974655151
124M,19500,Frequency,27,1.0593633651733398
124M,19500,Frequency,28,1.0357723236083984
124M,19500,Frequency,29,1.006683349609375
124M,19500,Frequency,30,0.9851351380348206
124M,19500,Frequency,31,0.9495974183082581
124M,19500,Frequency,32,0.932643711566925
124M,19500,Frequency,33,0.8901382088661194
124M,19500,Frequency,34,0.8604835867881775
124M,19500,Frequency,35,0.8275066018104553
124M,19500,Frequency,36,0.7938706278800964
124M,19500,Frequency,37,0.7496185898780823
124M,19500,Frequency,38,0.7150111198425293
124M,19500,Frequency,39,0.6687415838241577
124M,19500,Frequency,40,0.6342216730117798
124M,19500,Frequency,41,0.6049475073814392
124M,19500,Frequency,42,0.5848441123962402
124M,19500,Frequency,43,0.5693567991256714
124M,19500,Frequency,44,0.5668566823005676
124M,19500,Random,0,1.2401479482650757
124M,19500,Random,1,1.2763752937316895
124M,19500,Random,2,1.266937017440796
124M,19500,Random,3,1.2352875471115112
124M,19500,Random,4,1.2542297840118408
124M,19500,Random,5,1.2290853261947632
124M,19500,Random,6,1.2389625310897827
124M,19500,Random,7,1.246437907218933
124M,19500,Random,8,1.2677059173583984
124M,19500,Random,9,1.2592462301254272
124M,19500,Random,10,1.2676860094070435
124M,19500,Random,11,1.252244234085083
124M,19500,Random,12,1.245317816734314
124M,19500,Random,13,1.2635293006896973
124M,19500,Random,14,1.2438783645629883
124M,19500,Random,15,1.2585285902023315
124M,19500,Random,16,1.2344402074813843
124M,19500,Random,17,1.2502716779708862
124M,19500,Random,18,1.2400850057601929
124M,19500,Random,19,1.2431217432022095
124M,19500,Random,20,1.2377407550811768
124M,19500,Random,21,1.225158929824829
124M,19500,Random,22,1.2268476486206055
124M,19500,Random,23,1.24266517162323
124M,19500,Random,24,1.2383204698562622
124M,19500,Random,25,1.2355539798736572
124M,19500,Random,26,1.275515079498291
124M,19500,Random,27,1.2505983114242554
124M,19500,Random,28,1.2644635438919067
124M,19500,Random,29,1.2736716270446777
124M,19500,Random,30,1.2352805137634277
124M,19500,Random,31,1.2631471157073975
124M,19500,Random,32,1.2454521656036377
124M,19500,Random,33,1.2334798574447632
124M,19500,Random,34,1.2206041812896729
124M,19500,Random,35,1.2286111116409302
124M,19500,Random,36,1.26841139793396
124M,19500,Random,37,1.2620919942855835
124M,19500,Random,38,1.2499407529830933
124M,19500,Random,39,1.257812261581421
124M,19500,Random,40,1.250986933708191
124M,19500,Random,41,1.2922435998916626
124M,19500,Random,42,1.249962568283081
124M,19500,Random,43,1.2588285207748413
124M,19500,Random,44,1.2195320129394531
124M,20000,Global,-1,285.878662109375
124M,20000,Frequency,0,2.2398886680603027
124M,20000,Frequency,1,2.1556994915008545
124M,20000,Frequency,2,2.0799472332000732
124M,20000,Frequency,3,2.0099503993988037
124M,20000,Frequency,4,1.939652442932129
124M,20000,Frequency,5,1.8827126026153564
124M,20000,Frequency,6,1.8211238384246826
124M,20000,Frequency,7,1.7627036571502686
124M,20000,Frequency,8,1.707525610923767
124M,20000,Frequency,9,1.6542611122131348
124M,20000,Frequency,10,1.6120193004608154
124M,20000,Frequency,11,1.5720384120941162
124M,20000,Frequency,12,1.517515778541565
124M,20000,Frequency,13,1.4778032302856445
124M,20000,Frequency,14,1.428102731704712
124M,20000,Frequency,15,1.411824345588684
124M,20000,Frequency,16,1.376196265220642
124M,20000,Frequency,17,1.3440889120101929
124M,20000,Frequency,18,1.296854019165039
124M,20000,Frequency,19,1.284275770187378
124M,20000,Frequency,20,1.2512303590774536
124M,20000,Frequency,21,1.2084033489227295
124M,20000,Frequency,22,1.2062140703201294
124M,20000,Frequency,23,1.1689788103103638
124M,20000,Frequency,24,1.1378225088119507
124M,20000,Frequency,25,1.1163356304168701
124M,20000,Frequency,26,1.0933723449707031
124M,20000,Frequency,27,1.0696686506271362
124M,20000,Frequency,28,1.04567551612854
124M,20000,Frequency,29,1.0159072875976562
124M,20000,Frequency,30,0.9933350086212158
124M,20000,Frequency,31,0.9574649930000305
124M,20000,Frequency,32,0.9406065940856934
124M,20000,Frequency,33,0.8965758681297302
124M,20000,Frequency,34,0.8667811751365662
124M,20000,Frequency,35,0.8338193297386169
124M,20000,Frequency,36,0.799275279045105
124M,20000,Frequency,37,0.7546831369400024
124M,20000,Frequency,38,0.7194167375564575
124M,20000,Frequency,39,0.671524703502655
124M,20000,Frequency,40,0.6363459825515747
124M,20000,Frequency,41,0.6063298583030701
124M,20000,Frequency,42,0.585655152797699
124M,20000,Frequency,43,0.5697876811027527
124M,20000,Frequency,44,0.5670859813690186
124M,20000,Random,0,1.2526986598968506
124M,20000,Random,1,1.2890331745147705
124M,20000,Random,2,1.280127763748169
124M,20000,Random,3,1.2474615573883057
124M,20000,Random,4,1.2665917873382568
124M,20000,Random,5,1.2415506839752197
124M,20000,Random,6,1.2514514923095703
124M,20000,Random,7,1.2588564157485962
124M,20000,Random,8,1.2801042795181274
124M,20000,Random,9,1.2716325521469116
124M,20000,Random,10,1.2805957794189453
124M,20000,Random,11,1.2649842500686646
124M,20000,Random,12,1.2577203512191772
124M,20000,Random,13,1.2764251232147217
124M,20000,Random,14,1.2561991214752197
124M,20000,Random,15,1.2707785367965698
124M,20000,Random,16,1.2470481395721436
124M,20000,Random,17,1.2635507583618164
124M,20000,Random,18,1.252618432044983
124M,20000,Random,19,1.256007432937622
124M,20000,Random,20,1.249772310256958
124M,20000,Random,21,1.236641764640808
124M,20000,Random,22,1.238984227180481
124M,20000,Random,23,1.2555804252624512
124M,20000,Random,24,1.2504987716674805
124M,20000,Random,25,1.2475714683532715
124M,20000,Random,26,1.2886499166488647
124M,20000,Random,27,1.263671875
124M,20000,Random,28,1.277345895767212
124M,20000,Random,29,1.2863770723342896
124M,20000,Random,30,1.2470675706863403
124M,20000,Random,31,1.27623450756073
124M,20000,Random,32,1.2581907510757446
124M,20000,Random,33,1.2461003065109253
124M,20000,Random,34,1.2322254180908203
124M,20000,Random,35,1.240599513053894
124M,20000,Random,36,1.281274437904358
124M,20000,Random,37,1.2751363515853882
124M,20000,Random,38,1.2629610300064087
124M,20000,Random,39,1.2705804109573364
124M,20000,Random,40,1.2639390230178833
124M,20000,Random,41,1.3053061962127686
124M,20000,Random,42,1.262237310409546
124M,20000,Random,43,1.2713794708251953
124M,20000,Random,44,1.2322709560394287
124M,20500,Global,-1,288.80224609375
124M,20500,Frequency,0,2.263500452041626
124M,20500,Frequency,1,2.1802945137023926
124M,20500,Frequency,2,2.103292226791382
124M,20500,Frequency,3,2.0336532592773438
124M,20500,Frequency,4,1.9626057147979736
124M,20500,Frequency,5,1.904059648513794
124M,20500,Frequency,6,1.8414362668991089
124M,20500,Frequency,7,1.7824068069458008
124M,20500,Frequency,8,1.7268075942993164
124M,20500,Frequency,9,1.6732343435287476
124M,20500,Frequency,10,1.6299331188201904
124M,20500,Frequency,11,1.5902223587036133
124M,20500,Frequency,12,1.534122347831726
124M,20500,Frequency,13,1.493621587753296
124M,20500,Frequency,14,1.4438389539718628
124M,20500,Frequency,15,1.4270851612091064
124M,20500,Frequency,16,1.3903759717941284
124M,20500,Frequency,17,1.358591079711914
124M,20500,Frequency,18,1.310972809791565
124M,20500,Frequency,19,1.2984906435012817
124M,20500,Frequency,20,1.2640461921691895
124M,20500,Frequency,21,1.2205883264541626
124M,20500,Frequency,22,1.2185765504837036
124M,20500,Frequency,23,1.1799811124801636
124M,20500,Frequency,24,1.1490832567214966
124M,20500,Frequency,25,1.1271789073944092
124M,20500,Frequency,26,1.104191541671753
124M,20500,Frequency,27,1.0798015594482422
124M,20500,Frequency,28,1.055425763130188
124M,20500,Frequency,29,1.0257798433303833
124M,20500,Frequency,30,1.002095341682434
124M,20500,Frequency,31,0.9659173488616943
124M,20500,Frequency,32,0.9487818479537964
124M,20500,Frequency,33,0.9036585688591003
124M,20500,Frequency,34,0.8735597133636475
124M,20500,Frequency,35,0.8398299813270569
124M,20500,Frequency,36,0.8047140836715698
124M,20500,Frequency,37,0.7597454190254211
124M,20500,Frequency,38,0.7232157588005066
124M,20500,Frequency,39,0.6744729280471802
124M,20500,Frequency,40,0.6381734013557434
124M,20500,Frequency,41,0.6076992750167847
124M,20500,Frequency,42,0.5862861275672913
124M,20500,Frequency,43,0.570159375667572
124M,20500,Frequency,44,0.5673409104347229
124M,20500,Random,0,1.2649481296539307
124M,20500,Random,1,1.3023796081542969
124M,20500,Random,2,1.293174147605896
124M,20500,Random,3,1.2589796781539917
124M,20500,Random,4,1.2792469263076782
124M,20500,Random,5,1.2537882328033447
124M,20500,Random,6,1.2632745504379272
124M,20500,Random,7,1.2711756229400635
124M,20500,Random,8,1.2919113636016846
124M,20500,Random,9,1.2849160432815552
124M,20500,Random,10,1.292526364326477
124M,20500,Random,11,1.2764556407928467
124M,20500,Random,12,1.2697662115097046
124M,20500,Random,13,1.288671612739563
124M,20500,Random,14,1.268822431564331
124M,20500,Random,15,1.2837316989898682
124M,20500,Random,16,1.2593202590942383
124M,20500,Random,17,1.2761796712875366
124M,20500,Random,18,1.2652645111083984
124M,20500,Random,19,1.2687315940856934
124M,20500,Random,20,1.2617857456207275
124M,20500,Random,21,1.248538851737976
124M,20500,Random,22,1.2506815195083618
124M,20500,Random,23,1.2687095403671265
124M,20500,Random,24,1.2631930112838745
124M,20500,Random,25,1.2597811222076416
124M,20500,Random,26,1.3016704320907593
124M,20500,Random,27,1.2760018110275269
124M,20500,Random,28,1.289830207824707
124M,20500,Random,29,1.299502968788147
124M,20500,Random,30,1.2586402893066406
124M,20500,Random,31,1.289135456085205
124M,20500,Random,32,1.2712737321853638
124M,20500,Random,33,1.2587417364120483
124M,20500,Random,34,1.2432631254196167
124M,20500,Random,35,1.2521930932998657
124M,20500,Random,36,1.2942602634429932
124M,20500,Random,37,1.2880027294158936
124M,20500,Random,38,1.2763581275939941
124M,20500,Random,39,1.2831717729568481
124M,20500,Random,40,1.2758334875106812
124M,20500,Random,41,1.319144368171692
124M,20500,Random,42,1.2751144170761108
124M,20500,Random,43,1.2849403619766235
124M,20500,Random,44,1.2439429759979248
124M,21000,Global,-1,291.7057800292969
124M,21000,Frequency,0,2.2878639698028564
124M,21000,Frequency,1,2.2039008140563965
124M,21000,Frequency,2,2.126464366912842
124M,21000,Frequency,3,2.0565009117126465
124M,21000,Frequency,4,1.984692096710205
124M,21000,Frequency,5,1.9259155988693237
124M,21000,Frequency,6,1.8622146844863892
124M,21000,Frequency,7,1.802510380744934
124M,21000,Frequency,8,1.7462661266326904
124M,21000,Frequency,9,1.6917847394943237
124M,21000,Frequency,10,1.6480913162231445
124M,21000,Frequency,11,1.607519507408142
124M,21000,Frequency,12,1.5514594316482544
124M,21000,Frequency,13,1.5100123882293701
124M,21000,Frequency,14,1.4589816331863403
124M,21000,Frequency,15,1.4423730373382568
124M,21000,Frequency,16,1.4043418169021606
124M,21000,Frequency,17,1.3727787733078003
124M,21000,Frequency,18,1.3245991468429565
124M,21000,Frequency,19,1.3128583431243896
124M,21000,Frequency,20,1.2773871421813965
124M,21000,Frequency,21,1.2327879667282104
124M,21000,Frequency,22,1.2303524017333984
124M,21000,Frequency,23,1.191252589225769
124M,21000,Frequency,24,1.160705804824829
124M,21000,Frequency,25,1.1378483772277832
124M,21000,Frequency,26,1.1141350269317627
124M,21000,Frequency,27,1.0892869234085083
124M,21000,Frequency,28,1.0652917623519897
124M,21000,Frequency,29,1.035345435142517
124M,21000,Frequency,30,1.0110502243041992
124M,21000,Frequency,31,0.9744865894317627
124M,21000,Frequency,32,0.9555178880691528
124M,21000,Frequency,33,0.9109655022621155
124M,21000,Frequency,34,0.8804168701171875
124M,21000,Frequency,35,0.8453518152236938
124M,21000,Frequency,36,0.8100380301475525
124M,21000,Frequency,37,0.7648168206214905
124M,21000,Frequency,38,0.7269600629806519
124M,21000,Frequency,39,0.6773063540458679
124M,21000,Frequency,40,0.6401511430740356
124M,21000,Frequency,41,0.6093658208847046
124M,21000,Frequency,42,0.5870271325111389
124M,21000,Frequency,43,0.5705147981643677
124M,21000,Frequency,44,0.5674601197242737
124M,21000,Random,0,1.2772939205169678
124M,21000,Random,1,1.315304160118103
124M,21000,Random,2,1.3056918382644653
124M,21000,Random,3,1.2711800336837769
124M,21000,Random,4,1.2915798425674438
124M,21000,Random,5,1.2658016681671143
124M,21000,Random,6,1.2755703926086426
124M,21000,Random,7,1.2842756509780884
124M,21000,Random,8,1.3042534589767456
124M,21000,Random,9,1.297515869140625
124M,21000,Random,10,1.3054715394973755
124M,21000,Random,11,1.2893813848495483
124M,21000,Random,12,1.2817986011505127
124M,21000,Random,13,1.3009968996047974
124M,21000,Random,14,1.2815994024276733
124M,21000,Random,15,1.2967580556869507
124M,21000,Random,16,1.2718310356140137
124M,21000,Random,17,1.2887974977493286
124M,21000,Random,18,1.2774410247802734
124M,21000,Random,19,1.2805062532424927
124M,21000,Random,20,1.2740092277526855
124M,21000,Random,21,1.260222315788269
124M,21000,Random,22,1.2626984119415283
124M,21000,Random,23,1.2808804512023926
124M,21000,Random,24,1.2753632068634033
124M,21000,Random,25,1.272144079208374
124M,21000,Random,26,1.3143893480300903
124M,21000,Random,27,1.2879291772842407
124M,21000,Random,28,1.3031349182128906
124M,21000,Random,29,1.3121159076690674
124M,21000,Random,30,1.270579218864441
124M,21000,Random,31,1.3010658025741577
124M,21000,Random,32,1.2833349704742432
124M,21000,Random,33,1.2711061239242554
124M,21000,Random,34,1.2548377513885498
124M,21000,Random,35,1.263954997062683
124M,21000,Random,36,1.3075075149536133
124M,21000,Random,37,1.3006972074508667
124M,21000,Random,38,1.2885388135910034
124M,21000,Random,39,1.2957065105438232
124M,21000,Random,40,1.2879750728607178
124M,21000,Random,41,1.3315361738204956
124M,21000,Random,42,1.2878268957138062
124M,21000,Random,43,1.2972996234893799
124M,21000,Random,44,1.2565701007843018
124M,21500,Global,-1,294.6365661621094
124M,21500,Frequency,0,2.3120734691619873
124M,21500,Frequency,1,2.2276558876037598
124M,21500,Frequency,2,2.150212049484253
124M,21500,Frequency,3,2.078442096710205
124M,21500,Frequency,4,2.0074703693389893
124M,21500,Frequency,5,1.947368860244751
124M,21500,Frequency,6,1.8827509880065918
124M,21500,Frequency,7,1.822950005531311
124M,21500,Frequency,8,1.7654602527618408
124M,21500,Frequency,9,1.71012282371521
124M,21500,Frequency,10,1.6658124923706055
124M,21500,Frequency,11,1.6248762607574463
124M,21500,Frequency,12,1.568119764328003
124M,21500,Frequency,13,1.5270116329193115
124M,21500,Frequency,14,1.474440097808838
124M,21500,Frequency,15,1.4577158689498901
124M,21500,Frequency,16,1.4192492961883545
124M,21500,Frequency,17,1.387346625328064
124M,21500,Frequency,18,1.3382084369659424
124M,21500,Frequency,19,1.326253890991211
124M,21500,Frequency,20,1.2907929420471191
124M,21500,Frequency,21,1.2451668977737427
124M,21500,Frequency,22,1.242775321006775
124M,21500,Frequency,23,1.2033270597457886
124M,21500,Frequency,24,1.1723061800003052
124M,21500,Frequency,25,1.1486802101135254
124M,21500,Frequency,26,1.1252505779266357
124M,21500,Frequency,27,1.099283218383789
124M,21500,Frequency,28,1.0751619338989258
124M,21500,Frequency,29,1.0447899103164673
124M,21500,Frequency,30,1.0200839042663574
124M,21500,Frequency,31,0.9828644394874573
124M,21500,Frequency,32,0.963658332824707
124M,21500,Frequency,33,0.918533444404602
124M,21500,Frequency,34,0.8871002197265625
124M,21500,Frequency,35,0.8517287969589233
124M,21500,Frequency,36,0.8155929446220398
124M,21500,Frequency,37,0.7689732909202576
124M,21500,Frequency,38,0.7309792041778564
124M,21500,Frequency,39,0.6805892586708069
124M,21500,Frequency,40,0.642285943031311
124M,21500,Frequency,41,0.6104053258895874
124M,21500,Frequency,42,0.5878568887710571
124M,21500,Frequency,43,0.5708027482032776
124M,21500,Frequency,44,0.567701518535614
124M,21500,Random,0,1.2895783185958862
124M,21500,Random,1,1.3280048370361328
124M,21500,Random,2,1.3184380531311035
124M,21500,Random,3,1.2840017080307007
124M,21500,Random,4,1.3038866519927979
124M,21500,Random,5,1.2781533002853394
124M,21500,Random,6,1.2876441478729248
124M,21500,Random,7,1.2970879077911377
124M,21500,Random,8,1.3163388967514038
124M,21500,Random,9,1.3095786571502686
124M,21500,Random,10,1.3182426691055298
124M,21500,Random,11,1.302435040473938
124M,21500,Random,12,1.2937560081481934
124M,21500,Random,13,1.3138723373413086
124M,21500,Random,14,1.2944200038909912
124M,21500,Random,15,1.3091882467269897
124M,21500,Random,16,1.2845438718795776
124M,21500,Random,17,1.3014997243881226
124M,21500,Random,18,1.2893187999725342
124M,21500,Random,19,1.2933658361434937
124M,21500,Random,20,1.286470651626587
124M,21500,Random,21,1.2725285291671753
124M,21500,Random,22,1.274916172027588
124M,21500,Random,23,1.2936099767684937
124M,21500,Random,24,1.2874363660812378
124M,21500,Random,25,1.2839499711990356
124M,21500,Random,26,1.3270289897918701
124M,21500,Random,27,1.3004132509231567
124M,21500,Random,28,1.3154019117355347
124M,21500,Random,29,1.3252726793289185
124M,21500,Random,30,1.282977819442749
124M,21500,Random,31,1.314242959022522
124M,21500,Random,32,1.2950750589370728
124M,21500,Random,33,1.2832701206207275
124M,21500,Random,34,1.267055869102478
124M,21500,Random,35,1.2761414051055908
124M,21500,Random,36,1.3206483125686646
124M,21500,Random,37,1.3136744499206543
124M,21500,Random,38,1.3008326292037964
124M,21500,Random,39,1.3084001541137695
124M,21500,Random,40,1.3007254600524902
124M,21500,Random,41,1.3447272777557373
124M,21500,Random,42,1.3004506826400757
124M,21500,Random,43,1.309281349182129
124M,21500,Random,44,1.269078254699707
124M,22000,Global,-1,297.50946044921875
124M,22000,Frequency,0,2.3361570835113525
124M,22000,Frequency,1,2.251779079437256
124M,22000,Frequency,2,2.1730613708496094
124M,22000,Frequency,3,2.1007187366485596
124M,22000,Frequency,4,2.028801918029785
124M,22000,Frequency,5,1.9670010805130005
124M,22000,Frequency,6,1.9031206369400024
124M,22000,Frequency,7,1.8428574800491333
124M,22000,Frequency,8,1.784112811088562
124M,22000,Frequency,9,1.72858464717865
124M,22000,Frequency,10,1.68297278881073
124M,22000,Frequency,11,1.641353726387024
124M,22000,Frequency,12,1.5850260257720947
124M,22000,Frequency,13,1.5429037809371948
124M,22000,Frequency,14,1.4891839027404785
124M,22000,Frequency,15,1.4724775552749634
124M,22000,Frequency,16,1.4334567785263062
124M,22000,Frequency,17,1.401621699333191
124M,22000,Frequency,18,1.3517959117889404
124M,22000,Frequency,19,1.3400825262069702
124M,22000,Frequency,20,1.3033596277236938
124M,22000,Frequency,21,1.2574104070663452
124M,22000,Frequency,22,1.2547407150268555
124M,22000,Frequency,23,1.2145700454711914
124M,22000,Frequency,24,1.1841155290603638
124M,22000,Frequency,25,1.1599657535552979
124M,22000,Frequency,26,1.1358674764633179
124M,22000,Frequency,27,1.1087027788162231
124M,22000,Frequency,28,1.0852248668670654
124M,22000,Frequency,29,1.0547211170196533
124M,22000,Frequency,30,1.0292065143585205
124M,22000,Frequency,31,0.9907751679420471
124M,22000,Frequency,32,0.9719703197479248
124M,22000,Frequency,33,0.9261219501495361
124M,22000,Frequency,34,0.8944684863090515
124M,22000,Frequency,35,0.8580266833305359
124M,22000,Frequency,36,0.821456789970398
124M,22000,Frequency,37,0.7735022902488708
124M,22000,Frequency,38,0.7348920702934265
124M,22000,Frequency,39,0.6839791536331177
124M,22000,Frequency,40,0.6443628668785095
124M,22000,Frequency,41,0.6116014719009399
124M,22000,Frequency,42,0.5886974334716797
124M,22000,Frequency,43,0.5713481903076172
124M,22000,Frequency,44,0.5679112672805786
124M,22000,Random,0,1.3017021417617798
124M,22000,Random,1,1.3400686979293823
124M,22000,Random,2,1.33070707321167
124M,22000,Random,3,1.2961965799331665
124M,22000,Random,4,1.316104769706726
124M,22000,Random,5,1.2896432876586914
124M,22000,Random,6,1.2998270988464355
124M,22000,Random,7,1.3094476461410522
124M,22000,Random,8,1.3284714221954346
124M,22000,Random,9,1.3224624395370483
124M,22000,Random,10,1.3309599161148071
124M,22000,Random,11,1.3148212432861328
124M,22000,Random,12,1.3067049980163574
124M,22000,Random,13,1.326267957687378
124M,22000,Random,14,1.3074226379394531
124M,22000,Random,15,1.321437120437622
124M,22000,Random,16,1.2964773178100586
124M,22000,Random,17,1.3132338523864746
124M,22000,Random,18,1.3012429475784302
124M,22000,Random,19,1.3053700923919678
124M,22000,Random,20,1.2981232404708862
124M,22000,Random,21,1.2843825817108154
124M,22000,Random,22,1.286280632019043
124M,22000,Random,23,1.3058537244796753
124M,22000,Random,24,1.3001397848129272
124M,22000,Random,25,1.296045184135437
124M,22000,Random,26,1.3395041227340698
124M,22000,Random,27,1.3130028247833252
124M,22000,Random,28,1.3277873992919922
124M,22000,Random,29,1.338206171989441
124M,22000,Random,30,1.2940075397491455
124M,22000,Random,31,1.3264362812042236
124M,22000,Random,32,1.307652235031128
124M,22000,Random,33,1.2952032089233398
124M,22000,Random,34,1.2784165143966675
124M,22000,Random,35,1.2891699075698853
124M,22000,Random,36,1.334259033203125
124M,22000,Random,37,1.3259108066558838
124M,22000,Random,38,1.3133922815322876
124M,22000,Random,39,1.321239948272705
124M,22000,Random,40,1.3129186630249023
124M,22000,Random,41,1.3576581478118896
124M,22000,Random,42,1.3130409717559814
124M,22000,Random,43,1.3214091062545776
124M,22000,Random,44,1.2809478044509888
124M,22500,Global,-1,300.338623046875
124M,22500,Frequency,0,2.358938455581665
124M,22500,Frequency,1,2.2745487689971924
124M,22500,Frequency,2,2.1960482597351074
124M,22500,Frequency,3,2.122866153717041
124M,22500,Frequency,4,2.050551176071167
124M,22500,Frequency,5,1.988589882850647
124M,22500,Frequency,6,1.923265814781189
124M,22500,Frequency,7,1.861456036567688
124M,22500,Frequency,8,1.8020375967025757
124M,22500,Frequency,9,1.7466551065444946
124M,22500,Frequency,10,1.7007017135620117
124M,22500,Frequency,11,1.6575896739959717
124M,22500,Frequency,12,1.6008636951446533
124M,22500,Frequency,13,1.5594903230667114
124M,22500,Frequency,14,1.5037873983383179
124M,22500,Frequency,15,1.488466501235962
124M,22500,Frequency,16,1.4477596282958984
124M,22500,Frequency,17,1.4148722887039185
124M,22500,Frequency,18,1.3645856380462646
124M,22500,Frequency,19,1.3536444902420044
124M,22500,Frequency,20,1.3161327838897705
124M,22500,Frequency,21,1.26925790309906
124M,22500,Frequency,22,1.2661281824111938
124M,22500,Frequency,23,1.2257966995239258
124M,22500,Frequency,24,1.1947424411773682
124M,22500,Frequency,25,1.1702511310577393
124M,22500,Frequency,26,1.146043300628662
124M,22500,Frequency,27,1.118921160697937
124M,22500,Frequency,28,1.0945711135864258
124M,22500,Frequency,29,1.0634783506393433
124M,22500,Frequency,30,1.0378047227859497
124M,22500,Frequency,31,0.9988397359848022
124M,22500,Frequency,32,0.9795528054237366
124M,22500,Frequency,33,0.9336238503456116
124M,22500,Frequency,34,0.9011358618736267
124M,22500,Frequency,35,0.8641148805618286
124M,22500,Frequency,36,0.8270413875579834
124M,22500,Frequency,37,0.7776731252670288
124M,22500,Frequency,38,0.7391231656074524
124M,22500,Frequency,39,0.6868095993995667
124M,22500,Frequency,40,0.6465750932693481
124M,22500,Frequency,41,0.6128506064414978
124M,22500,Frequency,42,0.5895810723304749
124M,22500,Frequency,43,0.5718337297439575
124M,22500,Frequency,44,0.5682252645492554
124M,22500,Random,0,1.312769889831543
124M,22500,Random,1,1.3530296087265015
124M,22500,Random,2,1.343079924583435
124M,22500,Random,3,1.3080765008926392
124M,22500,Random,4,1.327901005744934
124M,22500,Random,5,1.3013737201690674
124M,22500,Random,6,1.3114992380142212
124M,22500,Random,7,1.3215810060501099
124M,22500,Random,8,1.3404011726379395
124M,22500,Random,9,1.3344169855117798
124M,22500,Random,10,1.3427009582519531
124M,22500,Random,11,1.3271945714950562
124M,22500,Random,12,1.3188190460205078
124M,22500,Random,13,1.3385422229766846
124M,22500,Random,14,1.3194284439086914
124M,22500,Random,15,1.3331401348114014
124M,22500,Random,16,1.3091894388198853
124M,22500,Random,17,1.3250555992126465
124M,22500,Random,18,1.313133716583252
124M,22500,Random,19,1.3174182176589966
124M,22500,Random,20,1.3101121187210083
124M,22500,Random,21,1.296893835067749
124M,22500,Random,22,1.2979860305786133
124M,22500,Random,23,1.3180714845657349
124M,22500,Random,24,1.3118654489517212
124M,22500,Random,25,1.3078196048736572
124M,22500,Random,26,1.3513904809951782
124M,22500,Random,27,1.3251276016235352
124M,22500,Random,28,1.339982271194458
124M,22500,Random,29,1.3503412008285522
124M,22500,Random,30,1.3050658702850342
124M,22500,Random,31,1.338388442993164
124M,22500,Random,32,1.3198552131652832
124M,22500,Random,33,1.3078289031982422
124M,22500,Random,34,1.2902469635009766
124M,22500,Random,35,1.3002506494522095
124M,22500,Random,36,1.347159743309021
124M,22500,Random,37,1.338123083114624
124M,22500,Random,38,1.326202154159546
124M,22500,Random,39,1.3333864212036133
124M,22500,Random,40,1.3245453834533691
124M,22500,Random,41,1.3698960542678833
124M,22500,Random,42,1.3251228332519531
124M,22500,Random,43,1.333818793296814
124M,22500,Random,44,1.2926021814346313
124M,29000,Global,-1,334.0443420410156
124M,29000,Frequency,0,2.6362111568450928
124M,29000,Frequency,1,2.55214786529541
124M,29000,Frequency,2,2.4606010913848877
124M,29000,Frequency,3,2.3852436542510986
124M,29000,Frequency,4,2.301420211791992
124M,29000,Frequency,5,2.2308542728424072
124M,29000,Frequency,6,2.15804386138916
124M,29000,Frequency,7,2.0891597270965576
124M,29000,Frequency,8,2.0209453105926514
124M,29000,Frequency,9,1.9579594135284424
124M,29000,Frequency,10,1.9043893814086914
124M,29000,Frequency,11,1.8548234701156616
124M,29000,Frequency,12,1.792880654335022
124M,29000,Frequency,13,1.74348783493042
124M,29000,Frequency,14,1.6794946193695068
124M,29000,Frequency,15,1.6635702848434448
124M,29000,Frequency,16,1.6162898540496826
124M,29000,Frequency,17,1.5789705514907837
124M,29000,Frequency,18,1.5210117101669312
124M,29000,Frequency,19,1.507959008216858
124M,29000,Frequency,20,1.4668127298355103
124M,29000,Frequency,21,1.4126884937286377
124M,29000,Frequency,22,1.4063743352890015
124M,29000,Frequency,23,1.361649990081787
124M,29000,Frequency,24,1.3261545896530151
124M,29000,Frequency,25,1.295082688331604
124M,29000,Frequency,26,1.2688496112823486
124M,29000,Frequency,27,1.2338789701461792
124M,29000,Frequency,28,1.2072089910507202
124M,29000,Frequency,29,1.1702669858932495
124M,29000,Frequency,30,1.1419860124588013
124M,29000,Frequency,31,1.095821738243103
124M,29000,Frequency,32,1.0727312564849854
124M,29000,Frequency,33,1.0192759037017822
124M,29000,Frequency,34,0.9813712239265442
124M,29000,Frequency,35,0.9385424256324768
124M,29000,Frequency,36,0.8915047645568848
124M,29000,Frequency,37,0.8339279890060425
124M,29000,Frequency,38,0.786430835723877
124M,29000,Frequency,39,0.725114107131958
124M,29000,Frequency,40,0.6730907559394836
124M,29000,Frequency,41,0.631119430065155
124M,29000,Frequency,42,0.6003199815750122
124M,29000,Frequency,43,0.5767418742179871
124M,29000,Frequency,44,0.5719719529151917
124M,29000,Random,0,1.453134298324585
124M,29000,Random,1,1.4982048273086548
124M,29000,Random,2,1.48768949508667
124M,29000,Random,3,1.446965217590332
124M,29000,Random,4,1.4723678827285767
124M,29000,Random,5,1.442413330078125
124M,29000,Random,6,1.45119309425354
124M,29000,Random,7,1.464816689491272
124M,29000,Random,8,1.4843034744262695
124M,29000,Random,9,1.4801852703094482
124M,29000,Random,10,1.4896067380905151
124M,29000,Random,11,1.4724783897399902
124M,29000,Random,12,1.4613251686096191
124M,29000,Random,13,1.4833568334579468
124M,29000,Random,14,1.4616602659225464
124M,29000,Random,15,1.4750734567642212
124M,29000,Random,16,1.4496499300003052
124M,29000,Random,17,1.4694992303848267
124M,29000,Random,18,1.45442795753479
124M,29000,Random,19,1.4601283073425293
124M,29000,Random,20,1.4524030685424805
124M,29000,Random,21,1.4346108436584473
124M,29000,Random,22,1.4374032020568848
124M,29000,Random,23,1.4590544700622559
124M,29000,Random,24,1.4530566930770874
124M,29000,Random,25,1.447756052017212
124M,29000,Random,26,1.500336766242981
124M,29000,Random,27,1.469092607498169
124M,29000,Random,28,1.486274242401123
124M,29000,Random,29,1.4992989301681519
124M,29000,Random,30,1.4474899768829346
124M,29000,Random,31,1.4824566841125488
124M,29000,Random,32,1.4622575044631958
124M,29000,Random,33,1.4490336179733276
124M,29000,Random,34,1.4261257648468018
124M,29000,Random,35,1.4383784532546997
124M,29000,Random,36,1.4929053783416748
124M,29000,Random,37,1.4820318222045898
124M,29000,Random,38,1.4679973125457764
124M,29000,Random,39,1.4770628213882446
124M,29000,Random,40,1.4658268690109253
124M,29000,Random,41,1.5209431648254395
124M,29000,Random,42,1.4684102535247803
124M,29000,Random,43,1.4795585870742798
124M,29000,Random,44,1.4320698976516724
30M,24500,Global,-1,242.4464111328125
30M,24500,Frequency,0,1.8650647401809692
30M,24500,Frequency,1,1.83771812915802
30M,24500,Frequency,2,1.7936280965805054
30M,24500,Frequency,3,1.738654375076294
30M,24500,Frequency,4,1.6771022081375122
30M,24500,Frequency,5,1.637125849723816
30M,24500,Frequency,6,1.5790550708770752
30M,24500,Frequency,7,1.53155517578125
30M,24500,Frequency,8,1.4842370748519897
30M,24500,Frequency,9,1.4359960556030273
30M,24500,Frequency,10,1.3958054780960083
30M,24500,Frequency,11,1.356695532798767
30M,24500,Frequency,12,1.3072035312652588
30M,24500,Frequency,13,1.2688854932785034
30M,24500,Frequency,14,1.2213599681854248
30M,24500,Frequency,15,1.2125729322433472
30M,24500,Frequency,16,1.175657033920288
30M,24500,Frequency,17,1.1422233581542969
30M,24500,Frequency,18,1.09834885597229
30M,24500,Frequency,19,1.0834108591079712
30M,24500,Frequency,20,1.0556007623672485
30M,24500,Frequency,21,1.0141992568969727
30M,24500,Frequency,22,1.0091129541397095
30M,24500,Frequency,23,0.973238468170166
30M,24500,Frequency,24,0.9482613801956177
30M,24500,Frequency,25,0.923751711845398
30M,24500,Frequency,26,0.9021915793418884
30M,24500,Frequency,27,0.8774556517601013
30M,24500,Frequency,28,0.8528002500534058
30M,24500,Frequency,29,0.8287616968154907
30M,24500,Frequency,30,0.803028404712677
30M,24500,Frequency,31,0.7727142572402954
30M,24500,Frequency,32,0.7541565895080566
30M,24500,Frequency,33,0.7142572999000549
30M,24500,Frequency,34,0.6899759769439697
30M,24500,Frequency,35,0.6558658480644226
30M,24500,Frequency,36,0.6250424385070801
30M,24500,Frequency,37,0.57916659116745
30M,24500,Frequency,38,0.5480169057846069
30M,24500,Frequency,39,0.503713846206665
30M,24500,Frequency,40,0.4704389274120331
30M,24500,Frequency,41,0.44091957807540894
30M,24500,Frequency,42,0.4197857975959778
30M,24500,Frequency,43,0.4057861268520355
30M,24500,Frequency,44,0.40063604712486267
30M,24500,Random,0,1.058735966682434
30M,24500,Random,1,1.0556801557540894
30M,24500,Random,2,1.0650635957717896
30M,24500,Random,3,1.0417532920837402
30M,24500,Random,4,1.0875734090805054
30M,24500,Random,5,1.0471959114074707
30M,24500,Random,6,1.012254238128662
30M,24500,Random,7,1.0619255304336548
30M,24500,Random,8,1.0535831451416016
30M,24500,Random,9,1.0492806434631348
30M,24500,Random,10,1.0548765659332275
30M,24500,Random,11,1.0563262701034546
30M,24500,Random,12,1.0739655494689941
30M,24500,Random,13,1.0711621046066284
30M,24500,Random,14,1.0540165901184082
30M,24500,Random,15,1.0626355409622192
30M,24500,Random,16,1.0335878133773804
30M,24500,Random,17,1.0444166660308838
30M,24500,Random,18,1.0454237461090088
30M,24500,Random,19,1.0631664991378784
30M,24500,Random,20,1.0403014421463013
30M,24500,Random,21,1.0768975019454956
30M,24500,Random,22,1.0415494441986084
30M,24500,Random,23,1.0323377847671509
30M,24500,Random,24,1.0530831813812256
30M,24500,Random,25,1.0539705753326416
30M,24500,Random,26,1.0613794326782227
30M,24500,Random,27,1.0603829622268677
30M,24500,Random,28,1.050394058227539
30M,24500,Random,29,1.0779132843017578
30M,24500,Random,30,1.0514322519302368
30M,24500,Random,31,1.0446698665618896
30M,24500,Random,32,1.045302391052246
30M,24500,Random,33,1.0668623447418213
30M,24500,Random,34,1.0802321434020996
30M,24500,Random,35,1.0470576286315918
30M,24500,Random,36,1.0611889362335205
30M,24500,Random,37,1.0586576461791992
30M,24500,Random,38,1.0533796548843384
30M,24500,Random,39,1.079959750175476
30M,24500,Random,40,1.0615688562393188
30M,24500,Random,41,1.0480785369873047
30M,24500,Random,42,1.0694572925567627
30M,24500,Random,43,1.0341607332229614
30M,24500,Random,44,1.0741363763809204
30M,25000,Global,-1,244.5659942626953
30M,25000,Frequency,0,1.8811386823654175
30M,25000,Frequency,1,1.8542553186416626
30M,25000,Frequency,2,1.8102797269821167
30M,25000,Frequency,3,1.7539479732513428
30M,25000,Frequency,4,1.692885160446167
30M,25000,Frequency,5,1.6518627405166626
30M,25000,Frequency,6,1.5941507816314697
30M,25000,Frequency,7,1.5453143119812012
30M,25000,Frequency,8,1.4980247020721436
30M,25000,Frequency,9,1.4496763944625854
30M,25000,Frequency,10,1.409093976020813
30M,25000,Frequency,11,1.369872808456421
30M,25000,Frequency,12,1.3192110061645508
30M,25000,Frequency,13,1.2812690734863281
30M,25000,Frequency,14,1.232809066772461
30M,25000,Frequency,15,1.2236086130142212
30M,25000,Frequency,16,1.1861714124679565
30M,25000,Frequency,17,1.1524481773376465
30M,25000,Frequency,18,1.1079741716384888
30M,25000,Frequency,19,1.0936425924301147
30M,25000,Frequency,20,1.0651073455810547
30M,25000,Frequency,21,1.0229253768920898
30M,25000,Frequency,22,1.0175961256027222
30M,25000,Frequency,23,0.9821416139602661
30M,25000,Frequency,24,0.9568896293640137
30M,25000,Frequency,25,0.9317601919174194
30M,25000,Frequency,26,0.9102041721343994
30M,25000,Frequency,27,0.8846504092216492
30M,25000,Frequency,28,0.8598635792732239
30M,25000,Frequency,29,0.8356569409370422
30M,25000,Frequency,30,0.8099511861801147
30M,25000,Frequency,31,0.7789292931556702
30M,25000,Frequency,32,0.7596858143806458
30M,25000,Frequency,33,0.7196130156517029
30M,25000,Frequency,34,0.6949878931045532
30M,25000,Frequency,35,0.6599665284156799
30M,25000,Frequency,36,0.6285285353660583
30M,25000,Frequency,37,0.5828474760055542
30M,25000,Frequency,38,0.550868570804596
30M,25000,Frequency,39,0.5059873461723328
30M,25000,Frequency,40,0.4721331000328064
30M,25000,Frequency,41,0.4420217275619507
30M,25000,Frequency,42,0.42041894793510437
30M,25000,Frequency,43,0.4060806930065155
30M,25000,Frequency,44,0.4008186459541321
30M,25000,Random,0,1.0680005550384521
30M,25000,Random,1,1.0648603439331055
30M,25000,Random,2,1.0740337371826172
30M,25000,Random,3,1.0505162477493286
30M,25000,Random,4,1.0966386795043945
30M,25000,Random,5,1.0559271574020386
30M,25000,Random,6,1.020642876625061
30M,25000,Random,7,1.0706995725631714
30M,25000,Random,8,1.0628178119659424
30M,25000,Random,9,1.0580037832260132
30M,25000,Random,10,1.06387197971344
30M,25000,Random,11,1.0652062892913818
30M,25000,Random,12,1.0831410884857178
30M,25000,Random,13,1.080251932144165
30M,25000,Random,14,1.0630728006362915
30M,25000,Random,15,1.0718902349472046
30M,25000,Random,16,1.0428625345230103
30M,25000,Random,17,1.0533016920089722
30M,25000,Random,18,1.0535401105880737
30M,25000,Random,19,1.0724186897277832
30M,25000,Random,20,1.049107313156128
30M,25000,Random,21,1.0861055850982666
30M,25000,Random,22,1.0507187843322754
30M,25000,Random,23,1.0408003330230713
30M,25000,Random,24,1.0617964267730713
30M,25000,Random,25,1.0624221563339233
30M,25000,Random,26,1.0702004432678223
30M,25000,Random,27,1.0698703527450562
30M,25000,Random,28,1.059317708015442
30M,25000,Random,29,1.0866872072219849
30M,25000,Random,30,1.0598357915878296
30M,25000,Random,31,1.0539538860321045
30M,25000,Random,32,1.0541431903839111
30M,25000,Random,33,1.075650691986084
30M,25000,Random,34,1.0890668630599976
30M,25000,Random,35,1.0559231042861938
30M,25000,Random,36,1.0705047845840454
30M,25000,Random,37,1.06773042678833
30M,25000,Random,38,1.062349557876587
30M,25000,Random,39,1.0888031721115112
30M,25000,Random,40,1.0707316398620605
30M,25000,Random,41,1.057042121887207
30M,25000,Random,42,1.0789686441421509
30M,25000,Random,43,1.0428192615509033
30M,25000,Random,44,1.0843685865402222
30M,25500,Global,-1,246.6663055419922
30M,25500,Frequency,0,1.896252155303955
30M,25500,Frequency,1,1.8704460859298706
30M,25500,Frequency,2,1.8272202014923096
30M,25500,Frequency,3,1.769842505455017
30M,25500,Frequency,4,1.706786870956421
30M,25500,Frequency,5,1.66657555103302
30M,25500,Frequency,6,1.6091409921646118
30M,25500,Frequency,7,1.5586457252502441
30M,25500,Frequency,8,1.511364221572876
30M,25500,Frequency,9,1.4634133577346802
30M,25500,Frequency,10,1.4216532707214355
30M,25500,Frequency,11,1.3823071718215942
30M,25500,Frequency,12,1.3323243856430054
30M,25500,Frequency,13,1.293120265007019
30M,25500,Frequency,14,1.2439637184143066
30M,25500,Frequency,15,1.2349365949630737
30M,25500,Frequency,16,1.1975743770599365
30M,25500,Frequency,17,1.163711428642273
30M,25500,Frequency,18,1.1180728673934937
30M,25500,Frequency,19,1.1033599376678467
30M,25500,Frequency,20,1.0746467113494873
30M,25500,Frequency,21,1.0320723056793213
30M,25500,Frequency,22,1.026418924331665
30M,25500,Frequency,23,0.9906533360481262
30M,25500,Frequency,24,0.965339183807373
30M,25500,Frequency,25,0.9396094679832458
30M,25500,Frequency,26,0.9175223112106323
30M,25500,Frequency,27,0.8920145034790039
30M,25500,Frequency,28,0.8667181730270386
30M,25500,Frequency,29,0.8426007032394409
30M,25500,Frequency,30,0.816480815410614
30M,25500,Frequency,31,0.7850001454353333
30M,25500,Frequency,32,0.765357255935669
30M,25500,Frequency,33,0.7251508235931396
30M,25500,Frequency,34,0.7004400491714478
30M,25500,Frequency,35,0.6648029088973999
30M,25500,Frequency,36,0.6325019001960754
30M,25500,Frequency,37,0.5864852070808411
30M,25500,Frequency,38,0.5537983775138855
30M,25500,Frequency,39,0.5088092684745789
30M,25500,Frequency,40,0.4737975001335144
30M,25500,Frequency,41,0.44315752387046814
30M,25500,Frequency,42,0.42106083035469055
30M,25500,Frequency,43,0.4063777029514313
30M,25500,Frequency,44,0.4010609984397888
30M,25500,Random,0,1.0766375064849854
30M,25500,Random,1,1.07313072681427
30M,25500,Random,2,1.083480715751648
30M,25500,Random,3,1.0594409704208374
30M,25500,Random,4,1.1058015823364258
30M,25500,Random,5,1.0651048421859741
30M,25500,Random,6,1.0293247699737549
30M,25500,Random,7,1.0794280767440796
30M,25500,Random,8,1.0717206001281738
30M,25500,Random,9,1.0669068098068237
30M,25500,Random,10,1.0727931261062622
30M,25500,Random,11,1.0747982263565063
30M,25500,Random,12,1.0915731191635132
30M,25500,Random,13,1.089025855064392
30M,25500,Random,14,1.0725117921829224
30M,25500,Random,15,1.0808237791061401
30M,25500,Random,16,1.0520639419555664
30M,25500,Random,17,1.062459111213684
30M,25500,Random,18,1.0625197887420654
30M,25500,Random,19,1.081679344177246
30M,25500,Random,20,1.0575557947158813
30M,25500,Random,21,1.0950288772583008
30M,25500,Random,22,1.0592586994171143
30M,25500,Random,23,1.0493751764297485
30M,25500,Random,24,1.0709052085876465
30M,25500,Random,25,1.0713480710983276
30M,25500,Random,26,1.079184889793396
30M,25500,Random,27,1.0787017345428467
30M,25500,Random,28,1.068005084991455
30M,25500,Random,29,1.0958372354507446
30M,25500,Random,30,1.0689483880996704
30M,25500,Random,31,1.0633171796798706
30M,25500,Random,32,1.0633097887039185
30M,25500,Random,33,1.0848538875579834
30M,25500,Random,34,1.09763503074646
30M,25500,Random,35,1.0648740530014038
30M,25500,Random,36,1.079448938369751
30M,25500,Random,37,1.0765511989593506
30M,25500,Random,38,1.0715008974075317
30M,25500,Random,39,1.098063588142395
30M,25500,Random,40,1.0791330337524414
30M,25500,Random,41,1.065283179283142
30M,25500,Random,42,1.0882153511047363
30M,25500,Random,43,1.0515581369400024
30M,25500,Random,44,1.0934727191925049
30M,26000,Global,-1,248.7735595703125
30M,26000,Frequency,0,1.9120146036148071
30M,26000,Frequency,1,1.8871302604675293
30M,26000,Frequency,2,1.842785358428955
30M,26000,Frequency,3,1.7856289148330688
30M,26000,Frequency,4,1.7214322090148926
30M,26000,Frequency,5,1.682148814201355
30M,26000,Frequency,6,1.6238633394241333
30M,26000,Frequency,7,1.5728732347488403
30M,26000,Frequency,8,1.5257107019424438
30M,26000,Frequency,9,1.4765150547027588
30M,26000,Frequency,10,1.4342522621154785
30M,26000,Frequency,11,1.39491868019104
30M,26000,Frequency,12,1.3454771041870117
30M,26000,Frequency,13,1.3048489093780518
30M,26000,Frequency,14,1.2550796270370483
30M,26000,Frequency,15,1.2456927299499512
30M,26000,Frequency,16,1.2083359956741333
30M,26000,Frequency,17,1.174045443534851
30M,26000,Frequency,18,1.1282436847686768
30M,26000,Frequency,19,1.1132316589355469
30M,26000,Frequency,20,1.0844205617904663
30M,26000,Frequency,21,1.041412115097046
30M,26000,Frequency,22,1.0353004932403564
30M,26000,Frequency,23,0.9994121789932251
30M,26000,Frequency,24,0.9730947017669678
30M,26000,Frequency,25,0.9478462338447571
30M,26000,Frequency,26,0.9250844120979309
30M,26000,Frequency,27,0.8991391062736511
30M,26000,Frequency,28,0.8739020824432373
30M,26000,Frequency,29,0.8496187329292297
30M,26000,Frequency,30,0.8233039379119873
30M,26000,Frequency,31,0.7910754680633545
30M,26000,Frequency,32,0.7712544202804565
30M,26000,Frequency,33,0.7301976084709167
30M,26000,Frequency,34,0.7053178548812866
30M,26000,Frequency,35,0.6690965890884399
30M,26000,Frequency,36,0.6366501450538635
30M,26000,Frequency,37,0.5897125601768494
30M,26000,Frequency,38,0.5565822124481201
30M,26000,Frequency,39,0.5113109350204468
30M,26000,Frequency,40,0.47529396414756775
30M,26000,Frequency,41,0.44404730200767517
30M,26000,Frequency,42,0.42177194356918335
30M,26000,Frequency,43,0.4066864848136902
30M,26000,Frequency,44,0.4012519121170044
30M,26000,Random,0,1.0851328372955322
30M,26000,Random,1,1.0819919109344482
30M,26000,Random,2,1.0923000574111938
30M,26000,Random,3,1.0678560733795166
30M,26000,Random,4,1.1150286197662354
30M,26000,Random,5,1.0740758180618286
30M,26000,Random,6,1.038198709487915
30M,26000,Random,7,1.0885953903198242
30M,26000,Random,8,1.080863118171692
30M,26000,Random,9,1.0756598711013794
30M,26000,Random,10,1.081794261932373
30M,26000,Random,11,1.0839648246765137
30M,26000,Random,12,1.100868821144104
30M,26000,Random,13,1.0983574390411377
30M,26000,Random,14,1.0815210342407227
30M,26000,Random,15,1.0897314548492432
30M,26000,Random,16,1.0605818033218384
30M,26000,Random,17,1.0706164836883545
30M,26000,Random,18,1.0720869302749634
30M,26000,Random,19,1.0910571813583374
30M,26000,Random,20,1.0665181875228882
30M,26000,Random,21,1.1045658588409424
30M,26000,Random,22,1.0680266618728638
30M,26000,Random,23,1.0572540760040283
30M,26000,Random,24,1.0796407461166382
30M,26000,Random,25,1.0801094770431519
30M,26000,Random,26,1.0882148742675781
30M,26000,Random,27,1.0878231525421143
30M,26000,Random,28,1.0765243768692017
30M,26000,Random,29,1.1054705381393433
30M,26000,Random,30,1.0776362419128418
30M,26000,Random,31,1.0716744661331177
30M,26000,Random,32,1.0723845958709717
30M,26000,Random,33,1.0939693450927734
30M,26000,Random,34,1.107553482055664
30M,26000,Random,35,1.0734552145004272
30M,26000,Random,36,1.0886359214782715
30M,26000,Random,37,1.0858429670333862
30M,26000,Random,38,1.0797868967056274
30M,26000,Random,39,1.1069891452789307
30M,26000,Random,40,1.0886547565460205
30M,26000,Random,41,1.074157476425171
30M,26000,Random,42,1.0963568687438965
30M,26000,Random,43,1.059779167175293
30M,26000,Random,44,1.1018683910369873
30M,26500,Global,-1,250.8640899658203
30M,26500,Frequency,0,1.9277453422546387
30M,26500,Frequency,1,1.9038037061691284
30M,26500,Frequency,2,1.8588683605194092
30M,26500,Frequency,3,1.8008674383163452
30M,26500,Frequency,4,1.7376381158828735
30M,26500,Frequency,5,1.69693922996521
30M,26500,Frequency,6,1.6382832527160645
30M,26500,Frequency,7,1.5868945121765137
30M,26500,Frequency,8,1.5397180318832397
30M,26500,Frequency,9,1.4893461465835571
30M,26500,Frequency,10,1.446648120880127
30M,26500,Frequency,11,1.4078043699264526
30M,26500,Frequency,12,1.3573987483978271
30M,26500,Frequency,13,1.31697678565979
30M,26500,Frequency,14,1.266547679901123
30M,26500,Frequency,15,1.2562427520751953
30M,26500,Frequency,16,1.2193336486816406
30M,26500,Frequency,17,1.1846750974655151
30M,26500,Frequency,18,1.1380871534347534
30M,26500,Frequency,19,1.1228715181350708
30M,26500,Frequency,20,1.0937434434890747
30M,26500,Frequency,21,1.0507793426513672
30M,26500,Frequency,22,1.0437201261520386
30M,26500,Frequency,23,1.0072921514511108
30M,26500,Frequency,24,0.981072187423706
30M,26500,Frequency,25,0.9558588266372681
30M,26500,Frequency,26,0.9323095679283142
30M,26500,Frequency,27,0.9061715602874756
30M,26500,Frequency,28,0.8813570737838745
30M,26500,Frequency,29,0.8563095331192017
30M,26500,Frequency,30,0.8298436999320984
30M,26500,Frequency,31,0.7966973781585693
30M,26500,Frequency,32,0.7772485613822937
30M,26500,Frequency,33,0.7351168990135193
30M,26500,Frequency,34,0.7102031111717224
30M,26500,Frequency,35,0.6737298369407654
30M,26500,Frequency,36,0.6401441097259521
30M,26500,Frequency,37,0.5932213664054871
30M,26500,Frequency,38,0.5594202280044556
30M,26500,Frequency,39,0.5137046575546265
30M,26500,Frequency,40,0.47691214084625244
30M,26500,Frequency,41,0.4450490176677704
30M,26500,Frequency,42,0.4224574565887451
30M,26500,Frequency,43,0.4069357216358185
30M,26500,Frequency,44,0.401505708694458
30M,26500,Random,0,1.094122052192688
30M,26500,Random,1,1.0912452936172485
30M,26500,Random,2,1.100386381149292
30M,26500,Random,3,1.0766496658325195
30M,26500,Random,4,1.1244300603866577
30M,26500,Random,5,1.0824942588806152
30M,26500,Random,6,1.046514868736267
30M,26500,Random,7,1.0970942974090576
30M,26500,Random,8,1.0895253419876099
30M,26500,Random,9,1.0847375392913818
30M,26500,Random,10,1.0902084112167358
30M,26500,Random,11,1.0925666093826294
30M,26500,Random,12,1.1102852821350098
30M,26500,Random,13,1.1073142290115356
30M,26500,Random,14,1.090254545211792
30M,26500,Random,15,1.098841905593872
30M,26500,Random,16,1.0693857669830322
30M,26500,Random,17,1.0790504217147827
30M,26500,Random,18,1.0809073448181152
30M,26500,Random,19,1.0997364521026611
30M,26500,Random,20,1.075128197669983
30M,26500,Random,21,1.1136035919189453
30M,26500,Random,22,1.0763211250305176
30M,26500,Random,23,1.0657333135604858
30M,26500,Random,24,1.0885106325149536
30M,26500,Random,25,1.0893083810806274
30M,26500,Random,26,1.0973316431045532
30M,26500,Random,27,1.0973082780838013
30M,26500,Random,28,1.0846471786499023
30M,26500,Random,29,1.11397385597229
30M,26500,Random,30,1.0864440202713013
30M,26500,Random,31,1.0807315111160278
30M,26500,Random,32,1.081141471862793
30M,26500,Random,33,1.1026796102523804
30M,26500,Random,34,1.116866111755371
30M,26500,Random,35,1.0822771787643433
30M,26500,Random,36,1.0979723930358887
30M,26500,Random,37,1.0950710773468018
30M,26500,Random,38,1.0887806415557861
30M,26500,Random,39,1.1158431768417358
30M,26500,Random,40,1.0980008840560913
30M,26500,Random,41,1.0825603008270264
30M,26500,Random,42,1.1053283214569092
30M,26500,Random,43,1.068172812461853
30M,26500,Random,44,1.1103483438491821
30M,27000,Global,-1,252.9373016357422
30M,27000,Frequency,0,1.9416197538375854
30M,27000,Frequency,1,1.9183646440505981
30M,27000,Frequency,2,1.8747477531433105
30M,27000,Frequency,3,1.816817283630371
30M,27000,Frequency,4,1.7529329061508179
30M,27000,Frequency,5,1.7119702100753784
30M,27000,Frequency,6,1.6525460481643677
30M,27000,Frequency,7,1.6010648012161255
30M,27000,Frequency,8,1.553597092628479
30M,27000,Frequency,9,1.5022331476211548
30M,27000,Frequency,10,1.4596364498138428
30M,27000,Frequency,11,1.420574426651001
30M,27000,Frequency,12,1.369273066520691
30M,27000,Frequency,13,1.3281090259552002
30M,27000,Frequency,14,1.27763032913208
30M,27000,Frequency,15,1.2670234441757202
30M,27000,Frequency,16,1.229928970336914
30M,27000,Frequency,17,1.1951117515563965
30M,27000,Frequency,18,1.1483955383300781
30M,27000,Frequency,19,1.1325631141662598
30M,27000,Frequency,20,1.1027377843856812
30M,27000,Frequency,21,1.059573769569397
30M,27000,Frequency,22,1.0528168678283691
30M,27000,Frequency,23,1.0158873796463013
30M,27000,Frequency,24,0.9895167946815491
30M,27000,Frequency,25,0.9635440111160278
30M,27000,Frequency,26,0.9401738047599792
30M,27000,Frequency,27,0.9135710000991821
30M,27000,Frequency,28,0.8885835409164429
30M,27000,Frequency,29,0.8629153370857239
30M,27000,Frequency,30,0.8368676900863647
30M,27000,Frequency,31,0.8029025793075562
30M,27000,Frequency,32,0.7829137444496155
30M,27000,Frequency,33,0.7403988838195801
30M,27000,Frequency,34,0.7151023745536804
30M,27000,Frequency,35,0.6779764294624329
30M,27000,Frequency,36,0.6442633271217346
30M,27000,Frequency,37,0.5972166657447815
30M,27000,Frequency,38,0.5624518990516663
30M,27000,Frequency,39,0.5161643624305725
30M,27000,Frequency,40,0.47867318987846375
30M,27000,Frequency,41,0.44607239961624146
30M,27000,Frequency,42,0.42327049374580383
30M,27000,Frequency,43,0.4071580171585083
30M,27000,Frequency,44,0.40181538462638855
30M,27000,Random,0,1.1027488708496094
30M,27000,Random,1,1.1004987955093384
30M,27000,Random,2,1.1089332103729248
30M,27000,Random,3,1.0850330591201782
30M,27000,Random,4,1.133402705192566
30M,27000,Random,5,1.091181993484497
30M,27000,Random,6,1.054343581199646
30M,27000,Random,7,1.1058982610702515
30M,27000,Random,8,1.0984838008880615
30M,27000,Random,9,1.093214511871338
30M,27000,Random,10,1.0984548330307007
30M,27000,Random,11,1.1012530326843262
30M,27000,Random,12,1.119209885597229
30M,27000,Random,13,1.1163108348846436
30M,27000,Random,14,1.0988352298736572
30M,27000,Random,15,1.108081340789795
30M,27000,Random,16,1.0779320001602173
30M,27000,Random,17,1.0878708362579346
30M,27000,Random,18,1.0893573760986328
30M,27000,Random,19,1.1084609031677246
30M,27000,Random,20,1.0831166505813599
30M,27000,Random,21,1.1227521896362305
30M,27000,Random,22,1.084445834159851
30M,27000,Random,23,1.0745800733566284
30M,27000,Random,24,1.0972033739089966
30M,27000,Random,25,1.0980510711669922
30M,27000,Random,26,1.1060596704483032
30M,27000,Random,27,1.1062499284744263
30M,27000,Random,28,1.093296766281128
30M,27000,Random,29,1.1234676837921143
30M,27000,Random,30,1.0962296724319458
30M,27000,Random,31,1.0895729064941406
30M,27000,Random,32,1.0893200635910034
30M,27000,Random,33,1.1111394166946411
30M,27000,Random,34,1.126584529876709
30M,27000,Random,35,1.0908623933792114
30M,27000,Random,36,1.106938123703003
30M,27000,Random,37,1.104554295539856
30M,27000,Random,38,1.0981190204620361
30M,27000,Random,39,1.125267744064331
30M,27000,Random,40,1.1072040796279907
30M,27000,Random,41,1.0910732746124268
30M,27000,Random,42,1.1140276193618774
30M,27000,Random,43,1.0767312049865723
30M,27000,Random,44,1.1188437938690186
30M,27500,Global,-1,254.97085571289062
30M,27500,Frequency,0,1.9563360214233398
30M,27500,Frequency,1,1.9344450235366821
30M,27500,Frequency,2,1.8895400762557983
30M,27500,Frequency,3,1.8320282697677612
30M,27500,Frequency,4,1.7678250074386597
30M,27500,Frequency,5,1.7259043455123901
30M,27500,Frequency,6,1.666570782661438
30M,27500,Frequency,7,1.6148266792297363
30M,27500,Frequency,8,1.5665034055709839
30M,27500,Frequency,9,1.514827847480774
30M,27500,Frequency,10,1.47178053855896
30M,27500,Frequency,11,1.4327772855758667
30M,27500,Frequency,12,1.3809092044830322
30M,27500,Frequency,13,1.339611530303955
30M,27500,Frequency,14,1.2881784439086914
30M,27500,Frequency,15,1.277052640914917
30M,27500,Frequency,16,1.2407643795013428
30M,27500,Frequency,17,1.2054404020309448
30M,27500,Frequency,18,1.158379077911377
30M,27500,Frequency,19,1.1424940824508667
30M,27500,Frequency,20,1.1120641231536865
30M,27500,Frequency,21,1.068686604499817
30M,27500,Frequency,22,1.061208724975586
30M,27500,Frequency,23,1.024383306503296
30M,27500,Frequency,24,0.9978188872337341
30M,27500,Frequency,25,0.9713471531867981
30M,27500,Frequency,26,0.9479161500930786
30M,27500,Frequency,27,0.9207586646080017
30M,27500,Frequency,28,0.8959510922431946
30M,27500,Frequency,29,0.8699377775192261
30M,27500,Frequency,30,0.843858003616333
30M,27500,Frequency,31,0.8093461394309998
30M,27500,Frequency,32,0.7887395620346069
30M,27500,Frequency,33,0.745679497718811
30M,27500,Frequency,34,0.7203330397605896
30M,27500,Frequency,35,0.6826069355010986
30M,27500,Frequency,36,0.6483156681060791
30M,27500,Frequency,37,0.6007237434387207
30M,27500,Frequency,38,0.5656264424324036
30M,27500,Frequency,39,0.5185577869415283
30M,27500,Frequency,40,0.480080246925354
30M,27500,Frequency,41,0.4470100700855255
30M,27500,Frequency,42,0.4238685667514801
30M,27500,Frequency,43,0.40745946764945984
30M,27500,Frequency,44,0.40194037556648254
30M,27500,Random,0,1.1116007566452026
30M,27500,Random,1,1.108799934387207
30M,27500,Random,2,1.1181670427322388
30M,27500,Random,3,1.0935953855514526
30M,27500,Random,4,1.1422675848007202
30M,27500,Random,5,1.0991252660751343
30M,27500,Random,6,1.0624438524246216
30M,27500,Random,7,1.1144657135009766
30M,27500,Random,8,1.1077187061309814
30M,27500,Random,9,1.1025012731552124
30M,27500,Random,10,1.1071423292160034
30M,27500,Random,11,1.1103283166885376
30M,27500,Random,12,1.1277743577957153
30M,27500,Random,13,1.125103235244751
30M,27500,Random,14,1.1067880392074585
30M,27500,Random,15,1.1167962551116943
30M,27500,Random,16,1.086942434310913
30M,27500,Random,17,1.0964661836624146
30M,27500,Random,18,1.097533941268921
30M,27500,Random,19,1.1173018217086792
30M,27500,Random,20,1.0915794372558594
30M,27500,Random,21,1.1322494745254517
30M,27500,Random,22,1.0924807786941528
30M,27500,Random,23,1.0834805965423584
30M,27500,Random,24,1.1057077646255493
30M,27500,Random,25,1.1065077781677246
30M,27500,Random,26,1.1153278350830078
30M,27500,Random,27,1.114650845527649
30M,27500,Random,28,1.1018561124801636
30M,27500,Random,29,1.1327253580093384
30M,27500,Random,30,1.1045114994049072
30M,27500,Random,31,1.0978350639343262
30M,27500,Random,32,1.0979605913162231
30M,27500,Random,33,1.1202988624572754
30M,27500,Random,34,1.1349432468414307
30M,27500,Random,35,1.0990149974822998
30M,27500,Random,36,1.1161489486694336
30M,27500,Random,37,1.1129381656646729
30M,27500,Random,38,1.1060963869094849
30M,27500,Random,39,1.134195327758789
30M,27500,Random,40,1.1160717010498047
30M,27500,Random,41,1.0998014211654663
30M,27500,Random,42,1.123349905014038
30M,27500,Random,43,1.0852938890457153
30M,27500,Random,44,1.1271798610687256
30M,28000,Global,-1,256.96234130859375
30M,28000,Frequency,0,1.9713962078094482
30M,28000,Frequency,1,1.9499790668487549
30M,28000,Frequency,2,1.9048993587493896
30M,28000,Frequency,3,1.8478976488113403
30M,28000,Frequency,4,1.7826095819473267
30M,28000,Frequency,5,1.7405654191970825
30M,28000,Frequency,6,1.6800265312194824
30M,28000,Frequency,7,1.6283010244369507
30M,28000,Frequency,8,1.5793720483779907
30M,28000,Frequency,9,1.5275774002075195
30M,28000,Frequency,10,1.4841961860656738
30M,28000,Frequency,11,1.4446316957473755
30M,28000,Frequency,12,1.3925724029541016
30M,28000,Frequency,13,1.3507540225982666
30M,28000,Frequency,14,1.298771858215332
30M,28000,Frequency,15,1.287570595741272
30M,28000,Frequency,16,1.251247525215149
30M,28000,Frequency,17,1.2154510021209717
30M,28000,Frequency,18,1.167353630065918
30M,28000,Frequency,19,1.1522632837295532
30M,28000,Frequency,20,1.1209288835525513
30M,28000,Frequency,21,1.0775558948516846
30M,28000,Frequency,22,1.0697216987609863
30M,28000,Frequency,23,1.0326085090637207
30M,28000,Frequency,24,1.0057966709136963
30M,28000,Frequency,25,0.9787082076072693
30M,28000,Frequency,26,0.955147922039032
30M,28000,Frequency,27,0.9280259013175964
30M,28000,Frequency,28,0.9026113152503967
30M,28000,Frequency,29,0.8765944242477417
30M,28000,Frequency,30,0.8499797582626343
30M,28000,Frequency,31,0.8150837421417236
30M,28000,Frequency,32,0.7942264676094055
30M,28000,Frequency,33,0.7508045434951782
30M,28000,Frequency,34,0.7248026132583618
30M,28000,Frequency,35,0.6871407628059387
30M,28000,Frequency,36,0.6522513628005981
30M,28000,Frequency,37,0.6041433811187744
30M,28000,Frequency,38,0.5682024955749512
30M,28000,Frequency,39,0.5208457708358765
30M,28000,Frequency,40,0.48200422525405884
30M,28000,Frequency,41,0.4480716586112976
30M,28000,Frequency,42,0.42450353503227234
30M,28000,Frequency,43,0.40781471133232117
30M,28000,Frequency,44,0.40213221311569214
30M,28000,Random,0,1.1203508377075195
30M,28000,Random,1,1.117443561553955
30M,28000,Random,2,1.1271880865097046
30M,28000,Random,3,1.10218346118927
30M,28000,Random,4,1.150881290435791
30M,28000,Random,5,1.1079212427139282
30M,28000,Random,6,1.0710954666137695
30M,28000,Random,7,1.122694969177246
30M,28000,Random,8,1.1163740158081055
30M,28000,Random,9,1.1102004051208496
30M,28000,Random,10,1.1155601739883423
30M,28000,Random,11,1.1188509464263916
30M,28000,Random,12,1.136826515197754
30M,28000,Random,13,1.133604884147644
30M,28000,Random,14,1.1157121658325195
30M,28000,Random,15,1.1257091760635376
30M,28000,Random,16,1.0954214334487915
30M,28000,Random,17,1.104800820350647
30M,28000,Random,18,1.1058337688446045
30M,28000,Random,19,1.1260569095611572
30M,28000,Random,20,1.0995452404022217
30M,28000,Random,21,1.1404237747192383
30M,28000,Random,22,1.1013180017471313
30M,28000,Random,23,1.0914638042449951
30M,28000,Random,24,1.114485502243042
30M,28000,Random,25,1.1156820058822632
30M,28000,Random,26,1.1232385635375977
30M,28000,Random,27,1.1231794357299805
30M,28000,Random,28,1.110376238822937
30M,28000,Random,29,1.1411516666412354
30M,28000,Random,30,1.1129299402236938
30M,28000,Random,31,1.1065595149993896
30M,28000,Random,32,1.1061904430389404
30M,28000,Random,33,1.1291717290878296
30M,28000,Random,34,1.143221378326416
30M,28000,Random,35,1.106882929801941
30M,28000,Random,36,1.1244637966156006
30M,28000,Random,37,1.1217869520187378
30M,28000,Random,38,1.114279866218567
30M,28000,Random,39,1.1426745653152466
30M,28000,Random,40,1.124679684638977
30M,28000,Random,41,1.108486533164978
30M,28000,Random,42,1.131751537322998
30M,28000,Random,43,1.0938163995742798
30M,28000,Random,44,1.135228157043457
30M,28500,Global,-1,258.9446716308594
30M,28500,Frequency,0,1.9852714538574219
30M,28500,Frequency,1,1.9661399126052856
30M,28500,Frequency,2,1.9196676015853882
30M,28500,Frequency,3,1.862296462059021
30M,28500,Frequency,4,1.7977020740509033
30M,28500,Frequency,5,1.7544481754302979
30M,28500,Frequency,6,1.6933097839355469
30M,28500,Frequency,7,1.6412736177444458
30M,28500,Frequency,8,1.5932484865188599
30M,28500,Frequency,9,1.5394060611724854
30M,28500,Frequency,10,1.4963499307632446
30M,28500,Frequency,11,1.4560885429382324
30M,28500,Frequency,12,1.4044790267944336
30M,28500,Frequency,13,1.361765742301941
30M,28500,Frequency,14,1.3097991943359375
30M,28500,Frequency,15,1.298312783241272
30M,28500,Frequency,16,1.2615351676940918
30M,28500,Frequency,17,1.2256413698196411
30M,28500,Frequency,18,1.177243709564209
30M,28500,Frequency,19,1.1615731716156006
30M,28500,Frequency,20,1.1302642822265625
30M,28500,Frequency,21,1.0865398645401
30M,28500,Frequency,22,1.0785678625106812
30M,28500,Frequency,23,1.0414304733276367
30M,28500,Frequency,24,1.0136916637420654
30M,28500,Frequency,25,0.9862721562385559
30M,28500,Frequency,26,0.9627094268798828
30M,28500,Frequency,27,0.9352003931999207
30M,28500,Frequency,28,0.9097599387168884
30M,28500,Frequency,29,0.8834459185600281
30M,28500,Frequency,30,0.8569223284721375
30M,28500,Frequency,31,0.8212375640869141
30M,28500,Frequency,32,0.8001479506492615
30M,28500,Frequency,33,0.7562963962554932
30M,28500,Frequency,34,0.7295864224433899
30M,28500,Frequency,35,0.6919606328010559
30M,28500,Frequency,36,0.6564741134643555
30M,28500,Frequency,37,0.6074426770210266
30M,28500,Frequency,38,0.5712104439735413
30M,28500,Frequency,39,0.5233439207077026
30M,28500,Frequency,40,0.48347705602645874
30M,28500,Frequency,41,0.4493551254272461
30M,28500,Frequency,42,0.42512309551239014
30M,28500,Frequency,43,0.4080803096294403
30M,28500,Frequency,44,0.40239450335502625
30M,28500,Random,0,1.1289386749267578
30M,28500,Random,1,1.1254150867462158
30M,28500,Random,2,1.1358065605163574
30M,28500,Random,3,1.1107630729675293
30M,28500,Random,4,1.1600234508514404
30M,28500,Random,5,1.1167364120483398
30M,28500,Random,6,1.079618215560913
30M,28500,Random,7,1.1312732696533203
30M,28500,Random,8,1.1250079870224
30M,28500,Random,9,1.1183626651763916
30M,28500,Random,10,1.124507188796997
30M,28500,Random,11,1.1277587413787842
30M,28500,Random,12,1.1459157466888428
30M,28500,Random,13,1.1421352624893188
30M,28500,Random,14,1.1237175464630127
30M,28500,Random,15,1.1342370510101318
30M,28500,Random,16,1.1042829751968384
30M,28500,Random,17,1.1135324239730835
30M,28500,Random,18,1.1143172979354858
30M,28500,Random,19,1.1347734928131104
30M,28500,Random,20,1.1079621315002441
30M,28500,Random,21,1.1491916179656982
30M,28500,Random,22,1.1099950075149536
30M,28500,Random,23,1.099776029586792
30M,28500,Random,24,1.1233224868774414
30M,28500,Random,25,1.1242918968200684
30M,28500,Random,26,1.131731390953064
30M,28500,Random,27,1.1312003135681152
30M,28500,Random,28,1.1189237833023071
30M,28500,Random,29,1.1497362852096558
30M,28500,Random,30,1.1216191053390503
30M,28500,Random,31,1.1142542362213135
30M,28500,Random,32,1.1152511835098267
30M,28500,Random,33,1.1377168893814087
30M,28500,Random,34,1.1518888473510742
30M,28500,Random,35,1.1151281595230103
30M,28500,Random,36,1.1331149339675903
30M,28500,Random,37,1.1307705640792847
30M,28500,Random,38,1.1227457523345947
30M,28500,Random,39,1.151546835899353
30M,28500,Random,40,1.1331523656845093
30M,28500,Random,41,1.1169878244400024
30M,28500,Random,42,1.1399885416030884
30M,28500,Random,43,1.1018552780151367
30M,28500,Random,44,1.1446324586868286
30M,0,Global,-1,87.80791473388672
30M,0,Frequency,0,0.39260268211364746
30M,0,Frequency,1,0.3927419185638428
30M,0,Frequency,2,0.39174309372901917
30M,0,Frequency,3,0.39127033948898315
30M,0,Frequency,4,0.391426682472229
30M,0,Frequency,5,0.39101457595825195
30M,0,Frequency,6,0.3915554881095886
30M,0,Frequency,7,0.3922968804836273
30M,0,Frequency,8,0.3919864594936371
30M,0,Frequency,9,0.39200103282928467
30M,0,Frequency,10,0.3917265236377716
30M,0,Frequency,11,0.3920153081417084
30M,0,Frequency,12,0.3921319544315338
30M,0,Frequency,13,0.3919893503189087
30M,0,Frequency,14,0.39161741733551025
30M,0,Frequency,15,0.3909634053707123
30M,0,Frequency,16,0.39104875922203064
30M,0,Frequency,17,0.39269009232521057
30M,0,Frequency,18,0.3914386034011841
30M,0,Frequency,19,0.3918690085411072
30M,0,Frequency,20,0.3923893868923187
30M,0,Frequency,21,0.3916258215904236
30M,0,Frequency,22,0.3916325271129608
30M,0,Frequency,23,0.3921165466308594
30M,0,Frequency,24,0.391499400138855
30M,0,Frequency,25,0.3916964530944824
30M,0,Frequency,26,0.3922639489173889
30M,0,Frequency,27,0.3922697901725769
30M,0,Frequency,28,0.391269326210022
30M,0,Frequency,29,0.391740083694458
30M,0,Frequency,30,0.39140063524246216
30M,0,Frequency,31,0.3914509117603302
30M,0,Frequency,32,0.39244794845581055
30M,0,Frequency,33,0.3919820487499237
30M,0,Frequency,34,0.39136600494384766
30M,0,Frequency,35,0.3909963071346283
30M,0,Frequency,36,0.39212456345558167
30M,0,Frequency,37,0.39065811038017273
30M,0,Frequency,38,0.39104530215263367
30M,0,Frequency,39,0.3922939896583557
30M,0,Frequency,40,0.3923943340778351
30M,0,Frequency,41,0.39221811294555664
30M,0,Frequency,42,0.39191949367523193
30M,0,Frequency,43,0.39230719208717346
30M,0,Frequency,44,0.3908412456512451
30M,0,Random,0,0.39212271571159363
30M,0,Random,1,0.3918130695819855
30M,0,Random,2,0.39229676127433777
30M,0,Random,3,0.3910660445690155
30M,0,Random,4,0.3907985985279083
30M,0,Random,5,0.3925318717956543
30M,0,Random,6,0.39129403233528137
30M,0,Random,7,0.39118489623069763
30M,0,Random,8,0.39204326272010803
30M,0,Random,9,0.3924870193004608
30M,0,Random,10,0.39169079065322876
30M,0,Random,11,0.3922722637653351
30M,0,Random,12,0.39200079441070557
30M,0,Random,13,0.3911971151828766
30M,0,Random,14,0.3914177417755127
30M,0,Random,15,0.3925909101963043
30M,0,Random,16,0.3914608359336853
30M,0,Random,17,0.39223694801330566
30M,0,Random,18,0.39172476530075073
30M,0,Random,19,0.39170318841934204
30M,0,Random,20,0.391910582780838
30M,0,Random,21,0.39168599247932434
30M,0,Random,22,0.39139488339424133
30M,0,Random,23,0.3919863700866699
30M,0,Random,24,0.3924379348754883
30M,0,Random,25,0.3914932608604431
30M,0,Random,26,0.39086198806762695
30M,0,Random,27,0.39177167415618896
30M,0,Random,28,0.39142364263534546
30M,0,Random,29,0.39115336537361145
30M,0,Random,30,0.39164185523986816
30M,0,Random,31,0.39196914434432983
30M,0,Random,32,0.39139121770858765
30M,0,Random,33,0.391434907913208
30M,0,Random,34,0.3921299874782562
30M,0,Random,35,0.39244797825813293
30M,0,Random,36,0.3928444981575012
30M,0,Random,37,0.391570508480072
30M,0,Random,38,0.39164143800735474
30M,0,Random,39,0.39175793528556824
30M,0,Random,40,0.39218980073928833
30M,0,Random,41,0.3917536735534668
30M,0,Random,42,0.3918803334236145
30M,0,Random,43,0.39194488525390625
30M,0,Random,44,0.3931962251663208
30M,500,Global,-1,93.17646789550781
30M,500,Frequency,0,0.5246697664260864
30M,500,Frequency,1,0.48622551560401917
30M,500,Frequency,2,0.47256115078926086
30M,500,Frequency,3,0.4639102816581726
30M,500,Frequency,4,0.4542214274406433
30M,500,Frequency,5,0.4487748444080353
30M,500,Frequency,6,0.4440300464630127
30M,500,Frequency,7,0.4396539330482483
30M,500,Frequency,8,0.4357107877731323
30M,500,Frequency,9,0.43268221616744995
30M,500,Frequency,10,0.42971307039260864
30M,500,Frequency,11,0.4273473024368286
30M,500,Frequency,12,0.4241081774234772
30M,500,Frequency,13,0.4213363528251648
30M,500,Frequency,14,0.418782502412796
30M,500,Frequency,15,0.41665172576904297
30M,500,Frequency,16,0.4148777425289154
30M,500,Frequency,17,0.41535040736198425
30M,500,Frequency,18,0.41193073987960815
30M,500,Frequency,19,0.4112401008605957
30M,500,Frequency,20,0.4104665517807007
30M,500,Frequency,21,0.4079190492630005
30M,500,Frequency,22,0.4075726866722107
30M,500,Frequency,23,0.4070591628551483
30M,500,Frequency,24,0.40579545497894287
30M,500,Frequency,25,0.40510374307632446
30M,500,Frequency,26,0.4039093255996704
30M,500,Frequency,27,0.40334346890449524
30M,500,Frequency,28,0.4023855924606323
30M,500,Frequency,29,0.40163299441337585
30M,500,Frequency,30,0.40007317066192627
30M,500,Frequency,31,0.39939650893211365
30M,500,Frequency,32,0.3993915319442749
30M,500,Frequency,33,0.39801865816116333
30M,500,Frequency,34,0.39704781770706177
30M,500,Frequency,35,0.39561668038368225
30M,500,Frequency,36,0.39587506651878357
30M,500,Frequency,37,0.3936304450035095
30M,500,Frequency,38,0.3933256268501282
30M,500,Frequency,39,0.39387235045433044
30M,500,Frequency,40,0.3936413526535034
30M,500,Frequency,41,0.3928658664226532
30M,500,Frequency,42,0.3923344314098358
30M,500,Frequency,43,0.3925374150276184
30M,500,Frequency,44,0.39106613397598267
30M,500,Random,0,0.4181710183620453
30M,500,Random,1,0.41781115531921387
30M,500,Random,2,0.41863206028938293
30M,500,Random,3,0.4165854752063751
30M,500,Random,4,0.41863030195236206
30M,500,Random,5,0.41756463050842285
30M,500,Random,6,0.4155355393886566
30M,500,Random,7,0.41816815733909607
30M,500,Random,8,0.4168708026409149
30M,500,Random,9,0.41819265484809875
30M,500,Random,10,0.41924822330474854
30M,500,Random,11,0.4175589680671692
30M,500,Random,12,0.4194931983947754
30M,500,Random,13,0.4172755777835846
30M,500,Random,14,0.4165697395801544
30M,500,Random,15,0.4180797040462494
30M,500,Random,16,0.4151245951652527
30M,500,Random,17,0.41885071992874146
30M,500,Random,18,0.4171290099620819
30M,500,Random,19,0.41784733533859253
30M,500,Random,20,0.4163285195827484
30M,500,Random,21,0.4187053442001343
30M,500,Random,22,0.41611403226852417
30M,500,Random,23,0.41686713695526123
30M,500,Random,24,0.41781872510910034
30M,500,Random,25,0.41804537177085876
30M,500,Random,26,0.41744035482406616
30M,500,Random,27,0.41705426573753357
30M,500,Random,28,0.4173530340194702
30M,500,Random,29,0.4194243550300598
30M,500,Random,30,0.41727226972579956
30M,500,Random,31,0.4165908992290497
30M,500,Random,32,0.4162367284297943
30M,500,Random,33,0.4199364483356476
30M,500,Random,34,0.4191475808620453
30M,500,Random,35,0.41869792342185974
30M,500,Random,36,0.41814154386520386
30M,500,Random,37,0.41767385601997375
30M,500,Random,38,0.416846364736557
30M,500,Random,39,0.4188564419746399
30M,500,Random,40,0.41789233684539795
30M,500,Random,41,0.41696226596832275
30M,500,Random,42,0.41857749223709106
30M,500,Random,43,0.41772642731666565
30M,500,Random,44,0.42136475443840027
30M,1000,Global,-1,98.7047119140625
30M,1000,Frequency,0,0.607063353061676
30M,1000,Frequency,1,0.5607422590255737
30M,1000,Frequency,2,0.5409383773803711
30M,1000,Frequency,3,0.5281268358230591
30M,1000,Frequency,4,0.5135203003883362
30M,1000,Frequency,5,0.5049334764480591
30M,1000,Frequency,6,0.4949069619178772
30M,1000,Frequency,7,0.4879350960254669
30M,1000,Frequency,8,0.4809402823448181
30M,1000,Frequency,9,0.47490355372428894
30M,1000,Frequency,10,0.46903958916664124
30M,1000,Frequency,11,0.46501466631889343
30M,1000,Frequency,12,0.4585227370262146
30M,1000,Frequency,13,0.4543592929840088
30M,1000,Frequency,14,0.44844916462898254
30M,1000,Frequency,15,0.4465560019016266
30M,1000,Frequency,16,0.4428633451461792
30M,1000,Frequency,17,0.4407021999359131
30M,1000,Frequency,18,0.4366075098514557
30M,1000,Frequency,19,0.4345025420188904
30M,1000,Frequency,20,0.4327247142791748
30M,1000,Frequency,21,0.42884233593940735
30M,1000,Frequency,22,0.42776384949684143
30M,1000,Frequency,23,0.42554616928100586
30M,1000,Frequency,24,0.42239832878112793
30M,1000,Frequency,25,0.4207969009876251
30M,1000,Frequency,26,0.4181820750236511
30M,1000,Frequency,27,0.41716068983078003
30M,1000,Frequency,28,0.4146754741668701
30M,1000,Frequency,29,0.41255083680152893
30M,1000,Frequency,30,0.41062188148498535
30M,1000,Frequency,31,0.40936461091041565
30M,1000,Frequency,32,0.4080885350704193
30M,1000,Frequency,33,0.4053294062614441
30M,1000,Frequency,34,0.40324223041534424
30M,1000,Frequency,35,0.4012583792209625
30M,1000,Frequency,36,0.40078821778297424
30M,1000,Frequency,37,0.3971678912639618
30M,1000,Frequency,38,0.39618226885795593
30M,1000,Frequency,39,0.3957621157169342
30M,1000,Frequency,40,0.3947855532169342
30M,1000,Frequency,41,0.3936942219734192
30M,1000,Frequency,42,0.39279407262802124
30M,1000,Frequency,43,0.39286330342292786
30M,1000,Frequency,44,0.39143648743629456
30M,1000,Random,0,0.44374364614486694
30M,1000,Random,1,0.4424910843372345
30M,1000,Random,2,0.4447133243083954
30M,1000,Random,3,0.4420969784259796
30M,1000,Random,4,0.44666582345962524
30M,1000,Random,5,0.44303712248802185
30M,1000,Random,6,0.4384987950325012
30M,1000,Random,7,0.4451819658279419
30M,1000,Random,8,0.44162145256996155
30M,1000,Random,9,0.4441933333873749
30M,1000,Random,10,0.44467276334762573
30M,1000,Random,11,0.4421652555465698
30M,1000,Random,12,0.44533026218414307
30M,1000,Random,13,0.4431520402431488
30M,1000,Random,14,0.4417518079280853
30M,1000,Random,15,0.4431169629096985
30M,1000,Random,16,0.438041090965271
30M,1000,Random,17,0.4440634846687317
30M,1000,Random,18,0.44268274307250977
30M,1000,Random,19,0.4439609944820404
30M,1000,Random,20,0.4411378502845764
30M,1000,Random,21,0.44562071561813354
30M,1000,Random,22,0.44050702452659607
30M,1000,Random,23,0.4404100477695465
30M,1000,Random,24,0.4431751072406769
30M,1000,Random,25,0.4427455961704254
30M,1000,Random,26,0.4434404969215393
30M,1000,Random,27,0.4433533549308777
30M,1000,Random,28,0.44240865111351013
30M,1000,Random,29,0.4470387399196625
30M,1000,Random,30,0.44236257672309875
30M,1000,Random,31,0.4408164918422699
30M,1000,Random,32,0.44102057814598083
30M,1000,Random,33,0.4464988112449646
30M,1000,Random,34,0.44597676396369934
30M,1000,Random,35,0.4433289170265198
30M,1000,Random,36,0.4435788691043854
30M,1000,Random,37,0.4432390034198761
30M,1000,Random,38,0.44186609983444214
30M,1000,Random,39,0.4460517168045044
30M,1000,Random,40,0.4436580538749695
30M,1000,Random,41,0.4430209696292877
30M,1000,Random,42,0.44469791650772095
30M,1000,Random,43,0.44221019744873047
30M,1000,Random,44,0.44712358713150024
30M,1500,Global,-1,103.87075805664062
30M,1500,Frequency,0,0.6695132851600647
30M,1500,Frequency,1,0.6216531991958618
30M,1500,Frequency,2,0.5978968739509583
30M,1500,Frequency,3,0.5826809406280518
30M,1500,Frequency,4,0.5653024315834045
30M,1500,Frequency,5,0.5527526140213013
30M,1500,Frequency,6,0.541070818901062
30M,1500,Frequency,7,0.5312660932540894
30M,1500,Frequency,8,0.5223880410194397
30M,1500,Frequency,9,0.514146625995636
30M,1500,Frequency,10,0.5055125951766968
30M,1500,Frequency,11,0.5004342198371887
30M,1500,Frequency,12,0.4910584092140198
30M,1500,Frequency,13,0.48499196767807007
30M,1500,Frequency,14,0.47789740562438965
30M,1500,Frequency,15,0.47555777430534363
30M,1500,Frequency,16,0.4707018733024597
30M,1500,Frequency,17,0.4659349024295807
30M,1500,Frequency,18,0.45942822098731995
30M,1500,Frequency,19,0.4572034180164337
30M,1500,Frequency,20,0.45413440465927124
30M,1500,Frequency,21,0.4486258625984192
30M,1500,Frequency,22,0.4475472569465637
30M,1500,Frequency,23,0.44371193647384644
30M,1500,Frequency,24,0.4391792118549347
30M,1500,Frequency,25,0.4371083378791809
30M,1500,Frequency,26,0.4329548478126526
30M,1500,Frequency,27,0.43121641874313354
30M,1500,Frequency,28,0.4274459779262543
30M,1500,Frequency,29,0.4249241054058075
30M,1500,Frequency,30,0.4215662181377411
30M,1500,Frequency,31,0.4195955991744995
30M,1500,Frequency,32,0.4174501597881317
30M,1500,Frequency,33,0.4130690395832062
30M,1500,Frequency,34,0.41015374660491943
30M,1500,Frequency,35,0.4073863625526428
30M,1500,Frequency,36,0.4056417644023895
30M,1500,Frequency,37,0.40128734707832336
30M,1500,Frequency,38,0.39906594157218933
30M,1500,Frequency,39,0.39778491854667664
30M,1500,Frequency,40,0.39619672298431396
30M,1500,Frequency,41,0.394565612077713
30M,1500,Frequency,42,0.39323320984840393
30M,1500,Frequency,43,0.39317846298217773
30M,1500,Frequency,44,0.39161691069602966
30M,1500,Random,0,0.4662029445171356
30M,1500,Random,1,0.4657193720340729
30M,1500,Random,2,0.46866458654403687
30M,1500,Random,3,0.46566447615623474
30M,1500,Random,4,0.4715466797351837
30M,1500,Random,5,0.46621888875961304
30M,1500,Random,6,0.46047359704971313
30M,1500,Random,7,0.4682557284832001
30M,1500,Random,8,0.4642428755760193
30M,1500,Random,9,0.4668245017528534
30M,1500,Random,10,0.46808063983917236
30M,1500,Random,11,0.4650474786758423
30M,1500,Random,12,0.46863850951194763
30M,1500,Random,13,0.4661162197589874
30M,1500,Random,14,0.46472951769828796
30M,1500,Random,15,0.4667331874370575
30M,1500,Random,16,0.46045178174972534
30M,1500,Random,17,0.46763694286346436
30M,1500,Random,18,0.46683743596076965
30M,1500,Random,19,0.4675377607345581
30M,1500,Random,20,0.4638235569000244
30M,1500,Random,21,0.47008034586906433
30M,1500,Random,22,0.4631143808364868
30M,1500,Random,23,0.46294909715652466
30M,1500,Random,24,0.46686869859695435
30M,1500,Random,25,0.4661543369293213
30M,1500,Random,26,0.46697181463241577
30M,1500,Random,27,0.46628373861312866
30M,1500,Random,28,0.4660505950450897
30M,1500,Random,29,0.4712502956390381
30M,1500,Random,30,0.46591365337371826
30M,1500,Random,31,0.4638546407222748
30M,1500,Random,32,0.46347299218177795
30M,1500,Random,33,0.47007158398628235
30M,1500,Random,34,0.4698009788990021
30M,1500,Random,35,0.46579039096832275
30M,1500,Random,36,0.4670286476612091
30M,1500,Random,37,0.4667714834213257
30M,1500,Random,38,0.4648967385292053
30M,1500,Random,39,0.47038865089416504
30M,1500,Random,40,0.4663602411746979
30M,1500,Random,41,0.46679264307022095
30M,1500,Random,42,0.4697701334953308
30M,1500,Random,43,0.4647420644760132
30M,1500,Random,44,0.4702940881252289
30M,2000,Global,-1,108.78675079345703
30M,2000,Frequency,0,0.725505530834198
30M,2000,Frequency,1,0.6771154999732971
30M,2000,Frequency,2,0.6508673429489136
30M,2000,Frequency,3,0.6315762400627136
30M,2000,Frequency,4,0.6120802164077759
30M,2000,Frequency,5,0.5978207588195801
30M,2000,Frequency,6,0.5837851762771606
30M,2000,Frequency,7,0.5702201128005981
30M,2000,Frequency,8,0.5601974725723267
30M,2000,Frequency,9,0.5504688620567322
30M,2000,Frequency,10,0.5383927822113037
30M,2000,Frequency,11,0.5326944589614868
30M,2000,Frequency,12,0.5221732258796692
30M,2000,Frequency,13,0.5148295164108276
30M,2000,Frequency,14,0.5039728879928589
30M,2000,Frequency,15,0.5025174021720886
30M,2000,Frequency,16,0.4957892596721649
30M,2000,Frequency,17,0.49003803730010986
30M,2000,Frequency,18,0.48131194710731506
30M,2000,Frequency,19,0.47868600487709045
30M,2000,Frequency,20,0.4748481512069702
30M,2000,Frequency,21,0.46699875593185425
30M,2000,Frequency,22,0.4660196006298065
30M,2000,Frequency,23,0.46111369132995605
30M,2000,Frequency,24,0.4557879567146301
30M,2000,Frequency,25,0.4524650275707245
30M,2000,Frequency,26,0.447557657957077
30M,2000,Frequency,27,0.44536250829696655
30M,2000,Frequency,28,0.4408440589904785
30M,2000,Frequency,29,0.43733182549476624
30M,2000,Frequency,30,0.43267887830734253
30M,2000,Frequency,31,0.42917400598526
30M,2000,Frequency,32,0.4272075891494751
30M,2000,Frequency,33,0.4212481379508972
30M,2000,Frequency,34,0.41715502738952637
30M,2000,Frequency,35,0.41290342807769775
30M,2000,Frequency,36,0.41067031025886536
30M,2000,Frequency,37,0.40541577339172363
30M,2000,Frequency,38,0.4023655354976654
30M,2000,Frequency,39,0.39984649419784546
30M,2000,Frequency,40,0.39765286445617676
30M,2000,Frequency,41,0.3958028256893158
30M,2000,Frequency,42,0.3937470614910126
30M,2000,Frequency,43,0.3935506045818329
30M,2000,Frequency,44,0.391825407743454
30M,2000,Random,0,0.48931023478507996
30M,2000,Random,1,0.48728621006011963
30M,2000,Random,2,0.4905179738998413
30M,2000,Random,3,0.4870508313179016
30M,2000,Random,4,0.493888258934021
30M,2000,Random,5,0.4874197840690613
30M,2000,Random,6,0.48040771484375
30M,2000,Random,7,0.49028390645980835
30M,2000,Random,8,0.485488623380661
30M,2000,Random,9,0.48822951316833496
30M,2000,Random,10,0.49004101753234863
30M,2000,Random,11,0.4870103895664215
30M,2000,Random,12,0.4910092353820801
30M,2000,Random,13,0.48841843008995056
30M,2000,Random,14,0.4866601824760437
30M,2000,Random,15,0.4887441396713257
30M,2000,Random,16,0.48128241300582886
30M,2000,Random,17,0.48839643597602844
30M,2000,Random,18,0.4883062541484833
30M,2000,Random,19,0.48919519782066345
30M,2000,Random,20,0.4847424626350403
30M,2000,Random,21,0.4926989674568176
30M,2000,Random,22,0.4841349422931671
30M,2000,Random,23,0.48374760150909424
30M,2000,Random,24,0.48859894275665283
30M,2000,Random,25,0.4881931245326996
30M,2000,Random,26,0.48911020159721375
30M,2000,Random,27,0.4886789619922638
30M,2000,Random,28,0.48705750703811646
30M,2000,Random,29,0.4944031834602356
30M,2000,Random,30,0.487531453371048
30M,2000,Random,31,0.48547759652137756
30M,2000,Random,32,0.48442915081977844
30M,2000,Random,33,0.4927656054496765
30M,2000,Random,34,0.49245283007621765
30M,2000,Random,35,0.48741522431373596
30M,2000,Random,36,0.48908013105392456
30M,2000,Random,37,0.48906105756759644
30M,2000,Random,38,0.48714372515678406
30M,2000,Random,39,0.4929472804069519
30M,2000,Random,40,0.48868510127067566
30M,2000,Random,41,0.4878547489643097
30M,2000,Random,42,0.4920349419116974
30M,2000,Random,43,0.4854089915752411
30M,2000,Random,44,0.49299049377441406
30M,2500,Global,-1,113.54241180419922
30M,2500,Frequency,0,0.7764200568199158
30M,2500,Frequency,1,0.7281017899513245
30M,2500,Frequency,2,0.6983779072761536
30M,2500,Frequency,3,0.6795179843902588
30M,2500,Frequency,4,0.6561498045921326
30M,2500,Frequency,5,0.6401084065437317
30M,2500,Frequency,6,0.6236679553985596
30M,2500,Frequency,7,0.6083114147186279
30M,2500,Frequency,8,0.5963665843009949
30M,2500,Frequency,9,0.5846753120422363
30M,2500,Frequency,10,0.5713602900505066
30M,2500,Frequency,11,0.5635064840316772
30M,2500,Frequency,12,0.5508113503456116
30M,2500,Frequency,13,0.541795551776886
30M,2500,Frequency,14,0.5307983756065369
30M,2500,Frequency,15,0.5292100310325623
30M,2500,Frequency,16,0.5202608704566956
30M,2500,Frequency,17,0.5135108828544617
30M,2500,Frequency,18,0.5021198391914368
30M,2500,Frequency,19,0.49992266297340393
30M,2500,Frequency,20,0.4944027364253998
30M,2500,Frequency,21,0.4858044683933258
30M,2500,Frequency,22,0.4845883846282959
30M,2500,Frequency,23,0.4779784679412842
30M,2500,Frequency,24,0.4718608558177948
30M,2500,Frequency,25,0.4675842821598053
30M,2500,Frequency,26,0.4618241488933563
30M,2500,Frequency,27,0.4588199555873871
30M,2500,Frequency,28,0.45368990302085876
30M,2500,Frequency,29,0.44945579767227173
30M,2500,Frequency,30,0.44310444593429565
30M,2500,Frequency,31,0.43925872445106506
30M,2500,Frequency,32,0.436482697725296
30M,2500,Frequency,33,0.42914602160453796
30M,2500,Frequency,34,0.42455849051475525
30M,2500,Frequency,35,0.41912803053855896
30M,2500,Frequency,36,0.4159254729747772
30M,2500,Frequency,37,0.40945157408714294
30M,2500,Frequency,38,0.4056980311870575
30M,2500,Frequency,39,0.40207362174987793
30M,2500,Frequency,40,0.3989080488681793
30M,2500,Frequency,41,0.39674583077430725
30M,2500,Frequency,42,0.39439254999160767
30M,2500,Frequency,43,0.393836110830307
30M,2500,Frequency,44,0.39192599058151245
30M,2500,Random,0,0.5107629895210266
30M,2500,Random,1,0.5077917575836182
30M,2500,Random,2,0.5122317671775818
30M,2500,Random,3,0.5070076584815979
30M,2500,Random,4,0.5156666040420532
30M,2500,Random,5,0.5075396299362183
30M,2500,Random,6,0.49942123889923096
30M,2500,Random,7,0.5111055970191956
30M,2500,Random,8,0.5068032145500183
30M,2500,Random,9,0.5089578628540039
30M,2500,Random,10,0.5108364224433899
30M,2500,Random,11,0.5075156688690186
30M,2500,Random,12,0.5133892297744751
30M,2500,Random,13,0.5102077722549438
30M,2500,Random,14,0.507466197013855
30M,2500,Random,15,0.5099106431007385
30M,2500,Random,16,0.5018132328987122
30M,2500,Random,17,0.5096037983894348
30M,2500,Random,18,0.5083415508270264
30M,2500,Random,19,0.5106322765350342
30M,2500,Random,20,0.5050190091133118
30M,2500,Random,21,0.5137101411819458
30M,2500,Random,22,0.5042793154716492
30M,2500,Random,23,0.5037818551063538
30M,2500,Random,24,0.5086652040481567
30M,2500,Random,25,0.5090707540512085
30M,2500,Random,26,0.510685920715332
30M,2500,Random,27,0.5094593167304993
30M,2500,Random,28,0.5076234340667725
30M,2500,Random,29,0.5163723230361938
30M,2500,Random,30,0.5082956552505493
30M,2500,Random,31,0.5055733919143677
30M,2500,Random,32,0.5050327181816101
30M,2500,Random,33,0.5135884881019592
30M,2500,Random,34,0.5146145820617676
30M,2500,Random,35,0.5076765418052673
30M,2500,Random,36,0.5099509954452515
30M,2500,Random,37,0.5099108815193176
30M,2500,Random,38,0.5084630846977234
30M,2500,Random,39,0.51446533203125
30M,2500,Random,40,0.5097969174385071
30M,2500,Random,41,0.5085020065307617
30M,2500,Random,42,0.5128159523010254
30M,2500,Random,43,0.5051699876785278
30M,2500,Random,44,0.5131436586380005
30M,3000,Global,-1,118.0480728149414
30M,3000,Frequency,0,0.8243852257728577
30M,3000,Frequency,1,0.7746184468269348
30M,3000,Frequency,2,0.7453432083129883
30M,3000,Frequency,3,0.7225213050842285
30M,3000,Frequency,4,0.6975281238555908
30M,3000,Frequency,5,0.6796911358833313
30M,3000,Frequency,6,0.6609172224998474
30M,3000,Frequency,7,0.6435361504554749
30M,3000,Frequency,8,0.6294226050376892
30M,3000,Frequency,9,0.6168574690818787
30M,3000,Frequency,10,0.602059006690979
30M,3000,Frequency,11,0.5931493043899536
30M,3000,Frequency,12,0.5773725509643555
30M,3000,Frequency,13,0.5678489804267883
30M,3000,Frequency,14,0.5553330779075623
30M,3000,Frequency,15,0.5532045364379883
30M,3000,Frequency,16,0.5436359643936157
30M,3000,Frequency,17,0.5341314673423767
30M,3000,Frequency,18,0.5212157964706421
30M,3000,Frequency,19,0.5196714997291565
30M,3000,Frequency,20,0.5128327012062073
30M,3000,Frequency,21,0.5032026767730713
30M,3000,Frequency,22,0.5016198754310608
30M,3000,Frequency,23,0.4938182234764099
30M,3000,Frequency,24,0.48682209849357605
30M,3000,Frequency,25,0.48196110129356384
30M,3000,Frequency,26,0.47578445076942444
30M,3000,Frequency,27,0.4716056287288666
30M,3000,Frequency,28,0.46476832032203674
30M,3000,Frequency,29,0.46078863739967346
30M,3000,Frequency,30,0.4543342888355255
30M,3000,Frequency,31,0.44872599840164185
30M,3000,Frequency,32,0.44489264488220215
30M,3000,Frequency,33,0.43682315945625305
30M,3000,Frequency,34,0.43141230940818787
30M,3000,Frequency,35,0.4251430034637451
30M,3000,Frequency,36,0.4213315546512604
30M,3000,Frequency,37,0.41342511773109436
30M,3000,Frequency,38,0.40917307138442993
30M,3000,Frequency,39,0.4042093753814697
30M,3000,Frequency,40,0.4005917012691498
30M,3000,Frequency,41,0.3976471424102783
30M,3000,Frequency,42,0.3949626684188843
30M,3000,Frequency,43,0.39409831166267395
30M,3000,Frequency,44,0.3921661078929901
30M,3000,Random,0,0.5302817821502686
30M,3000,Random,1,0.5272805094718933
30M,3000,Random,2,0.5320925116539001
30M,3000,Random,3,0.52601158618927
30M,3000,Random,4,0.5361363887786865
30M,3000,Random,5,0.5266527533531189
30M,3000,Random,6,0.5176615118980408
30M,3000,Random,7,0.5310614705085754
30M,3000,Random,8,0.5260105133056641
30M,3000,Random,9,0.5290235280990601
30M,3000,Random,10,0.5298952460289001
30M,3000,Random,11,0.5268503427505493
30M,3000,Random,12,0.532995343208313
30M,3000,Random,13,0.5304421186447144
30M,3000,Random,14,0.5275814533233643
30M,3000,Random,15,0.52977055311203
30M,3000,Random,16,0.5206943154335022
30M,3000,Random,17,0.5289269089698792
30M,3000,Random,18,0.5277904272079468
30M,3000,Random,19,0.530449628829956
30M,3000,Random,20,0.5235509276390076
30M,3000,Random,21,0.5343620777130127
30M,3000,Random,22,0.522794246673584
30M,3000,Random,23,0.5217084884643555
30M,3000,Random,24,0.5275436639785767
30M,3000,Random,25,0.5293173789978027
30M,3000,Random,26,0.5301830172538757
30M,3000,Random,27,0.5283237099647522
30M,3000,Random,28,0.5269336700439453
30M,3000,Random,29,0.5368773937225342
30M,3000,Random,30,0.5271661281585693
30M,3000,Random,31,0.5247848629951477
30M,3000,Random,32,0.5246058702468872
30M,3000,Random,33,0.533875048160553
30M,3000,Random,34,0.5341333746910095
30M,3000,Random,35,0.5267186760902405
30M,3000,Random,36,0.5293957591056824
30M,3000,Random,37,0.5291129946708679
30M,3000,Random,38,0.528407096862793
30M,3000,Random,39,0.5347209572792053
30M,3000,Random,40,0.5301118493080139
30M,3000,Random,41,0.5284073948860168
30M,3000,Random,42,0.5328811407089233
30M,3000,Random,43,0.5234854817390442
30M,3000,Random,44,0.5343629717826843
30M,3500,Global,-1,122.45578002929688
30M,3500,Frequency,0,0.8703886270523071
30M,3500,Frequency,1,0.8178198933601379
30M,3500,Frequency,2,0.788601279258728
30M,3500,Frequency,3,0.7640537619590759
30M,3500,Frequency,4,0.7365781664848328
30M,3500,Frequency,5,0.7159929871559143
30M,3500,Frequency,6,0.6975459456443787
30M,3500,Frequency,7,0.6782863736152649
30M,3500,Frequency,8,0.6623671054840088
30M,3500,Frequency,9,0.6471633315086365
30M,3500,Frequency,10,0.6319490075111389
30M,3500,Frequency,11,0.621685802936554
30M,3500,Frequency,12,0.6038773655891418
30M,3500,Frequency,13,0.5937406420707703
30M,3500,Frequency,14,0.5784593224525452
30M,3500,Frequency,15,0.577342689037323
30M,3500,Frequency,16,0.5655214786529541
30M,3500,Frequency,17,0.5558463931083679
30M,3500,Frequency,18,0.5404424667358398
30M,3500,Frequency,19,0.5387938618659973
30M,3500,Frequency,20,0.5312677621841431
30M,3500,Frequency,21,0.52055823802948
30M,3500,Frequency,22,0.518241822719574
30M,3500,Frequency,23,0.5088177919387817
30M,3500,Frequency,24,0.501900315284729
30M,3500,Frequency,25,0.4961620271205902
30M,3500,Frequency,26,0.48872262239456177
30M,3500,Frequency,27,0.48426517844200134
30M,3500,Frequency,28,0.4777333438396454
30M,3500,Frequency,29,0.4718950688838959
30M,3500,Frequency,30,0.46531060338020325
30M,3500,Frequency,31,0.4586450159549713
30M,3500,Frequency,32,0.4534446597099304
30M,3500,Frequency,33,0.4450860023498535
30M,3500,Frequency,34,0.43842530250549316
30M,3500,Frequency,35,0.4310528337955475
30M,3500,Frequency,36,0.4264877438545227
30M,3500,Frequency,37,0.4173850119113922
30M,3500,Frequency,38,0.41255316138267517
30M,3500,Frequency,39,0.40631788969039917
30M,3500,Frequency,40,0.40213850140571594
30M,3500,Frequency,41,0.39852428436279297
30M,3500,Frequency,42,0.3954739272594452
30M,3500,Frequency,43,0.3942982256412506
30M,3500,Frequency,44,0.3924421966075897
30M,3500,Random,0,0.5501102805137634
30M,3500,Random,1,0.5471707582473755
30M,3500,Random,2,0.5513266324996948
30M,3500,Random,3,0.5446842908859253
30M,3500,Random,4,0.556429386138916
30M,3500,Random,5,0.5454418063163757
30M,3500,Random,6,0.5355512499809265
30M,3500,Random,7,0.5503361225128174
30M,3500,Random,8,0.5448635220527649
30M,3500,Random,9,0.5471190214157104
30M,3500,Random,10,0.5482156276702881
30M,3500,Random,11,0.5455995202064514
30M,3500,Random,12,0.5526152849197388
30M,3500,Random,13,0.5497229099273682
30M,3500,Random,14,0.5470003485679626
30M,3500,Random,15,0.5488161444664001
30M,3500,Random,16,0.5387665033340454
30M,3500,Random,17,0.5476647019386292
30M,3500,Random,18,0.5459332466125488
30M,3500,Random,19,0.5502474904060364
30M,3500,Random,20,0.5419438481330872
30M,3500,Random,21,0.5535281896591187
30M,3500,Random,22,0.5417780876159668
30M,3500,Random,23,0.5400806665420532
30M,3500,Random,24,0.5466952323913574
30M,3500,Random,25,0.5477705001831055
30M,3500,Random,26,0.5494305491447449
30M,3500,Random,27,0.5475214719772339
30M,3500,Random,28,0.5452756285667419
30M,3500,Random,29,0.5569316148757935
30M,3500,Random,30,0.5462191700935364
30M,3500,Random,31,0.5434192419052124
30M,3500,Random,32,0.5430909991264343
30M,3500,Random,33,0.5526641607284546
30M,3500,Random,34,0.5532802939414978
30M,3500,Random,35,0.54609215259552
30M,3500,Random,36,0.5482503175735474
30M,3500,Random,37,0.5481363534927368
30M,3500,Random,38,0.5465019345283508
30M,3500,Random,39,0.5542274713516235
30M,3500,Random,40,0.5489250421524048
30M,3500,Random,41,0.5472777485847473
30M,3500,Random,42,0.5519112348556519
30M,3500,Random,43,0.5424807667732239
30M,3500,Random,44,0.5535532236099243
30M,4000,Global,-1,126.67737579345703
30M,4000,Frequency,0,0.9109190702438354
30M,4000,Frequency,1,0.8594582676887512
30M,4000,Frequency,2,0.8289597034454346
30M,4000,Frequency,3,0.8013253211975098
30M,4000,Frequency,4,0.7733765840530396
30M,4000,Frequency,5,0.7520264387130737
30M,4000,Frequency,6,0.7319189310073853
30M,4000,Frequency,7,0.7101637721061707
30M,4000,Frequency,8,0.6934604644775391
30M,4000,Frequency,9,0.675430178642273
30M,4000,Frequency,10,0.6614614725112915
30M,4000,Frequency,11,0.6489163637161255
30M,4000,Frequency,12,0.6300416588783264
30M,4000,Frequency,13,0.6170464158058167
30M,4000,Frequency,14,0.601193904876709
30M,4000,Frequency,15,0.5990399122238159
30M,4000,Frequency,16,0.5871530175209045
30M,4000,Frequency,17,0.576228141784668
30M,4000,Frequency,18,0.5599366426467896
30M,4000,Frequency,19,0.5576146245002747
30M,4000,Frequency,20,0.5489004254341125
30M,4000,Frequency,21,0.5372229814529419
30M,4000,Frequency,22,0.5344724059104919
30M,4000,Frequency,23,0.5245660543441772
30M,4000,Frequency,24,0.5161568522453308
30M,4000,Frequency,25,0.5100122094154358
30M,4000,Frequency,26,0.5020621418952942
30M,4000,Frequency,27,0.4968022108078003
30M,4000,Frequency,28,0.48975223302841187
30M,4000,Frequency,29,0.48340266942977905
30M,4000,Frequency,30,0.4759272336959839
30M,4000,Frequency,31,0.46813464164733887
30M,4000,Frequency,32,0.46275243163108826
30M,4000,Frequency,33,0.4525547921657562
30M,4000,Frequency,34,0.4457283616065979
30M,4000,Frequency,35,0.43750646710395813
30M,4000,Frequency,36,0.43177568912506104
30M,4000,Frequency,37,0.4212568998336792
30M,4000,Frequency,38,0.41574543714523315
30M,4000,Frequency,39,0.40860992670059204
30M,4000,Frequency,40,0.4036853313446045
30M,4000,Frequency,41,0.39938899874687195
30M,4000,Frequency,42,0.3961298167705536
30M,4000,Frequency,43,0.39454594254493713
30M,4000,Frequency,44,0.3925630450248718
30M,4000,Random,0,0.568863034248352
30M,4000,Random,1,0.565121054649353
30M,4000,Random,2,0.5698800086975098
30M,4000,Random,3,0.5631970763206482
30M,4000,Random,4,0.5752841830253601
30M,4000,Random,5,0.5635459423065186
30M,4000,Random,6,0.5519504547119141
30M,4000,Random,7,0.568310558795929
30M,4000,Random,8,0.5628641843795776
30M,4000,Random,9,0.5646566152572632
30M,4000,Random,10,0.5664519667625427
30M,4000,Random,11,0.5649038553237915
30M,4000,Random,12,0.5712488293647766
30M,4000,Random,13,0.568803608417511
30M,4000,Random,14,0.5643177032470703
30M,4000,Random,15,0.5674746632575989
30M,4000,Random,16,0.5560334920883179
30M,4000,Random,17,0.5654469728469849
30M,4000,Random,18,0.5641871094703674
30M,4000,Random,19,0.56834477186203
30M,4000,Random,20,0.5596136450767517
30M,4000,Random,21,0.5721373558044434
30M,4000,Random,22,0.5595094561576843
30M,4000,Random,23,0.5575519800186157
30M,4000,Random,24,0.5638653039932251
30M,4000,Random,25,0.5658095479011536
30M,4000,Random,26,0.5671048760414124
30M,4000,Random,27,0.5661258697509766
30M,4000,Random,28,0.5629706978797913
30M,4000,Random,29,0.5754469037055969
30M,4000,Random,30,0.5648796558380127
30M,4000,Random,31,0.5612143278121948
30M,4000,Random,32,0.5607035756111145
30M,4000,Random,33,0.5708703398704529
30M,4000,Random,34,0.5718229413032532
30M,4000,Random,35,0.5642676949501038
30M,4000,Random,36,0.5666701197624207
30M,4000,Random,37,0.5663130283355713
30M,4000,Random,38,0.5636522173881531
30M,4000,Random,39,0.5725393891334534
30M,4000,Random,40,0.5676310658454895
30M,4000,Random,41,0.5656608939170837
30M,4000,Random,42,0.5703208446502686
30M,4000,Random,43,0.5603594183921814
30M,4000,Random,44,0.5726255774497986
30M,4500,Global,-1,130.72265625
30M,4500,Frequency,0,0.9500676989555359
30M,4500,Frequency,1,0.8997981548309326
30M,4500,Frequency,2,0.8682522773742676
30M,4500,Frequency,3,0.8381249904632568
30M,4500,Frequency,4,0.8085225224494934
30M,4500,Frequency,5,0.7859489917755127
30M,4500,Frequency,6,0.7636318802833557
30M,4500,Frequency,7,0.7419049143791199
30M,4500,Frequency,8,0.7223371863365173
30M,4500,Frequency,9,0.7030531764030457
30M,4500,Frequency,10,0.6879462599754333
30M,4500,Frequency,11,0.6739979386329651
30M,4500,Frequency,12,0.6544473767280579
30M,4500,Frequency,13,0.6406282186508179
30M,4500,Frequency,14,0.6231938004493713
30M,4500,Frequency,15,0.6205030679702759
30M,4500,Frequency,16,0.6071119904518127
30M,4500,Frequency,17,0.5951731204986572
30M,4500,Frequency,18,0.5779017806053162
30M,4500,Frequency,19,0.5757116675376892
30M,4500,Frequency,20,0.5662331581115723
30M,4500,Frequency,21,0.553031861782074
30M,4500,Frequency,22,0.5502650737762451
30M,4500,Frequency,23,0.5387300848960876
30M,4500,Frequency,24,0.5302822589874268
30M,4500,Frequency,25,0.5232751965522766
30M,4500,Frequency,26,0.5150200128555298
30M,4500,Frequency,27,0.5087987780570984
30M,4500,Frequency,28,0.5013736486434937
30M,4500,Frequency,29,0.4941549599170685
30M,4500,Frequency,30,0.48593661189079285
30M,4500,Frequency,31,0.4771133065223694
30M,4500,Frequency,32,0.4712145924568176
30M,4500,Frequency,33,0.4606461822986603
30M,4500,Frequency,34,0.4526110589504242
30M,4500,Frequency,35,0.44332951307296753
30M,4500,Frequency,36,0.4370812177658081
30M,4500,Frequency,37,0.4252922534942627
30M,4500,Frequency,38,0.41901490092277527
30M,4500,Frequency,39,0.4106181263923645
30M,4500,Frequency,40,0.4051620066165924
30M,4500,Frequency,41,0.40030035376548767
30M,4500,Frequency,42,0.3966808617115021
30M,4500,Frequency,43,0.3948754072189331
30M,4500,Frequency,44,0.39290180802345276
30M,4500,Random,0,0.5864179134368896
30M,4500,Random,1,0.5822481513023376
30M,4500,Random,2,0.5880954265594482
30M,4500,Random,3,0.5800339579582214
30M,4500,Random,4,0.5934751033782959
30M,4500,Random,5,0.5806054472923279
30M,4500,Random,6,0.5681489109992981
30M,4500,Random,7,0.5853663086891174
30M,4500,Random,8,0.5799566507339478
30M,4500,Random,9,0.581954300403595
30M,4500,Random,10,0.583593487739563
30M,4500,Random,11,0.5833227634429932
30M,4500,Random,12,0.5892181396484375
30M,4500,Random,13,0.5861626267433167
30M,4500,Random,14,0.5812234878540039
30M,4500,Random,15,0.5851259231567383
30M,4500,Random,16,0.5724374055862427
30M,4500,Random,17,0.5828229784965515
30M,4500,Random,18,0.5815052390098572
30M,4500,Random,19,0.5857603549957275
30M,4500,Random,20,0.5761588215827942
30M,4500,Random,21,0.590000331401825
30M,4500,Random,22,0.5761845111846924
30M,4500,Random,23,0.5737035870552063
30M,4500,Random,24,0.5814844965934753
30M,4500,Random,25,0.5832391977310181
30M,4500,Random,26,0.5847207307815552
30M,4500,Random,27,0.5835277438163757
30M,4500,Random,28,0.5808555483818054
30M,4500,Random,29,0.5931687951087952
30M,4500,Random,30,0.5824688076972961
30M,4500,Random,31,0.5774881839752197
30M,4500,Random,32,0.5774192214012146
30M,4500,Random,33,0.588850200176239
30M,4500,Random,34,0.5894886255264282
30M,4500,Random,35,0.5809066295623779
30M,4500,Random,36,0.5842559933662415
30M,4500,Random,37,0.5842000246047974
30M,4500,Random,38,0.5808432698249817
30M,4500,Random,39,0.5911350846290588
30M,4500,Random,40,0.5847879648208618
30M,4500,Random,41,0.5822540521621704
30M,4500,Random,42,0.5875086188316345
30M,4500,Random,43,0.5777047276496887
30M,4500,Random,44,0.591571569442749
30M,5000,Global,-1,134.69749450683594
30M,5000,Frequency,0,0.9890945553779602
30M,5000,Frequency,1,0.93719482421875
30M,5000,Frequency,2,0.9050661325454712
30M,5000,Frequency,3,0.8725916743278503
30M,5000,Frequency,4,0.8436657190322876
30M,5000,Frequency,5,0.8183485269546509
30M,5000,Frequency,6,0.794946551322937
30M,5000,Frequency,7,0.7729118466377258
30M,5000,Frequency,8,0.7511492371559143
30M,5000,Frequency,9,0.7295703887939453
30M,5000,Frequency,10,0.7143220901489258
30M,5000,Frequency,11,0.6987572908401489
30M,5000,Frequency,12,0.6778896450996399
30M,5000,Frequency,13,0.6627880334854126
30M,5000,Frequency,14,0.6454744935035706
30M,5000,Frequency,15,0.6416171193122864
30M,5000,Frequency,16,0.6276255249977112
30M,5000,Frequency,17,0.6140848994255066
30M,5000,Frequency,18,0.5962044596672058
30M,5000,Frequency,19,0.5932051539421082
30M,5000,Frequency,20,0.5827814936637878
30M,5000,Frequency,21,0.5688303112983704
30M,5000,Frequency,22,0.5664915442466736
30M,5000,Frequency,23,0.5534710884094238
30M,5000,Frequency,24,0.5447996854782104
30M,5000,Frequency,25,0.536904513835907
30M,5000,Frequency,26,0.5277076363563538
30M,5000,Frequency,27,0.520714521408081
30M,5000,Frequency,28,0.5126064419746399
30M,5000,Frequency,29,0.5052711367607117
30M,5000,Frequency,30,0.49579596519470215
30M,5000,Frequency,31,0.4864793121814728
30M,5000,Frequency,32,0.48017963767051697
30M,5000,Frequency,33,0.4684310853481293
30M,5000,Frequency,34,0.4590911269187927
30M,5000,Frequency,35,0.44926512241363525
30M,5000,Frequency,36,0.4420606195926666
30M,5000,Frequency,37,0.42935869097709656
30M,5000,Frequency,38,0.4222177565097809
30M,5000,Frequency,39,0.41291290521621704
30M,5000,Frequency,40,0.40692436695098877
30M,5000,Frequency,41,0.40144458413124084
30M,5000,Frequency,42,0.3971967399120331
30M,5000,Frequency,43,0.3951491117477417
30M,5000,Frequency,44,0.39302724599838257
30M,5000,Random,0,0.6038326621055603
30M,5000,Random,1,0.5995546579360962
30M,5000,Random,2,0.605376124382019
30M,5000,Random,3,0.5969005823135376
30M,5000,Random,4,0.6122434735298157
30M,5000,Random,5,0.597191572189331
30M,5000,Random,6,0.5842737555503845
30M,5000,Random,7,0.6029342412948608
30M,5000,Random,8,0.5973849892616272
30M,5000,Random,9,0.5989043712615967
30M,5000,Random,10,0.6004891991615295
30M,5000,Random,11,0.5996169447898865
30M,5000,Random,12,0.6066306233406067
30M,5000,Random,13,0.603849470615387
30M,5000,Random,14,0.5986138582229614
30M,5000,Random,15,0.6025106906890869
30M,5000,Random,16,0.5885672569274902
30M,5000,Random,17,0.5998315811157227
30M,5000,Random,18,0.5983958840370178
30M,5000,Random,19,0.6029422879219055
30M,5000,Random,20,0.5927931666374207
30M,5000,Random,21,0.6081206798553467
30M,5000,Random,22,0.5930884480476379
30M,5000,Random,23,0.5897706151008606
30M,5000,Random,24,0.5981956124305725
30M,5000,Random,25,0.5995738506317139
30M,5000,Random,26,0.601947009563446
30M,5000,Random,27,0.6006711721420288
30M,5000,Random,28,0.5974708199501038
30M,5000,Random,29,0.6100749969482422
30M,5000,Random,30,0.5985276103019714
30M,5000,Random,31,0.5938895344734192
30M,5000,Random,32,0.5950915813446045
30M,5000,Random,33,0.6060237884521484
30M,5000,Random,34,0.6064310669898987
30M,5000,Random,35,0.5982900261878967
30M,5000,Random,36,0.6013866066932678
30M,5000,Random,37,0.601347804069519
30M,5000,Random,38,0.5974919199943542
30M,5000,Random,39,0.6086890697479248
30M,5000,Random,40,0.6019729375839233
30M,5000,Random,41,0.5991647839546204
30M,5000,Random,42,0.6051837205886841
30M,5000,Random,43,0.5938459038734436
30M,5000,Random,44,0.6079131960868835
30M,5500,Global,-1,138.58935546875
30M,5500,Frequency,0,1.025709867477417
30M,5500,Frequency,1,0.9732505083084106
30M,5500,Frequency,2,0.941018283367157
30M,5500,Frequency,3,0.9066389203071594
30M,5500,Frequency,4,0.8751736283302307
30M,5500,Frequency,5,0.8502835631370544
30M,5500,Frequency,6,0.8252909779548645
30M,5500,Frequency,7,0.801980197429657
30M,5500,Frequency,8,0.7796988487243652
30M,5500,Frequency,9,0.7562500834465027
30M,5500,Frequency,10,0.7408453226089478
30M,5500,Frequency,11,0.7237306833267212
30M,5500,Frequency,12,0.7009698152542114
30M,5500,Frequency,13,0.6851071119308472
30M,5500,Frequency,14,0.6668888926506042
30M,5500,Frequency,15,0.6620121598243713
30M,5500,Frequency,16,0.6476157903671265
30M,5500,Frequency,17,0.6323203444480896
30M,5500,Frequency,18,0.6136807799339294
30M,5500,Frequency,19,0.6100290417671204
30M,5500,Frequency,20,0.59872967004776
30M,5500,Frequency,21,0.5845891237258911
30M,5500,Frequency,22,0.5822690725326538
30M,5500,Frequency,23,0.5683459043502808
30M,5500,Frequency,24,0.5584341287612915
30M,5500,Frequency,25,0.550143301486969
30M,5500,Frequency,26,0.5398919582366943
30M,5500,Frequency,27,0.5328710675239563
30M,5500,Frequency,28,0.5241427421569824
30M,5500,Frequency,29,0.5154783725738525
30M,5500,Frequency,30,0.5058684349060059
30M,5500,Frequency,31,0.4957645535469055
30M,5500,Frequency,32,0.48896485567092896
30M,5500,Frequency,33,0.47549858689308167
30M,5500,Frequency,34,0.46635738015174866
30M,5500,Frequency,35,0.45585939288139343
30M,5500,Frequency,36,0.44758662581443787
30M,5500,Frequency,37,0.4334277808666229
30M,5500,Frequency,38,0.4256538152694702
30M,5500,Frequency,39,0.41530555486679077
30M,5500,Frequency,40,0.4084630608558655
30M,5500,Frequency,41,0.4022785723209381
30M,5500,Frequency,42,0.39773717522621155
30M,5500,Frequency,43,0.39538323879241943
30M,5500,Frequency,44,0.39309772849082947
30M,5500,Random,0,0.620904803276062
30M,5500,Random,1,0.6154704689979553
30M,5500,Random,2,0.6227285861968994
30M,5500,Random,3,0.6133761405944824
30M,5500,Random,4,0.629560649394989
30M,5500,Random,5,0.6134887337684631
30M,5500,Random,6,0.5998407602310181
30M,5500,Random,7,0.6195741891860962
30M,5500,Random,8,0.6142035722732544
30M,5500,Random,9,0.6150766015052795
30M,5500,Random,10,0.6174567341804504
30M,5500,Random,11,0.6161170601844788
30M,5500,Random,12,0.6234537959098816
30M,5500,Random,13,0.621370255947113
30M,5500,Random,14,0.6144759058952332
30M,5500,Random,15,0.6196181774139404
30M,5500,Random,16,0.6046111583709717
30M,5500,Random,17,0.6154213547706604
30M,5500,Random,18,0.6144387722015381
30M,5500,Random,19,0.6204338669776917
30M,5500,Random,20,0.6089659929275513
30M,5500,Random,21,0.6246888637542725
30M,5500,Random,22,0.609616219997406
30M,5500,Random,23,0.6059650778770447
30M,5500,Random,24,0.6152675151824951
30M,5500,Random,25,0.6166805028915405
30M,5500,Random,26,0.618968665599823
30M,5500,Random,27,0.6180543303489685
30M,5500,Random,28,0.6133129596710205
30M,5500,Random,29,0.6269566416740417
30M,5500,Random,30,0.6154130101203918
30M,5500,Random,31,0.6102210879325867
30M,5500,Random,32,0.6116162538528442
30M,5500,Random,33,0.623091995716095
30M,5500,Random,34,0.6238964796066284
30M,5500,Random,35,0.614692211151123
30M,5500,Random,36,0.6177006959915161
30M,5500,Random,37,0.6179143786430359
30M,5500,Random,38,0.6147254109382629
30M,5500,Random,39,0.6257507801055908
30M,5500,Random,40,0.6181943416595459
30M,5500,Random,41,0.6153859496116638
30M,5500,Random,42,0.6221485733985901
30M,5500,Random,43,0.6089835166931152
30M,5500,Random,44,0.6248500943183899
30M,6000,Global,-1,142.33963012695312
30M,6000,Frequency,0,1.0615004301071167
30M,6000,Frequency,1,1.0078744888305664
30M,6000,Frequency,2,0.9745030999183655
30M,6000,Frequency,3,0.9395309686660767
30M,6000,Frequency,4,0.9061830043792725
30M,6000,Frequency,5,0.8805192708969116
30M,6000,Frequency,6,0.8533685803413391
30M,6000,Frequency,7,0.8299281001091003
30M,6000,Frequency,8,0.8067556619644165
30M,6000,Frequency,9,0.7825129628181458
30M,6000,Frequency,10,0.7650810480117798
30M,6000,Frequency,11,0.7472632527351379
30M,6000,Frequency,12,0.7234070897102356
30M,6000,Frequency,13,0.7062463164329529
30M,6000,Frequency,14,0.6872808933258057
30M,6000,Frequency,15,0.6813547015190125
30M,6000,Frequency,16,0.6667565107345581
30M,6000,Frequency,17,0.6498509645462036
30M,6000,Frequency,18,0.630570113658905
30M,6000,Frequency,19,0.6263753175735474
30M,6000,Frequency,20,0.6148146986961365
30M,6000,Frequency,21,0.5991588830947876
30M,6000,Frequency,22,0.5972339510917664
30M,6000,Frequency,23,0.5823701620101929
30M,6000,Frequency,24,0.5714660286903381
30M,6000,Frequency,25,0.5624054670333862
30M,6000,Frequency,26,0.5513309836387634
30M,6000,Frequency,27,0.5448521375656128
30M,6000,Frequency,28,0.5357597470283508
30M,6000,Frequency,29,0.5259155631065369
30M,6000,Frequency,30,0.5153589248657227
30M,6000,Frequency,31,0.5051307082176208
30M,6000,Frequency,32,0.4972882568836212
30M,6000,Frequency,33,0.48336061835289
30M,6000,Frequency,34,0.4734096825122833
30M,6000,Frequency,35,0.4612095355987549
30M,6000,Frequency,36,0.45270559191703796
30M,6000,Frequency,37,0.4377094805240631
30M,6000,Frequency,38,0.4288512170314789
30M,6000,Frequency,39,0.4175550937652588
30M,6000,Frequency,40,0.4102434813976288
30M,6000,Frequency,41,0.4033624529838562
30M,6000,Frequency,42,0.3983452022075653
30M,6000,Frequency,43,0.3956700265407562
30M,6000,Frequency,44,0.3934363126754761
30M,6000,Random,0,0.6368589401245117
30M,6000,Random,1,0.6312018632888794
30M,6000,Random,2,0.6387655735015869
30M,6000,Random,3,0.6285442113876343
30M,6000,Random,4,0.6464025974273682
30M,6000,Random,5,0.6293167471885681
30M,6000,Random,6,0.6152170896530151
30M,6000,Random,7,0.6356815099716187
30M,6000,Random,8,0.6302263736724854
30M,6000,Random,9,0.6305790543556213
30M,6000,Random,10,0.6333836913108826
30M,6000,Random,11,0.6323963403701782
30M,6000,Random,12,0.6396833658218384
30M,6000,Random,13,0.6378482580184937
30M,6000,Random,14,0.6305547952651978
30M,6000,Random,15,0.6354531645774841
30M,6000,Random,16,0.6202884316444397
30M,6000,Random,17,0.6315503120422363
30M,6000,Random,18,0.6295892596244812
30M,6000,Random,19,0.6366826295852661
30M,6000,Random,20,0.6247329115867615
30M,6000,Random,21,0.6415849924087524
30M,6000,Random,22,0.6249800324440002
30M,6000,Random,23,0.6213108897209167
30M,6000,Random,24,0.631628155708313
30M,6000,Random,25,0.6326892375946045
30M,6000,Random,26,0.6353883147239685
30M,6000,Random,27,0.6336384415626526
30M,6000,Random,28,0.628655195236206
30M,6000,Random,29,0.6435298323631287
30M,6000,Random,30,0.6311936974525452
30M,6000,Random,31,0.6251927614212036
30M,6000,Random,32,0.6264920830726624
30M,6000,Random,33,0.6396099328994751
30M,6000,Random,34,0.6404194235801697
30M,6000,Random,35,0.6301220655441284
30M,6000,Random,36,0.6340320110321045
30M,6000,Random,37,0.6340651512145996
30M,6000,Random,38,0.630327045917511
30M,6000,Random,39,0.6422396302223206
30M,6000,Random,40,0.634093701839447
30M,6000,Random,41,0.6313231587409973
30M,6000,Random,42,0.6388891935348511
30M,6000,Random,43,0.6242379546165466
30M,6000,Random,44,0.6415109634399414
30M,6500,Global,-1,146.03948974609375
30M,6500,Frequency,0,1.0958569049835205
30M,6500,Frequency,1,1.0418471097946167
30M,6500,Frequency,2,1.0067952871322632
30M,6500,Frequency,3,0.9716814756393433
30M,6500,Frequency,4,0.9362345337867737
30M,6500,Frequency,5,0.9102386832237244
30M,6500,Frequency,6,0.8812283873558044
30M,6500,Frequency,7,0.857067883014679
30M,6500,Frequency,8,0.8323445916175842
30M,6500,Frequency,9,0.8065986037254333
30M,6500,Frequency,10,0.788809061050415
30M,6500,Frequency,11,0.7693597674369812
30M,6500,Frequency,12,0.7448603510856628
30M,6500,Frequency,13,0.7269359230995178
30M,6500,Frequency,14,0.7069041728973389
30M,6500,Frequency,15,0.7007257342338562
30M,6500,Frequency,16,0.6855665445327759
30M,6500,Frequency,17,0.6678434014320374
30M,6500,Frequency,18,0.6477053761482239
30M,6500,Frequency,19,0.6430106163024902
30M,6500,Frequency,20,0.631338894367218
30M,6500,Frequency,21,0.6143941879272461
30M,6500,Frequency,22,0.6121728420257568
30M,6500,Frequency,23,0.5967218279838562
30M,6500,Frequency,24,0.5852887630462646
30M,6500,Frequency,25,0.5755030512809753
30M,6500,Frequency,26,0.5636652112007141
30M,6500,Frequency,27,0.5564234256744385
30M,6500,Frequency,28,0.5470587015151978
30M,6500,Frequency,29,0.5362014174461365
30M,6500,Frequency,30,0.5251756310462952
30M,6500,Frequency,31,0.5145217776298523
30M,6500,Frequency,32,0.5061035752296448
30M,6500,Frequency,33,0.49102839827537537
30M,6500,Frequency,34,0.4804139733314514
30M,6500,Frequency,35,0.46764838695526123
30M,6500,Frequency,36,0.4577140808105469
30M,6500,Frequency,37,0.44197574257850647
30M,6500,Frequency,38,0.43228599429130554
30M,6500,Frequency,39,0.41986051201820374
30M,6500,Frequency,40,0.4118650257587433
30M,6500,Frequency,41,0.40426361560821533
30M,6500,Frequency,42,0.3990449011325836
30M,6500,Frequency,43,0.39598214626312256
30M,6500,Frequency,44,0.3937152624130249
30M,6500,Random,0,0.6526289582252502
30M,6500,Random,1,0.6474558115005493
30M,6500,Random,2,0.6543010473251343
30M,6500,Random,3,0.644387423992157
30M,6500,Random,4,0.6623426675796509
30M,6500,Random,5,0.6450294256210327
30M,6500,Random,6,0.6299372315406799
30M,6500,Random,7,0.651277482509613
30M,6500,Random,8,0.6456508636474609
30M,6500,Random,9,0.6463227272033691
30M,6500,Random,10,0.6488903760910034
30M,6500,Random,11,0.647877037525177
30M,6500,Random,12,0.6555389761924744
30M,6500,Random,13,0.6540366411209106
30M,6500,Random,14,0.6461875438690186
30M,6500,Random,15,0.6507718563079834
30M,6500,Random,16,0.6359675526618958
30M,6500,Random,17,0.6472188234329224
30M,6500,Random,18,0.6455004811286926
30M,6500,Random,19,0.6527222394943237
30M,6500,Random,20,0.6401471495628357
30M,6500,Random,21,0.6583980321884155
30M,6500,Random,22,0.6404821276664734
30M,6500,Random,23,0.6360498666763306
30M,6500,Random,24,0.6470954418182373
30M,6500,Random,25,0.6484901905059814
30M,6500,Random,26,0.6512226462364197
30M,6500,Random,27,0.6493047475814819
30M,6500,Random,28,0.6448469161987305
30M,6500,Random,29,0.6592602133750916
30M,6500,Random,30,0.6466309428215027
30M,6500,Random,31,0.641801655292511
30M,6500,Random,32,0.6419109106063843
30M,6500,Random,33,0.6551188230514526
30M,6500,Random,34,0.6570183038711548
30M,6500,Random,35,0.6456723213195801
30M,6500,Random,36,0.6501641869544983
30M,6500,Random,37,0.6499771475791931
30M,6500,Random,38,0.6457046866416931
30M,6500,Random,39,0.6584784984588623
30M,6500,Random,40,0.649307906627655
30M,6500,Random,41,0.6467414498329163
30M,6500,Random,42,0.6550286412239075
30M,6500,Random,43,0.6395495533943176
30M,6500,Random,44,0.6580510139465332
30M,7000,Global,-1,149.64585876464844
30M,7000,Frequency,0,1.129008412361145
30M,7000,Frequency,1,1.074080467224121
30M,7000,Frequency,2,1.0389816761016846
30M,7000,Frequency,3,1.002315878868103
30M,7000,Frequency,4,0.9638795852661133
30M,7000,Frequency,5,0.939228892326355
30M,7000,Frequency,6,0.9078959226608276
30M,7000,Frequency,7,0.8841846585273743
30M,7000,Frequency,8,0.858241856098175
30M,7000,Frequency,9,0.8313004374504089
30M,7000,Frequency,10,0.8120049238204956
30M,7000,Frequency,11,0.7915616631507874
30M,7000,Frequency,12,0.7661362290382385
30M,7000,Frequency,13,0.7475001215934753
30M,7000,Frequency,14,0.7263680100440979
30M,7000,Frequency,15,0.7198376059532166
30M,7000,Frequency,16,0.7032809257507324
30M,7000,Frequency,17,0.685634195804596
30M,7000,Frequency,18,0.6639808416366577
30M,7000,Frequency,19,0.6593759655952454
30M,7000,Frequency,20,0.6472492814064026
30M,7000,Frequency,21,0.6285955309867859
30M,7000,Frequency,22,0.6266798377037048
30M,7000,Frequency,23,0.6101939678192139
30M,7000,Frequency,24,0.5978350639343262
30M,7000,Frequency,25,0.5876216888427734
30M,7000,Frequency,26,0.5755922794342041
30M,7000,Frequency,27,0.5674236416816711
30M,7000,Frequency,28,0.5577974319458008
30M,7000,Frequency,29,0.5459270477294922
30M,7000,Frequency,30,0.5349398255348206
30M,7000,Frequency,31,0.5232958197593689
30M,7000,Frequency,32,0.5139226317405701
30M,7000,Frequency,33,0.49859923124313354
30M,7000,Frequency,34,0.48773613572120667
30M,7000,Frequency,35,0.473479300737381
30M,7000,Frequency,36,0.4627969264984131
30M,7000,Frequency,37,0.445887953042984
30M,7000,Frequency,38,0.43561413884162903
30M,7000,Frequency,39,0.4220667779445648
30M,7000,Frequency,40,0.41345250606536865
30M,7000,Frequency,41,0.4052533805370331
30M,7000,Frequency,42,0.3997340798377991
30M,7000,Frequency,43,0.3963785767555237
30M,7000,Frequency,44,0.39401134848594666
30M,7000,Random,0,0.6676569581031799
30M,7000,Random,1,0.6625779867172241
30M,7000,Random,2,0.6697585582733154
30M,7000,Random,3,0.6589999794960022
30M,7000,Random,4,0.6782193779945374
30M,7000,Random,5,0.6596236228942871
30M,7000,Random,6,0.6440852880477905
30M,7000,Random,7,0.6668745279312134
30M,7000,Random,8,0.6616843938827515
30M,7000,Random,9,0.6610974669456482
30M,7000,Random,10,0.6644017100334167
30M,7000,Random,11,0.6632658839225769
30M,7000,Random,12,0.6714151501655579
30M,7000,Random,13,0.6691550016403198
30M,7000,Random,14,0.6611851453781128
30M,7000,Random,15,0.6665325164794922
30M,7000,Random,16,0.6511282920837402
30M,7000,Random,17,0.6614618897438049
30M,7000,Random,18,0.6597364544868469
30M,7000,Random,19,0.6684176921844482
30M,7000,Random,20,0.6555579900741577
30M,7000,Random,21,0.6739213466644287
30M,7000,Random,22,0.6554884910583496
30M,7000,Random,23,0.6513927578926086
30M,7000,Random,24,0.6621595621109009
30M,7000,Random,25,0.6632235050201416
30M,7000,Random,26,0.6665957570075989
30M,7000,Random,27,0.664837658405304
30M,7000,Random,28,0.6596559882164001
30M,7000,Random,29,0.6748104095458984
30M,7000,Random,30,0.6618432998657227
30M,7000,Random,31,0.6571974158287048
30M,7000,Random,32,0.6569126844406128
30M,7000,Random,33,0.6710526943206787
30M,7000,Random,34,0.6736863851547241
30M,7000,Random,35,0.6612789630889893
30M,7000,Random,36,0.6661746501922607
30M,7000,Random,37,0.6652401685714722
30M,7000,Random,38,0.6607794165611267
30M,7000,Random,39,0.6736478209495544
30M,7000,Random,40,0.6646034717559814
30M,7000,Random,41,0.6618829369544983
30M,7000,Random,42,0.670035183429718
30M,7000,Random,43,0.6539448499679565
30M,7000,Random,44,0.6738101840019226
30M,7500,Global,-1,153.13613891601562
30M,7500,Frequency,0,1.1609902381896973
30M,7500,Frequency,1,1.1059144735336304
30M,7500,Frequency,2,1.0694823265075684
30M,7500,Frequency,3,1.0319640636444092
30M,7500,Frequency,4,0.9924032092094421
30M,7500,Frequency,5,0.9670740365982056
30M,7500,Frequency,6,0.9338831305503845
30M,7500,Frequency,7,0.9086569547653198
30M,7500,Frequency,8,0.883029043674469
30M,7500,Frequency,9,0.8548648953437805
30M,7500,Frequency,10,0.8338961601257324
30M,7500,Frequency,11,0.8133684396743774
30M,7500,Frequency,12,0.7872421145439148
30M,7500,Frequency,13,0.767365574836731
30M,7500,Frequency,14,0.7449173331260681
30M,7500,Frequency,15,0.7381232380867004
30M,7500,Frequency,16,0.7203326225280762
30M,7500,Frequency,17,0.7025771737098694
30M,7500,Frequency,18,0.6791552901268005
30M,7500,Frequency,19,0.6748753786087036
30M,7500,Frequency,20,0.6622864603996277
30M,7500,Frequency,21,0.642280638217926
30M,7500,Frequency,22,0.640394389629364
30M,7500,Frequency,23,0.623518705368042
30M,7500,Frequency,24,0.6099141240119934
30M,7500,Frequency,25,0.5993398427963257
30M,7500,Frequency,26,0.5872008800506592
30M,7500,Frequency,27,0.5778839588165283
30M,7500,Frequency,28,0.5675734877586365
30M,7500,Frequency,29,0.5556293725967407
30M,7500,Frequency,30,0.5446683168411255
30M,7500,Frequency,31,0.5321803092956543
30M,7500,Frequency,32,0.5221565961837769
30M,7500,Frequency,33,0.5059442520141602
30M,7500,Frequency,34,0.4945559799671173
30M,7500,Frequency,35,0.4800421893596649
30M,7500,Frequency,36,0.4679034650325775
30M,7500,Frequency,37,0.450104683637619
30M,7500,Frequency,38,0.43908676505088806
30M,7500,Frequency,39,0.42425772547721863
30M,7500,Frequency,40,0.4150014817714691
30M,7500,Frequency,41,0.4061182141304016
30M,7500,Frequency,42,0.4001818895339966
30M,7500,Frequency,43,0.39659684896469116
30M,7500,Frequency,44,0.39435896277427673
30M,7500,Random,0,0.6822807192802429
30M,7500,Random,1,0.6775819063186646
30M,7500,Random,2,0.6850591897964478
30M,7500,Random,3,0.6731426119804382
30M,7500,Random,4,0.6934264898300171
30M,7500,Random,5,0.6744424700737
30M,7500,Random,6,0.657898485660553
30M,7500,Random,7,0.6818177700042725
30M,7500,Random,8,0.6756811738014221
30M,7500,Random,9,0.6751938462257385
30M,7500,Random,10,0.6790405511856079
30M,7500,Random,11,0.6776663661003113
30M,7500,Random,12,0.6863008141517639
30M,7500,Random,13,0.6847109198570251
30M,7500,Random,14,0.6757259368896484
30M,7500,Random,15,0.6812006235122681
30M,7500,Random,16,0.6653947830200195
30M,7500,Random,17,0.6757261157035828
30M,7500,Random,18,0.6743582487106323
30M,7500,Random,19,0.6831126809120178
30M,7500,Random,20,0.6700092554092407
30M,7500,Random,21,0.689565122127533
30M,7500,Random,22,0.6699541211128235
30M,7500,Random,23,0.6657570600509644
30M,7500,Random,24,0.6770626902580261
30M,7500,Random,25,0.677749752998352
30M,7500,Random,26,0.681535005569458
30M,7500,Random,27,0.6795677542686462
30M,7500,Random,28,0.6735283732414246
30M,7500,Random,29,0.6897985339164734
30M,7500,Random,30,0.6761485934257507
30M,7500,Random,31,0.6715449094772339
30M,7500,Random,32,0.6724523305892944
30M,7500,Random,33,0.6862011551856995
30M,7500,Random,34,0.6892338991165161
30M,7500,Random,35,0.6754119992256165
30M,7500,Random,36,0.680799126625061
30M,7500,Random,37,0.6803292632102966
30M,7500,Random,38,0.6758724451065063
30M,7500,Random,39,0.6888201832771301
30M,7500,Random,40,0.6801123023033142
30M,7500,Random,41,0.6766496896743774
30M,7500,Random,42,0.6856391429901123
30M,7500,Random,43,0.6680791974067688
30M,7500,Random,44,0.688947856426239
30M,8000,Global,-1,156.5074005126953
30M,8000,Frequency,0,1.1892536878585815
30M,8000,Frequency,1,1.1354953050613403
30M,8000,Frequency,2,1.0998491048812866
30M,8000,Frequency,3,1.0597398281097412
30M,8000,Frequency,4,1.0204342603683472
30M,8000,Frequency,5,0.9942036867141724
30M,8000,Frequency,6,0.9596592783927917
30M,8000,Frequency,7,0.933552622795105
30M,8000,Frequency,8,0.9072548747062683
30M,8000,Frequency,9,0.8776450753211975
30M,8000,Frequency,10,0.8550870418548584
30M,8000,Frequency,11,0.8340969681739807
30M,8000,Frequency,12,0.8071262836456299
30M,8000,Frequency,13,0.7857785820960999
30M,8000,Frequency,14,0.7627910375595093
30M,8000,Frequency,15,0.7565662264823914
30M,8000,Frequency,16,0.7373768091201782
30M,8000,Frequency,17,0.718381941318512
30M,8000,Frequency,18,0.6945944428443909
30M,8000,Frequency,19,0.6897624135017395
30M,8000,Frequency,20,0.6769648790359497
30M,8000,Frequency,21,0.655831515789032
30M,8000,Frequency,22,0.6538185477256775
30M,8000,Frequency,23,0.6363133788108826
30M,8000,Frequency,24,0.6217344403266907
30M,8000,Frequency,25,0.6108298301696777
30M,8000,Frequency,26,0.5985255837440491
30M,8000,Frequency,27,0.5878592133522034
30M,8000,Frequency,28,0.5776923894882202
30M,8000,Frequency,29,0.5647664070129395
30M,8000,Frequency,30,0.5534206032752991
30M,8000,Frequency,31,0.5395556092262268
30M,8000,Frequency,32,0.5300277471542358
30M,8000,Frequency,33,0.5129918456077576
30M,8000,Frequency,34,0.5014675259590149
30M,8000,Frequency,35,0.4858945906162262
30M,8000,Frequency,36,0.4733603000640869
30M,8000,Frequency,37,0.45414578914642334
30M,8000,Frequency,38,0.4423660337924957
30M,8000,Frequency,39,0.42642197012901306
30M,8000,Frequency,40,0.41661709547042847
30M,8000,Frequency,41,0.40707024931907654
30M,8000,Frequency,42,0.4007853865623474
30M,8000,Frequency,43,0.39684703946113586
30M,8000,Frequency,44,0.39451834559440613
30M,8000,Random,0,0.6963852643966675
30M,8000,Random,1,0.6918675303459167
30M,8000,Random,2,0.6998067498207092
30M,8000,Random,3,0.6870743632316589
30M,8000,Random,4,0.7083494067192078
30M,8000,Random,5,0.688140332698822
30M,8000,Random,6,0.6720196604728699
30M,8000,Random,7,0.696141242980957
30M,8000,Random,8,0.6892629861831665
30M,8000,Random,9,0.6885592937469482
30M,8000,Random,10,0.693459153175354
30M,8000,Random,11,0.6911044120788574
30M,8000,Random,12,0.7006497979164124
30M,8000,Random,13,0.6996397376060486
30M,8000,Random,14,0.6893789172172546
30M,8000,Random,15,0.6957864761352539
30M,8000,Random,16,0.6791719794273376
30M,8000,Random,17,0.6900253295898438
30M,8000,Random,18,0.6879609227180481
30M,8000,Random,19,0.6976391077041626
30M,8000,Random,20,0.6839712262153625
30M,8000,Random,21,0.704144299030304
30M,8000,Random,22,0.684246838092804
30M,8000,Random,23,0.6784801483154297
30M,8000,Random,24,0.6913431286811829
30M,8000,Random,25,0.6919710636138916
30M,8000,Random,26,0.6957460045814514
30M,8000,Random,27,0.6942821741104126
30M,8000,Random,28,0.6882142424583435
30M,8000,Random,29,0.704255998134613
30M,8000,Random,30,0.6909948587417603
30M,8000,Random,31,0.6855626702308655
30M,8000,Random,32,0.6860872507095337
30M,8000,Random,33,0.7009052634239197
30M,8000,Random,34,0.7035931944847107
30M,8000,Random,35,0.68984055519104
30M,8000,Random,36,0.6947209239006042
30M,8000,Random,37,0.6944435238838196
30M,8000,Random,38,0.6901826858520508
30M,8000,Random,39,0.7039276957511902
30M,8000,Random,40,0.6945710778236389
30M,8000,Random,41,0.6912634968757629
30M,8000,Random,42,0.6999943256378174
30M,8000,Random,43,0.6819388270378113
30M,8000,Random,44,0.7031662464141846
30M,8500,Global,-1,159.89639282226562
30M,8500,Frequency,0,1.2184869050979614
30M,8500,Frequency,1,1.1653767824172974
30M,8500,Frequency,2,1.1284757852554321
30M,8500,Frequency,3,1.0871995687484741
30M,8500,Frequency,4,1.0470274686813354
30M,8500,Frequency,5,1.020125150680542
30M,8500,Frequency,6,0.9851722121238708
30M,8500,Frequency,7,0.9572621583938599
30M,8500,Frequency,8,0.9303230047225952
30M,8500,Frequency,9,0.899779200553894
30M,8500,Frequency,10,0.8772022724151611
30M,8500,Frequency,11,0.854314923286438
30M,8500,Frequency,12,0.8267776966094971
30M,8500,Frequency,13,0.8049665689468384
30M,8500,Frequency,14,0.78061842918396
30M,8500,Frequency,15,0.7743918895721436
30M,8500,Frequency,16,0.7550801038742065
30M,8500,Frequency,17,0.7347463369369507
30M,8500,Frequency,18,0.7103891372680664
30M,8500,Frequency,19,0.7055239081382751
30M,8500,Frequency,20,0.6917596459388733
30M,8500,Frequency,21,0.669673502445221
30M,8500,Frequency,22,0.6675249338150024
30M,8500,Frequency,23,0.6489865779876709
30M,8500,Frequency,24,0.6343445777893066
30M,8500,Frequency,25,0.6224245429039001
30M,8500,Frequency,26,0.610527515411377
30M,8500,Frequency,27,0.59885573387146
30M,8500,Frequency,28,0.5885884761810303
30M,8500,Frequency,29,0.5749050378799438
30M,8500,Frequency,30,0.5624064803123474
30M,8500,Frequency,31,0.5482385158538818
30M,8500,Frequency,32,0.538492739200592
30M,8500,Frequency,33,0.520315945148468
30M,8500,Frequency,34,0.5086510181427002
30M,8500,Frequency,35,0.49198463559150696
30M,8500,Frequency,36,0.4785241484642029
30M,8500,Frequency,37,0.4587656259536743
30M,8500,Frequency,38,0.44598591327667236
30M,8500,Frequency,39,0.42889267206192017
30M,8500,Frequency,40,0.4183723032474518
30M,8500,Frequency,41,0.40810486674308777
30M,8500,Frequency,42,0.4013020098209381
30M,8500,Frequency,43,0.397072434425354
30M,8500,Frequency,44,0.39475587010383606
30M,8500,Random,0,0.7099058032035828
30M,8500,Random,1,0.7066500782966614
30M,8500,Random,2,0.7143276929855347
30M,8500,Random,3,0.7014279365539551
30M,8500,Random,4,0.7233312726020813
30M,8500,Random,5,0.7025645971298218
30M,8500,Random,6,0.6858575940132141
30M,8500,Random,7,0.7107501029968262
30M,8500,Random,8,0.7037066221237183
30M,8500,Random,9,0.7026915550231934
30M,8500,Random,10,0.7070220708847046
30M,8500,Random,11,0.7057816386222839
30M,8500,Random,12,0.7155213952064514
30M,8500,Random,13,0.7142462730407715
30M,8500,Random,14,0.7035132050514221
30M,8500,Random,15,0.7107393741607666
30M,8500,Random,16,0.692986249923706
30M,8500,Random,17,0.7044779062271118
30M,8500,Random,18,0.7020300626754761
30M,8500,Random,19,0.7126061320304871
30M,8500,Random,20,0.6981211304664612
30M,8500,Random,21,0.7183334231376648
30M,8500,Random,22,0.6976503133773804
30M,8500,Random,23,0.6924759745597839
30M,8500,Random,24,0.705784022808075
30M,8500,Random,25,0.7065041661262512
30M,8500,Random,26,0.7094372510910034
30M,8500,Random,27,0.70843106508255
30M,8500,Random,28,0.7022503614425659
30M,8500,Random,29,0.7188622951507568
30M,8500,Random,30,0.7050421237945557
30M,8500,Random,31,0.6996951103210449
30M,8500,Random,32,0.7000884413719177
30M,8500,Random,33,0.7156665921211243
30M,8500,Random,34,0.718782901763916
30M,8500,Random,35,0.7041341066360474
30M,8500,Random,36,0.709354817867279
30M,8500,Random,37,0.7086833715438843
30M,8500,Random,38,0.7047290205955505
30M,8500,Random,39,0.7186225056648254
30M,8500,Random,40,0.7091127038002014
30M,8500,Random,41,0.7056304812431335
30M,8500,Random,42,0.7135717868804932
30M,8500,Random,43,0.6962167024612427
30M,8500,Random,44,0.7185365557670593
30M,9000,Global,-1,163.13906860351562
30M,9000,Frequency,0,1.2444424629211426
30M,9000,Frequency,1,1.1942129135131836
30M,9000,Frequency,2,1.1563031673431396
30M,9000,Frequency,3,1.1140378713607788
30M,9000,Frequency,4,1.07271409034729
30M,9000,Frequency,5,1.0451349020004272
30M,9000,Frequency,6,1.0091856718063354
30M,9000,Frequency,7,0.9797888398170471
30M,9000,Frequency,8,0.952136754989624
30M,9000,Frequency,9,0.9210010170936584
30M,9000,Frequency,10,0.898037850856781
30M,9000,Frequency,11,0.8735421299934387
30M,9000,Frequency,12,0.8455786108970642
30M,9000,Frequency,13,0.8235783576965332
30M,9000,Frequency,14,0.7980748414993286
30M,9000,Frequency,15,0.7917131185531616
30M,9000,Frequency,16,0.7718398571014404
30M,9000,Frequency,17,0.7503820657730103
30M,9000,Frequency,18,0.726036012172699
30M,9000,Frequency,19,0.7205666303634644
30M,9000,Frequency,20,0.7056772112846375
30M,9000,Frequency,21,0.6829800605773926
30M,9000,Frequency,22,0.6807409524917603
30M,9000,Frequency,23,0.6616301536560059
30M,9000,Frequency,24,0.6465754508972168
30M,9000,Frequency,25,0.6335186958312988
30M,9000,Frequency,26,0.6213085055351257
30M,9000,Frequency,27,0.6100130677223206
30M,9000,Frequency,28,0.5988171100616455
30M,9000,Frequency,29,0.5842657685279846
30M,9000,Frequency,30,0.5713684558868408
30M,9000,Frequency,31,0.5565851926803589
30M,9000,Frequency,32,0.5465303063392639
30M,9000,Frequency,33,0.5272302031517029
30M,9000,Frequency,34,0.515148937702179
30M,9000,Frequency,35,0.49789515137672424
30M,9000,Frequency,36,0.48354989290237427
30M,9000,Frequency,37,0.463038831949234
30M,9000,Frequency,38,0.44948190450668335
30M,9000,Frequency,39,0.4311915636062622
30M,9000,Frequency,40,0.4200226068496704
30M,9000,Frequency,41,0.40912342071533203
30M,9000,Frequency,42,0.40179896354675293
30M,9000,Frequency,43,0.397249698638916
30M,9000,Frequency,44,0.3948465883731842
30M,9000,Random,0,0.7239049673080444
30M,9000,Random,1,0.72001051902771
30M,9000,Random,2,0.7281398773193359
30M,9000,Random,3,0.7148308157920837
30M,9000,Random,4,0.7374580502510071
30M,9000,Random,5,0.7152813673019409
30M,9000,Random,6,0.6988897323608398
30M,9000,Random,7,0.7244344353675842
30M,9000,Random,8,0.7168563604354858
30M,9000,Random,9,0.7162973880767822
30M,9000,Random,10,0.7211148738861084
30M,9000,Random,11,0.720114529132843
30M,9000,Random,12,0.729342520236969
30M,9000,Random,13,0.7288562655448914
30M,9000,Random,14,0.7173442244529724
30M,9000,Random,15,0.7238794565200806
30M,9000,Random,16,0.7060987949371338
30M,9000,Random,17,0.7177810072898865
30M,9000,Random,18,0.7158793807029724
30M,9000,Random,19,0.7268398404121399
30M,9000,Random,20,0.7115412354469299
30M,9000,Random,21,0.7324168086051941
30M,9000,Random,22,0.7109478712081909
30M,9000,Random,23,0.7055710554122925
30M,9000,Random,24,0.7195470929145813
30M,9000,Random,25,0.7199770212173462
30M,9000,Random,26,0.723473310470581
30M,9000,Random,27,0.7222164869308472
30M,9000,Random,28,0.7159637212753296
30M,9000,Random,29,0.7336630821228027
30M,9000,Random,30,0.7186699509620667
30M,9000,Random,31,0.7130515575408936
30M,9000,Random,32,0.7135347723960876
30M,9000,Random,33,0.7289900183677673
30M,9000,Random,34,0.7337784767150879
30M,9000,Random,35,0.7178483009338379
30M,9000,Random,36,0.7232751250267029
30M,9000,Random,37,0.7221563458442688
30M,9000,Random,38,0.7181388139724731
30M,9000,Random,39,0.7320950031280518
30M,9000,Random,40,0.7232013940811157
30M,9000,Random,41,0.7187050580978394
30M,9000,Random,42,0.727944552898407
30M,9000,Random,43,0.7097306251525879
30M,9000,Random,44,0.7332262396812439
30M,9500,Global,-1,166.3524627685547
30M,9500,Frequency,0,1.272321343421936
30M,9500,Frequency,1,1.2220139503479004
30M,9500,Frequency,2,1.1841567754745483
30M,9500,Frequency,3,1.1416176557540894
30M,9500,Frequency,4,1.0972504615783691
30M,9500,Frequency,5,1.0695087909698486
30M,9500,Frequency,6,1.0326910018920898
30M,9500,Frequency,7,1.002224087715149
30M,9500,Frequency,8,0.9743427038192749
30M,9500,Frequency,9,0.942458987236023
30M,9500,Frequency,10,0.919175922870636
30M,9500,Frequency,11,0.8937530517578125
30M,9500,Frequency,12,0.8634825944900513
30M,9500,Frequency,13,0.8420472145080566
30M,9500,Frequency,14,0.8156085014343262
30M,9500,Frequency,15,0.8083555698394775
30M,9500,Frequency,16,0.787922739982605
30M,9500,Frequency,17,0.7661437392234802
30M,9500,Frequency,18,0.7404761910438538
30M,9500,Frequency,19,0.7344507575035095
30M,9500,Frequency,20,0.7196584343910217
30M,9500,Frequency,21,0.6966890692710876
30M,9500,Frequency,22,0.6932153701782227
30M,9500,Frequency,23,0.6745374798774719
30M,9500,Frequency,24,0.6579198837280273
30M,9500,Frequency,25,0.644622802734375
30M,9500,Frequency,26,0.6320205330848694
30M,9500,Frequency,27,0.6200512647628784
30M,9500,Frequency,28,0.608530580997467
30M,9500,Frequency,29,0.5936529636383057
30M,9500,Frequency,30,0.5801429152488708
30M,9500,Frequency,31,0.5644689202308655
30M,9500,Frequency,32,0.5546279549598694
30M,9500,Frequency,33,0.5338068008422852
30M,9500,Frequency,34,0.5215319395065308
30M,9500,Frequency,35,0.503386378288269
30M,9500,Frequency,36,0.48828598856925964
30M,9500,Frequency,37,0.4668576717376709
30M,9500,Frequency,38,0.4528324604034424
30M,9500,Frequency,39,0.43344351649284363
30M,9500,Frequency,40,0.4217800498008728
30M,9500,Frequency,41,0.40986427664756775
30M,9500,Frequency,42,0.4023898243904114
30M,9500,Frequency,43,0.39746057987213135
30M,9500,Frequency,44,0.3949471116065979
30M,9500,Random,0,0.7370035648345947
30M,9500,Random,1,0.7339493632316589
30M,9500,Random,2,0.741447925567627
30M,9500,Random,3,0.728934645652771
30M,9500,Random,4,0.7516360282897949
30M,9500,Random,5,0.7285933494567871
30M,9500,Random,6,0.7121303081512451
30M,9500,Random,7,0.738079845905304
30M,9500,Random,8,0.729965329170227
30M,9500,Random,9,0.7298579216003418
30M,9500,Random,10,0.7346667647361755
30M,9500,Random,11,0.7328474521636963
30M,9500,Random,12,0.7431188225746155
30M,9500,Random,13,0.7426537871360779
30M,9500,Random,14,0.7311234474182129
30M,9500,Random,15,0.7370350956916809
30M,9500,Random,16,0.7192718386650085
30M,9500,Random,17,0.7309717535972595
30M,9500,Random,18,0.729114830493927
30M,9500,Random,19,0.7398349046707153
30M,9500,Random,20,0.7248269319534302
30M,9500,Random,21,0.7462692260742188
30M,9500,Random,22,0.7239257097244263
30M,9500,Random,23,0.7184861898422241
30M,9500,Random,24,0.7327430248260498
30M,9500,Random,25,0.7334271669387817
30M,9500,Random,26,0.7371175289154053
30M,9500,Random,27,0.7360197305679321
30M,9500,Random,28,0.7292545437812805
30M,9500,Random,29,0.7473674416542053
30M,9500,Random,30,0.7324323654174805
30M,9500,Random,31,0.7265357375144958
30M,9500,Random,32,0.7264255881309509
30M,9500,Random,33,0.742803156375885
30M,9500,Random,34,0.7479805946350098
30M,9500,Random,35,0.7309538125991821
30M,9500,Random,36,0.7366853952407837
30M,9500,Random,37,0.7362483143806458
30M,9500,Random,38,0.7318377494812012
30M,9500,Random,39,0.7460939884185791
30M,9500,Random,40,0.7374826669692993
30M,9500,Random,41,0.7321678400039673
30M,9500,Random,42,0.7423269152641296
30M,9500,Random,43,0.7224891185760498
30M,9500,Random,44,0.7469229698181152
30M,10000,Global,-1,169.49986267089844
30M,10000,Frequency,0,1.2980481386184692
30M,10000,Frequency,1,1.2484239339828491
30M,10000,Frequency,2,1.2103649377822876
30M,10000,Frequency,3,1.1678208112716675
30M,10000,Frequency,4,1.1221370697021484
30M,10000,Frequency,5,1.093169927597046
30M,10000,Frequency,6,1.0558760166168213
30M,10000,Frequency,7,1.0251914262771606
30M,10000,Frequency,8,0.9956411123275757
30M,10000,Frequency,9,0.96296226978302
30M,10000,Frequency,10,0.9387627243995667
30M,10000,Frequency,11,0.9135395288467407
30M,10000,Frequency,12,0.8820590972900391
30M,10000,Frequency,13,0.8600834608078003
30M,10000,Frequency,14,0.8326081037521362
30M,10000,Frequency,15,0.8244175910949707
30M,10000,Frequency,16,0.8037058115005493
30M,10000,Frequency,17,0.781221866607666
30M,10000,Frequency,18,0.7549130916595459
30M,10000,Frequency,19,0.7486516237258911
30M,10000,Frequency,20,0.7332274913787842
30M,10000,Frequency,21,0.7092048525810242
30M,10000,Frequency,22,0.7064154148101807
30M,10000,Frequency,23,0.6864801049232483
30M,10000,Frequency,24,0.6697829365730286
30M,10000,Frequency,25,0.6561439037322998
30M,10000,Frequency,26,0.6426517367362976
30M,10000,Frequency,27,0.6309487223625183
30M,10000,Frequency,28,0.6179215312004089
30M,10000,Frequency,29,0.6033092141151428
30M,10000,Frequency,30,0.5888034105300903
30M,10000,Frequency,31,0.5728397369384766
30M,10000,Frequency,32,0.562422513961792
30M,10000,Frequency,33,0.5408793091773987
30M,10000,Frequency,34,0.5282697677612305
30M,10000,Frequency,35,0.509489893913269
30M,10000,Frequency,36,0.49334171414375305
30M,10000,Frequency,37,0.4709573984146118
30M,10000,Frequency,38,0.4560142159461975
30M,10000,Frequency,39,0.43584203720092773
30M,10000,Frequency,40,0.4234585762023926
30M,10000,Frequency,41,0.4108889400959015
30M,10000,Frequency,42,0.4029446542263031
30M,10000,Frequency,43,0.3976324498653412
30M,10000,Frequency,44,0.39520183205604553
30M,10000,Random,0,0.7501219511032104
30M,10000,Random,1,0.7470889687538147
30M,10000,Random,2,0.7546446919441223
30M,10000,Random,3,0.7414729595184326
30M,10000,Random,4,0.7646117210388184
30M,10000,Random,5,0.7418559193611145
30M,10000,Random,6,0.7245033383369446
30M,10000,Random,7,0.7510731220245361
30M,10000,Random,8,0.7433226108551025
30M,10000,Random,9,0.742679238319397
30M,10000,Random,10,0.7480764389038086
30M,10000,Random,11,0.7465428709983826
30M,10000,Random,12,0.7568838000297546
30M,10000,Random,13,0.7552295327186584
30M,10000,Random,14,0.7449468374252319
30M,10000,Random,15,0.750913143157959
30M,10000,Random,16,0.7322657108306885
30M,10000,Random,17,0.744217038154602
30M,10000,Random,18,0.7424031496047974
30M,10000,Random,19,0.7529699802398682
30M,10000,Random,20,0.7376014590263367
30M,10000,Random,21,0.7609735131263733
30M,10000,Random,22,0.7374580502510071
30M,10000,Random,23,0.7316823601722717
30M,10000,Random,24,0.7457103729248047
30M,10000,Random,25,0.746837317943573
30M,10000,Random,26,0.7504377961158752
30M,10000,Random,27,0.7501561641693115
30M,10000,Random,28,0.7430378794670105
30M,10000,Random,29,0.7611590623855591
30M,10000,Random,30,0.7449261546134949
30M,10000,Random,31,0.7391469478607178
30M,10000,Random,32,0.7394736409187317
30M,10000,Random,33,0.7561700344085693
30M,10000,Random,34,0.7610746026039124
30M,10000,Random,35,0.7445330619812012
30M,10000,Random,36,0.7502263784408569
30M,10000,Random,37,0.7503114342689514
30M,10000,Random,38,0.7448422908782959
30M,10000,Random,39,0.7596737742424011
30M,10000,Random,40,0.7507273554801941
30M,10000,Random,41,0.745129406452179
30M,10000,Random,42,0.756382167339325
30M,10000,Random,43,0.735225260257721
30M,10000,Random,44,0.7596566677093506
30M,10500,Global,-1,172.56536865234375
30M,10500,Frequency,0,1.3226494789123535
30M,10500,Frequency,1,1.2736986875534058
30M,10500,Frequency,2,1.2355892658233643
30M,10500,Frequency,3,1.192959189414978
30M,10500,Frequency,4,1.1459358930587769
30M,10500,Frequency,5,1.1166681051254272
30M,10500,Frequency,6,1.078856110572815
30M,10500,Frequency,7,1.0468989610671997
30M,10500,Frequency,8,1.016990303993225
30M,10500,Frequency,9,0.9831374883651733
30M,10500,Frequency,10,0.9577345848083496
30M,10500,Frequency,11,0.9323129057884216
30M,10500,Frequency,12,0.9002816081047058
30M,10500,Frequency,13,0.8774319291114807
30M,10500,Frequency,14,0.8488792777061462
30M,10500,Frequency,15,0.8413832783699036
30M,10500,Frequency,16,0.8186846375465393
30M,10500,Frequency,17,0.7962675094604492
30M,10500,Frequency,18,0.7693764567375183
30M,10500,Frequency,19,0.7623789310455322
30M,10500,Frequency,20,0.7463101148605347
30M,10500,Frequency,21,0.7217938303947449
30M,10500,Frequency,22,0.7194046378135681
30M,10500,Frequency,23,0.6985238194465637
30M,10500,Frequency,24,0.6810915470123291
30M,10500,Frequency,25,0.667464017868042
30M,10500,Frequency,26,0.6528996229171753
30M,10500,Frequency,27,0.6411191821098328
30M,10500,Frequency,28,0.6267045140266418
30M,10500,Frequency,29,0.6126542091369629
30M,10500,Frequency,30,0.5973765850067139
30M,10500,Frequency,31,0.5803421139717102
30M,10500,Frequency,32,0.570132315158844
30M,10500,Frequency,33,0.5480539202690125
30M,10500,Frequency,34,0.5347701907157898
30M,10500,Frequency,35,0.5152567028999329
30M,10500,Frequency,36,0.4988008439540863
30M,10500,Frequency,37,0.47505131363868713
30M,10500,Frequency,38,0.4592694044113159
30M,10500,Frequency,39,0.43815726041793823
30M,10500,Frequency,40,0.4252642095088959
30M,10500,Frequency,41,0.4118371307849884
30M,10500,Frequency,42,0.4035765528678894
30M,10500,Frequency,43,0.397940069437027
30M,10500,Frequency,44,0.3952716290950775
30M,10500,Random,0,0.7630225419998169
30M,10500,Random,1,0.7598729729652405
30M,10500,Random,2,0.7672674655914307
30M,10500,Random,3,0.7539337873458862
30M,10500,Random,4,0.7783685922622681
30M,10500,Random,5,0.755003809928894
30M,10500,Random,6,0.7366209626197815
30M,10500,Random,7,0.7637994885444641
30M,10500,Random,8,0.7559504508972168
30M,10500,Random,9,0.7553867101669312
30M,10500,Random,10,0.7611687779426575
30M,10500,Random,11,0.7599071264266968
30M,10500,Random,12,0.7698667645454407
30M,10500,Random,13,0.768791139125824
30M,10500,Random,14,0.7575485706329346
30M,10500,Random,15,0.7634924650192261
30M,10500,Random,16,0.7452124953269958
30M,10500,Random,17,0.7567680478096008
30M,10500,Random,18,0.7549976706504822
30M,10500,Random,19,0.7658655643463135
30M,10500,Random,20,0.7503489851951599
30M,10500,Random,21,0.774355947971344
30M,10500,Random,22,0.7508717179298401
30M,10500,Random,23,0.7442259788513184
30M,10500,Random,24,0.7586179375648499
30M,10500,Random,25,0.7590866088867188
30M,10500,Random,26,0.7640389800071716
30M,10500,Random,27,0.76358962059021
30M,10500,Random,28,0.7560689449310303
30M,10500,Random,29,0.7748367786407471
30M,10500,Random,30,0.7579445242881775
30M,10500,Random,31,0.7514206767082214
30M,10500,Random,32,0.7525008320808411
30M,10500,Random,33,0.7689530253410339
30M,10500,Random,34,0.7744253873825073
30M,10500,Random,35,0.7570182085037231
30M,10500,Random,36,0.7631919980049133
30M,10500,Random,37,0.7635623812675476
30M,10500,Random,38,0.7576766610145569
30M,10500,Random,39,0.7736497521400452
30M,10500,Random,40,0.7635091543197632
30M,10500,Random,41,0.7579705119132996
30M,10500,Random,42,0.7692317366600037
30M,10500,Random,43,0.7478075623512268
30M,10500,Random,44,0.7734211087226868
30M,11000,Global,-1,175.5343475341797
30M,11000,Frequency,0,1.3478227853775024
30M,11000,Frequency,1,1.298234224319458
30M,11000,Frequency,2,1.2610960006713867
30M,11000,Frequency,3,1.2173025608062744
30M,11000,Frequency,4,1.1684279441833496
30M,11000,Frequency,5,1.1392446756362915
30M,11000,Frequency,6,1.1002695560455322
30M,11000,Frequency,7,1.0676707029342651
30M,11000,Frequency,8,1.0371618270874023
30M,11000,Frequency,9,1.0023225545883179
30M,11000,Frequency,10,0.9763135313987732
30M,11000,Frequency,11,0.9511624574661255
30M,11000,Frequency,12,0.9177880883216858
30M,11000,Frequency,13,0.8947457671165466
30M,11000,Frequency,14,0.8643755912780762
30M,11000,Frequency,15,0.8564167618751526
30M,11000,Frequency,16,0.8337216973304749
30M,11000,Frequency,17,0.8102157115936279
30M,11000,Frequency,18,0.783409833908081
30M,11000,Frequency,19,0.7750976085662842
30M,11000,Frequency,20,0.759045422077179
30M,11000,Frequency,21,0.7343031764030457
30M,11000,Frequency,22,0.7311788201332092
30M,11000,Frequency,23,0.7100479006767273
30M,11000,Frequency,24,0.6924034357070923
30M,11000,Frequency,25,0.677687406539917
30M,11000,Frequency,26,0.6630872488021851
30M,11000,Frequency,27,0.6505109667778015
30M,11000,Frequency,28,0.6359091401100159
30M,11000,Frequency,29,0.6216205954551697
30M,11000,Frequency,30,0.605316162109375
30M,11000,Frequency,31,0.5877600312232971
30M,11000,Frequency,32,0.577208399772644
30M,11000,Frequency,33,0.5549090504646301
30M,11000,Frequency,34,0.5412198901176453
30M,11000,Frequency,35,0.5209722518920898
30M,11000,Frequency,36,0.5037797689437866
30M,11000,Frequency,37,0.4791341722011566
30M,11000,Frequency,38,0.46271130442619324
30M,11000,Frequency,39,0.44076189398765564
30M,11000,Frequency,40,0.42688295245170593
30M,11000,Frequency,41,0.4127955734729767
30M,11000,Frequency,42,0.4042139947414398
30M,11000,Frequency,43,0.3981669843196869
30M,11000,Frequency,44,0.3954890966415405
30M,11000,Random,0,0.775225818157196
30M,11000,Random,1,0.7720760703086853
30M,11000,Random,2,0.7791410088539124
30M,11000,Random,3,0.7661164402961731
30M,11000,Random,4,0.7916751503944397
30M,11000,Random,5,0.7680262327194214
30M,11000,Random,6,0.7479739785194397
30M,11000,Random,7,0.7762084603309631
30M,11000,Random,8,0.7687082886695862
30M,11000,Random,9,0.7684454917907715
30M,11000,Random,10,0.7731490135192871
30M,11000,Random,11,0.7723265886306763
30M,11000,Random,12,0.7826179265975952
30M,11000,Random,13,0.7812308073043823
30M,11000,Random,14,0.7700868844985962
30M,11000,Random,15,0.775797426700592
30M,11000,Random,16,0.7566753625869751
30M,11000,Random,17,0.7684407830238342
30M,11000,Random,18,0.7676830887794495
30M,11000,Random,19,0.7785546779632568
30M,11000,Random,20,0.7620552778244019
30M,11000,Random,21,0.7878699898719788
30M,11000,Random,22,0.7630606889724731
30M,11000,Random,23,0.756744921207428
30M,11000,Random,24,0.7716000080108643
30M,11000,Random,25,0.7711846232414246
30M,11000,Random,26,0.775942862033844
30M,11000,Random,27,0.7756516337394714
30M,11000,Random,28,0.7682180404663086
30M,11000,Random,29,0.7878594994544983
30M,11000,Random,30,0.7712074518203735
30M,11000,Random,31,0.7637549638748169
30M,11000,Random,32,0.7648494839668274
30M,11000,Random,33,0.7820572257041931
30M,11000,Random,34,0.7878780364990234
30M,11000,Random,35,0.7697479128837585
30M,11000,Random,36,0.7759239673614502
30M,11000,Random,37,0.7760114669799805
30M,11000,Random,38,0.7706588506698608
30M,11000,Random,39,0.7863873839378357
30M,11000,Random,40,0.7766690850257874
30M,11000,Random,41,0.7700448632240295
30M,11000,Random,42,0.7822701930999756
30M,11000,Random,43,0.7593821883201599
30M,11000,Random,44,0.7859949469566345
30M,11500,Global,-1,178.4667205810547
30M,11500,Frequency,0,1.3704129457473755
30M,11500,Frequency,1,1.3230515718460083
30M,11500,Frequency,2,1.2859177589416504
30M,11500,Frequency,3,1.2405949831008911
30M,11500,Frequency,4,1.1914780139923096
30M,11500,Frequency,5,1.1622613668441772
30M,11500,Frequency,6,1.1213939189910889
30M,11500,Frequency,7,1.0885698795318604
30M,11500,Frequency,8,1.0576720237731934
30M,11500,Frequency,9,1.0216225385665894
30M,11500,Frequency,10,0.9950742125511169
30M,11500,Frequency,11,0.969216525554657
30M,11500,Frequency,12,0.9347066879272461
30M,11500,Frequency,13,0.911590039730072
30M,11500,Frequency,14,0.8804926872253418
30M,11500,Frequency,15,0.8719016313552856
30M,11500,Frequency,16,0.8485715985298157
30M,11500,Frequency,17,0.8246680498123169
30M,11500,Frequency,18,0.7962907552719116
30M,11500,Frequency,19,0.7890771627426147
30M,11500,Frequency,20,0.7717937231063843
30M,11500,Frequency,21,0.7458369731903076
30M,11500,Frequency,22,0.7428189516067505
30M,11500,Frequency,23,0.7214657068252563
30M,11500,Frequency,24,0.7030966877937317
30M,11500,Frequency,25,0.688120424747467
30M,11500,Frequency,26,0.6739032864570618
30M,11500,Frequency,27,0.6602048277854919
30M,11500,Frequency,28,0.644837498664856
30M,11500,Frequency,29,0.6304205060005188
30M,11500,Frequency,30,0.6133233904838562
30M,11500,Frequency,31,0.5953063368797302
30M,11500,Frequency,32,0.5839976072311401
30M,11500,Frequency,33,0.5610933303833008
30M,11500,Frequency,34,0.5469638705253601
30M,11500,Frequency,35,0.5261653065681458
30M,11500,Frequency,36,0.5083634257316589
30M,11500,Frequency,37,0.4830302894115448
30M,11500,Frequency,38,0.46582409739494324
30M,11500,Frequency,39,0.4429958760738373
30M,11500,Frequency,40,0.4282146096229553
30M,11500,Frequency,41,0.41388580203056335
30M,11500,Frequency,42,0.4047195315361023
30M,11500,Frequency,43,0.39836806058883667
30M,11500,Frequency,44,0.3957310914993286
30M,11500,Random,0,0.7877885103225708
30M,11500,Random,1,0.7842829823493958
30M,11500,Random,2,0.7914467453956604
30M,11500,Random,3,0.7781636714935303
30M,11500,Random,4,0.8042243719100952
30M,11500,Random,5,0.779858410358429
30M,11500,Random,6,0.7599114775657654
30M,11500,Random,7,0.7893747687339783
30M,11500,Random,8,0.7812125086784363
30M,11500,Random,9,0.7812554240226746
30M,11500,Random,10,0.785491943359375
30M,11500,Random,11,0.7848657965660095
30M,11500,Random,12,0.7956112623214722
30M,11500,Random,13,0.7936737537384033
30M,11500,Random,14,0.7829892635345459
30M,11500,Random,15,0.788305401802063
30M,11500,Random,16,0.7688733339309692
30M,11500,Random,17,0.7803875207901001
30M,11500,Random,18,0.7794389128684998
30M,11500,Random,19,0.7909613251686096
30M,11500,Random,20,0.7739092111587524
30M,11500,Random,21,0.8001924753189087
30M,11500,Random,22,0.7751602530479431
30M,11500,Random,23,0.768653929233551
30M,11500,Random,24,0.7843512296676636
30M,11500,Random,25,0.7836455702781677
30M,11500,Random,26,0.7885934114456177
30M,11500,Random,27,0.7880539894104004
30M,11500,Random,28,0.7806689739227295
30M,11500,Random,29,0.8001128435134888
30M,11500,Random,30,0.783158004283905
30M,11500,Random,31,0.7759270668029785
30M,11500,Random,32,0.7768120169639587
30M,11500,Random,33,0.7947971224784851
30M,11500,Random,34,0.8004923462867737
30M,11500,Random,35,0.7821096777915955
30M,11500,Random,36,0.7882779836654663
30M,11500,Random,37,0.7880293726921082
30M,11500,Random,38,0.7823840379714966
30M,11500,Random,39,0.7989325523376465
30M,11500,Random,40,0.7888917326927185
30M,11500,Random,41,0.7818928360939026
30M,11500,Random,42,0.794853150844574
30M,11500,Random,43,0.7709252238273621
30M,11500,Random,44,0.7988305687904358
30M,12000,Global,-1,181.33154296875
30M,12000,Frequency,0,1.3953194618225098
30M,12000,Frequency,1,1.3466572761535645
30M,12000,Frequency,2,1.309281826019287
30M,12000,Frequency,3,1.2638128995895386
30M,12000,Frequency,4,1.2140547037124634
30M,12000,Frequency,5,1.18345308303833
30M,12000,Frequency,6,1.1424918174743652
30M,12000,Frequency,7,1.1088252067565918
30M,12000,Frequency,8,1.077255368232727
30M,12000,Frequency,9,1.0398601293563843
30M,12000,Frequency,10,1.0126498937606812
30M,12000,Frequency,11,0.9863572716712952
30M,12000,Frequency,12,0.9512341022491455
30M,12000,Frequency,13,0.9274420142173767
30M,12000,Frequency,14,0.8956036567687988
30M,12000,Frequency,15,0.8878224492073059
30M,12000,Frequency,16,0.8635727763175964
30M,12000,Frequency,17,0.8387773633003235
30M,12000,Frequency,18,0.809493362903595
30M,12000,Frequency,19,0.8020445108413696
30M,12000,Frequency,20,0.7840216159820557
30M,12000,Frequency,21,0.7579297423362732
30M,12000,Frequency,22,0.7544264793395996
30M,12000,Frequency,23,0.7323477864265442
30M,12000,Frequency,24,0.7137132287025452
30M,12000,Frequency,25,0.6985083222389221
30M,12000,Frequency,26,0.6833838820457458
30M,12000,Frequency,27,0.669221818447113
30M,12000,Frequency,28,0.6542418599128723
30M,12000,Frequency,29,0.6384758353233337
30M,12000,Frequency,30,0.6214643120765686
30M,12000,Frequency,31,0.6026043891906738
30M,12000,Frequency,32,0.5916293263435364
30M,12000,Frequency,33,0.5674424171447754
30M,12000,Frequency,34,0.5524413585662842
30M,12000,Frequency,35,0.5315333008766174
30M,12000,Frequency,36,0.5133224129676819
30M,12000,Frequency,37,0.4867379367351532
30M,12000,Frequency,38,0.4688635766506195
30M,12000,Frequency,39,0.4453914761543274
30M,12000,Frequency,40,0.42977961897850037
30M,12000,Frequency,41,0.4149080216884613
30M,12000,Frequency,42,0.40533462166786194
30M,12000,Frequency,43,0.3986362814903259
30M,12000,Frequency,44,0.39587506651878357
30M,12000,Random,0,0.7999255657196045
30M,12000,Random,1,0.7957199811935425
30M,12000,Random,2,0.8035889267921448
30M,12000,Random,3,0.7903843522071838
30M,12000,Random,4,0.8166633248329163
30M,12000,Random,5,0.791531503200531
30M,12000,Random,6,0.770535945892334
30M,12000,Random,7,0.8009576201438904
30M,12000,Random,8,0.7937330603599548
30M,12000,Random,9,0.7928763628005981
30M,12000,Random,10,0.797568142414093
30M,12000,Random,11,0.7961183786392212
30M,12000,Random,12,0.8085866570472717
30M,12000,Random,13,0.8061906099319458
30M,12000,Random,14,0.7949838638305664
30M,12000,Random,15,0.8000766038894653
30M,12000,Random,16,0.7800899744033813
30M,12000,Random,17,0.7924916744232178
30M,12000,Random,18,0.7908363938331604
30M,12000,Random,19,0.803399920463562
30M,12000,Random,20,0.7865238189697266
30M,12000,Random,21,0.8124935626983643
30M,12000,Random,22,0.7870722413063049
30M,12000,Random,23,0.7808963656425476
30M,12000,Random,24,0.7971252799034119
30M,12000,Random,25,0.7963935732841492
30M,12000,Random,26,0.800542950630188
30M,12000,Random,27,0.7999274134635925
30M,12000,Random,28,0.7927086353302002
30M,12000,Random,29,0.8128256797790527
30M,12000,Random,30,0.795689582824707
30M,12000,Random,31,0.7882328033447266
30M,12000,Random,32,0.7886694073677063
30M,12000,Random,33,0.8074852824211121
30M,12000,Random,34,0.8130725026130676
30M,12000,Random,35,0.7930161356925964
30M,12000,Random,36,0.8000105023384094
30M,12000,Random,37,0.8007215857505798
30M,12000,Random,38,0.794158935546875
30M,12000,Random,39,0.8119227290153503
30M,12000,Random,40,0.8006351590156555
30M,12000,Random,41,0.7933402061462402
30M,12000,Random,42,0.8067829608917236
30M,12000,Random,43,0.7822149991989136
30M,12000,Random,44,0.8121325373649597
30M,12500,Global,-1,184.16184997558594
30M,12500,Frequency,0,1.4180020093917847
30M,12500,Frequency,1,1.3702129125595093
30M,12500,Frequency,2,1.3324488401412964
30M,12500,Frequency,3,1.2862348556518555
30M,12500,Frequency,4,1.2359910011291504
30M,12500,Frequency,5,1.2043107748031616
30M,12500,Frequency,6,1.1625510454177856
30M,12500,Frequency,7,1.128343939781189
30M,12500,Frequency,8,1.096393346786499
30M,12500,Frequency,9,1.0587514638900757
30M,12500,Frequency,10,1.0304898023605347
30M,12500,Frequency,11,1.0035988092422485
30M,12500,Frequency,12,0.9687017798423767
30M,12500,Frequency,13,0.9439746141433716
30M,12500,Frequency,14,0.911272406578064
30M,12500,Frequency,15,0.9029381275177002
30M,12500,Frequency,16,0.8783813118934631
30M,12500,Frequency,17,0.8527530431747437
30M,12500,Frequency,18,0.8228697180747986
30M,12500,Frequency,19,0.8156114816665649
30M,12500,Frequency,20,0.7966447472572327
30M,12500,Frequency,21,0.7697218060493469
30M,12500,Frequency,22,0.7660061717033386
30M,12500,Frequency,23,0.744088888168335
30M,12500,Frequency,24,0.7245650291442871
30M,12500,Frequency,25,0.708796501159668
30M,12500,Frequency,26,0.6938178539276123
30M,12500,Frequency,27,0.678826093673706
30M,12500,Frequency,28,0.6631617546081543
30M,12500,Frequency,29,0.6468979120254517
30M,12500,Frequency,30,0.6301890015602112
30M,12500,Frequency,31,0.6105222105979919
30M,12500,Frequency,32,0.5994564294815063
30M,12500,Frequency,33,0.573848307132721
30M,12500,Frequency,34,0.5586494207382202
30M,12500,Frequency,35,0.5371705889701843
30M,12500,Frequency,36,0.5184372663497925
30M,12500,Frequency,37,0.49069204926490784
30M,12500,Frequency,38,0.47200822830200195
30M,12500,Frequency,39,0.4478900134563446
30M,12500,Frequency,40,0.43157830834388733
30M,12500,Frequency,41,0.4157405197620392
30M,12500,Frequency,42,0.40580126643180847
30M,12500,Frequency,43,0.3989093601703644
30M,12500,Frequency,44,0.39591556787490845
30M,12500,Random,0,0.8118974566459656
30M,12500,Random,1,0.8087416887283325
30M,12500,Random,2,0.816215455532074
30M,12500,Random,3,0.8021886348724365
30M,12500,Random,4,0.829303503036499
30M,12500,Random,5,0.8031191825866699
30M,12500,Random,6,0.7817335724830627
30M,12500,Random,7,0.8135257959365845
30M,12500,Random,8,0.8055084943771362
30M,12500,Random,9,0.8049538731575012
30M,12500,Random,10,0.8093544840812683
30M,12500,Random,11,0.8082875609397888
30M,12500,Random,12,0.821194589138031
30M,12500,Random,13,0.8187984228134155
30M,12500,Random,14,0.8067176342010498
30M,12500,Random,15,0.8127379417419434
30M,12500,Random,16,0.7917386889457703
30M,12500,Random,17,0.8036402463912964
30M,12500,Random,18,0.8027413487434387
30M,12500,Random,19,0.8149783611297607
30M,12500,Random,20,0.7986658811569214
30M,12500,Random,21,0.8251628279685974
30M,12500,Random,22,0.7989915013313293
30M,12500,Random,23,0.7927690148353577
30M,12500,Random,24,0.8090398907661438
30M,12500,Random,25,0.808033287525177
30M,12500,Random,26,0.8121342658996582
30M,12500,Random,27,0.812564492225647
30M,12500,Random,28,0.8051224946975708
30M,12500,Random,29,0.8249887824058533
30M,12500,Random,30,0.8074721693992615
30M,12500,Random,31,0.7999551892280579
30M,12500,Random,32,0.8009377717971802
30M,12500,Random,33,0.8193581104278564
30M,12500,Random,34,0.8253284096717834
30M,12500,Random,35,0.8053285479545593
30M,12500,Random,36,0.8124503493309021
30M,12500,Random,37,0.8125219941139221
30M,12500,Random,38,0.8068713545799255
30M,12500,Random,39,0.8240331411361694
30M,12500,Random,40,0.8131572008132935
30M,12500,Random,41,0.8048455715179443
30M,12500,Random,42,0.819534957408905
30M,12500,Random,43,0.7939870357513428
30M,12500,Random,44,0.8241061568260193
30M,13000,Global,-1,186.93826293945312
30M,13000,Frequency,0,1.4409831762313843
30M,13000,Frequency,1,1.3937442302703857
30M,13000,Frequency,2,1.3556203842163086
30M,13000,Frequency,3,1.3095684051513672
30M,13000,Frequency,4,1.257630467414856
30M,13000,Frequency,5,1.225858449935913
30M,13000,Frequency,6,1.1831049919128418
30M,13000,Frequency,7,1.1480754613876343
30M,13000,Frequency,8,1.115470051765442
30M,13000,Frequency,9,1.0765376091003418
30M,13000,Frequency,10,1.0488572120666504
30M,13000,Frequency,11,1.020512580871582
30M,13000,Frequency,12,0.9845675230026245
30M,13000,Frequency,13,0.9594643115997314
30M,13000,Frequency,14,0.9262276291847229
30M,13000,Frequency,15,0.9173456430435181
30M,13000,Frequency,16,0.8922797441482544
30M,13000,Frequency,17,0.8672634363174438
30M,13000,Frequency,18,0.8359166383743286
30M,13000,Frequency,19,0.827915370464325
30M,13000,Frequency,20,0.808545708656311
30M,13000,Frequency,21,0.781280517578125
30M,13000,Frequency,22,0.7768962979316711
30M,13000,Frequency,23,0.7549203038215637
30M,13000,Frequency,24,0.734248161315918
30M,13000,Frequency,25,0.7192626595497131
30M,13000,Frequency,26,0.7031535506248474
30M,13000,Frequency,27,0.6880008578300476
30M,13000,Frequency,28,0.6717690825462341
30M,13000,Frequency,29,0.6552005410194397
30M,13000,Frequency,30,0.6385016441345215
30M,13000,Frequency,31,0.6177396774291992
30M,13000,Frequency,32,0.6062009334564209
30M,13000,Frequency,33,0.5800803899765015
30M,13000,Frequency,34,0.5643552541732788
30M,13000,Frequency,35,0.5419238209724426
30M,13000,Frequency,36,0.5231720209121704
30M,13000,Frequency,37,0.4941146969795227
30M,13000,Frequency,38,0.4750864803791046
30M,13000,Frequency,39,0.45006516575813293
30M,13000,Frequency,40,0.4330355226993561
30M,13000,Frequency,41,0.41657817363739014
30M,13000,Frequency,42,0.40618228912353516
30M,13000,Frequency,43,0.3991435766220093
30M,13000,Frequency,44,0.396194189786911
30M,13000,Random,0,0.8236523270606995
30M,13000,Random,1,0.8213095664978027
30M,13000,Random,2,0.8282045125961304
30M,13000,Random,3,0.8129106163978577
30M,13000,Random,4,0.8417865037918091
30M,13000,Random,5,0.8146770596504211
30M,13000,Random,6,0.7926082015037537
30M,13000,Random,7,0.8260197639465332
30M,13000,Random,8,0.8170740008354187
30M,13000,Random,9,0.8165073394775391
30M,13000,Random,10,0.8208553194999695
30M,13000,Random,11,0.8197710514068604
30M,13000,Random,12,0.8330370187759399
30M,13000,Random,13,0.8305308222770691
30M,13000,Random,14,0.8183575868606567
30M,13000,Random,15,0.8239278793334961
30M,13000,Random,16,0.8027595281600952
30M,13000,Random,17,0.8149380683898926
30M,13000,Random,18,0.814586341381073
30M,13000,Random,19,0.8270447850227356
30M,13000,Random,20,0.8101440072059631
30M,13000,Random,21,0.8368438482284546
30M,13000,Random,22,0.8106715679168701
30M,13000,Random,23,0.8041049838066101
30M,13000,Random,24,0.8208995461463928
30M,13000,Random,25,0.8199187517166138
30M,13000,Random,26,0.8243023753166199
30M,13000,Random,27,0.8245059847831726
30M,13000,Random,28,0.8175365924835205
30M,13000,Random,29,0.8367124199867249
30M,13000,Random,30,0.8191303014755249
30M,13000,Random,31,0.8113546371459961
30M,13000,Random,32,0.8122617602348328
30M,13000,Random,33,0.8310962915420532
30M,13000,Random,34,0.8372673392295837
30M,13000,Random,35,0.8173698782920837
30M,13000,Random,36,0.8243918418884277
30M,13000,Random,37,0.8244074583053589
30M,13000,Random,38,0.8189775347709656
30M,13000,Random,39,0.8366984724998474
30M,13000,Random,40,0.8249057531356812
30M,13000,Random,41,0.8162930011749268
30M,13000,Random,42,0.8312835097312927
30M,13000,Random,43,0.8054141998291016
30M,13000,Random,44,0.8353504538536072
30M,13500,Global,-1,189.6744384765625
30M,13500,Frequency,0,1.4635603427886963
30M,13500,Frequency,1,1.4165757894515991
30M,13500,Frequency,2,1.3782989978790283
30M,13500,Frequency,3,1.3310825824737549
30M,13500,Frequency,4,1.2788593769073486
30M,13500,Frequency,5,1.2461233139038086
30M,13500,Frequency,6,1.2022658586502075
30M,13500,Frequency,7,1.1673671007156372
30M,13500,Frequency,8,1.1343339681625366
30M,13500,Frequency,9,1.0955394506454468
30M,13500,Frequency,10,1.0657060146331787
30M,13500,Frequency,11,1.0371935367584229
30M,13500,Frequency,12,1.0007244348526
30M,13500,Frequency,13,0.9740810990333557
30M,13500,Frequency,14,0.9403698444366455
30M,13500,Frequency,15,0.9317924976348877
30M,13500,Frequency,16,0.9059762358665466
30M,13500,Frequency,17,0.8808767795562744
30M,13500,Frequency,18,0.8493483066558838
30M,13500,Frequency,19,0.840601921081543
30M,13500,Frequency,20,0.8212103843688965
30M,13500,Frequency,21,0.7929890155792236
30M,13500,Frequency,22,0.7884373664855957
30M,13500,Frequency,23,0.7649549841880798
30M,13500,Frequency,24,0.7447121739387512
30M,13500,Frequency,25,0.7289854884147644
30M,13500,Frequency,26,0.7125495076179504
30M,13500,Frequency,27,0.697033166885376
30M,13500,Frequency,28,0.6807675361633301
30M,13500,Frequency,29,0.6639503836631775
30M,13500,Frequency,30,0.6468440890312195
30M,13500,Frequency,31,0.6255857944488525
30M,13500,Frequency,32,0.6136271953582764
30M,13500,Frequency,33,0.5866009593009949
30M,13500,Frequency,34,0.5703111290931702
30M,13500,Frequency,35,0.5473808646202087
30M,13500,Frequency,36,0.5280249714851379
30M,13500,Frequency,37,0.4982411563396454
30M,13500,Frequency,38,0.47853347659111023
30M,13500,Frequency,39,0.45275360345840454
30M,13500,Frequency,40,0.43460553884506226
30M,13500,Frequency,41,0.41761794686317444
30M,13500,Frequency,42,0.4066608250141144
30M,13500,Frequency,43,0.39937686920166016
30M,13500,Frequency,44,0.39633509516716003
30M,13500,Random,0,0.8355522751808167
30M,13500,Random,1,0.8320120573043823
30M,13500,Random,2,0.8406484127044678
30M,13500,Random,3,0.8246774673461914
30M,13500,Random,4,0.8535369038581848
30M,13500,Random,5,0.8261281251907349
30M,13500,Random,6,0.8037972450256348
30M,13500,Random,7,0.8375452160835266
30M,13500,Random,8,0.8285961151123047
30M,13500,Random,9,0.8279491066932678
30M,13500,Random,10,0.8323642611503601
30M,13500,Random,11,0.8315413594245911
30M,13500,Random,12,0.8445688486099243
30M,13500,Random,13,0.8429774045944214
30M,13500,Random,14,0.8301830887794495
30M,13500,Random,15,0.8359429240226746
30M,13500,Random,16,0.8148658275604248
30M,13500,Random,17,0.8266876339912415
30M,13500,Random,18,0.8258084654808044
30M,13500,Random,19,0.8382635712623596
30M,13500,Random,20,0.8210988640785217
30M,13500,Random,21,0.8489818572998047
30M,13500,Random,22,0.8220850825309753
30M,13500,Random,23,0.8158054351806641
30M,13500,Random,24,0.8329530954360962
30M,13500,Random,25,0.8319576978683472
30M,13500,Random,26,0.8361427187919617
30M,13500,Random,27,0.8360621929168701
30M,13500,Random,28,0.8295789361000061
30M,13500,Random,29,0.8485852479934692
30M,13500,Random,30,0.8304049968719482
30M,13500,Random,31,0.8232319951057434
30M,13500,Random,32,0.8233363628387451
30M,13500,Random,33,0.8428371548652649
30M,13500,Random,34,0.8494361042976379
30M,13500,Random,35,0.8283488154411316
30M,13500,Random,36,0.8357272744178772
30M,13500,Random,37,0.8358493447303772
30M,13500,Random,38,0.8303706049919128
30M,13500,Random,39,0.8486707806587219
30M,13500,Random,40,0.8362500667572021
30M,13500,Random,41,0.8278154730796814
30M,13500,Random,42,0.8438198566436768
30M,13500,Random,43,0.8168655633926392
30M,13500,Random,44,0.848425030708313
30M,14000,Global,-1,192.3656463623047
30M,14000,Frequency,0,1.485407829284668
30M,14000,Frequency,1,1.4387645721435547
30M,14000,Frequency,2,1.4005721807479858
30M,14000,Frequency,3,1.3521220684051514
30M,14000,Frequency,4,1.29952871799469
30M,14000,Frequency,5,1.266534447669983
30M,14000,Frequency,6,1.2219927310943604
30M,14000,Frequency,7,1.1872236728668213
30M,14000,Frequency,8,1.1518234014511108
30M,14000,Frequency,9,1.1133960485458374
30M,14000,Frequency,10,1.082439661026001
30M,14000,Frequency,11,1.0533850193023682
30M,14000,Frequency,12,1.0164592266082764
30M,14000,Frequency,13,0.9894559979438782
30M,14000,Frequency,14,0.955213725566864
30M,14000,Frequency,15,0.9462477564811707
30M,14000,Frequency,16,0.9198840260505676
30M,14000,Frequency,17,0.8939178586006165
30M,14000,Frequency,18,0.8621066212654114
30M,14000,Frequency,19,0.852727472782135
30M,14000,Frequency,20,0.8328034281730652
30M,14000,Frequency,21,0.804338276386261
30M,14000,Frequency,22,0.8003442883491516
30M,14000,Frequency,23,0.7759623527526855
30M,14000,Frequency,24,0.7545220255851746
30M,14000,Frequency,25,0.7391467094421387
30M,14000,Frequency,26,0.7213161587715149
30M,14000,Frequency,27,0.7052571773529053
30M,14000,Frequency,28,0.6893437504768372
30M,14000,Frequency,29,0.6716948747634888
30M,14000,Frequency,30,0.655082106590271
30M,14000,Frequency,31,0.6326329708099365
30M,14000,Frequency,32,0.6206896901130676
30M,14000,Frequency,33,0.5929691791534424
30M,14000,Frequency,34,0.5761919617652893
30M,14000,Frequency,35,0.5524898171424866
30M,14000,Frequency,36,0.5326148867607117
30M,14000,Frequency,37,0.5018965601921082
30M,14000,Frequency,38,0.48154306411743164
30M,14000,Frequency,39,0.4551945924758911
30M,14000,Frequency,40,0.43619394302368164
30M,14000,Frequency,41,0.4184510409832001
30M,14000,Frequency,42,0.4072825014591217
30M,14000,Frequency,43,0.3996518850326538
30M,14000,Frequency,44,0.39637652039527893
30M,14000,Random,0,0.8468981385231018
30M,14000,Random,1,0.8433412909507751
30M,14000,Random,2,0.8519645929336548
30M,14000,Random,3,0.835479736328125
30M,14000,Random,4,0.8653874397277832
30M,14000,Random,5,0.8373920917510986
30M,14000,Random,6,0.8139764666557312
30M,14000,Random,7,0.8493809103965759
30M,14000,Random,8,0.8401992917060852
30M,14000,Random,9,0.8391971588134766
30M,14000,Random,10,0.8438571691513062
30M,14000,Random,11,0.8437355160713196
30M,14000,Random,12,0.856513500213623
30M,14000,Random,13,0.8550752401351929
30M,14000,Random,14,0.8412585258483887
30M,14000,Random,15,0.8469757437705994
30M,14000,Random,16,0.8258445262908936
30M,14000,Random,17,0.8383313417434692
30M,14000,Random,18,0.8375385403633118
30M,14000,Random,19,0.8493297696113586
30M,14000,Random,20,0.8324161171913147
30M,14000,Random,21,0.86072838306427
30M,14000,Random,22,0.8332554697990417
30M,14000,Random,23,0.8266077637672424
30M,14000,Random,24,0.8437954187393188
30M,14000,Random,25,0.843837559223175
30M,14000,Random,26,0.8477625250816345
30M,14000,Random,27,0.8473272323608398
30M,14000,Random,28,0.841050386428833
30M,14000,Random,29,0.8604066371917725
30M,14000,Random,30,0.8416712880134583
30M,14000,Random,31,0.8347651362419128
30M,14000,Random,32,0.8343393802642822
30M,14000,Random,33,0.8540743589401245
30M,14000,Random,34,0.8614672422409058
30M,14000,Random,35,0.8396012187004089
30M,14000,Random,36,0.8472747206687927
30M,14000,Random,37,0.8471850156784058
30M,14000,Random,38,0.8414178490638733
30M,14000,Random,39,0.8608456254005432
30M,14000,Random,40,0.8474858999252319
30M,14000,Random,41,0.839172899723053
30M,14000,Random,42,0.8554120659828186
30M,14000,Random,43,0.8276210427284241
30M,14000,Random,44,0.8607068061828613
30M,14500,Global,-1,195.048828125
30M,14500,Frequency,0,1.5068308115005493
30M,14500,Frequency,1,1.4612395763397217
30M,14500,Frequency,2,1.4223313331604004
30M,14500,Frequency,3,1.3729538917541504
30M,14500,Frequency,4,1.320451021194458
30M,14500,Frequency,5,1.2870080471038818
30M,14500,Frequency,6,1.2416802644729614
30M,14500,Frequency,7,1.2056267261505127
30M,14500,Frequency,8,1.1688203811645508
30M,14500,Frequency,9,1.130946159362793
30M,14500,Frequency,10,1.100185751914978
30M,14500,Frequency,11,1.069729208946228
30M,14500,Frequency,12,1.032295823097229
30M,14500,Frequency,13,1.0040820837020874
30M,14500,Frequency,14,0.9694350361824036
30M,14500,Frequency,15,0.9602702260017395
30M,14500,Frequency,16,0.9334786534309387
30M,14500,Frequency,17,0.9075466394424438
30M,14500,Frequency,18,0.8747978806495667
30M,14500,Frequency,19,0.8655968308448792
30M,14500,Frequency,20,0.8445009589195251
30M,14500,Frequency,21,0.8152115345001221
30M,14500,Frequency,22,0.8113177418708801
30M,14500,Frequency,23,0.7865179181098938
30M,14500,Frequency,24,0.7645708322525024
30M,14500,Frequency,25,0.748782753944397
30M,14500,Frequency,26,0.7310788035392761
30M,14500,Frequency,27,0.7140192985534668
30M,14500,Frequency,28,0.6981232762336731
30M,14500,Frequency,29,0.6798399686813354
30M,14500,Frequency,30,0.6628187298774719
30M,14500,Frequency,31,0.6399363279342651
30M,14500,Frequency,32,0.6276209354400635
30M,14500,Frequency,33,0.5990939140319824
30M,14500,Frequency,34,0.5822336077690125
30M,14500,Frequency,35,0.5575670003890991
30M,14500,Frequency,36,0.5375151634216309
30M,14500,Frequency,37,0.5058072805404663
30M,14500,Frequency,38,0.4846161901950836
30M,14500,Frequency,39,0.4572540521621704
30M,14500,Frequency,40,0.4377574622631073
30M,14500,Frequency,41,0.4195101857185364
30M,14500,Frequency,42,0.4078868627548218
30M,14500,Frequency,43,0.39991334080696106
30M,14500,Frequency,44,0.3966110348701477
30M,14500,Random,0,0.8585793375968933
30M,14500,Random,1,0.8553090691566467
30M,14500,Random,2,0.8636089563369751
30M,14500,Random,3,0.8467064499855042
30M,14500,Random,4,0.8771750926971436
30M,14500,Random,5,0.8483641743659973
30M,14500,Random,6,0.8247925043106079
30M,14500,Random,7,0.8606645464897156
30M,14500,Random,8,0.8515080809593201
30M,14500,Random,9,0.850214421749115
30M,14500,Random,10,0.8546457886695862
30M,14500,Random,11,0.8551651239395142
30M,14500,Random,12,0.8681919574737549
30M,14500,Random,13,0.8667477965354919
30M,14500,Random,14,0.8524059653282166
30M,14500,Random,15,0.858171284198761
30M,14500,Random,16,0.8364976048469543
30M,14500,Random,17,0.8495694398880005
30M,14500,Random,18,0.8484732508659363
30M,14500,Random,19,0.8608226776123047
30M,14500,Random,20,0.8431203961372375
30M,14500,Random,21,0.8731510639190674
30M,14500,Random,22,0.8443647623062134
30M,14500,Random,23,0.8374802470207214
30M,14500,Random,24,0.8550233244895935
30M,14500,Random,25,0.8551889061927795
30M,14500,Random,26,0.8590441942214966
30M,14500,Random,27,0.8588674068450928
30M,14500,Random,28,0.851948618888855
30M,14500,Random,29,0.872547447681427
30M,14500,Random,30,0.8530875444412231
30M,14500,Random,31,0.8461315035820007
30M,14500,Random,32,0.8450331687927246
30M,14500,Random,33,0.866055965423584
30M,14500,Random,34,0.872635543346405
30M,14500,Random,35,0.8511564135551453
30M,14500,Random,36,0.8591665029525757
30M,14500,Random,37,0.8585301637649536
30M,14500,Random,38,0.8523759841918945
30M,14500,Random,39,0.8726227879524231
30M,14500,Random,40,0.8589686155319214
30M,14500,Random,41,0.8498532772064209
30M,14500,Random,42,0.8674781918525696
30M,14500,Random,43,0.839074969291687
30M,14500,Random,44,0.871632993221283
30M,15000,Global,-1,197.69699096679688
30M,15000,Frequency,0,1.5265430212020874
30M,15000,Frequency,1,1.483711838722229
30M,15000,Frequency,2,1.4447777271270752
30M,15000,Frequency,3,1.3934094905853271
30M,15000,Frequency,4,1.3404924869537354
30M,15000,Frequency,5,1.306706190109253
30M,15000,Frequency,6,1.2608168125152588
30M,15000,Frequency,7,1.2245595455169678
30M,15000,Frequency,8,1.1869099140167236
30M,15000,Frequency,9,1.1486480236053467
30M,15000,Frequency,10,1.1167986392974854
30M,15000,Frequency,11,1.085618019104004
30M,15000,Frequency,12,1.0477732419967651
30M,15000,Frequency,13,1.0189152956008911
30M,15000,Frequency,14,0.983203649520874
30M,15000,Frequency,15,0.9745477437973022
30M,15000,Frequency,16,0.9474439024925232
30M,15000,Frequency,17,0.9205620288848877
30M,15000,Frequency,18,0.8871890306472778
30M,15000,Frequency,19,0.8773421049118042
30M,15000,Frequency,20,0.8562690615653992
30M,15000,Frequency,21,0.8264407515525818
30M,15000,Frequency,22,0.8224169015884399
30M,15000,Frequency,23,0.7968069314956665
30M,15000,Frequency,24,0.7745071053504944
30M,15000,Frequency,25,0.7585911750793457
30M,15000,Frequency,26,0.7401830554008484
30M,15000,Frequency,27,0.722620964050293
30M,15000,Frequency,28,0.7070278525352478
30M,15000,Frequency,29,0.6877977252006531
30M,15000,Frequency,30,0.6705014109611511
30M,15000,Frequency,31,0.6469454169273376
30M,15000,Frequency,32,0.6344050765037537
30M,15000,Frequency,33,0.6053569316864014
30M,15000,Frequency,34,0.5886154770851135
30M,15000,Frequency,35,0.5628219842910767
30M,15000,Frequency,36,0.5419504046440125
30M,15000,Frequency,37,0.5097361207008362
30M,15000,Frequency,38,0.4879029393196106
30M,15000,Frequency,39,0.4600631296634674
30M,15000,Frequency,40,0.4395194947719574
30M,15000,Frequency,41,0.4207284152507782
30M,15000,Frequency,42,0.40856632590293884
30M,15000,Frequency,43,0.40021345019340515
30M,15000,Frequency,44,0.39687380194664
30M,15000,Random,0,0.8698389530181885
30M,15000,Random,1,0.8665223121643066
30M,15000,Random,2,0.8750452399253845
30M,15000,Random,3,0.857984185218811
30M,15000,Random,4,0.8889990448951721
30M,15000,Random,5,0.859376847743988
30M,15000,Random,6,0.8355637788772583
30M,15000,Random,7,0.8720844984054565
30M,15000,Random,8,0.863484799861908
30M,15000,Random,9,0.8618720769882202
30M,15000,Random,10,0.8660104870796204
30M,15000,Random,11,0.8664649128913879
30M,15000,Random,12,0.8792691230773926
30M,15000,Random,13,0.8787223100662231
30M,15000,Random,14,0.862960159778595
30M,15000,Random,15,0.8694167733192444
30M,15000,Random,16,0.8479443788528442
30M,15000,Random,17,0.8604190349578857
30M,15000,Random,18,0.8595563769340515
30M,15000,Random,19,0.8722100257873535
30M,15000,Random,20,0.8541485071182251
30M,15000,Random,21,0.8845537900924683
30M,15000,Random,22,0.8552595376968384
30M,15000,Random,23,0.8488187789916992
30M,15000,Random,24,0.8665009140968323
30M,15000,Random,25,0.8663758635520935
30M,15000,Random,26,0.8706409335136414
30M,15000,Random,27,0.8699700236320496
30M,15000,Random,28,0.8630554676055908
30M,15000,Random,29,0.8838931322097778
30M,15000,Random,30,0.8640562891960144
30M,15000,Random,31,0.8570836782455444
30M,15000,Random,32,0.8558829426765442
30M,15000,Random,33,0.8770626187324524
30M,15000,Random,34,0.8839917182922363
30M,15000,Random,35,0.8621875643730164
30M,15000,Random,36,0.8700512051582336
30M,15000,Random,37,0.8697864413261414
30M,15000,Random,38,0.8640410900115967
30M,15000,Random,39,0.8845819234848022
30M,15000,Random,40,0.870083749294281
30M,15000,Random,41,0.8612909317016602
30M,15000,Random,42,0.8781596422195435
30M,15000,Random,43,0.8498001098632812
30M,15000,Random,44,0.882554292678833
30M,15500,Global,-1,200.3129425048828
30M,15500,Frequency,0,1.546639084815979
30M,15500,Frequency,1,1.5052003860473633
30M,15500,Frequency,2,1.465781569480896
30M,15500,Frequency,3,1.414404273033142
30M,15500,Frequency,4,1.3607538938522339
30M,15500,Frequency,5,1.3265823125839233
30M,15500,Frequency,6,1.2788019180297852
30M,15500,Frequency,7,1.2434611320495605
30M,15500,Frequency,8,1.2039332389831543
30M,15500,Frequency,9,1.1654683351516724
30M,15500,Frequency,10,1.133718490600586
30M,15500,Frequency,11,1.1007965803146362
30M,15500,Frequency,12,1.0636802911758423
30M,15500,Frequency,13,1.0336884260177612
30M,15500,Frequency,14,0.9974991083145142
30M,15500,Frequency,15,0.9881494641304016
30M,15500,Frequency,16,0.9613011479377747
30M,15500,Frequency,17,0.933244526386261
30M,15500,Frequency,18,0.8990147709846497
30M,15500,Frequency,19,0.8898122906684875
30M,15500,Frequency,20,0.8679428696632385
30M,15500,Frequency,21,0.8372556567192078
30M,15500,Frequency,22,0.8325093388557434
30M,15500,Frequency,23,0.8071335554122925
30M,15500,Frequency,24,0.7845964431762695
30M,15500,Frequency,25,0.7682349681854248
30M,15500,Frequency,26,0.7497044801712036
30M,15500,Frequency,27,0.7318122386932373
30M,15500,Frequency,28,0.7154067754745483
30M,15500,Frequency,29,0.6956106424331665
30M,15500,Frequency,30,0.6782225370407104
30M,15500,Frequency,31,0.6541621088981628
30M,15500,Frequency,32,0.6414539813995361
30M,15500,Frequency,33,0.6114214658737183
30M,15500,Frequency,34,0.5943806171417236
30M,15500,Frequency,35,0.5681003928184509
30M,15500,Frequency,36,0.546431303024292
30M,15500,Frequency,37,0.5136556029319763
30M,15500,Frequency,38,0.49106183648109436
30M,15500,Frequency,39,0.4626361131668091
30M,15500,Frequency,40,0.4411070644855499
30M,15500,Frequency,41,0.4217037558555603
30M,15500,Frequency,42,0.40905970335006714
30M,15500,Frequency,43,0.40056112408638
30M,15500,Frequency,44,0.397053599357605
30M,15500,Random,0,0.8809157609939575
30M,15500,Random,1,0.8772818446159363
30M,15500,Random,2,0.8855016827583313
30M,15500,Random,3,0.8694571852684021
30M,15500,Random,4,0.9003456234931946
30M,15500,Random,5,0.8708621859550476
30M,15500,Random,6,0.8459015488624573
30M,15500,Random,7,0.8828731775283813
30M,15500,Random,8,0.874930202960968
30M,15500,Random,9,0.8729785084724426
30M,15500,Random,10,0.8766388297080994
30M,15500,Random,11,0.877443790435791
30M,15500,Random,12,0.8908437490463257
30M,15500,Random,13,0.889487624168396
30M,15500,Random,14,0.8739389777183533
30M,15500,Random,15,0.8806521892547607
30M,15500,Random,16,0.8589922189712524
30M,15500,Random,17,0.8711910247802734
30M,15500,Random,18,0.870360255241394
30M,15500,Random,19,0.883892834186554
30M,15500,Random,20,0.8649615049362183
30M,15500,Random,21,0.8957352042198181
30M,15500,Random,22,0.866108238697052
30M,15500,Random,23,0.859923779964447
30M,15500,Random,24,0.8770289421081543
30M,15500,Random,25,0.8774933815002441
30M,15500,Random,26,0.8815392851829529
30M,15500,Random,27,0.8810035586357117
30M,15500,Random,28,0.8744120597839355
30M,15500,Random,29,0.8951270580291748
30M,15500,Random,30,0.8752400279045105
30M,15500,Random,31,0.8681224584579468
30M,15500,Random,32,0.8669480085372925
30M,15500,Random,33,0.888383150100708
30M,15500,Random,34,0.8950372934341431
30M,15500,Random,35,0.873034656047821
30M,15500,Random,36,0.8812087178230286
30M,15500,Random,37,0.880911648273468
30M,15500,Random,38,0.8750967979431152
30M,15500,Random,39,0.8959139585494995
30M,15500,Random,40,0.8815904855728149
30M,15500,Random,41,0.8727661967277527
30M,15500,Random,42,0.8898162245750427
30M,15500,Random,43,0.8606923818588257
30M,15500,Random,44,0.8930850625038147
30M,16000,Global,-1,202.85208129882812
30M,16000,Frequency,0,1.5669234991073608
30M,16000,Frequency,1,1.5259727239608765
30M,16000,Frequency,2,1.4869611263275146
30M,16000,Frequency,3,1.4343539476394653
30M,16000,Frequency,4,1.3806242942810059
30M,16000,Frequency,5,1.3455891609191895
30M,16000,Frequency,6,1.2970478534698486
30M,16000,Frequency,7,1.2612323760986328
30M,16000,Frequency,8,1.220613718032837
30M,16000,Frequency,9,1.1820749044418335
30M,16000,Frequency,10,1.1496292352676392
30M,16000,Frequency,11,1.1161792278289795
30M,16000,Frequency,12,1.078592300415039
30M,16000,Frequency,13,1.0473241806030273
30M,16000,Frequency,14,1.0104206800460815
30M,16000,Frequency,15,1.0011707544326782
30M,16000,Frequency,16,0.9739309549331665
30M,16000,Frequency,17,0.9461352825164795
30M,16000,Frequency,18,0.910605788230896
30M,16000,Frequency,19,0.9012947678565979
30M,16000,Frequency,20,0.8793233036994934
30M,16000,Frequency,21,0.8478274941444397
30M,16000,Frequency,22,0.8428728580474854
30M,16000,Frequency,23,0.8167200088500977
30M,16000,Frequency,24,0.7939220070838928
30M,16000,Frequency,25,0.7775315642356873
30M,16000,Frequency,26,0.7588329911231995
30M,16000,Frequency,27,0.7406004667282104
30M,16000,Frequency,28,0.7240440845489502
30M,16000,Frequency,29,0.7034918069839478
30M,16000,Frequency,30,0.6854907274246216
30M,16000,Frequency,31,0.661412239074707
30M,16000,Frequency,32,0.6482243537902832
30M,16000,Frequency,33,0.6172066330909729
30M,16000,Frequency,34,0.6000174283981323
30M,16000,Frequency,35,0.5728398561477661
30M,16000,Frequency,36,0.5509202480316162
30M,16000,Frequency,37,0.5177528858184814
30M,16000,Frequency,38,0.4942033588886261
30M,16000,Frequency,39,0.46474334597587585
30M,16000,Frequency,40,0.4428284168243408
30M,16000,Frequency,41,0.4226725697517395
30M,16000,Frequency,42,0.4097197353839874
30M,16000,Frequency,43,0.4008547365665436
30M,16000,Frequency,44,0.39722344279289246
30M,16000,Random,0,0.8913668990135193
30M,16000,Random,1,0.8886409997940063
30M,16000,Random,2,0.8962043523788452
30M,16000,Random,3,0.879925012588501
30M,16000,Random,4,0.9116314649581909
30M,16000,Random,5,0.8811452388763428
30M,16000,Random,6,0.8556514382362366
30M,16000,Random,7,0.8937350511550903
30M,16000,Random,8,0.8851754069328308
30M,16000,Random,9,0.8836807012557983
30M,16000,Random,10,0.8869374990463257
30M,16000,Random,11,0.888309121131897
30M,16000,Random,12,0.9013588428497314
30M,16000,Random,13,0.9001647233963013
30M,16000,Random,14,0.8848984837532043
30M,16000,Random,15,0.8915950655937195
30M,16000,Random,16,0.8699162602424622
30M,16000,Random,17,0.8813971281051636
30M,16000,Random,18,0.8810891509056091
30M,16000,Random,19,0.8944295048713684
30M,16000,Random,20,0.8757823705673218
30M,16000,Random,21,0.906760573387146
30M,16000,Random,22,0.8765186071395874
30M,16000,Random,23,0.8705924153327942
30M,16000,Random,24,0.8879744410514832
30M,16000,Random,25,0.8884427547454834
30M,16000,Random,26,0.8922391533851624
30M,16000,Random,27,0.8918537497520447
30M,16000,Random,28,0.8849190473556519
30M,16000,Random,29,0.9059575200080872
30M,16000,Random,30,0.8857023119926453
30M,16000,Random,31,0.8790297508239746
30M,16000,Random,32,0.8769599795341492
30M,16000,Random,33,0.8991970419883728
30M,16000,Random,34,0.9067559242248535
30M,16000,Random,35,0.883753776550293
30M,16000,Random,36,0.8925809860229492
30M,16000,Random,37,0.891653299331665
30M,16000,Random,38,0.8860933780670166
30M,16000,Random,39,0.9071000218391418
30M,16000,Random,40,0.8923132419586182
30M,16000,Random,41,0.8832675814628601
30M,16000,Random,42,0.9011878371238708
30M,16000,Random,43,0.8706411123275757
30M,16000,Random,44,0.9040542244911194
30M,16500,Global,-1,205.36964416503906
30M,16500,Frequency,0,1.5858577489852905
30M,16500,Frequency,1,1.5459901094436646
30M,16500,Frequency,2,1.5070993900299072
30M,16500,Frequency,3,1.45431387424469
30M,16500,Frequency,4,1.3995778560638428
30M,16500,Frequency,5,1.36488938331604
30M,16500,Frequency,6,1.3161635398864746
30M,16500,Frequency,7,1.27924644947052
30M,16500,Frequency,8,1.2376660108566284
30M,16500,Frequency,9,1.1990153789520264
30M,16500,Frequency,10,1.1652579307556152
30M,16500,Frequency,11,1.1317262649536133
30M,16500,Frequency,12,1.0935920476913452
30M,16500,Frequency,13,1.0611991882324219
30M,16500,Frequency,14,1.0237863063812256
30M,16500,Frequency,15,1.0145503282546997
30M,16500,Frequency,16,0.9869204163551331
30M,16500,Frequency,17,0.9578424692153931
30M,16500,Frequency,18,0.9225660562515259
30M,16500,Frequency,19,0.9130465984344482
30M,16500,Frequency,20,0.8898991346359253
30M,16500,Frequency,21,0.8581777215003967
30M,16500,Frequency,22,0.8532422780990601
30M,16500,Frequency,23,0.826059103012085
30M,16500,Frequency,24,0.8032170534133911
30M,16500,Frequency,25,0.7866026163101196
30M,16500,Frequency,26,0.7677828073501587
30M,16500,Frequency,27,0.7484871745109558
30M,16500,Frequency,28,0.7321621179580688
30M,16500,Frequency,29,0.7114818692207336
30M,16500,Frequency,30,0.6924371719360352
30M,16500,Frequency,31,0.6682501435279846
30M,16500,Frequency,32,0.6548388600349426
30M,16500,Frequency,33,0.6232188940048218
30M,16500,Frequency,34,0.6049509048461914
30M,16500,Frequency,35,0.5777196288108826
30M,16500,Frequency,36,0.5558814406394958
30M,16500,Frequency,37,0.5215921401977539
30M,16500,Frequency,38,0.4971455931663513
30M,16500,Frequency,39,0.46709388494491577
30M,16500,Frequency,40,0.4441969096660614
30M,16500,Frequency,41,0.4236440360546112
30M,16500,Frequency,42,0.4102422297000885
30M,16500,Frequency,43,0.40106743574142456
30M,16500,Frequency,44,0.39733925461769104
30M,16500,Random,0,0.9020656943321228
30M,16500,Random,1,0.8994464874267578
30M,16500,Random,2,0.9071261882781982
30M,16500,Random,3,0.8900042772293091
30M,16500,Random,4,0.9220772385597229
30M,16500,Random,5,0.8916419744491577
30M,16500,Random,6,0.8657271862030029
30M,16500,Random,7,0.9043934345245361
30M,16500,Random,8,0.895544171333313
30M,16500,Random,9,0.8938205242156982
30M,16500,Random,10,0.8980869054794312
30M,16500,Random,11,0.8989593982696533
30M,16500,Random,12,0.9123203754425049
30M,16500,Random,13,0.9110811352729797
30M,16500,Random,14,0.8956663608551025
30M,16500,Random,15,0.902479350566864
30M,16500,Random,16,0.8800549507141113
30M,16500,Random,17,0.8913741111755371
30M,16500,Random,18,0.8917202353477478
30M,16500,Random,19,0.9054521322250366
30M,16500,Random,20,0.88606858253479
30M,16500,Random,21,0.9171271324157715
30M,16500,Random,22,0.8864955902099609
30M,16500,Random,23,0.8810384273529053
30M,16500,Random,24,0.8980779647827148
30M,16500,Random,25,0.8983514308929443
30M,16500,Random,26,0.9034410119056702
30M,16500,Random,27,0.902601957321167
30M,16500,Random,28,0.8949151635169983
30M,16500,Random,29,0.9171699285507202
30M,16500,Random,30,0.8961559534072876
30M,16500,Random,31,0.8898694515228271
30M,16500,Random,32,0.8878200650215149
30M,16500,Random,33,0.9094401597976685
30M,16500,Random,34,0.9176412224769592
30M,16500,Random,35,0.8943547606468201
30M,16500,Random,36,0.9034016132354736
30M,16500,Random,37,0.9023188352584839
30M,16500,Random,38,0.8966557383537292
30M,16500,Random,39,0.917880654335022
30M,16500,Random,40,0.9030755162239075
30M,16500,Random,41,0.894266664981842
30M,16500,Random,42,0.9121918678283691
30M,16500,Random,43,0.8814041614532471
30M,16500,Random,44,0.9149782061576843
30M,17000,Global,-1,207.89120483398438
30M,17000,Frequency,0,1.6063748598098755
30M,17000,Frequency,1,1.566143274307251
30M,17000,Frequency,2,1.5270297527313232
30M,17000,Frequency,3,1.4745672941207886
30M,17000,Frequency,4,1.418702244758606
30M,17000,Frequency,5,1.3838051557540894
30M,17000,Frequency,6,1.334533929824829
30M,17000,Frequency,7,1.2962385416030884
30M,17000,Frequency,8,1.2548534870147705
30M,17000,Frequency,9,1.2154098749160767
30M,17000,Frequency,10,1.1807851791381836
30M,17000,Frequency,11,1.1466456651687622
30M,17000,Frequency,12,1.1082137823104858
30M,17000,Frequency,13,1.0753833055496216
30M,17000,Frequency,14,1.036896824836731
30M,17000,Frequency,15,1.028083324432373
30M,17000,Frequency,16,1.0001479387283325
30M,17000,Frequency,17,0.9704543948173523
30M,17000,Frequency,18,0.9340676069259644
30M,17000,Frequency,19,0.9247714281082153
30M,17000,Frequency,20,0.9011315107345581
30M,17000,Frequency,21,0.8684834241867065
30M,17000,Frequency,22,0.8640252947807312
30M,17000,Frequency,23,0.8357599377632141
30M,17000,Frequency,24,0.8126751184463501
30M,17000,Frequency,25,0.795655369758606
30M,17000,Frequency,26,0.7766048312187195
30M,17000,Frequency,27,0.7565791010856628
30M,17000,Frequency,28,0.7401314377784729
30M,17000,Frequency,29,0.7190203666687012
30M,17000,Frequency,30,0.6996397972106934
30M,17000,Frequency,31,0.6750729084014893
30M,17000,Frequency,32,0.661494255065918
30M,17000,Frequency,33,0.629301130771637
30M,17000,Frequency,34,0.6105911731719971
30M,17000,Frequency,35,0.5824123620986938
30M,17000,Frequency,36,0.5604573488235474
30M,17000,Frequency,37,0.5252029895782471
30M,17000,Frequency,38,0.500488817691803
30M,17000,Frequency,39,0.4691679775714874
30M,17000,Frequency,40,0.44606873393058777
30M,17000,Frequency,41,0.4245595932006836
30M,17000,Frequency,42,0.41094541549682617
30M,17000,Frequency,43,0.4012785255908966
30M,17000,Frequency,44,0.39756327867507935
30M,17000,Random,0,0.9130747318267822
30M,17000,Random,1,0.9101607203483582
30M,17000,Random,2,0.9175178408622742
30M,17000,Random,3,0.9001522064208984
30M,17000,Random,4,0.9333860278129578
30M,17000,Random,5,0.9023225903511047
30M,17000,Random,6,0.8758797645568848
30M,17000,Random,7,0.9151612520217896
30M,17000,Random,8,0.9061387181282043
30M,17000,Random,9,0.9030168652534485
30M,17000,Random,10,0.9098809957504272
30M,17000,Random,11,0.9089654684066772
30M,17000,Random,12,0.9236679673194885
30M,17000,Random,13,0.9229339361190796
30M,17000,Random,14,0.9067402482032776
30M,17000,Random,15,0.9128844141960144
30M,17000,Random,16,0.8908304572105408
30M,17000,Random,17,0.9014591574668884
30M,17000,Random,18,0.9023913741111755
30M,17000,Random,19,0.9158573150634766
30M,17000,Random,20,0.8960866928100586
30M,17000,Random,21,0.9283884763717651
30M,17000,Random,22,0.8970502614974976
30M,17000,Random,23,0.8906615972518921
30M,17000,Random,24,0.9088394641876221
30M,17000,Random,25,0.908611536026001
30M,17000,Random,26,0.9133966565132141
30M,17000,Random,27,0.913445234298706
30M,17000,Random,28,0.9047253131866455
30M,17000,Random,29,0.9279763102531433
30M,17000,Random,30,0.9071890711784363
30M,17000,Random,31,0.9005222916603088
30M,17000,Random,32,0.898685872554779
30M,17000,Random,33,0.9196947813034058
30M,17000,Random,34,0.9284738302230835
30M,17000,Random,35,0.9051037430763245
30M,17000,Random,36,0.9145150780677795
30M,17000,Random,37,0.9129625558853149
30M,17000,Random,38,0.9074901342391968
30M,17000,Random,39,0.92902010679245
30M,17000,Random,40,0.9138079881668091
30M,17000,Random,41,0.904633104801178
30M,17000,Random,42,0.9227479696273804
30M,17000,Random,43,0.891976535320282
30M,17000,Random,44,0.9253919124603271
30M,17500,Global,-1,210.3826446533203
30M,17500,Frequency,0,1.6252171993255615
30M,17500,Frequency,1,1.5865312814712524
30M,17500,Frequency,2,1.5464545488357544
30M,17500,Frequency,3,1.4938946962356567
30M,17500,Frequency,4,1.4374282360076904
30M,17500,Frequency,5,1.402732253074646
30M,17500,Frequency,6,1.3525474071502686
30M,17500,Frequency,7,1.3131998777389526
30M,17500,Frequency,8,1.2718629837036133
30M,17500,Frequency,9,1.2310880422592163
30M,17500,Frequency,10,1.1958656311035156
30M,17500,Frequency,11,1.1618568897247314
30M,17500,Frequency,12,1.1224713325500488
30M,17500,Frequency,13,1.089009404182434
30M,17500,Frequency,14,1.0501205921173096
30M,17500,Frequency,15,1.0412460565567017
30M,17500,Frequency,16,1.0126938819885254
30M,17500,Frequency,17,0.9830592274665833
30M,17500,Frequency,18,0.9454351663589478
30M,17500,Frequency,19,0.9361653327941895
30M,17500,Frequency,20,0.9115582704544067
30M,17500,Frequency,21,0.8791030049324036
30M,17500,Frequency,22,0.8743420839309692
30M,17500,Frequency,23,0.846063494682312
30M,17500,Frequency,24,0.8225169777870178
30M,17500,Frequency,25,0.8046635985374451
30M,17500,Frequency,26,0.7854292988777161
30M,17500,Frequency,27,0.7651998996734619
30M,17500,Frequency,28,0.7480579614639282
30M,17500,Frequency,29,0.7271183133125305
30M,17500,Frequency,30,0.7074289917945862
30M,17500,Frequency,31,0.6820040941238403
30M,17500,Frequency,32,0.6679097414016724
30M,17500,Frequency,33,0.6358250975608826
30M,17500,Frequency,34,0.616356611251831
30M,17500,Frequency,35,0.5877990126609802
30M,17500,Frequency,36,0.5652744174003601
30M,17500,Frequency,37,0.5291939377784729
30M,17500,Frequency,38,0.5038185715675354
30M,17500,Frequency,39,0.47144755721092224
30M,17500,Frequency,40,0.44783008098602295
30M,17500,Frequency,41,0.42559555172920227
30M,17500,Frequency,42,0.41162165999412537
30M,17500,Frequency,43,0.4015941917896271
30M,17500,Frequency,44,0.39795172214508057
30M,17500,Random,0,0.9231846332550049
30M,17500,Random,1,0.9210702180862427
30M,17500,Random,2,0.927859902381897
30M,17500,Random,3,0.9099507927894592
30M,17500,Random,4,0.9447256326675415
30M,17500,Random,5,0.9128719568252563
30M,17500,Random,6,0.8864112496376038
30M,17500,Random,7,0.9254317283630371
30M,17500,Random,8,0.9170733690261841
30M,17500,Random,9,0.9138076901435852
30M,17500,Random,10,0.9204736948013306
30M,17500,Random,11,0.919325053691864
30M,17500,Random,12,0.9339883923530579
30M,17500,Random,13,0.9332023859024048
30M,17500,Random,14,0.9166032671928406
30M,17500,Random,15,0.9240182638168335
30M,17500,Random,16,0.9016379714012146
30M,17500,Random,17,0.9126358032226562
30M,17500,Random,18,0.9128000140190125
30M,17500,Random,19,0.9264102578163147
30M,17500,Random,20,0.9062278866767883
30M,17500,Random,21,0.9391838908195496
30M,17500,Random,22,0.9077862501144409
30M,17500,Random,23,0.9005481004714966
30M,17500,Random,24,0.9192086458206177
30M,17500,Random,25,0.9196107387542725
30M,17500,Random,26,0.9237527847290039
30M,17500,Random,27,0.9246087074279785
30M,17500,Random,28,0.9156485795974731
30M,17500,Random,29,0.9384208917617798
30M,17500,Random,30,0.9175830483436584
30M,17500,Random,31,0.9108036160469055
30M,17500,Random,32,0.9095454812049866
30M,17500,Random,33,0.9301198124885559
30M,17500,Random,34,0.9392781853675842
30M,17500,Random,35,0.9148240685462952
30M,17500,Random,36,0.9256033897399902
30M,17500,Random,37,0.9230939745903015
30M,17500,Random,38,0.9177215695381165
30M,17500,Random,39,0.9393340945243835
30M,17500,Random,40,0.924647331237793
30M,17500,Random,41,0.9152977466583252
30M,17500,Random,42,0.9331970810890198
30M,17500,Random,43,0.9029165506362915
30M,17500,Random,44,0.9368577003479004
30M,18000,Global,-1,212.83950805664062
30M,18000,Frequency,0,1.6430113315582275
30M,18000,Frequency,1,1.606082797050476
30M,18000,Frequency,2,1.5655434131622314
30M,18000,Frequency,3,1.5128748416900635
30M,18000,Frequency,4,1.4564805030822754
30M,18000,Frequency,5,1.4216907024383545
30M,18000,Frequency,6,1.3700448274612427
30M,18000,Frequency,7,1.329428791999817
30M,18000,Frequency,8,1.2882112264633179
30M,18000,Frequency,9,1.2464872598648071
30M,18000,Frequency,10,1.2113749980926514
30M,18000,Frequency,11,1.1768206357955933
30M,18000,Frequency,12,1.1362050771713257
30M,18000,Frequency,13,1.1028269529342651
30M,18000,Frequency,14,1.063468337059021
30M,18000,Frequency,15,1.0546855926513672
30M,18000,Frequency,16,1.0253695249557495
30M,18000,Frequency,17,0.9952328205108643
30M,18000,Frequency,18,0.9577537178993225
30M,18000,Frequency,19,0.9476278424263
30M,18000,Frequency,20,0.9224721193313599
30M,18000,Frequency,21,0.8893678188323975
30M,18000,Frequency,22,0.8840780854225159
30M,18000,Frequency,23,0.8557969331741333
30M,18000,Frequency,24,0.8324574828147888
30M,18000,Frequency,25,0.8136554956436157
30M,18000,Frequency,26,0.7948874235153198
30M,18000,Frequency,27,0.7742781639099121
30M,18000,Frequency,28,0.7556023001670837
30M,18000,Frequency,29,0.73471999168396
30M,18000,Frequency,30,0.7145613431930542
30M,18000,Frequency,31,0.6886096000671387
30M,18000,Frequency,32,0.6744959950447083
30M,18000,Frequency,33,0.6414244174957275
30M,18000,Frequency,34,0.6220611333847046
30M,18000,Frequency,35,0.5931116342544556
30M,18000,Frequency,36,0.5696669816970825
30M,18000,Frequency,37,0.5326234102249146
30M,18000,Frequency,38,0.5070815682411194
30M,18000,Frequency,39,0.4737953245639801
30M,18000,Frequency,40,0.4495985805988312
30M,18000,Frequency,41,0.42697879672050476
30M,18000,Frequency,42,0.41232290863990784
30M,18000,Frequency,43,0.40190574526786804
30M,18000,Frequency,44,0.3980974853038788
30M,18000,Random,0,0.9336444735527039
30M,18000,Random,1,0.9313991665840149
30M,18000,Random,2,0.9385607242584229
30M,18000,Random,3,0.9194930791854858
30M,18000,Random,4,0.9558913707733154
30M,18000,Random,5,0.9233734011650085
30M,18000,Random,6,0.8962113261222839
30M,18000,Random,7,0.9366359114646912
30M,18000,Random,8,0.9275684356689453
30M,18000,Random,9,0.9242189526557922
30M,18000,Random,10,0.9306613206863403
30M,18000,Random,11,0.9294681549072266
30M,18000,Random,12,0.9449666738510132
30M,18000,Random,13,0.9439488649368286
30M,18000,Random,14,0.9269136190414429
30M,18000,Random,15,0.9345524907112122
30M,18000,Random,16,0.9112077355384827
30M,18000,Random,17,0.9229265451431274
30M,18000,Random,18,0.9227331876754761
30M,18000,Random,19,0.9376409649848938
30M,18000,Random,20,0.916169285774231
30M,18000,Random,21,0.9497275948524475
30M,18000,Random,22,0.9184238314628601
30M,18000,Random,23,0.9104885458946228
30M,18000,Random,24,0.9290985465049744
30M,18000,Random,25,0.9300029277801514
30M,18000,Random,26,0.9346647262573242
30M,18000,Random,27,0.934866189956665
30M,18000,Random,28,0.9261170625686646
30M,18000,Random,29,0.9484735727310181
30M,18000,Random,30,0.9279938340187073
30M,18000,Random,31,0.9208472967147827
30M,18000,Random,32,0.9197167754173279
30M,18000,Random,33,0.9406691789627075
30M,18000,Random,34,0.9499569535255432
30M,18000,Random,35,0.9249769449234009
30M,18000,Random,36,0.9359440803527832
30M,18000,Random,37,0.9340548515319824
30M,18000,Random,38,0.9283236265182495
30M,18000,Random,39,0.9503720998764038
30M,18000,Random,40,0.9354589581489563
30M,18000,Random,41,0.9253978133201599
30M,18000,Random,42,0.9437748193740845
30M,18000,Random,43,0.9124088883399963
30M,18000,Random,44,0.947618305683136
30M,18500,Global,-1,215.24598693847656
30M,18500,Frequency,0,1.6615082025527954
30M,18500,Frequency,1,1.6252385377883911
30M,18500,Frequency,2,1.583646535873413
30M,18500,Frequency,3,1.5312601327896118
30M,18500,Frequency,4,1.4744685888290405
30M,18500,Frequency,5,1.4393976926803589
30M,18500,Frequency,6,1.3872016668319702
30M,18500,Frequency,7,1.3454563617706299
30M,18500,Frequency,8,1.3038002252578735
30M,18500,Frequency,9,1.2622021436691284
30M,18500,Frequency,10,1.2268890142440796
30M,18500,Frequency,11,1.1921985149383545
30M,18500,Frequency,12,1.150089979171753
30M,18500,Frequency,13,1.116487979888916
30M,18500,Frequency,14,1.0765964984893799
30M,18500,Frequency,15,1.0672491788864136
30M,18500,Frequency,16,1.0374674797058105
30M,18500,Frequency,17,1.0076390504837036
30M,18500,Frequency,18,0.9689434170722961
30M,18500,Frequency,19,0.9582789540290833
30M,18500,Frequency,20,0.9334847927093506
30M,18500,Frequency,21,0.8992518186569214
30M,18500,Frequency,22,0.8941704034805298
30M,18500,Frequency,23,0.8652148246765137
30M,18500,Frequency,24,0.8413614630699158
30M,18500,Frequency,25,0.8224560618400574
30M,18500,Frequency,26,0.8034465909004211
30M,18500,Frequency,27,0.7826473116874695
30M,18500,Frequency,28,0.7634435892105103
30M,18500,Frequency,29,0.7428500652313232
30M,18500,Frequency,30,0.7221982479095459
30M,18500,Frequency,31,0.696052610874176
30M,18500,Frequency,32,0.6810081005096436
30M,18500,Frequency,33,0.6473076343536377
30M,18500,Frequency,34,0.6276397705078125
30M,18500,Frequency,35,0.5980639457702637
30M,18500,Frequency,36,0.5740939974784851
30M,18500,Frequency,37,0.5363844633102417
30M,18500,Frequency,38,0.5102589130401611
30M,18500,Frequency,39,0.4763762950897217
30M,18500,Frequency,40,0.4513604938983917
30M,18500,Frequency,41,0.42804574966430664
30M,18500,Frequency,42,0.41297322511672974
30M,18500,Frequency,43,0.4023522734642029
30M,18500,Frequency,44,0.39846494793891907
30M,18500,Random,0,0.9436795711517334
30M,18500,Random,1,0.9412810206413269
30M,18500,Random,2,0.9487691521644592
30M,18500,Random,3,0.9295074939727783
30M,18500,Random,4,0.9674094915390015
30M,18500,Random,5,0.933646023273468
30M,18500,Random,6,0.9051941633224487
30M,18500,Random,7,0.9470314979553223
30M,18500,Random,8,0.937662661075592
30M,18500,Random,9,0.9342021346092224
30M,18500,Random,10,0.9404048919677734
30M,18500,Random,11,0.9388635158538818
30M,18500,Random,12,0.9559363126754761
30M,18500,Random,13,0.9543203115463257
30M,18500,Random,14,0.9368253946304321
30M,18500,Random,15,0.9450387954711914
30M,18500,Random,16,0.9211028218269348
30M,18500,Random,17,0.9329155087471008
30M,18500,Random,18,0.9326081871986389
30M,18500,Random,19,0.948058545589447
30M,18500,Random,20,0.9266396760940552
30M,18500,Random,21,0.9601998925209045
30M,18500,Random,22,0.9284533858299255
30M,18500,Random,23,0.9204425811767578
30M,18500,Random,24,0.9389315247535706
30M,18500,Random,25,0.939802885055542
30M,18500,Random,26,0.9450478553771973
30M,18500,Random,27,0.9454157948493958
30M,18500,Random,28,0.9363898038864136
30M,18500,Random,29,0.9587674140930176
30M,18500,Random,30,0.9379738569259644
30M,18500,Random,31,0.9311411380767822
30M,18500,Random,32,0.9306085109710693
30M,18500,Random,33,0.9509626626968384
30M,18500,Random,34,0.9608215093612671
30M,18500,Random,35,0.9349700808525085
30M,18500,Random,36,0.9463566541671753
30M,18500,Random,37,0.9443928599357605
30M,18500,Random,38,0.9391845464706421
30M,18500,Random,39,0.9609640836715698
30M,18500,Random,40,0.9453917741775513
30M,18500,Random,41,0.935395359992981
30M,18500,Random,42,0.9546176195144653
30M,18500,Random,43,0.9222889542579651
30M,18500,Random,44,0.9560760259628296
30M,19000,Global,-1,217.64273071289062
30M,19000,Frequency,0,1.6799912452697754
30M,19000,Frequency,1,1.643449306488037
30M,19000,Frequency,2,1.602296233177185
30M,19000,Frequency,3,1.5493156909942627
30M,19000,Frequency,4,1.4924653768539429
30M,19000,Frequency,5,1.4574767351150513
30M,19000,Frequency,6,1.4038006067276
30M,19000,Frequency,7,1.3619279861450195
30M,19000,Frequency,8,1.31937837600708
30M,19000,Frequency,9,1.2776618003845215
30M,19000,Frequency,10,1.2425874471664429
30M,19000,Frequency,11,1.2067843675613403
30M,19000,Frequency,12,1.1641546487808228
30M,19000,Frequency,13,1.1292805671691895
30M,19000,Frequency,14,1.089385747909546
30M,19000,Frequency,15,1.0799189805984497
30M,19000,Frequency,16,1.0501782894134521
30M,19000,Frequency,17,1.0194199085235596
30M,19000,Frequency,18,0.9804882407188416
30M,19000,Frequency,19,0.9695550203323364
30M,19000,Frequency,20,0.9446377754211426
30M,19000,Frequency,21,0.9092438817024231
30M,19000,Frequency,22,0.9039247035980225
30M,19000,Frequency,23,0.8749129772186279
30M,19000,Frequency,24,0.8502886891365051
30M,19000,Frequency,25,0.8311168551445007
30M,19000,Frequency,26,0.8118174076080322
30M,19000,Frequency,27,0.7913409471511841
30M,19000,Frequency,28,0.771888792514801
30M,19000,Frequency,29,0.7502651214599609
30M,19000,Frequency,30,0.7294251322746277
30M,19000,Frequency,31,0.7029181122779846
30M,19000,Frequency,32,0.6877234578132629
30M,19000,Frequency,33,0.6531044840812683
30M,19000,Frequency,34,0.6329814195632935
30M,19000,Frequency,35,0.6031108498573303
30M,19000,Frequency,36,0.5781950950622559
30M,19000,Frequency,37,0.5399746894836426
30M,19000,Frequency,38,0.5134801268577576
30M,19000,Frequency,39,0.47866547107696533
30M,19000,Frequency,40,0.45322367548942566
30M,19000,Frequency,41,0.42926520109176636
30M,19000,Frequency,42,0.41358160972595215
30M,19000,Frequency,43,0.4026399552822113
30M,19000,Frequency,44,0.3987063765525818
30M,19000,Random,0,0.9538909196853638
30M,19000,Random,1,0.9513571262359619
30M,19000,Random,2,0.959227442741394
30M,19000,Random,3,0.9397806525230408
30M,19000,Random,4,0.9781066179275513
30M,19000,Random,5,0.9435147047042847
30M,19000,Random,6,0.9145216345787048
30M,19000,Random,7,0.9565580487251282
30M,19000,Random,8,0.9479320645332336
30M,19000,Random,9,0.9439897537231445
30M,19000,Random,10,0.9500902891159058
30M,19000,Random,11,0.9494196176528931
30M,19000,Random,12,0.9664181470870972
30M,19000,Random,13,0.9649355411529541
30M,19000,Random,14,0.9468473196029663
30M,19000,Random,15,0.9557393789291382
30M,19000,Random,16,0.9314644932746887
30M,19000,Random,17,0.9430078864097595
30M,19000,Random,18,0.9422666430473328
30M,19000,Random,19,0.9583632946014404
30M,19000,Random,20,0.936994731426239
30M,19000,Random,21,0.970196545124054
30M,19000,Random,22,0.9385989308357239
30M,19000,Random,23,0.9304561614990234
30M,19000,Random,24,0.9489678740501404
30M,19000,Random,25,0.9501926302909851
30M,19000,Random,26,0.9551932215690613
30M,19000,Random,27,0.9553566575050354
30M,19000,Random,28,0.94598388671875
30M,19000,Random,29,0.9692057371139526
30M,19000,Random,30,0.9480251669883728
30M,19000,Random,31,0.9414678812026978
30M,19000,Random,32,0.9410016536712646
30M,19000,Random,33,0.9613129496574402
30M,19000,Random,34,0.9715760946273804
30M,19000,Random,35,0.9446666836738586
30M,19000,Random,36,0.9565790295600891
30M,19000,Random,37,0.9541211128234863
30M,19000,Random,38,0.9495141506195068
30M,19000,Random,39,0.971148669719696
30M,19000,Random,40,0.9557360410690308
30M,19000,Random,41,0.9454823136329651
30M,19000,Random,42,0.9643622636795044
30M,19000,Random,43,0.9323927164077759
30M,19000,Random,44,0.9660866260528564
30M,19500,Global,-1,219.99530029296875
30M,19500,Frequency,0,1.6973165273666382
30M,19500,Frequency,1,1.6627278327941895
30M,19500,Frequency,2,1.6208878755569458
30M,19500,Frequency,3,1.5680099725723267
30M,19500,Frequency,4,1.508969783782959
30M,19500,Frequency,5,1.4750604629516602
30M,19500,Frequency,6,1.4202243089675903
30M,19500,Frequency,7,1.3779895305633545
30M,19500,Frequency,8,1.335018277168274
30M,19500,Frequency,9,1.292104959487915
30M,19500,Frequency,10,1.2569093704223633
30M,19500,Frequency,11,1.2215994596481323
30M,19500,Frequency,12,1.17746901512146
30M,19500,Frequency,13,1.1426063776016235
30M,19500,Frequency,14,1.1018997430801392
30M,19500,Frequency,15,1.0923726558685303
30M,19500,Frequency,16,1.0621569156646729
30M,19500,Frequency,17,1.0312377214431763
30M,19500,Frequency,18,0.9915677309036255
30M,19500,Frequency,19,0.9799916744232178
30M,19500,Frequency,20,0.9552146196365356
30M,19500,Frequency,21,0.9191318154335022
30M,19500,Frequency,22,0.9140260219573975
30M,19500,Frequency,23,0.8841766119003296
30M,19500,Frequency,24,0.8598307371139526
30M,19500,Frequency,25,0.8400403261184692
30M,19500,Frequency,26,0.8201751112937927
30M,19500,Frequency,27,0.7996782660484314
30M,19500,Frequency,28,0.7795963287353516
30M,19500,Frequency,29,0.7578422427177429
30M,19500,Frequency,30,0.7363801002502441
30M,19500,Frequency,31,0.7093332409858704
30M,19500,Frequency,32,0.6940643191337585
30M,19500,Frequency,33,0.65897536277771
30M,19500,Frequency,34,0.637993335723877
30M,19500,Frequency,35,0.6083682179450989
30M,19500,Frequency,36,0.5827504396438599
30M,19500,Frequency,37,0.5435587763786316
30M,19500,Frequency,38,0.5167509317398071
30M,19500,Frequency,39,0.48085176944732666
30M,19500,Frequency,40,0.45459529757499695
30M,19500,Frequency,41,0.43028533458709717
30M,19500,Frequency,42,0.41415607929229736
30M,19500,Frequency,43,0.4029211103916168
30M,19500,Frequency,44,0.3989417254924774
30M,19500,Random,0,0.9641731977462769
30M,19500,Random,1,0.960646390914917
30M,19500,Random,2,0.9699068069458008
30M,19500,Random,3,0.9496186375617981
30M,19500,Random,4,0.9883477687835693
30M,19500,Random,5,0.9531325101852417
30M,19500,Random,6,0.9238969683647156
30M,19500,Random,7,0.9669862389564514
30M,19500,Random,8,0.95760178565979
30M,19500,Random,9,0.9545230269432068
30M,19500,Random,10,0.9598312377929688
30M,19500,Random,11,0.9595730304718018
30M,19500,Random,12,0.9759260416030884
30M,19500,Random,13,0.9751500487327576
30M,19500,Random,14,0.9568091034889221
30M,19500,Random,15,0.9659984707832336
30M,19500,Random,16,0.9412221908569336
30M,19500,Random,17,0.9525062441825867
30M,19500,Random,18,0.9523017406463623
30M,19500,Random,19,0.9682068824768066
30M,19500,Random,20,0.9469394683837891
30M,19500,Random,21,0.9804482460021973
30M,19500,Random,22,0.9483763575553894
30M,19500,Random,23,0.9399971961975098
30M,19500,Random,24,0.9591502547264099
30M,19500,Random,25,0.9601022005081177
30M,19500,Random,26,0.9652804732322693
30M,19500,Random,27,0.9647637009620667
30M,19500,Random,28,0.9561773538589478
30M,19500,Random,29,0.9792446494102478
30M,19500,Random,30,0.9572598934173584
30M,19500,Random,31,0.9518703818321228
30M,19500,Random,32,0.9505420923233032
30M,19500,Random,33,0.9713757038116455
30M,19500,Random,34,0.982421875
30M,19500,Random,35,0.9545553922653198
30M,19500,Random,36,0.9663543701171875
30M,19500,Random,37,0.9635136723518372
30M,19500,Random,38,0.9597667455673218
30M,19500,Random,39,0.9818543791770935
30M,19500,Random,40,0.965864896774292
30M,19500,Random,41,0.9548366665840149
30M,19500,Random,42,0.9741129875183105
30M,19500,Random,43,0.9421299695968628
30M,19500,Random,44,0.975323498249054
30M,20000,Global,-1,222.31753540039062
30M,20000,Frequency,0,1.7148772478103638
30M,20000,Frequency,1,1.6814011335372925
30M,20000,Frequency,2,1.6388224363327026
30M,20000,Frequency,3,1.585174798965454
30M,20000,Frequency,4,1.526822805404663
30M,20000,Frequency,5,1.4921518564224243
30M,20000,Frequency,6,1.4367196559906006
30M,20000,Frequency,7,1.3940019607543945
30M,20000,Frequency,8,1.3509547710418701
30M,20000,Frequency,9,1.3070119619369507
30M,20000,Frequency,10,1.2717269659042358
30M,20000,Frequency,11,1.2360233068466187
30M,20000,Frequency,12,1.1910796165466309
30M,20000,Frequency,13,1.154740333557129
30M,20000,Frequency,14,1.1150109767913818
30M,20000,Frequency,15,1.1050560474395752
30M,20000,Frequency,16,1.0736013650894165
30M,20000,Frequency,17,1.0425342321395874
30M,20000,Frequency,18,1.0022891759872437
30M,20000,Frequency,19,0.9911292791366577
30M,20000,Frequency,20,0.9653675556182861
30M,20000,Frequency,21,0.9290040135383606
30M,20000,Frequency,22,0.9238735437393188
30M,20000,Frequency,23,0.8934245109558105
30M,20000,Frequency,24,0.8693704009056091
30M,20000,Frequency,25,0.8485140800476074
30M,20000,Frequency,26,0.8282248377799988
30M,20000,Frequency,27,0.8079912066459656
30M,20000,Frequency,28,0.7872017025947571
30M,20000,Frequency,29,0.7650052309036255
30M,20000,Frequency,30,0.7427048683166504
30M,20000,Frequency,31,0.715226948261261
30M,20000,Frequency,32,0.700065553188324
30M,20000,Frequency,33,0.6642014980316162
30M,20000,Frequency,34,0.6428919434547424
30M,20000,Frequency,35,0.6134317517280579
30M,20000,Frequency,36,0.5865845084190369
30M,20000,Frequency,37,0.5473778247833252
30M,20000,Frequency,38,0.5200592279434204
30M,20000,Frequency,39,0.4831913411617279
30M,20000,Frequency,40,0.45611196756362915
30M,20000,Frequency,41,0.43131497502326965
30M,20000,Frequency,42,0.4146743714809418
30M,20000,Frequency,43,0.4032321572303772
30M,20000,Frequency,44,0.3990717828273773
30M,20000,Random,0,0.9742516875267029
30M,20000,Random,1,0.9703909754753113
30M,20000,Random,2,0.9795714616775513
30M,20000,Random,3,0.9588730335235596
30M,20000,Random,4,0.9988763928413391
30M,20000,Random,5,0.9625310301780701
30M,20000,Random,6,0.9327439069747925
30M,20000,Random,7,0.9768829345703125
30M,20000,Random,8,0.9675772190093994
30M,20000,Random,9,0.9641270637512207
30M,20000,Random,10,0.9691063165664673
30M,20000,Random,11,0.9699540734291077
30M,20000,Random,12,0.9860261082649231
30M,20000,Random,13,0.985007643699646
30M,20000,Random,14,0.9670349955558777
30M,20000,Random,15,0.976132869720459
30M,20000,Random,16,0.9505190253257751
30M,20000,Random,17,0.9617223739624023
30M,20000,Random,18,0.9617657661437988
30M,20000,Random,19,0.9776778221130371
30M,20000,Random,20,0.9566166996955872
30M,20000,Random,21,0.9897379875183105
30M,20000,Random,22,0.9579249620437622
30M,20000,Random,23,0.9492260217666626
30M,20000,Random,24,0.9685500264167786
30M,20000,Random,25,0.9699640870094299
30M,20000,Random,26,0.9752616286277771
30M,20000,Random,27,0.9750152230262756
30M,20000,Random,28,0.9658722281455994
30M,20000,Random,29,0.9896297454833984
30M,20000,Random,30,0.9669511318206787
30M,20000,Random,31,0.9618760943412781
30M,20000,Random,32,0.9609612226486206
30M,20000,Random,33,0.9816454648971558
30M,20000,Random,34,0.9927725791931152
30M,20000,Random,35,0.9639886021614075
30M,20000,Random,36,0.9765915274620056
30M,20000,Random,37,0.9740611910820007
30M,20000,Random,38,0.9692043662071228
30M,20000,Random,39,0.9919078350067139
30M,20000,Random,40,0.9758560657501221
30M,20000,Random,41,0.9640122056007385
30M,20000,Random,42,0.9839485287666321
30M,20000,Random,43,0.9517800807952881
30M,20000,Random,44,0.9856048822402954
30M,20500,Global,-1,224.6285858154297
30M,20500,Frequency,0,1.7322760820388794
30M,20500,Frequency,1,1.6990536451339722
30M,20500,Frequency,2,1.6570751667022705
30M,20500,Frequency,3,1.6024014949798584
30M,20500,Frequency,4,1.5445443391799927
30M,20500,Frequency,5,1.5088671445846558
30M,20500,Frequency,6,1.4531201124191284
30M,20500,Frequency,7,1.4093050956726074
30M,20500,Frequency,8,1.3665205240249634
30M,20500,Frequency,9,1.3212318420410156
30M,20500,Frequency,10,1.2861623764038086
30M,20500,Frequency,11,1.2501524686813354
30M,20500,Frequency,12,1.2042244672775269
30M,20500,Frequency,13,1.1678615808486938
30M,20500,Frequency,14,1.1277344226837158
30M,20500,Frequency,15,1.1169489622116089
30M,20500,Frequency,16,1.0852609872817993
30M,20500,Frequency,17,1.0538921356201172
30M,20500,Frequency,18,1.0132744312286377
30M,20500,Frequency,19,1.0018861293792725
30M,20500,Frequency,20,0.9754202961921692
30M,20500,Frequency,21,0.9387388825416565
30M,20500,Frequency,22,0.9335879683494568
30M,20500,Frequency,23,0.9023710489273071
30M,20500,Frequency,24,0.8784947395324707
30M,20500,Frequency,25,0.8569895029067993
30M,20500,Frequency,26,0.8370289206504822
30M,20500,Frequency,27,0.8160816431045532
30M,20500,Frequency,28,0.7945584654808044
30M,20500,Frequency,29,0.7725186944007874
30M,20500,Frequency,30,0.7497448325157166
30M,20500,Frequency,31,0.7216581106185913
30M,20500,Frequency,32,0.706449031829834
30M,20500,Frequency,33,0.6698229908943176
30M,20500,Frequency,34,0.6484315991401672
30M,20500,Frequency,35,0.6184003949165344
30M,20500,Frequency,36,0.5910465121269226
30M,20500,Frequency,37,0.5512840747833252
30M,20500,Frequency,38,0.5232508182525635
30M,20500,Frequency,39,0.4855390191078186
30M,20500,Frequency,40,0.4574493169784546
30M,20500,Frequency,41,0.4322988986968994
30M,20500,Frequency,42,0.41512781381607056
30M,20500,Frequency,43,0.403530478477478
30M,20500,Frequency,44,0.3992496728897095
30M,20500,Random,0,0.9839330315589905
30M,20500,Random,1,0.9804795980453491
30M,20500,Random,2,0.9895148277282715
30M,20500,Random,3,0.9683471918106079
30M,20500,Random,4,1.0088914632797241
30M,20500,Random,5,0.9722836017608643
30M,20500,Random,6,0.941534161567688
30M,20500,Random,7,0.9868994355201721
30M,20500,Random,8,0.9777722954750061
30M,20500,Random,9,0.9731699228286743
30M,20500,Random,10,0.9789589047431946
30M,20500,Random,11,0.9806753396987915
30M,20500,Random,12,0.9961073994636536
30M,20500,Random,13,0.9955419301986694
30M,20500,Random,14,0.9765146374702454
30M,20500,Random,15,0.9858646988868713
30M,20500,Random,16,0.9604615569114685
30M,20500,Random,17,0.9712632894515991
30M,20500,Random,18,0.9707878232002258
30M,20500,Random,19,0.9876604080200195
30M,20500,Random,20,0.9661564826965332
30M,20500,Random,21,0.9998474717140198
30M,20500,Random,22,0.9673284888267517
30M,20500,Random,23,0.9584019184112549
30M,20500,Random,24,0.9779219031333923
30M,20500,Random,25,0.9797493815422058
30M,20500,Random,26,0.9853503704071045
30M,20500,Random,27,0.9849342107772827
30M,20500,Random,28,0.9756720066070557
30M,20500,Random,29,0.9991815090179443
30M,20500,Random,30,0.976406991481781
30M,20500,Random,31,0.9717262387275696
30M,20500,Random,32,0.970470666885376
30M,20500,Random,33,0.991437554359436
30M,20500,Random,34,1.0023964643478394
30M,20500,Random,35,0.9732749462127686
30M,20500,Random,36,0.9862787127494812
30M,20500,Random,37,0.983917772769928
30M,20500,Random,38,0.9794973134994507
30M,20500,Random,39,1.0024516582489014
30M,20500,Random,40,0.9856663942337036
30M,20500,Random,41,0.9736593961715698
30M,20500,Random,42,0.993869960308075
30M,20500,Random,43,0.9609637260437012
30M,20500,Random,44,0.9952138662338257
30M,21000,Global,-1,226.8977813720703
30M,21000,Frequency,0,1.7494252920150757
30M,21000,Frequency,1,1.7170542478561401
30M,21000,Frequency,2,1.6739014387130737
30M,21000,Frequency,3,1.6199930906295776
30M,21000,Frequency,4,1.5613398551940918
30M,21000,Frequency,5,1.525680422782898
30M,21000,Frequency,6,1.469145655632019
30M,21000,Frequency,7,1.4247138500213623
30M,21000,Frequency,8,1.3812223672866821
30M,21000,Frequency,9,1.336634874343872
30M,21000,Frequency,10,1.2999356985092163
30M,21000,Frequency,11,1.2639055252075195
30M,21000,Frequency,12,1.2175363302230835
30M,21000,Frequency,13,1.180861234664917
30M,21000,Frequency,14,1.1400715112686157
30M,21000,Frequency,15,1.1291474103927612
30M,21000,Frequency,16,1.0964524745941162
30M,21000,Frequency,17,1.0655255317687988
30M,21000,Frequency,18,1.0241659879684448
30M,21000,Frequency,19,1.0126888751983643
30M,21000,Frequency,20,0.9855871200561523
30M,21000,Frequency,21,0.948688805103302
30M,21000,Frequency,22,0.943032443523407
30M,21000,Frequency,23,0.9109511375427246
30M,21000,Frequency,24,0.8872233033180237
30M,21000,Frequency,25,0.8652865886688232
30M,21000,Frequency,26,0.8450860977172852
30M,21000,Frequency,27,0.8237242102622986
30M,21000,Frequency,28,0.8021894693374634
30M,21000,Frequency,29,0.7794846296310425
30M,21000,Frequency,30,0.7563173174858093
30M,21000,Frequency,31,0.728253185749054
30M,21000,Frequency,32,0.7121443748474121
30M,21000,Frequency,33,0.6753004789352417
30M,21000,Frequency,34,0.6536712646484375
30M,21000,Frequency,35,0.6227701902389526
30M,21000,Frequency,36,0.5951849818229675
30M,21000,Frequency,37,0.554983377456665
30M,21000,Frequency,38,0.526305079460144
30M,21000,Frequency,39,0.48773786425590515
30M,21000,Frequency,40,0.4589660167694092
30M,21000,Frequency,41,0.4335358142852783
30M,21000,Frequency,42,0.41565045714378357
30M,21000,Frequency,43,0.4037991464138031
30M,21000,Frequency,44,0.39938318729400635
30M,21000,Random,0,0.9935147166252136
30M,21000,Random,1,0.9901387095451355
30M,21000,Random,2,0.9993995428085327
30M,21000,Random,3,0.9776076078414917
30M,21000,Random,4,1.0184693336486816
30M,21000,Random,5,0.9817699193954468
30M,21000,Random,6,0.950843870639801
30M,21000,Random,7,0.9960265159606934
30M,21000,Random,8,0.9874469041824341
30M,21000,Random,9,0.9833362698554993
30M,21000,Random,10,0.9887091517448425
30M,21000,Random,11,0.9903866052627563
30M,21000,Random,12,1.0065515041351318
30M,21000,Random,13,1.0051051378250122
30M,21000,Random,14,0.9862139225006104
30M,21000,Random,15,0.9955238103866577
30M,21000,Random,16,0.9699060320854187
30M,21000,Random,17,0.9803866744041443
30M,21000,Random,18,0.980010449886322
30M,21000,Random,19,0.9969121217727661
30M,21000,Random,20,0.9753588438034058
30M,21000,Random,21,1.0093261003494263
30M,21000,Random,22,0.9771451950073242
30M,21000,Random,23,0.9679492115974426
30M,21000,Random,24,0.9872919917106628
30M,21000,Random,25,0.988936185836792
30M,21000,Random,26,0.9947055578231812
30M,21000,Random,27,0.9947012662887573
30M,21000,Random,28,0.9854634404182434
30M,21000,Random,29,1.0094541311264038
30M,21000,Random,30,0.9856188893318176
30M,21000,Random,31,0.9809603095054626
30M,21000,Random,32,0.9796487092971802
30M,21000,Random,33,1.0012692213058472
30M,21000,Random,34,1.012567162513733
30M,21000,Random,35,0.9823944568634033
30M,21000,Random,36,0.9956997036933899
30M,21000,Random,37,0.9939069151878357
30M,21000,Random,38,0.9890953898429871
30M,21000,Random,39,1.0126347541809082
30M,21000,Random,40,0.9956328868865967
30M,21000,Random,41,0.9830208420753479
30M,21000,Random,42,1.0036792755126953
30M,21000,Random,43,0.9700610637664795
30M,21000,Random,44,1.0037786960601807
30M,21500,Global,-1,229.19273376464844
30M,21500,Frequency,0,1.7656339406967163
30M,21500,Frequency,1,1.7348517179489136
30M,21500,Frequency,2,1.6920006275177002
30M,21500,Frequency,3,1.6378874778747559
30M,21500,Frequency,4,1.5791714191436768
30M,21500,Frequency,5,1.54155433177948
30M,21500,Frequency,6,1.4846346378326416
30M,21500,Frequency,7,1.4408024549484253
30M,21500,Frequency,8,1.3969440460205078
30M,21500,Frequency,9,1.3507914543151855
30M,21500,Frequency,10,1.3142259120941162
30M,21500,Frequency,11,1.2779128551483154
30M,21500,Frequency,12,1.230684518814087
30M,21500,Frequency,13,1.193615436553955
30M,21500,Frequency,14,1.152040719985962
30M,21500,Frequency,15,1.14167320728302
30M,21500,Frequency,16,1.108425498008728
30M,21500,Frequency,17,1.077201008796692
30M,21500,Frequency,18,1.0350749492645264
30M,21500,Frequency,19,1.0233678817749023
30M,21500,Frequency,20,0.9958620667457581
30M,21500,Frequency,21,0.9587228298187256
30M,21500,Frequency,22,0.9527158141136169
30M,21500,Frequency,23,0.919450581073761
30M,21500,Frequency,24,0.8964767456054688
30M,21500,Frequency,25,0.873981237411499
30M,21500,Frequency,26,0.8540635704994202
30M,21500,Frequency,27,0.8318822979927063
30M,21500,Frequency,28,0.8097765445709229
30M,21500,Frequency,29,0.7866341471672058
30M,21500,Frequency,30,0.7631852626800537
30M,21500,Frequency,31,0.7351614832878113
30M,21500,Frequency,32,0.7182783484458923
30M,21500,Frequency,33,0.6812257170677185
30M,21500,Frequency,34,0.6587613821029663
30M,21500,Frequency,35,0.627483069896698
30M,21500,Frequency,36,0.5997206568717957
30M,21500,Frequency,37,0.55843585729599
30M,21500,Frequency,38,0.5295320153236389
30M,21500,Frequency,39,0.49017220735549927
30M,21500,Frequency,40,0.4606426954269409
30M,21500,Frequency,41,0.43435537815093994
30M,21500,Frequency,42,0.4161699712276459
30M,21500,Frequency,43,0.40404248237609863
30M,21500,Frequency,44,0.39951857924461365
30M,21500,Random,0,1.0030163526535034
30M,21500,Random,1,0.9994372725486755
30M,21500,Random,2,1.0088492631912231
30M,21500,Random,3,0.98757004737854
30M,21500,Random,4,1.0284504890441895
30M,21500,Random,5,0.991699755191803
30M,21500,Random,6,0.9602727293968201
30M,21500,Random,7,1.006081223487854
30M,21500,Random,8,0.9976732134819031
30M,21500,Random,9,0.9933776259422302
30M,21500,Random,10,0.9983091950416565
30M,21500,Random,11,1.0005525350570679
30M,21500,Random,12,1.016180157661438
30M,21500,Random,13,1.0149470567703247
30M,21500,Random,14,0.9960538744926453
30M,21500,Random,15,1.0054774284362793
30M,21500,Random,16,0.9785151481628418
30M,21500,Random,17,0.9897913932800293
30M,21500,Random,18,0.990119993686676
30M,21500,Random,19,1.0065635442733765
30M,21500,Random,20,0.9846739172935486
30M,21500,Random,21,1.0198731422424316
30M,21500,Random,22,0.9861862659454346
30M,21500,Random,23,0.9769725203514099
30M,21500,Random,24,0.9967674016952515
30M,21500,Random,25,0.9986019730567932
30M,21500,Random,26,1.0043660402297974
30M,21500,Random,27,1.0045348405838013
30M,21500,Random,28,0.9945067167282104
30M,21500,Random,29,1.0200743675231934
30M,21500,Random,30,0.9954623579978943
30M,21500,Random,31,0.990323007106781
30M,21500,Random,32,0.9892488718032837
30M,21500,Random,33,1.0108258724212646
30M,21500,Random,34,1.0222452878952026
30M,21500,Random,35,0.9924202561378479
30M,21500,Random,36,1.0054322481155396
30M,21500,Random,37,1.0036320686340332
30M,21500,Random,38,0.9983595609664917
30M,21500,Random,39,1.0229029655456543
30M,21500,Random,40,1.0054339170455933
30M,21500,Random,41,0.9926370978355408
30M,21500,Random,42,1.0139209032058716
30M,21500,Random,43,0.9796821475028992
30M,21500,Random,44,1.0147979259490967
30M,22000,Global,-1,231.4720001220703
30M,22000,Frequency,0,1.783217191696167
30M,22000,Frequency,1,1.752175211906433
30M,22000,Frequency,2,1.7097796201705933
30M,22000,Frequency,3,1.6559971570968628
30M,22000,Frequency,4,1.5954257249832153
30M,22000,Frequency,5,1.5580445528030396
30M,22000,Frequency,6,1.500478744506836
30M,22000,Frequency,7,1.4557873010635376
30M,22000,Frequency,8,1.4120614528656006
30M,22000,Frequency,9,1.365480661392212
30M,22000,Frequency,10,1.3276909589767456
30M,22000,Frequency,11,1.291249394416809
30M,22000,Frequency,12,1.2440067529678345
30M,22000,Frequency,13,1.2065576314926147
30M,22000,Frequency,14,1.1636199951171875
30M,22000,Frequency,15,1.1537199020385742
30M,22000,Frequency,16,1.1202723979949951
30M,22000,Frequency,17,1.0883598327636719
30M,22000,Frequency,18,1.0465893745422363
30M,22000,Frequency,19,1.034135103225708
30M,22000,Frequency,20,1.0063060522079468
30M,22000,Frequency,21,0.9679937958717346
30M,22000,Frequency,22,0.9626039266586304
30M,22000,Frequency,23,0.9286429286003113
30M,22000,Frequency,24,0.9056706428527832
30M,22000,Frequency,25,0.8824689984321594
30M,22000,Frequency,26,0.8623574376106262
30M,22000,Frequency,27,0.8397302031517029
30M,22000,Frequency,28,0.8173540234565735
30M,22000,Frequency,29,0.7939642667770386
30M,22000,Frequency,30,0.7699671387672424
30M,22000,Frequency,31,0.7417091727256775
30M,22000,Frequency,32,0.7245303988456726
30M,22000,Frequency,33,0.6869885921478271
30M,22000,Frequency,34,0.6643153429031372
30M,22000,Frequency,35,0.6323503851890564
30M,22000,Frequency,36,0.6043074727058411
30M,22000,Frequency,37,0.5620387196540833
30M,22000,Frequency,38,0.5326244831085205
30M,22000,Frequency,39,0.492771714925766
30M,22000,Frequency,40,0.46222391724586487
30M,22000,Frequency,41,0.4351951777935028
30M,22000,Frequency,42,0.416771799325943
30M,22000,Frequency,43,0.4043835699558258
30M,22000,Frequency,44,0.3997217118740082
30M,22000,Random,0,1.0131022930145264
30M,22000,Random,1,1.0092054605484009
30M,22000,Random,2,1.0182899236679077
30M,22000,Random,3,0.9970980882644653
30M,22000,Random,4,1.0381337404251099
30M,22000,Random,5,1.00098717212677
30M,22000,Random,6,0.96891850233078
30M,22000,Random,7,1.0157727003097534
30M,22000,Random,8,1.0073027610778809
30M,22000,Random,9,1.002487063407898
30M,22000,Random,10,1.0082327127456665
30M,22000,Random,11,1.0099084377288818
30M,22000,Random,12,1.026405692100525
30M,22000,Random,13,1.0240092277526855
30M,22000,Random,14,1.006466269493103
30M,22000,Random,15,1.0156651735305786
30M,22000,Random,16,0.9882358908653259
30M,22000,Random,17,0.9995831251144409
30M,22000,Random,18,0.9996693730354309
30M,22000,Random,19,1.016376256942749
30M,22000,Random,20,0.9946033954620361
30M,22000,Random,21,1.0295624732971191
30M,22000,Random,22,0.9959740042686462
30M,22000,Random,23,0.9869192242622375
30M,22000,Random,24,1.0065867900848389
30M,22000,Random,25,1.007917046546936
30M,22000,Random,26,1.0141897201538086
30M,22000,Random,27,1.0143107175827026
30M,22000,Random,28,1.0042937994003296
30M,22000,Random,29,1.0300753116607666
30M,22000,Random,30,1.0051010847091675
30M,22000,Random,31,0.9997972846031189
30M,22000,Random,32,0.9985886812210083
30M,22000,Random,33,1.0207897424697876
30M,22000,Random,34,1.0317091941833496
30M,22000,Random,35,1.0018736124038696
30M,22000,Random,36,1.0147181749343872
30M,22000,Random,37,1.0127263069152832
30M,22000,Random,38,1.0084917545318604
30M,22000,Random,39,1.0327770709991455
30M,22000,Random,40,1.0148155689239502
30M,22000,Random,41,1.0024291276931763
30M,22000,Random,42,1.0229178667068481
30M,22000,Random,43,0.9890762567520142
30M,22000,Random,44,1.025525689125061
30M,22500,Global,-1,233.69168090820312
30M,22500,Frequency,0,1.8000484704971313
30M,22500,Frequency,1,1.7692160606384277
30M,22500,Frequency,2,1.7263998985290527
30M,22500,Frequency,3,1.672308325767517
30M,22500,Frequency,4,1.6128734350204468
30M,22500,Frequency,5,1.5741432905197144
30M,22500,Frequency,6,1.5160847902297974
30M,22500,Frequency,7,1.470401406288147
30M,22500,Frequency,8,1.4266101121902466
30M,22500,Frequency,9,1.379432201385498
30M,22500,Frequency,10,1.3419818878173828
30M,22500,Frequency,11,1.3045121431350708
30M,22500,Frequency,12,1.2569104433059692
30M,22500,Frequency,13,1.2189463376998901
30M,22500,Frequency,14,1.1755012273788452
30M,22500,Frequency,15,1.1656575202941895
30M,22500,Frequency,16,1.131413221359253
30M,22500,Frequency,17,1.0988088846206665
30M,22500,Frequency,18,1.0566378831863403
30M,22500,Frequency,19,1.0446982383728027
30M,22500,Frequency,20,1.0165791511535645
30M,22500,Frequency,21,0.9772717356681824
30M,22500,Frequency,22,0.9723724722862244
30M,22500,Frequency,23,0.9378031492233276
30M,22500,Frequency,24,0.9140387177467346
30M,22500,Frequency,25,0.8906536102294922
30M,22500,Frequency,26,0.8708269000053406
30M,22500,Frequency,27,0.8474719524383545
30M,22500,Frequency,28,0.8249993920326233
30M,22500,Frequency,29,0.8010090589523315
30M,22500,Frequency,30,0.7765685319900513
30M,22500,Frequency,31,0.7478815317153931
30M,22500,Frequency,32,0.7304813861846924
30M,22500,Frequency,33,0.6927335262298584
30M,22500,Frequency,34,0.6692864298820496
30M,22500,Frequency,35,0.6370338201522827
30M,22500,Frequency,36,0.6086835861206055
30M,22500,Frequency,37,0.5653955340385437
30M,22500,Frequency,38,0.5357040166854858
30M,22500,Frequency,39,0.49477580189704895
30M,22500,Frequency,40,0.46381765604019165
30M,22500,Frequency,41,0.4361219108104706
30M,22500,Frequency,42,0.41735899448394775
30M,22500,Frequency,43,0.4047118127346039
30M,22500,Frequency,44,0.3999909460544586
30M,22500,Random,0,1.0221527814865112
30M,22500,Random,1,1.0181009769439697
30M,22500,Random,2,1.028102159500122
30M,22500,Random,3,1.0063461065292358
30M,22500,Random,4,1.0480996370315552
30M,22500,Random,5,1.010180115699768
30M,22500,Random,6,0.9773526787757874
30M,22500,Random,7,1.024616003036499
30M,22500,Random,8,1.0169018507003784
30M,22500,Random,9,1.0121192932128906
30M,22500,Random,10,1.0172513723373413
30M,22500,Random,11,1.0195353031158447
30M,22500,Random,12,1.0362147092819214
30M,22500,Random,13,1.0335583686828613
30M,22500,Random,14,1.0158296823501587
30M,22500,Random,15,1.025304913520813
30M,22500,Random,16,0.9977924823760986
30M,22500,Random,17,1.0087491273880005
30M,22500,Random,18,1.0089857578277588
30M,22500,Random,19,1.025875449180603
30M,22500,Random,20,1.003893494606018
30M,22500,Random,21,1.0386112928390503
30M,22500,Random,22,1.0049948692321777
30M,22500,Random,23,0.9962804913520813
30M,22500,Random,24,1.0161916017532349
30M,22500,Random,25,1.0171517133712769
30M,22500,Random,26,1.0238734483718872
30M,22500,Random,27,1.0235100984573364
30M,22500,Random,28,1.0141048431396484
30M,22500,Random,29,1.0395692586898804
30M,22500,Random,30,1.0145854949951172
30M,22500,Random,31,1.0086872577667236
30M,22500,Random,32,1.0081419944763184
30M,22500,Random,33,1.0299859046936035
30M,22500,Random,34,1.0421571731567383
30M,22500,Random,35,1.0104292631149292
30M,22500,Random,36,1.024129033088684
30M,22500,Random,37,1.0221796035766602
30M,22500,Random,38,1.0175600051879883
30M,22500,Random,39,1.0419472455978394
30M,22500,Random,40,1.0248793363571167
30M,22500,Random,41,1.01162850856781
30M,22500,Random,42,1.0320990085601807
30M,22500,Random,43,0.9982936382293701
30M,22500,Random,44,1.0353853702545166
30M,23000,Global,-1,235.9082794189453
30M,23000,Frequency,0,1.817908763885498
30M,23000,Frequency,1,1.7863332033157349
30M,23000,Frequency,2,1.7430511713027954
30M,23000,Frequency,3,1.688975214958191
30M,23000,Frequency,4,1.6285871267318726
30M,23000,Frequency,5,1.5891964435577393
30M,23000,Frequency,6,1.5319234132766724
30M,23000,Frequency,7,1.4862236976623535
30M,23000,Frequency,8,1.4415196180343628
30M,23000,Frequency,9,1.393559455871582
30M,23000,Frequency,10,1.3553154468536377
30M,23000,Frequency,11,1.3177067041397095
30M,23000,Frequency,12,1.269761323928833
30M,23000,Frequency,13,1.2315436601638794
30M,23000,Frequency,14,1.1871342658996582
30M,23000,Frequency,15,1.177891731262207
30M,23000,Frequency,16,1.1429005861282349
30M,23000,Frequency,17,1.1098121404647827
30M,23000,Frequency,18,1.0673246383666992
30M,23000,Frequency,19,1.0541411638259888
30M,23000,Frequency,20,1.026429533958435
30M,23000,Frequency,21,0.9865749478340149
30M,23000,Frequency,22,0.981333315372467
30M,23000,Frequency,23,0.9472865462303162
30M,23000,Frequency,24,0.9226111173629761
30M,23000,Frequency,25,0.898953914642334
30M,23000,Frequency,26,0.8787079453468323
30M,23000,Frequency,27,0.8550809621810913
30M,23000,Frequency,28,0.8321413993835449
30M,23000,Frequency,29,0.8081285953521729
30M,23000,Frequency,30,0.7830576300621033
30M,23000,Frequency,31,0.7544714212417603
30M,23000,Frequency,32,0.7367293834686279
30M,23000,Frequency,33,0.6980113387107849
30M,23000,Frequency,34,0.6746175289154053
30M,23000,Frequency,35,0.6418159604072571
30M,23000,Frequency,36,0.6130930185317993
30M,23000,Frequency,37,0.5689561367034912
30M,23000,Frequency,38,0.538955569267273
30M,23000,Frequency,39,0.4974159002304077
30M,23000,Frequency,40,0.46577566862106323
30M,23000,Frequency,41,0.43760085105895996
30M,23000,Frequency,42,0.41799309849739075
30M,23000,Frequency,43,0.40508389472961426
30M,23000,Frequency,44,0.40021198987960815
30M,23000,Random,0,1.0314090251922607
30M,23000,Random,1,1.0276727676391602
30M,23000,Random,2,1.0367405414581299
30M,23000,Random,3,1.0154094696044922
30M,23000,Random,4,1.0580343008041382
30M,23000,Random,5,1.0195072889328003
30M,23000,Random,6,0.986562967300415
30M,23000,Random,7,1.0343353748321533
30M,23000,Random,8,1.0262565612792969
30M,23000,Random,9,1.0209407806396484
30M,23000,Random,10,1.0266891717910767
30M,23000,Random,11,1.0289441347122192
30M,23000,Random,12,1.0463775396347046
30M,23000,Random,13,1.0434993505477905
30M,23000,Random,14,1.0252952575683594
30M,23000,Random,15,1.0343732833862305
30M,23000,Random,16,1.007341742515564
30M,23000,Random,17,1.017972469329834
30M,23000,Random,18,1.0184217691421509
30M,23000,Random,19,1.0354418754577637
30M,23000,Random,20,1.013461947441101
30M,23000,Random,21,1.048269510269165
30M,23000,Random,22,1.014424204826355
30M,23000,Random,23,1.005664348602295
30M,23000,Random,24,1.0254054069519043
30M,23000,Random,25,1.0265891551971436
30M,23000,Random,26,1.0334817171096802
30M,23000,Random,27,1.032331943511963
30M,23000,Random,28,1.0236084461212158
30M,23000,Random,29,1.0494589805603027
30M,23000,Random,30,1.0243098735809326
30M,23000,Random,31,1.017869472503662
30M,23000,Random,32,1.017394781112671
30M,23000,Random,33,1.0390446186065674
30M,23000,Random,34,1.052257776260376
30M,23000,Random,35,1.019728183746338
30M,23000,Random,36,1.033560037612915
30M,23000,Random,37,1.0317193269729614
30M,23000,Random,38,1.0263285636901855
30M,23000,Random,39,1.0513001680374146
30M,23000,Random,40,1.033807396888733
30M,23000,Random,41,1.0206578969955444
30M,23000,Random,42,1.0415571928024292
30M,23000,Random,43,1.0076757669448853
30M,23000,Random,44,1.044798493385315
30M,23500,Global,-1,238.11878967285156
30M,23500,Frequency,0,1.833477258682251
30M,23500,Frequency,1,1.8044333457946777
30M,23500,Frequency,2,1.760450005531311
30M,23500,Frequency,3,1.7054212093353271
30M,23500,Frequency,4,1.6450146436691284
30M,23500,Frequency,5,1.6051898002624512
30M,23500,Frequency,6,1.5482934713363647
30M,23500,Frequency,7,1.5013225078582764
30M,23500,Frequency,8,1.4560612440109253
30M,23500,Frequency,9,1.407677173614502
30M,23500,Frequency,10,1.368947982788086
30M,23500,Frequency,11,1.3314002752304077
30M,23500,Frequency,12,1.2826042175292969
30M,23500,Frequency,13,1.2441649436950684
30M,23500,Frequency,14,1.1985825300216675
30M,23500,Frequency,15,1.189760446548462
30M,23500,Frequency,16,1.1538697481155396
30M,23500,Frequency,17,1.1206135749816895
30M,23500,Frequency,18,1.0777305364608765
30M,23500,Frequency,19,1.0642904043197632
30M,23500,Frequency,20,1.0360316038131714
30M,23500,Frequency,21,0.9959263801574707
30M,23500,Frequency,22,0.9909802675247192
30M,23500,Frequency,23,0.9560259580612183
30M,23500,Frequency,24,0.9306925535202026
30M,23500,Frequency,25,0.9072384238243103
30M,23500,Frequency,26,0.886855959892273
30M,23500,Frequency,27,0.8629099726676941
30M,23500,Frequency,28,0.8390226364135742
30M,23500,Frequency,29,0.8148922324180603
30M,23500,Frequency,30,0.7896755337715149
30M,23500,Frequency,31,0.7605028748512268
30M,23500,Frequency,32,0.7427043318748474
30M,23500,Frequency,33,0.7032850384712219
30M,23500,Frequency,34,0.6795681118965149
30M,23500,Frequency,35,0.646339476108551
30M,23500,Frequency,36,0.6170245409011841
30M,23500,Frequency,37,0.5722420811653137
30M,23500,Frequency,38,0.5420235395431519
30M,23500,Frequency,39,0.49950215220451355
30M,23500,Frequency,40,0.46702831983566284
30M,23500,Frequency,41,0.4386079013347626
30M,23500,Frequency,42,0.4185354709625244
30M,23500,Frequency,43,0.40533584356307983
30M,23500,Frequency,44,0.40026524662971497
30M,23500,Random,0,1.0404319763183594
30M,23500,Random,1,1.0371333360671997
30M,23500,Random,2,1.0462497472763062
30M,23500,Random,3,1.0247008800506592
30M,23500,Random,4,1.0675629377365112
30M,23500,Random,5,1.0289145708084106
30M,23500,Random,6,0.9951865673065186
30M,23500,Random,7,1.043318510055542
30M,23500,Random,8,1.0352017879486084
30M,23500,Random,9,1.030441164970398
30M,23500,Random,10,1.036112904548645
30M,23500,Random,11,1.038069248199463
30M,23500,Random,12,1.0552961826324463
30M,23500,Random,13,1.0525119304656982
30M,23500,Random,14,1.03504478931427
30M,23500,Random,15,1.0438576936721802
30M,23500,Random,16,1.0158427953720093
30M,23500,Random,17,1.0273351669311523
30M,23500,Random,18,1.0274163484573364
30M,23500,Random,19,1.0451784133911133
30M,23500,Random,20,1.0222771167755127
30M,23500,Random,21,1.0577574968338013
30M,23500,Random,22,1.0237705707550049
30M,23500,Random,23,1.0144397020339966
30M,23500,Random,24,1.0344219207763672
30M,23500,Random,25,1.0355812311172485
30M,23500,Random,26,1.0424154996871948
30M,23500,Random,27,1.0418089628219604
30M,23500,Random,28,1.0329762697219849
30M,23500,Random,29,1.0591609477996826
30M,23500,Random,30,1.0330407619476318
30M,23500,Random,31,1.027191400527954
30M,23500,Random,32,1.0263458490371704
30M,23500,Random,33,1.048081398010254
30M,23500,Random,34,1.0621262788772583
30M,23500,Random,35,1.02922785282135
30M,23500,Random,36,1.0429633855819702
30M,23500,Random,37,1.040680170059204
30M,23500,Random,38,1.0357184410095215
30M,23500,Random,39,1.0609337091445923
30M,23500,Random,40,1.0435930490493774
30M,23500,Random,41,1.0307292938232422
30M,23500,Random,42,1.0514994859695435
30M,23500,Random,43,1.0168964862823486
30M,23500,Random,44,1.0541315078735352
30M,24000,Global,-1,240.2927703857422
30M,24000,Frequency,0,1.849518895149231
30M,24000,Frequency,1,1.8207348585128784
30M,24000,Frequency,2,1.7772339582443237
30M,24000,Frequency,3,1.7225987911224365
30M,24000,Frequency,4,1.6612454652786255
30M,24000,Frequency,5,1.6214380264282227
30M,24000,Frequency,6,1.5634816884994507
30M,24000,Frequency,7,1.5165671110153198
30M,24000,Frequency,8,1.4705018997192383
30M,24000,Frequency,9,1.4223084449768066
30M,24000,Frequency,10,1.382779598236084
30M,24000,Frequency,11,1.3440607786178589
30M,24000,Frequency,12,1.2947778701782227
30M,24000,Frequency,13,1.256234884262085
30M,24000,Frequency,14,1.2104984521865845
30M,24000,Frequency,15,1.2013983726501465
30M,24000,Frequency,16,1.1646779775619507
30M,24000,Frequency,17,1.1315289735794067
30M,24000,Frequency,18,1.0881826877593994
30M,24000,Frequency,19,1.0733517408370972
30M,24000,Frequency,20,1.0457344055175781
30M,24000,Frequency,21,1.0049030780792236
30M,24000,Frequency,22,0.999885082244873
30M,24000,Frequency,23,0.9644355177879333
30M,24000,Frequency,24,0.939198911190033
30M,24000,Frequency,25,0.9155862331390381
30M,24000,Frequency,26,0.894455075263977
30M,24000,Frequency,27,0.8703644275665283
30M,24000,Frequency,28,0.8460403680801392
30M,24000,Frequency,29,0.8216525316238403
30M,24000,Frequency,30,0.7962747812271118
30M,24000,Frequency,31,0.7666734457015991
30M,24000,Frequency,32,0.7485449314117432
30M,24000,Frequency,33,0.7087079286575317
30M,24000,Frequency,34,0.6848488450050354
30M,24000,Frequency,35,0.6510637402534485
30M,24000,Frequency,36,0.6210774183273315
30M,24000,Frequency,37,0.5754900574684143
30M,24000,Frequency,38,0.5452752113342285
30M,24000,Frequency,39,0.5015844106674194
30M,24000,Frequency,40,0.46879521012306213
30M,24000,Frequency,41,0.4397364854812622
30M,24000,Frequency,42,0.419151246547699
30M,24000,Frequency,43,0.405561238527298
30M,24000,Frequency,44,0.4004572927951813
30M,24000,Random,0,1.0496770143508911
30M,24000,Random,1,1.0466219186782837
30M,24000,Random,2,1.0554753541946411
30M,24000,Random,3,1.0330228805541992
30M,24000,Random,4,1.0773249864578247
30M,24000,Random,5,1.0386093854904175
30M,24000,Random,6,1.0037847757339478
30M,24000,Random,7,1.0525362491607666
30M,24000,Random,8,1.0443874597549438
30M,24000,Random,9,1.040111780166626
30M,24000,Random,10,1.045858383178711
30M,24000,Random,11,1.046877384185791
30M,24000,Random,12,1.065183162689209
30M,24000,Random,13,1.061849594116211
30M,24000,Random,14,1.0446428060531616
30M,24000,Random,15,1.053472638130188
30M,24000,Random,16,1.0252370834350586
30M,24000,Random,17,1.0360238552093506
30M,24000,Random,18,1.0362869501113892
30M,24000,Random,19,1.0537935495376587
30M,24000,Random,20,1.0314714908599854
30M,24000,Random,21,1.0673284530639648
30M,24000,Random,22,1.0326707363128662
30M,24000,Random,23,1.0233467817306519
30M,24000,Random,24,1.0440593957901
30M,24000,Random,25,1.0446242094039917
30M,24000,Random,26,1.051742672920227
30M,24000,Random,27,1.050632119178772
30M,24000,Random,28,1.042011022567749
30M,24000,Random,29,1.0684679746627808
30M,24000,Random,30,1.0424855947494507
30M,24000,Random,31,1.0358977317810059
30M,24000,Random,32,1.0353466272354126
30M,24000,Random,33,1.0574129819869995
30M,24000,Random,34,1.0713144540786743
30M,24000,Random,35,1.0386011600494385
30M,24000,Random,36,1.0517610311508179
30M,24000,Random,37,1.0494674444198608
30M,24000,Random,38,1.0445551872253418
30M,24000,Random,39,1.0704762935638428
30M,24000,Random,40,1.0528613328933716
30M,24000,Random,41,1.0397775173187256
30M,24000,Random,42,1.0602772235870361
30M,24000,Random,43,1.025669813156128
30M,24000,Random,44,1.063602328300476
30M,29000,Global,-1,259.9640808105469
30M,29000,Frequency,0,1.9924551248550415
30M,29000,Frequency,1,1.9739503860473633
30M,29000,Frequency,2,1.9277688264846802
30M,29000,Frequency,3,1.8693708181381226
30M,29000,Frequency,4,1.805566430091858
30M,29000,Frequency,5,1.7618703842163086
30M,29000,Frequency,6,1.7010949850082397
30M,29000,Frequency,7,1.6481481790542603
30M,29000,Frequency,8,1.6000083684921265
30M,29000,Frequency,9,1.5461617708206177
30M,29000,Frequency,10,1.502709150314331
30M,29000,Frequency,11,1.4618134498596191
30M,29000,Frequency,12,1.4103628396987915
30M,29000,Frequency,13,1.3673352003097534
30M,29000,Frequency,14,1.3154431581497192
30M,29000,Frequency,15,1.3036162853240967
30M,29000,Frequency,16,1.2665952444076538
30M,29000,Frequency,17,1.2307696342468262
30M,29000,Frequency,18,1.1820399761199951
30M,29000,Frequency,19,1.1669443845748901
30M,29000,Frequency,20,1.1352651119232178
30M,29000,Frequency,21,1.0909795761108398
30M,29000,Frequency,22,1.083288550376892
30M,29000,Frequency,23,1.0458521842956543
30M,29000,Frequency,24,1.0174596309661865
30M,29000,Frequency,25,0.9901427030563354
30M,29000,Frequency,26,0.9664960503578186
30M,29000,Frequency,27,0.9389796257019043
30M,29000,Frequency,28,0.9132744073867798
30M,29000,Frequency,29,0.886708676815033
30M,29000,Frequency,30,0.8604149222373962
30M,29000,Frequency,31,0.8242492079734802
30M,29000,Frequency,32,0.8032611012458801
30M,29000,Frequency,33,0.7588967084884644
30M,29000,Frequency,34,0.7321677803993225
30M,29000,Frequency,35,0.694418728351593
30M,29000,Frequency,36,0.6584919095039368
30M,29000,Frequency,37,0.6094217300415039
30M,29000,Frequency,38,0.5728196501731873
30M,29000,Frequency,39,0.524251401424408
30M,29000,Frequency,40,0.4842836260795593
30M,29000,Frequency,41,0.44983476400375366
30M,29000,Frequency,42,0.42542779445648193
30M,29000,Frequency,43,0.4081975221633911
30M,29000,Frequency,44,0.40262553095817566
30M,29000,Random,0,1.1330375671386719
30M,29000,Random,1,1.1299147605895996
30M,29000,Random,2,1.13997220993042
30M,29000,Random,3,1.1152536869049072
30M,29000,Random,4,1.1645238399505615
30M,29000,Random,5,1.1211965084075928
30M,29000,Random,6,1.0840702056884766
30M,29000,Random,7,1.1361348628997803
30M,29000,Random,8,1.1296137571334839
30M,29000,Random,9,1.1227223873138428
30M,29000,Random,10,1.1283824443817139
30M,29000,Random,11,1.1317952871322632
30M,29000,Random,12,1.1500544548034668
30M,29000,Random,13,1.1464635133743286
30M,29000,Random,14,1.1284464597702026
30M,29000,Random,15,1.1389362812042236
30M,29000,Random,16,1.1088773012161255
30M,29000,Random,17,1.118149995803833
30M,29000,Random,18,1.11867094039917
30M,29000,Random,19,1.1388317346572876
30M,29000,Random,20,1.1121060848236084
30M,29000,Random,21,1.1534357070922852
30M,29000,Random,22,1.1140216588974
30M,29000,Random,23,1.104111909866333
30M,29000,Random,24,1.1278364658355713
30M,29000,Random,25,1.128553032875061
30M,29000,Random,26,1.135897159576416
30M,29000,Random,27,1.1356736421585083
30M,29000,Random,28,1.1233030557632446
30M,29000,Random,29,1.1542750597000122
30M,29000,Random,30,1.1260262727737427
30M,29000,Random,31,1.1187556982040405
30M,29000,Random,32,1.119649052619934
30M,29000,Random,33,1.1420950889587402
30M,29000,Random,34,1.156371831893921
30M,29000,Random,35,1.119662880897522
30M,29000,Random,36,1.1376888751983643
30M,29000,Random,37,1.1353541612625122
30M,29000,Random,38,1.1270414590835571
30M,29000,Random,39,1.1566059589385986
30M,29000,Random,40,1.1376047134399414
30M,29000,Random,41,1.12131929397583
30M,29000,Random,42,1.1442193984985352
30M,29000,Random,43,1.1061092615127563
30M,29000,Random,44,1.1489825248718262
7M,1500,Global,-1,60.72754669189453
7M,1500,Frequency,0,0.40944334864616394
7M,1500,Frequency,1,0.3692500591278076
7M,1500,Frequency,2,0.353488028049469
7M,1500,Frequency,3,0.344223290681839
7M,1500,Frequency,4,0.3319929540157318
7M,1500,Frequency,5,0.3258363902568817
7M,1500,Frequency,6,0.3164885640144348
7M,1500,Frequency,7,0.31073763966560364
7M,1500,Frequency,8,0.3051123023033142
7M,1500,Frequency,9,0.2997848391532898
7M,1500,Frequency,10,0.2945699393749237
7M,1500,Frequency,11,0.2918644845485687
7M,1500,Frequency,12,0.28686630725860596
7M,1500,Frequency,13,0.28233271837234497
7M,1500,Frequency,14,0.2785668671131134
7M,1500,Frequency,15,0.27738893032073975
7M,1500,Frequency,16,0.27434512972831726
7M,1500,Frequency,17,0.27014854550361633
7M,1500,Frequency,18,0.26656800508499146
7M,1500,Frequency,19,0.26589611172676086
7M,1500,Frequency,20,0.2625125050544739
7M,1500,Frequency,21,0.2602335810661316
7M,1500,Frequency,22,0.2595871090888977
7M,1500,Frequency,23,0.25630804896354675
7M,1500,Frequency,24,0.2548830807209015
7M,1500,Frequency,25,0.2531486451625824
7M,1500,Frequency,26,0.25044411420822144
7M,1500,Frequency,27,0.2496127188205719
7M,1500,Frequency,28,0.24624516069889069
7M,1500,Frequency,29,0.2454840987920761
7M,1500,Frequency,30,0.24417711794376373
7M,1500,Frequency,31,0.2412947118282318
7M,1500,Frequency,32,0.2404608428478241
7M,1500,Frequency,33,0.2383069396018982
7M,1500,Frequency,34,0.23609711229801178
7M,1500,Frequency,35,0.23503918945789337
7M,1500,Frequency,36,0.23356343805789948
7M,1500,Frequency,37,0.23154062032699585
7M,1500,Frequency,38,0.23047587275505066
7M,1500,Frequency,39,0.2285422533750534
7M,1500,Frequency,40,0.22782495617866516
7M,1500,Frequency,41,0.22720184922218323
7M,1500,Frequency,42,0.2266993671655655
7M,1500,Frequency,43,0.22609835863113403
7M,1500,Frequency,44,0.22643320262432098
7M,1500,Random,0,0.26901379227638245
7M,1500,Random,1,0.27254047989845276
7M,1500,Random,2,0.2755908668041229
7M,1500,Random,3,0.27137547731399536
7M,1500,Random,4,0.2696898877620697
7M,1500,Random,5,0.2692304849624634
7M,1500,Random,6,0.2711683511734009
7M,1500,Random,7,0.2726273536682129
7M,1500,Random,8,0.2685907185077667
7M,1500,Random,9,0.27192583680152893
7M,1500,Random,10,0.2730828523635864
7M,1500,Random,11,0.27004337310791016
7M,1500,Random,12,0.2700972259044647
7M,1500,Random,13,0.27117815613746643
7M,1500,Random,14,0.27075040340423584
7M,1500,Random,15,0.27309995889663696
7M,1500,Random,16,0.2723010778427124
7M,1500,Random,17,0.2734128534793854
7M,1500,Random,18,0.27133724093437195
7M,1500,Random,19,0.273573637008667
7M,1500,Random,20,0.2707834243774414
7M,1500,Random,21,0.2706840932369232
7M,1500,Random,22,0.2722744643688202
7M,1500,Random,23,0.2730654180049896
7M,1500,Random,24,0.27345770597457886
7M,1500,Random,25,0.2695131003856659
7M,1500,Random,26,0.2701755464076996
7M,1500,Random,27,0.2718488276004791
7M,1500,Random,28,0.2733325660228729
7M,1500,Random,29,0.2719268798828125
7M,1500,Random,30,0.2728896141052246
7M,1500,Random,31,0.27126622200012207
7M,1500,Random,32,0.2706136405467987
7M,1500,Random,33,0.27051758766174316
7M,1500,Random,34,0.27322882413864136
7M,1500,Random,35,0.27183935046195984
7M,1500,Random,36,0.2687026560306549
7M,1500,Random,37,0.27337542176246643
7M,1500,Random,38,0.2717443108558655
7M,1500,Random,39,0.2709352672100067
7M,1500,Random,40,0.27191853523254395
7M,1500,Random,41,0.272675096988678
7M,1500,Random,42,0.2706926167011261
7M,1500,Random,43,0.27323266863822937
7M,1500,Random,44,0.2640323340892792
7M,2000,Global,-1,63.987876892089844
7M,2000,Frequency,0,0.4427627921104431
7M,2000,Frequency,1,0.40422582626342773
7M,2000,Frequency,2,0.3882656991481781
7M,2000,Frequency,3,0.37611743807792664
7M,2000,Frequency,4,0.36201825737953186
7M,2000,Frequency,5,0.35488855838775635
7M,2000,Frequency,6,0.3439578115940094
7M,2000,Frequency,7,0.3362974226474762
7M,2000,Frequency,8,0.32988280057907104
7M,2000,Frequency,9,0.32348790764808655
7M,2000,Frequency,10,0.316010981798172
7M,2000,Frequency,11,0.31288942694664
7M,2000,Frequency,12,0.30692097544670105
7M,2000,Frequency,13,0.30192291736602783
7M,2000,Frequency,14,0.2953813374042511
7M,2000,Frequency,15,0.2956787943840027
7M,2000,Frequency,16,0.29146608710289
7M,2000,Frequency,17,0.2857891321182251
7M,2000,Frequency,18,0.2815670669078827
7M,2000,Frequency,19,0.2802182137966156
7M,2000,Frequency,20,0.27668264508247375
7M,2000,Frequency,21,0.27236467599868774
7M,2000,Frequency,22,0.27260708808898926
7M,2000,Frequency,23,0.26832902431488037
7M,2000,Frequency,24,0.2665014863014221
7M,2000,Frequency,25,0.26368552446365356
7M,2000,Frequency,26,0.2603107690811157
7M,2000,Frequency,27,0.25927790999412537
7M,2000,Frequency,28,0.2552071213722229
7M,2000,Frequency,29,0.25410574674606323
7M,2000,Frequency,30,0.25192373991012573
7M,2000,Frequency,31,0.24782058596611023
7M,2000,Frequency,32,0.24696630239486694
7M,2000,Frequency,33,0.2435513585805893
7M,2000,Frequency,34,0.2405249923467636
7M,2000,Frequency,35,0.2383398562669754
7M,2000,Frequency,36,0.23671001195907593
7M,2000,Frequency,37,0.23417435586452484
7M,2000,Frequency,38,0.2324078530073166
7M,2000,Frequency,39,0.22983115911483765
7M,2000,Frequency,40,0.22864045202732086
7M,2000,Frequency,41,0.22788703441619873
7M,2000,Frequency,42,0.22697755694389343
7M,2000,Frequency,43,0.22626221179962158
7M,2000,Frequency,44,0.2265329360961914
7M,2000,Random,0,0.2830698788166046
7M,2000,Random,1,0.2868603467941284
7M,2000,Random,2,0.2907680571079254
7M,2000,Random,3,0.2857760488986969
7M,2000,Random,4,0.2841030955314636
7M,2000,Random,5,0.28359565138816833
7M,2000,Random,6,0.2850688099861145
7M,2000,Random,7,0.2870714068412781
7M,2000,Random,8,0.28192293643951416
7M,2000,Random,9,0.286019891500473
7M,2000,Random,10,0.2877143323421478
7M,2000,Random,11,0.283700555562973
7M,2000,Random,12,0.28332555294036865
7M,2000,Random,13,0.28577151894569397
7M,2000,Random,14,0.28515055775642395
7M,2000,Random,15,0.2874690592288971
7M,2000,Random,16,0.2864452600479126
7M,2000,Random,17,0.2884441614151001
7M,2000,Random,18,0.28501588106155396
7M,2000,Random,19,0.2882749140262604
7M,2000,Random,20,0.28498438000679016
7M,2000,Random,21,0.28475308418273926
7M,2000,Random,22,0.2861143946647644
7M,2000,Random,23,0.2881925702095032
7M,2000,Random,24,0.28816694021224976
7M,2000,Random,25,0.28322285413742065
7M,2000,Random,26,0.2841394543647766
7M,2000,Random,27,0.2867165207862854
7M,2000,Random,28,0.2879675030708313
7M,2000,Random,29,0.286064088344574
7M,2000,Random,30,0.28778719902038574
7M,2000,Random,31,0.28529199957847595
7M,2000,Random,32,0.28398701548576355
7M,2000,Random,33,0.284589946269989
7M,2000,Random,34,0.2873052656650543
7M,2000,Random,35,0.285859614610672
7M,2000,Random,36,0.28216832876205444
7M,2000,Random,37,0.28760918974876404
7M,2000,Random,38,0.2861216068267822
7M,2000,Random,39,0.2849572002887726
7M,2000,Random,40,0.28616857528686523
7M,2000,Random,41,0.2872384190559387
7M,2000,Random,42,0.2852022051811218
7M,2000,Random,43,0.2877311706542969
7M,2000,Random,44,0.27846696972846985
7M,2500,Global,-1,67.0797348022461
7M,2500,Frequency,0,0.4698951840400696
7M,2500,Frequency,1,0.43417489528656006
7M,2500,Frequency,2,0.4181319773197174
7M,2500,Frequency,3,0.405524879693985
7M,2500,Frequency,4,0.39005035161972046
7M,2500,Frequency,5,0.3816409707069397
7M,2500,Frequency,6,0.3697676658630371
7M,2500,Frequency,7,0.3608042001724243
7M,2500,Frequency,8,0.35306432843208313
7M,2500,Frequency,9,0.34531867504119873
7M,2500,Frequency,10,0.3373187482357025
7M,2500,Frequency,11,0.3334595263004303
7M,2500,Frequency,12,0.3259774148464203
7M,2500,Frequency,13,0.3198101818561554
7M,2500,Frequency,14,0.313408762216568
7M,2500,Frequency,15,0.31286340951919556
7M,2500,Frequency,16,0.30787134170532227
7M,2500,Frequency,17,0.3014843165874481
7M,2500,Frequency,18,0.29593002796173096
7M,2500,Frequency,19,0.2943139672279358
7M,2500,Frequency,20,0.2898027300834656
7M,2500,Frequency,21,0.2851298153400421
7M,2500,Frequency,22,0.28515416383743286
7M,2500,Frequency,23,0.2797732651233673
7M,2500,Frequency,24,0.2776232361793518
7M,2500,Frequency,25,0.27448686957359314
7M,2500,Frequency,26,0.2699768543243408
7M,2500,Frequency,27,0.2684476971626282
7M,2500,Frequency,28,0.26448315382003784
7M,2500,Frequency,29,0.26213589310646057
7M,2500,Frequency,30,0.2594820559024811
7M,2500,Frequency,31,0.2551022469997406
7M,2500,Frequency,32,0.2532137632369995
7M,2500,Frequency,33,0.2487875372171402
7M,2500,Frequency,34,0.245315819978714
7M,2500,Frequency,35,0.2422887682914734
7M,2500,Frequency,36,0.24004127085208893
7M,2500,Frequency,37,0.23686419427394867
7M,2500,Frequency,38,0.23444706201553345
7M,2500,Frequency,39,0.2312038391828537
7M,2500,Frequency,40,0.22943168878555298
7M,2500,Frequency,41,0.22842201590538025
7M,2500,Frequency,42,0.2273492068052292
7M,2500,Frequency,43,0.22645632922649384
7M,2500,Frequency,44,0.2265607714653015
7M,2500,Random,0,0.29632771015167236
7M,2500,Random,1,0.29975536465644836
7M,2500,Random,2,0.30488070845603943
7M,2500,Random,3,0.29912668466567993
7M,2500,Random,4,0.29769062995910645
7M,2500,Random,5,0.29603782296180725
7M,2500,Random,6,0.2987183630466461
7M,2500,Random,7,0.3005847632884979
7M,2500,Random,8,0.29452475905418396
7M,2500,Random,9,0.3002912700176239
7M,2500,Random,10,0.30181685090065
7M,2500,Random,11,0.2969357371330261
7M,2500,Random,12,0.29579871892929077
7M,2500,Random,13,0.2994081676006317
7M,2500,Random,14,0.2987254858016968
7M,2500,Random,15,0.3009739816188812
7M,2500,Random,16,0.30085301399230957
7M,2500,Random,17,0.30214354395866394
7M,2500,Random,18,0.2989647388458252
7M,2500,Random,19,0.30185893177986145
7M,2500,Random,20,0.2981858253479004
7M,2500,Random,21,0.29826948046684265
7M,2500,Random,22,0.29970434308052063
7M,2500,Random,23,0.3026680052280426
7M,2500,Random,24,0.3019782304763794
7M,2500,Random,25,0.2964476943016052
7M,2500,Random,26,0.2970024347305298
7M,2500,Random,27,0.2997937798500061
7M,2500,Random,28,0.3013441860675812
7M,2500,Random,29,0.299375057220459
7M,2500,Random,30,0.30198490619659424
7M,2500,Random,31,0.298194944858551
7M,2500,Random,32,0.2971559762954712
7M,2500,Random,33,0.2976914048194885
7M,2500,Random,34,0.3005143404006958
7M,2500,Random,35,0.29937744140625
7M,2500,Random,36,0.2947273254394531
7M,2500,Random,37,0.3014514744281769
7M,2500,Random,38,0.29970496892929077
7M,2500,Random,39,0.29824239015579224
7M,2500,Random,40,0.29980432987213135
7M,2500,Random,41,0.30122071504592896
7M,2500,Random,42,0.2985016405582428
7M,2500,Random,43,0.30150777101516724
7M,2500,Random,44,0.2906741499900818
7M,3000,Global,-1,70.01111602783203
7M,3000,Frequency,0,0.49560412764549255
7M,3000,Frequency,1,0.46140196919441223
7M,3000,Frequency,2,0.44623810052871704
7M,3000,Frequency,3,0.4324547052383423
7M,3000,Frequency,4,0.41539719700813293
7M,3000,Frequency,5,0.4062473773956299
7M,3000,Frequency,6,0.3940141201019287
7M,3000,Frequency,7,0.38352325558662415
7M,3000,Frequency,8,0.37426361441612244
7M,3000,Frequency,9,0.36611253023147583
7M,3000,Frequency,10,0.3574398458003998
7M,3000,Frequency,11,0.3529304563999176
7M,3000,Frequency,12,0.3435620963573456
7M,3000,Frequency,13,0.3376726806163788
7M,3000,Frequency,14,0.3294755518436432
7M,3000,Frequency,15,0.3287869095802307
7M,3000,Frequency,16,0.3233988583087921
7M,3000,Frequency,17,0.31586626172065735
7M,3000,Frequency,18,0.3092521131038666
7M,3000,Frequency,19,0.3080922067165375
7M,3000,Frequency,20,0.30243387818336487
7M,3000,Frequency,21,0.2971193790435791
7M,3000,Frequency,22,0.2968396842479706
7M,3000,Frequency,23,0.29093748331069946
7M,3000,Frequency,24,0.2881772816181183
7M,3000,Frequency,25,0.28461953997612
7M,3000,Frequency,26,0.27975600957870483
7M,3000,Frequency,27,0.2776065170764923
7M,3000,Frequency,28,0.27258265018463135
7M,3000,Frequency,29,0.2697356343269348
7M,3000,Frequency,30,0.26718828082084656
7M,3000,Frequency,31,0.2621512711048126
7M,3000,Frequency,32,0.25920769572257996
7M,3000,Frequency,33,0.2544165253639221
7M,3000,Frequency,34,0.2500506341457367
7M,3000,Frequency,35,0.24647735059261322
7M,3000,Frequency,36,0.24330319464206696
7M,3000,Frequency,37,0.23978307843208313
7M,3000,Frequency,38,0.236568421125412
7M,3000,Frequency,39,0.23256166279315948
7M,3000,Frequency,40,0.23036906123161316
7M,3000,Frequency,41,0.22899259626865387
7M,3000,Frequency,42,0.22766095399856567
7M,3000,Frequency,43,0.2266063094139099
7M,3000,Frequency,44,0.22664853930473328
7M,3000,Random,0,0.3086390793323517
7M,3000,Random,1,0.31248608231544495
7M,3000,Random,2,0.3177655339241028
7M,3000,Random,3,0.3122537136077881
7M,3000,Random,4,0.3098713457584381
7M,3000,Random,5,0.3086426854133606
7M,3000,Random,6,0.31149300932884216
7M,3000,Random,7,0.3133261799812317
7M,3000,Random,8,0.3062364161014557
7M,3000,Random,9,0.3135850727558136
7M,3000,Random,10,0.31478002667427063
7M,3000,Random,11,0.3084547817707062
7M,3000,Random,12,0.3086954355239868
7M,3000,Random,13,0.31246867775917053
7M,3000,Random,14,0.3116801977157593
7M,3000,Random,15,0.3133932948112488
7M,3000,Random,16,0.31430286169052124
7M,3000,Random,17,0.3150522708892822
7M,3000,Random,18,0.31161776185035706
7M,3000,Random,19,0.31526950001716614
7M,3000,Random,20,0.31052666902542114
7M,3000,Random,21,0.3102913796901703
7M,3000,Random,22,0.3130375146865845
7M,3000,Random,23,0.315671443939209
7M,3000,Random,24,0.314906507730484
7M,3000,Random,25,0.3082181513309479
7M,3000,Random,26,0.309283047914505
7M,3000,Random,27,0.3124251067638397
7M,3000,Random,28,0.31430771946907043
7M,3000,Random,29,0.3121488094329834
7M,3000,Random,30,0.3150387406349182
7M,3000,Random,31,0.31049245595932007
7M,3000,Random,32,0.3090038597583771
7M,3000,Random,33,0.31038424372673035
7M,3000,Random,34,0.313357412815094
7M,3000,Random,35,0.31215909123420715
7M,3000,Random,36,0.30730101466178894
7M,3000,Random,37,0.3145981729030609
7M,3000,Random,38,0.31255388259887695
7M,3000,Random,39,0.31077319383621216
7M,3000,Random,40,0.3124474883079529
7M,3000,Random,41,0.31415337324142456
7M,3000,Random,42,0.3110893666744232
7M,3000,Random,43,0.3138289451599121
7M,3000,Random,44,0.30242273211479187
7M,3500,Global,-1,72.82672119140625
7M,3500,Frequency,0,0.5192731618881226
7M,3500,Frequency,1,0.48660504817962646
7M,3500,Frequency,2,0.47110608220100403
7M,3500,Frequency,3,0.4567610025405884
7M,3500,Frequency,4,0.4390667974948883
7M,3500,Frequency,5,0.42897170782089233
7M,3500,Frequency,6,0.4162844717502594
7M,3500,Frequency,7,0.4049817621707916
7M,3500,Frequency,8,0.39497750997543335
7M,3500,Frequency,9,0.3853670656681061
7M,3500,Frequency,10,0.3770886957645416
7M,3500,Frequency,11,0.3715108633041382
7M,3500,Frequency,12,0.36093324422836304
7M,3500,Frequency,13,0.35445311665534973
7M,3500,Frequency,14,0.3453870713710785
7M,3500,Frequency,15,0.3447757959365845
7M,3500,Frequency,16,0.33797508478164673
7M,3500,Frequency,17,0.33056023716926575
7M,3500,Frequency,18,0.32190263271331787
7M,3500,Frequency,19,0.32101988792419434
7M,3500,Frequency,20,0.31474751234054565
7M,3500,Frequency,21,0.3089970648288727
7M,3500,Frequency,22,0.30847373604774475
7M,3500,Frequency,23,0.3012158274650574
7M,3500,Frequency,24,0.29902589321136475
7M,3500,Frequency,25,0.2947863042354584
7M,3500,Frequency,26,0.28898921608924866
7M,3500,Frequency,27,0.2863520383834839
7M,3500,Frequency,28,0.28168749809265137
7M,3500,Frequency,29,0.2775593400001526
7M,3500,Frequency,30,0.27475428581237793
7M,3500,Frequency,31,0.2690286934375763
7M,3500,Frequency,32,0.2651979923248291
7M,3500,Frequency,33,0.260081022977829
7M,3500,Frequency,34,0.2549903094768524
7M,3500,Frequency,35,0.250559538602829
7M,3500,Frequency,36,0.246843621134758
7M,3500,Frequency,37,0.24232648313045502
7M,3500,Frequency,38,0.23883593082427979
7M,3500,Frequency,39,0.2337517887353897
7M,3500,Frequency,40,0.23127026855945587
7M,3500,Frequency,41,0.2295379638671875
7M,3500,Frequency,42,0.2279191017150879
7M,3500,Frequency,43,0.22670306265354156
7M,3500,Frequency,44,0.22681474685668945
7M,3500,Random,0,0.32065799832344055
7M,3500,Random,1,0.3244115114212036
7M,3500,Random,2,0.33001312613487244
7M,3500,Random,3,0.32408854365348816
7M,3500,Random,4,0.32159242033958435
7M,3500,Random,5,0.3205777704715729
7M,3500,Random,6,0.32336074113845825
7M,3500,Random,7,0.3250684440135956
7M,3500,Random,8,0.3184238374233246
7M,3500,Random,9,0.32615357637405396
7M,3500,Random,10,0.3269300162792206
7M,3500,Random,11,0.32061052322387695
7M,3500,Random,12,0.3210950195789337
7M,3500,Random,13,0.3245503008365631
7M,3500,Random,14,0.3235923945903778
7M,3500,Random,15,0.3259650468826294
7M,3500,Random,16,0.327019602060318
7M,3500,Random,17,0.3277101516723633
7M,3500,Random,18,0.32307660579681396
7M,3500,Random,19,0.3284115791320801
7M,3500,Random,20,0.32260167598724365
7M,3500,Random,21,0.3227636218070984
7M,3500,Random,22,0.3256740868091583
7M,3500,Random,23,0.32819345593452454
7M,3500,Random,24,0.32739779353141785
7M,3500,Random,25,0.3202130198478699
7M,3500,Random,26,0.3211413323879242
7M,3500,Random,27,0.32495081424713135
7M,3500,Random,28,0.3271344006061554
7M,3500,Random,29,0.32443225383758545
7M,3500,Random,30,0.32682913541793823
7M,3500,Random,31,0.3226526379585266
7M,3500,Random,32,0.3202266991138458
7M,3500,Random,33,0.3216453194618225
7M,3500,Random,34,0.32523834705352783
7M,3500,Random,35,0.32451528310775757
7M,3500,Random,36,0.3188857436180115
7M,3500,Random,37,0.3263477683067322
7M,3500,Random,38,0.3246896266937256
7M,3500,Random,39,0.32299456000328064
7M,3500,Random,40,0.3243458569049835
7M,3500,Random,41,0.3261835277080536
7M,3500,Random,42,0.3225128650665283
7M,3500,Random,43,0.32604554295539856
7M,3500,Random,44,0.3140082359313965
7M,4000,Global,-1,75.48502349853516
7M,4000,Frequency,0,0.5406047105789185
7M,4000,Frequency,1,0.5085033178329468
7M,4000,Frequency,2,0.4941209852695465
7M,4000,Frequency,3,0.4784848392009735
7M,4000,Frequency,4,0.4608626663684845
7M,4000,Frequency,5,0.4509233236312866
7M,4000,Frequency,6,0.43721479177474976
7M,4000,Frequency,7,0.42442938685417175
7M,4000,Frequency,8,0.4143870174884796
7M,4000,Frequency,9,0.4035019278526306
7M,4000,Frequency,10,0.3950694501399994
7M,4000,Frequency,11,0.38863587379455566
7M,4000,Frequency,12,0.3774615228176117
7M,4000,Frequency,13,0.3695470988750458
7M,4000,Frequency,14,0.3601005971431732
7M,4000,Frequency,15,0.35931798815727234
7M,4000,Frequency,16,0.35170960426330566
7M,4000,Frequency,17,0.3438878655433655
7M,4000,Frequency,18,0.3352830708026886
7M,4000,Frequency,19,0.3334779143333435
7M,4000,Frequency,20,0.32687219977378845
7M,4000,Frequency,21,0.3200622498989105
7M,4000,Frequency,22,0.3193908631801605
7M,4000,Frequency,23,0.31241974234580994
7M,4000,Frequency,24,0.3089213967323303
7M,4000,Frequency,25,0.3041898012161255
7M,4000,Frequency,26,0.29846230149269104
7M,4000,Frequency,27,0.2951740026473999
7M,4000,Frequency,28,0.28991928696632385
7M,4000,Frequency,29,0.28610217571258545
7M,4000,Frequency,30,0.2825687825679779
7M,4000,Frequency,31,0.27571526169776917
7M,4000,Frequency,32,0.27188852429389954
7M,4000,Frequency,33,0.2652389705181122
7M,4000,Frequency,34,0.26023346185684204
7M,4000,Frequency,35,0.254888653755188
7M,4000,Frequency,36,0.250409871339798
7M,4000,Frequency,37,0.2449827939271927
7M,4000,Frequency,38,0.2408422827720642
7M,4000,Frequency,39,0.23524877429008484
7M,4000,Frequency,40,0.23224249482154846
7M,4000,Frequency,41,0.2301306277513504
7M,4000,Frequency,42,0.22828689217567444
7M,4000,Frequency,43,0.22681298851966858
7M,4000,Frequency,44,0.2268676608800888
7M,4000,Random,0,0.3319428563117981
7M,4000,Random,1,0.33598652482032776
7M,4000,Random,2,0.34203845262527466
7M,4000,Random,3,0.3353976905345917
7M,4000,Random,4,0.3329354226589203
7M,4000,Random,5,0.33178597688674927
7M,4000,Random,6,0.3346508741378784
7M,4000,Random,7,0.3366399109363556
7M,4000,Random,8,0.32901448011398315
7M,4000,Random,9,0.33813077211380005
7M,4000,Random,10,0.338866651058197
7M,4000,Random,11,0.3320133686065674
7M,4000,Random,12,0.33173567056655884
7M,4000,Random,13,0.3366627097129822
7M,4000,Random,14,0.33502522110939026
7M,4000,Random,15,0.33738580346107483
7M,4000,Random,16,0.33874815702438354
7M,4000,Random,17,0.33887600898742676
7M,4000,Random,18,0.3346252739429474
7M,4000,Random,19,0.34004202485084534
7M,4000,Random,20,0.33377283811569214
7M,4000,Random,21,0.33410751819610596
7M,4000,Random,22,0.3372943699359894
7M,4000,Random,23,0.3393731117248535
7M,4000,Random,24,0.3385165333747864
7M,4000,Random,25,0.3315573036670685
7M,4000,Random,26,0.3325676918029785
7M,4000,Random,27,0.33625614643096924
7M,4000,Random,28,0.3390202820301056
7M,4000,Random,29,0.3357038199901581
7M,4000,Random,30,0.33777743577957153
7M,4000,Random,31,0.33423706889152527
7M,4000,Random,32,0.3314114809036255
7M,4000,Random,33,0.3328184187412262
7M,4000,Random,34,0.3367920219898224
7M,4000,Random,35,0.33605194091796875
7M,4000,Random,36,0.32915639877319336
7M,4000,Random,37,0.3377421200275421
7M,4000,Random,38,0.336692214012146
7M,4000,Random,39,0.33443161845207214
7M,4000,Random,40,0.3360850512981415
7M,4000,Random,41,0.33774101734161377
7M,4000,Random,42,0.3345632255077362
7M,4000,Random,43,0.3378904461860657
7M,4000,Random,44,0.32511845231056213
7M,4500,Global,-1,77.99490356445312
7M,4500,Frequency,0,0.5611073970794678
7M,4500,Frequency,1,0.5300516486167908
7M,4500,Frequency,2,0.5156352519989014
7M,4500,Frequency,3,0.49907463788986206
7M,4500,Frequency,4,0.48118069767951965
7M,4500,Frequency,5,0.4713422358036041
7M,4500,Frequency,6,0.45601630210876465
7M,4500,Frequency,7,0.44367724657058716
7M,4500,Frequency,8,0.4319324195384979
7M,4500,Frequency,9,0.420438677072525
7M,4500,Frequency,10,0.41146543622016907
7M,4500,Frequency,11,0.40388959646224976
7M,4500,Frequency,12,0.3925553262233734
7M,4500,Frequency,13,0.38423627614974976
7M,4500,Frequency,14,0.37389761209487915
7M,4500,Frequency,15,0.37305745482444763
7M,4500,Frequency,16,0.3647247552871704
7M,4500,Frequency,17,0.3565187156200409
7M,4500,Frequency,18,0.34688955545425415
7M,4500,Frequency,19,0.3453232944011688
7M,4500,Frequency,20,0.3381780982017517
7M,4500,Frequency,21,0.3309074938297272
7M,4500,Frequency,22,0.3303135931491852
7M,4500,Frequency,23,0.32203981280326843
7M,4500,Frequency,24,0.3182010054588318
7M,4500,Frequency,25,0.3132517635822296
7M,4500,Frequency,26,0.30738145112991333
7M,4500,Frequency,27,0.3035810589790344
7M,4500,Frequency,28,0.29777792096138
7M,4500,Frequency,29,0.29341012239456177
7M,4500,Frequency,30,0.28933092951774597
7M,4500,Frequency,31,0.2820318937301636
7M,4500,Frequency,32,0.2778835594654083
7M,4500,Frequency,33,0.2708337903022766
7M,4500,Frequency,34,0.2651557922363281
7M,4500,Frequency,35,0.25875988602638245
7M,4500,Frequency,36,0.2540462911128998
7M,4500,Frequency,37,0.24770891666412354
7M,4500,Frequency,38,0.24296681582927704
7M,4500,Frequency,39,0.2366487681865692
7M,4500,Frequency,40,0.2332235425710678
7M,4500,Frequency,41,0.2307044267654419
7M,4500,Frequency,42,0.22855211794376373
7M,4500,Frequency,43,0.22704623639583588
7M,4500,Frequency,44,0.22691506147384644
7M,4500,Random,0,0.3428727388381958
7M,4500,Random,1,0.34650135040283203
7M,4500,Random,2,0.3530380129814148
7M,4500,Random,3,0.3459784686565399
7M,4500,Random,4,0.34388959407806396
7M,4500,Random,5,0.3423049747943878
7M,4500,Random,6,0.34526070952415466
7M,4500,Random,7,0.3480793833732605
7M,4500,Random,8,0.33992138504981995
7M,4500,Random,9,0.3489634394645691
7M,4500,Random,10,0.349722295999527
7M,4500,Random,11,0.3427252173423767
7M,4500,Random,12,0.3420204222202301
7M,4500,Random,13,0.34772127866744995
7M,4500,Random,14,0.3455849885940552
7M,4500,Random,15,0.3484726846218109
7M,4500,Random,16,0.3496602177619934
7M,4500,Random,17,0.3501206636428833
7M,4500,Random,18,0.3454687297344208
7M,4500,Random,19,0.3512722849845886
7M,4500,Random,20,0.3447803854942322
7M,4500,Random,21,0.345138281583786
7M,4500,Random,22,0.34750041365623474
7M,4500,Random,23,0.34983739256858826
7M,4500,Random,24,0.34925708174705505
7M,4500,Random,25,0.3420146703720093
7M,4500,Random,26,0.3428146243095398
7M,4500,Random,27,0.3467653691768646
7M,4500,Random,28,0.34969061613082886
7M,4500,Random,29,0.3464283347129822
7M,4500,Random,30,0.3487975001335144
7M,4500,Random,31,0.3446989059448242
7M,4500,Random,32,0.3420047461986542
7M,4500,Random,33,0.3434590697288513
7M,4500,Random,34,0.34762638807296753
7M,4500,Random,35,0.34654682874679565
7M,4500,Random,36,0.33875948190689087
7M,4500,Random,37,0.3482140004634857
7M,4500,Random,38,0.34743762016296387
7M,4500,Random,39,0.3451750874519348
7M,4500,Random,40,0.34656646847724915
7M,4500,Random,41,0.34843578934669495
7M,4500,Random,42,0.3457968235015869
7M,4500,Random,43,0.3486887514591217
7M,4500,Random,44,0.33509495854377747
7M,5000,Global,-1,80.44327545166016
7M,5000,Frequency,0,0.5817598700523376
7M,5000,Frequency,1,0.5498530864715576
7M,5000,Frequency,2,0.5358206033706665
7M,5000,Frequency,3,0.5187135934829712
7M,5000,Frequency,4,0.5004821419715881
7M,5000,Frequency,5,0.49044525623321533
7M,5000,Frequency,6,0.4738461673259735
7M,5000,Frequency,7,0.46188968420028687
7M,5000,Frequency,8,0.4496552050113678
7M,5000,Frequency,9,0.4365399181842804
7M,5000,Frequency,10,0.4272686839103699
7M,5000,Frequency,11,0.4197482764720917
7M,5000,Frequency,12,0.4076494872570038
7M,5000,Frequency,13,0.39863720536231995
7M,5000,Frequency,14,0.3874679207801819
7M,5000,Frequency,15,0.38565945625305176
7M,5000,Frequency,16,0.3776363730430603
7M,5000,Frequency,17,0.369148850440979
7M,5000,Frequency,18,0.35886597633361816
7M,5000,Frequency,19,0.3568991720676422
7M,5000,Frequency,20,0.3492358326911926
7M,5000,Frequency,21,0.341188907623291
7M,5000,Frequency,22,0.34107616543769836
7M,5000,Frequency,23,0.33178192377090454
7M,5000,Frequency,24,0.32786205410957336
7M,5000,Frequency,25,0.3217376172542572
7M,5000,Frequency,26,0.315615177154541
7M,5000,Frequency,27,0.31184279918670654
7M,5000,Frequency,28,0.30588221549987793
7M,5000,Frequency,29,0.30085358023643494
7M,5000,Frequency,30,0.2960711717605591
7M,5000,Frequency,31,0.2883444130420685
7M,5000,Frequency,32,0.28392940759658813
7M,5000,Frequency,33,0.27645692229270935
7M,5000,Frequency,34,0.2695766091346741
7M,5000,Frequency,35,0.26297858357429504
7M,5000,Frequency,36,0.25739946961402893
7M,5000,Frequency,37,0.25047925114631653
7M,5000,Frequency,38,0.2450544834136963
7M,5000,Frequency,39,0.23811277747154236
7M,5000,Frequency,40,0.23432573676109314
7M,5000,Frequency,41,0.23131470382213593
7M,5000,Frequency,42,0.22881537675857544
7M,5000,Frequency,43,0.2272116243839264
7M,5000,Frequency,44,0.2270248681306839
7M,5000,Random,0,0.3533428907394409
7M,5000,Random,1,0.35656046867370605
7M,5000,Random,2,0.3634529113769531
7M,5000,Random,3,0.3560676872730255
7M,5000,Random,4,0.3545001149177551
7M,5000,Random,5,0.35253703594207764
7M,5000,Random,6,0.3561188280582428
7M,5000,Random,7,0.3585672676563263
7M,5000,Random,8,0.3495214581489563
7M,5000,Random,9,0.359575480222702
7M,5000,Random,10,0.3603004813194275
7M,5000,Random,11,0.3533746302127838
7M,5000,Random,12,0.35217612981796265
7M,5000,Random,13,0.35851404070854187
7M,5000,Random,14,0.35566186904907227
7M,5000,Random,15,0.3596476912498474
7M,5000,Random,16,0.36020296812057495
7M,5000,Random,17,0.3609514534473419
7M,5000,Random,18,0.35547709465026855
7M,5000,Random,19,0.3621581494808197
7M,5000,Random,20,0.35490530729293823
7M,5000,Random,21,0.3557598888874054
7M,5000,Random,22,0.3583865761756897
7M,5000,Random,23,0.36069658398628235
7M,5000,Random,24,0.35965314507484436
7M,5000,Random,25,0.35220861434936523
7M,5000,Random,26,0.3533340394496918
7M,5000,Random,27,0.35731667280197144
7M,5000,Random,28,0.36003220081329346
7M,5000,Random,29,0.35690921545028687
7M,5000,Random,30,0.3593448996543884
7M,5000,Random,31,0.35464948415756226
7M,5000,Random,32,0.3522249162197113
7M,5000,Random,33,0.35375240445137024
7M,5000,Random,34,0.357713520526886
7M,5000,Random,35,0.35659196972846985
7M,5000,Random,36,0.34952086210250854
7M,5000,Random,37,0.35885462164878845
7M,5000,Random,38,0.3570924699306488
7M,5000,Random,39,0.3559689223766327
7M,5000,Random,40,0.35717207193374634
7M,5000,Random,41,0.35919687151908875
7M,5000,Random,42,0.3562869131565094
7M,5000,Random,43,0.35944733023643494
7M,5000,Random,44,0.3451213836669922
7M,5500,Global,-1,82.81226348876953
7M,5500,Frequency,0,0.6006408929824829
7M,5500,Frequency,1,0.5697153210639954
7M,5500,Frequency,2,0.555807888507843
7M,5500,Frequency,3,0.5375285148620605
7M,5500,Frequency,4,0.518836498260498
7M,5500,Frequency,5,0.5081401467323303
7M,5500,Frequency,6,0.491750568151474
7M,5500,Frequency,7,0.47891905903816223
7M,5500,Frequency,8,0.4663506746292114
7M,5500,Frequency,9,0.45230644941329956
7M,5500,Frequency,10,0.44335055351257324
7M,5500,Frequency,11,0.4347701370716095
7M,5500,Frequency,12,0.4217250645160675
7M,5500,Frequency,13,0.4124697744846344
7M,5500,Frequency,14,0.4001580774784088
7M,5500,Frequency,15,0.39894136786460876
7M,5500,Frequency,16,0.39010199904441833
7M,5500,Frequency,17,0.3807854950428009
7M,5500,Frequency,18,0.370649516582489
7M,5500,Frequency,19,0.36792951822280884
7M,5500,Frequency,20,0.36026033759117126
7M,5500,Frequency,21,0.35122397541999817
7M,5500,Frequency,22,0.35160717368125916
7M,5500,Frequency,23,0.3407518267631531
7M,5500,Frequency,24,0.33674660325050354
7M,5500,Frequency,25,0.3303372859954834
7M,5500,Frequency,26,0.3239016532897949
7M,5500,Frequency,27,0.3195493221282959
7M,5500,Frequency,28,0.3137066066265106
7M,5500,Frequency,29,0.3080557882785797
7M,5500,Frequency,30,0.30290114879608154
7M,5500,Frequency,31,0.2948049008846283
7M,5500,Frequency,32,0.28987863659858704
7M,5500,Frequency,33,0.2810543179512024
7M,5500,Frequency,34,0.27436333894729614
7M,5500,Frequency,35,0.26722514629364014
7M,5500,Frequency,36,0.2610820233821869
7M,5500,Frequency,37,0.2531657814979553
7M,5500,Frequency,38,0.24726662039756775
7M,5500,Frequency,39,0.2395520657300949
7M,5500,Frequency,40,0.23527151346206665
7M,5500,Frequency,41,0.23177367448806763
7M,5500,Frequency,42,0.2291599065065384
7M,5500,Frequency,43,0.2273343950510025
7M,5500,Frequency,44,0.22710883617401123
7M,5500,Random,0,0.36298826336860657
7M,5500,Random,1,0.36678001284599304
7M,5500,Random,2,0.37360596656799316
7M,5500,Random,3,0.3660966455936432
7M,5500,Random,4,0.3649534285068512
7M,5500,Random,5,0.3622134327888489
7M,5500,Random,6,0.3663102090358734
7M,5500,Random,7,0.36844485998153687
7M,5500,Random,8,0.3593965768814087
7M,5500,Random,9,0.3698659837245941
7M,5500,Random,10,0.37111589312553406
7M,5500,Random,11,0.3633476197719574
7M,5500,Random,12,0.36183807253837585
7M,5500,Random,13,0.3679025173187256
7M,5500,Random,14,0.3659052848815918
7M,5500,Random,15,0.3699035346508026
7M,5500,Random,16,0.37068304419517517
7M,5500,Random,17,0.37108850479125977
7M,5500,Random,18,0.3652175962924957
7M,5500,Random,19,0.37226173281669617
7M,5500,Random,20,0.36439117789268494
7M,5500,Random,21,0.3655683696269989
7M,5500,Random,22,0.36899539828300476
7M,5500,Random,23,0.3704732656478882
7M,5500,Random,24,0.3695892095565796
7M,5500,Random,25,0.36191460490226746
7M,5500,Random,26,0.36360448598861694
7M,5500,Random,27,0.36752063035964966
7M,5500,Random,28,0.370375394821167
7M,5500,Random,29,0.367002934217453
7M,5500,Random,30,0.3695291578769684
7M,5500,Random,31,0.3643472492694855
7M,5500,Random,32,0.36250704526901245
7M,5500,Random,33,0.36444684863090515
7M,5500,Random,34,0.3678780198097229
7M,5500,Random,35,0.3666042983531952
7M,5500,Random,36,0.3598647117614746
7M,5500,Random,37,0.3693699836730957
7M,5500,Random,38,0.36731645464897156
7M,5500,Random,39,0.3663775622844696
7M,5500,Random,40,0.3673859238624573
7M,5500,Random,41,0.36883780360221863
7M,5500,Random,42,0.3663155436515808
7M,5500,Random,43,0.369691401720047
7M,5500,Random,44,0.3557220995426178
7M,6000,Global,-1,85.07393646240234
7M,6000,Frequency,0,0.618947446346283
7M,6000,Frequency,1,0.5879481434822083
7M,6000,Frequency,2,0.5742120742797852
7M,6000,Frequency,3,0.5555729866027832
7M,6000,Frequency,4,0.5363839268684387
7M,6000,Frequency,5,0.5255630612373352
7M,6000,Frequency,6,0.5083034634590149
7M,6000,Frequency,7,0.49488332867622375
7M,6000,Frequency,8,0.4824451506137848
7M,6000,Frequency,9,0.46727287769317627
7M,6000,Frequency,10,0.4579311013221741
7M,6000,Frequency,11,0.4489784836769104
7M,6000,Frequency,12,0.4356616735458374
7M,6000,Frequency,13,0.4253716468811035
7M,6000,Frequency,14,0.41255468130111694
7M,6000,Frequency,15,0.410818874835968
7M,6000,Frequency,16,0.4019624590873718
7M,6000,Frequency,17,0.39178332686424255
7M,6000,Frequency,18,0.3816813826560974
7M,6000,Frequency,19,0.3784712553024292
7M,6000,Frequency,20,0.3707274794578552
7M,6000,Frequency,21,0.3602501153945923
7M,6000,Frequency,22,0.3609922230243683
7M,6000,Frequency,23,0.35014209151268005
7M,6000,Frequency,24,0.34509891271591187
7M,6000,Frequency,25,0.33795642852783203
7M,6000,Frequency,26,0.3319317400455475
7M,6000,Frequency,27,0.32746532559394836
7M,6000,Frequency,28,0.3214341104030609
7M,6000,Frequency,29,0.3150278925895691
7M,6000,Frequency,30,0.309510737657547
7M,6000,Frequency,31,0.3011884093284607
7M,6000,Frequency,32,0.29578202962875366
7M,6000,Frequency,33,0.2863974869251251
7M,6000,Frequency,34,0.27884581685066223
7M,6000,Frequency,35,0.2708272337913513
7M,6000,Frequency,36,0.2647060453891754
7M,6000,Frequency,37,0.2559143006801605
7M,6000,Frequency,38,0.24937307834625244
7M,6000,Frequency,39,0.24114549160003662
7M,6000,Frequency,40,0.23636654019355774
7M,6000,Frequency,41,0.23244039714336395
7M,6000,Frequency,42,0.22948704659938812
7M,6000,Frequency,43,0.22753845155239105
7M,6000,Frequency,44,0.22732648253440857
7M,6000,Random,0,0.37241899967193604
7M,6000,Random,1,0.3762470781803131
7M,6000,Random,2,0.3833102583885193
7M,6000,Random,3,0.37532851099967957
7M,6000,Random,4,0.37419945001602173
7M,6000,Random,5,0.3718937039375305
7M,6000,Random,6,0.37564319372177124
7M,6000,Random,7,0.3779508173465729
7M,6000,Random,8,0.3688400685787201
7M,6000,Random,9,0.37957167625427246
7M,6000,Random,10,0.3815772235393524
7M,6000,Random,11,0.373130738735199
7M,6000,Random,12,0.37134894728660583
7M,6000,Random,13,0.37717872858047485
7M,6000,Random,14,0.3751074969768524
7M,6000,Random,15,0.37946733832359314
7M,6000,Random,16,0.38038018345832825
7M,6000,Random,17,0.3808596730232239
7M,6000,Random,18,0.37537452578544617
7M,6000,Random,19,0.38211363554000854
7M,6000,Random,20,0.37427452206611633
7M,6000,Random,21,0.3749401271343231
7M,6000,Random,22,0.37854793667793274
7M,6000,Random,23,0.38053712248802185
7M,6000,Random,24,0.37912437319755554
7M,6000,Random,25,0.37129974365234375
7M,6000,Random,26,0.373045414686203
7M,6000,Random,27,0.37704598903656006
7M,6000,Random,28,0.38032904267311096
7M,6000,Random,29,0.37731441855430603
7M,6000,Random,30,0.37890544533729553
7M,6000,Random,31,0.37381625175476074
7M,6000,Random,32,0.3716598451137543
7M,6000,Random,33,0.37412434816360474
7M,6000,Random,34,0.37724244594573975
7M,6000,Random,35,0.3764173090457916
7M,6000,Random,36,0.3694067895412445
7M,6000,Random,37,0.37880414724349976
7M,6000,Random,38,0.3772270083427429
7M,6000,Random,39,0.37617796659469604
7M,6000,Random,40,0.3770616054534912
7M,6000,Random,41,0.3783184885978699
7M,6000,Random,42,0.37567809224128723
7M,6000,Random,43,0.379932701587677
7M,6000,Random,44,0.36436793208122253
7M,6500,Global,-1,87.31388092041016
7M,6500,Frequency,0,0.6372334957122803
7M,6500,Frequency,1,0.6066036224365234
7M,6500,Frequency,2,0.5925900936126709
7M,6500,Frequency,3,0.5737772583961487
7M,6500,Frequency,4,0.553695797920227
7M,6500,Frequency,5,0.5423052310943604
7M,6500,Frequency,6,0.5240822434425354
7M,6500,Frequency,7,0.5104618072509766
7M,6500,Frequency,8,0.4978586435317993
7M,6500,Frequency,9,0.48230671882629395
7M,6500,Frequency,10,0.4720991849899292
7M,6500,Frequency,11,0.46264657378196716
7M,6500,Frequency,12,0.4492065906524658
7M,6500,Frequency,13,0.43799740076065063
7M,6500,Frequency,14,0.4246813952922821
7M,6500,Frequency,15,0.42314013838768005
7M,6500,Frequency,16,0.4138004183769226
7M,6500,Frequency,17,0.40282395482063293
7M,6500,Frequency,18,0.3917083144187927
7M,6500,Frequency,19,0.3887716233730316
7M,6500,Frequency,20,0.3808955252170563
7M,6500,Frequency,21,0.36956503987312317
7M,6500,Frequency,22,0.370758980512619
7M,6500,Frequency,23,0.3591518700122833
7M,6500,Frequency,24,0.3538295030593872
7M,6500,Frequency,25,0.34636855125427246
7M,6500,Frequency,26,0.33996161818504333
7M,6500,Frequency,27,0.33485421538352966
7M,6500,Frequency,28,0.32867181301116943
7M,6500,Frequency,29,0.32181596755981445
7M,6500,Frequency,30,0.3159569203853607
7M,6500,Frequency,31,0.3073671758174896
7M,6500,Frequency,32,0.30147725343704224
7M,6500,Frequency,33,0.2916221022605896
7M,6500,Frequency,34,0.2834215760231018
7M,6500,Frequency,35,0.2752688229084015
7M,6500,Frequency,36,0.26818883419036865
7M,6500,Frequency,37,0.2586294114589691
7M,6500,Frequency,38,0.25166526436805725
7M,6500,Frequency,39,0.2426859438419342
7M,6500,Frequency,40,0.2373555302619934
7M,6500,Frequency,41,0.23301540315151215
7M,6500,Frequency,42,0.22989486157894135
7M,6500,Frequency,43,0.22770357131958008
7M,6500,Frequency,44,0.22749729454517365
7M,6500,Random,0,0.3816116452217102
7M,6500,Random,1,0.38592463731765747
7M,6500,Random,2,0.3930303454399109
7M,6500,Random,3,0.38518086075782776
7M,6500,Random,4,0.38417375087738037
7M,6500,Random,5,0.38132351636886597
7M,6500,Random,6,0.3850460946559906
7M,6500,Random,7,0.3871941566467285
7M,6500,Random,8,0.3774307370185852
7M,6500,Random,9,0.3897102475166321
7M,6500,Random,10,0.39150935411453247
7M,6500,Random,11,0.38272419571876526
7M,6500,Random,12,0.3801882565021515
7M,6500,Random,13,0.38666000962257385
7M,6500,Random,14,0.3844485282897949
7M,6500,Random,15,0.38886091113090515
7M,6500,Random,16,0.39046838879585266
7M,6500,Random,17,0.39050713181495667
7M,6500,Random,18,0.38501855731010437
7M,6500,Random,19,0.3920585811138153
7M,6500,Random,20,0.3835281729698181
7M,6500,Random,21,0.3839477002620697
7M,6500,Random,22,0.3882213532924652
7M,6500,Random,23,0.39026275277137756
7M,6500,Random,24,0.38920867443084717
7M,6500,Random,25,0.38061127066612244
7M,6500,Random,26,0.38232576847076416
7M,6500,Random,27,0.38630080223083496
7M,6500,Random,28,0.39011242985725403
7M,6500,Random,29,0.38654980063438416
7M,6500,Random,30,0.388823539018631
7M,6500,Random,31,0.3827133774757385
7M,6500,Random,32,0.3811255097389221
7M,6500,Random,33,0.3835127353668213
7M,6500,Random,34,0.38712096214294434
7M,6500,Random,35,0.3857511579990387
7M,6500,Random,36,0.37840327620506287
7M,6500,Random,37,0.38833826780319214
7M,6500,Random,38,0.3869260251522064
7M,6500,Random,39,0.38553568720817566
7M,6500,Random,40,0.38664162158966064
7M,6500,Random,41,0.38778769969940186
7M,6500,Random,42,0.38524168729782104
7M,6500,Random,43,0.38963231444358826
7M,6500,Random,44,0.37297481298446655
7M,7000,Global,-1,89.4926528930664
7M,7000,Frequency,0,0.6553569436073303
7M,7000,Frequency,1,0.6241646409034729
7M,7000,Frequency,2,0.6103869080543518
7M,7000,Frequency,3,0.5910744071006775
7M,7000,Frequency,4,0.5701192021369934
7M,7000,Frequency,5,0.5587359666824341
7M,7000,Frequency,6,0.5404517650604248
7M,7000,Frequency,7,0.5260331630706787
7M,7000,Frequency,8,0.512283205986023
7M,7000,Frequency,9,0.496947318315506
7M,7000,Frequency,10,0.48592236638069153
7M,7000,Frequency,11,0.4759167730808258
7M,7000,Frequency,12,0.4622870087623596
7M,7000,Frequency,13,0.4503882825374603
7M,7000,Frequency,14,0.43628689646720886
7M,7000,Frequency,15,0.4345966875553131
7M,7000,Frequency,16,0.4252168536186218
7M,7000,Frequency,17,0.4136717617511749
7M,7000,Frequency,18,0.40164604783058167
7M,7000,Frequency,19,0.399441659450531
7M,7000,Frequency,20,0.39075997471809387
7M,7000,Frequency,21,0.3789238929748535
7M,7000,Frequency,22,0.38011839985847473
7M,7000,Frequency,23,0.3679993152618408
7M,7000,Frequency,24,0.36194097995758057
7M,7000,Frequency,25,0.35395297408103943
7M,7000,Frequency,26,0.3480600416660309
7M,7000,Frequency,27,0.3422289788722992
7M,7000,Frequency,28,0.33582428097724915
7M,7000,Frequency,29,0.32856985926628113
7M,7000,Frequency,30,0.3222809433937073
7M,7000,Frequency,31,0.31316882371902466
7M,7000,Frequency,32,0.3068229854106903
7M,7000,Frequency,33,0.2965714931488037
7M,7000,Frequency,34,0.288255512714386
7M,7000,Frequency,35,0.27926814556121826
7M,7000,Frequency,36,0.2716430425643921
7M,7000,Frequency,37,0.2614147961139679
7M,7000,Frequency,38,0.2539348304271698
7M,7000,Frequency,39,0.24409450590610504
7M,7000,Frequency,40,0.2382453829050064
7M,7000,Frequency,41,0.2336473912000656
7M,7000,Frequency,42,0.23031535744667053
7M,7000,Frequency,43,0.2279794067144394
7M,7000,Frequency,44,0.2276947945356369
7M,7000,Random,0,0.39048096537590027
7M,7000,Random,1,0.39488595724105835
7M,7000,Random,2,0.4028935432434082
7M,7000,Random,3,0.3943726718425751
7M,7000,Random,4,0.3935690224170685
7M,7000,Random,5,0.39028656482696533
7M,7000,Random,6,0.39467954635620117
7M,7000,Random,7,0.39662131667137146
7M,7000,Random,8,0.38653603196144104
7M,7000,Random,9,0.39940646290779114
7M,7000,Random,10,0.40068310499191284
7M,7000,Random,11,0.3918202519416809
7M,7000,Random,12,0.3891430199146271
7M,7000,Random,13,0.39584746956825256
7M,7000,Random,14,0.3936859369277954
7M,7000,Random,15,0.3982749581336975
7M,7000,Random,16,0.4000753164291382
7M,7000,Random,17,0.3997188210487366
7M,7000,Random,18,0.39427340030670166
7M,7000,Random,19,0.4014381766319275
7M,7000,Random,20,0.39271944761276245
7M,7000,Random,21,0.39302805066108704
7M,7000,Random,22,0.3978424370288849
7M,7000,Random,23,0.39966633915901184
7M,7000,Random,24,0.3985152244567871
7M,7000,Random,25,0.38977575302124023
7M,7000,Random,26,0.3915208876132965
7M,7000,Random,27,0.39552727341651917
7M,7000,Random,28,0.39943328499794006
7M,7000,Random,29,0.395283043384552
7M,7000,Random,30,0.3983913064002991
7M,7000,Random,31,0.39180710911750793
7M,7000,Random,32,0.38971641659736633
7M,7000,Random,33,0.3929200768470764
7M,7000,Random,34,0.39588871598243713
7M,7000,Random,35,0.3950577974319458
7M,7000,Random,36,0.38725659251213074
7M,7000,Random,37,0.39757484197616577
7M,7000,Random,38,0.3966144025325775
7M,7000,Random,39,0.3950956463813782
7M,7000,Random,40,0.3960718512535095
7M,7000,Random,41,0.39660805463790894
7M,7000,Random,42,0.3947134017944336
7M,7000,Random,43,0.3990497291088104
7M,7000,Random,44,0.3810241222381592
7M,7500,Global,-1,91.56494903564453
7M,7500,Frequency,0,0.6716165542602539
7M,7500,Frequency,1,0.641621470451355
7M,7500,Frequency,2,0.6271864175796509
7M,7500,Frequency,3,0.6076571941375732
7M,7500,Frequency,4,0.5857682228088379
7M,7500,Frequency,5,0.5741192102432251
7M,7500,Frequency,6,0.5555720329284668
7M,7500,Frequency,7,0.5412098169326782
7M,7500,Frequency,8,0.5267373919487
7M,7500,Frequency,9,0.5109071135520935
7M,7500,Frequency,10,0.49869978427886963
7M,7500,Frequency,11,0.48900899291038513
7M,7500,Frequency,12,0.4748401939868927
7M,7500,Frequency,13,0.4622586965560913
7M,7500,Frequency,14,0.44745776057243347
7M,7500,Frequency,15,0.4454389810562134
7M,7500,Frequency,16,0.4361262023448944
7M,7500,Frequency,17,0.42421361804008484
7M,7500,Frequency,18,0.41126880049705505
7M,7500,Frequency,19,0.4088892638683319
7M,7500,Frequency,20,0.39959394931793213
7M,7500,Frequency,21,0.38765856623649597
7M,7500,Frequency,22,0.3888380229473114
7M,7500,Frequency,23,0.376274049282074
7M,7500,Frequency,24,0.3693679869174957
7M,7500,Frequency,25,0.3613678812980652
7M,7500,Frequency,26,0.35563409328460693
7M,7500,Frequency,27,0.34887832403182983
7M,7500,Frequency,28,0.34228596091270447
7M,7500,Frequency,29,0.3350059986114502
7M,7500,Frequency,30,0.3280966579914093
7M,7500,Frequency,31,0.3187709152698517
7M,7500,Frequency,32,0.31194788217544556
7M,7500,Frequency,33,0.3014596104621887
7M,7500,Frequency,34,0.29241490364074707
7M,7500,Frequency,35,0.28357985615730286
7M,7500,Frequency,36,0.2750297486782074
7M,7500,Frequency,37,0.26418206095695496
7M,7500,Frequency,38,0.2561432123184204
7M,7500,Frequency,39,0.24556735157966614
7M,7500,Frequency,40,0.23917390406131744
7M,7500,Frequency,41,0.2341797798871994
7M,7500,Frequency,42,0.23061414062976837
7M,7500,Frequency,43,0.2281336635351181
7M,7500,Frequency,44,0.2278367578983307
7M,7500,Random,0,0.3993821442127228
7M,7500,Random,1,0.40351447463035583
7M,7500,Random,2,0.41172459721565247
7M,7500,Random,3,0.40321627259254456
7M,7500,Random,4,0.4028003215789795
7M,7500,Random,5,0.39849650859832764
7M,7500,Random,6,0.4032893180847168
7M,7500,Random,7,0.4054996967315674
7M,7500,Random,8,0.395056813955307
7M,7500,Random,9,0.40881219506263733
7M,7500,Random,10,0.4095303416252136
7M,7500,Random,11,0.40005797147750854
7M,7500,Random,12,0.39768311381340027
7M,7500,Random,13,0.40440818667411804
7M,7500,Random,14,0.4026780426502228
7M,7500,Random,15,0.40732890367507935
7M,7500,Random,16,0.4093715250492096
7M,7500,Random,17,0.40834370255470276
7M,7500,Random,18,0.4033750295639038
7M,7500,Random,19,0.4097733795642853
7M,7500,Random,20,0.40140047669410706
7M,7500,Random,21,0.4016737639904022
7M,7500,Random,22,0.40704309940338135
7M,7500,Random,23,0.4091029465198517
7M,7500,Random,24,0.40702396631240845
7M,7500,Random,25,0.398733526468277
7M,7500,Random,26,0.40055933594703674
7M,7500,Random,27,0.40428808331489563
7M,7500,Random,28,0.4084168076515198
7M,7500,Random,29,0.40392741560935974
7M,7500,Random,30,0.4068872630596161
7M,7500,Random,31,0.4007263481616974
7M,7500,Random,32,0.39806389808654785
7M,7500,Random,33,0.40159451961517334
7M,7500,Random,34,0.4044961631298065
7M,7500,Random,35,0.40371787548065186
7M,7500,Random,36,0.39609867334365845
7M,7500,Random,37,0.4063569903373718
7M,7500,Random,38,0.40530261397361755
7M,7500,Random,39,0.40404635667800903
7M,7500,Random,40,0.40441131591796875
7M,7500,Random,41,0.4055626094341278
7M,7500,Random,42,0.4032270014286041
7M,7500,Random,43,0.4077346920967102
7M,7500,Random,44,0.38871195912361145
7M,8000,Global,-1,93.55952453613281
7M,8000,Frequency,0,0.6876734495162964
7M,8000,Frequency,1,0.6583647727966309
7M,8000,Frequency,2,0.644217312335968
7M,8000,Frequency,3,0.623039960861206
7M,8000,Frequency,4,0.6017410755157471
7M,8000,Frequency,5,0.5890752077102661
7M,8000,Frequency,6,0.5704349279403687
7M,8000,Frequency,7,0.5555573105812073
7M,8000,Frequency,8,0.5410747528076172
7M,8000,Frequency,9,0.5239934325218201
7M,8000,Frequency,10,0.5113478899002075
7M,8000,Frequency,11,0.501039445400238
7M,8000,Frequency,12,0.4867691993713379
7M,8000,Frequency,13,0.4730163514614105
7M,8000,Frequency,14,0.45821306109428406
7M,8000,Frequency,15,0.4565189778804779
7M,8000,Frequency,16,0.446384072303772
7M,8000,Frequency,17,0.43368932604789734
7M,8000,Frequency,18,0.4204300045967102
7M,8000,Frequency,19,0.4177655577659607
7M,8000,Frequency,20,0.40847817063331604
7M,8000,Frequency,21,0.3956802487373352
7M,8000,Frequency,22,0.39680588245391846
7M,8000,Frequency,23,0.3843387961387634
7M,8000,Frequency,24,0.37678879499435425
7M,8000,Frequency,25,0.368396520614624
7M,8000,Frequency,26,0.363031804561615
7M,8000,Frequency,27,0.35540950298309326
7M,8000,Frequency,28,0.3485889136791229
7M,8000,Frequency,29,0.3411199152469635
7M,8000,Frequency,30,0.33368998765945435
7M,8000,Frequency,31,0.32376909255981445
7M,8000,Frequency,32,0.3168899118900299
7M,8000,Frequency,33,0.3060343563556671
7M,8000,Frequency,34,0.2967911660671234
7M,8000,Frequency,35,0.2875659763813019
7M,8000,Frequency,36,0.278320848941803
7M,8000,Frequency,37,0.2668802738189697
7M,8000,Frequency,38,0.2582237720489502
7M,8000,Frequency,39,0.24705247581005096
7M,8000,Frequency,40,0.24013298749923706
7M,8000,Frequency,41,0.23477035760879517
7M,8000,Frequency,42,0.23093461990356445
7M,8000,Frequency,43,0.2282666563987732
7M,8000,Frequency,44,0.2279157191514969
7M,8000,Random,0,0.40855154395103455
7M,8000,Random,1,0.4116881191730499
7M,8000,Random,2,0.42034605145454407
7M,8000,Random,3,0.4113978147506714
7M,8000,Random,4,0.4108394384384155
7M,8000,Random,5,0.40646541118621826
7M,8000,Random,6,0.41187503933906555
7M,8000,Random,7,0.4142427444458008
7M,8000,Random,8,0.4026394188404083
7M,8000,Random,9,0.41714760661125183
7M,8000,Random,10,0.41821110248565674
7M,8000,Random,11,0.4088800549507141
7M,8000,Random,12,0.4055333435535431
7M,8000,Random,13,0.41266149282455444
7M,8000,Random,14,0.41098541021347046
7M,8000,Random,15,0.41580072045326233
7M,8000,Random,16,0.4179108738899231
7M,8000,Random,17,0.41758209466934204
7M,8000,Random,18,0.41221222281455994
7M,8000,Random,19,0.41858598589897156
7M,8000,Random,20,0.4101402461528778
7M,8000,Random,21,0.41003933548927307
7M,8000,Random,22,0.41542819142341614
7M,8000,Random,23,0.41776561737060547
7M,8000,Random,24,0.41552793979644775
7M,8000,Random,25,0.40680307149887085
7M,8000,Random,26,0.40903231501579285
7M,8000,Random,27,0.4128981828689575
7M,8000,Random,28,0.41690483689308167
7M,8000,Random,29,0.41230010986328125
7M,8000,Random,30,0.4154478907585144
7M,8000,Random,31,0.4089185297489166
7M,8000,Random,32,0.40594103932380676
7M,8000,Random,33,0.4101340174674988
7M,8000,Random,34,0.41308820247650146
7M,8000,Random,35,0.4123520255088806
7M,8000,Random,36,0.40433254837989807
7M,8000,Random,37,0.4147079586982727
7M,8000,Random,38,0.4139026999473572
7M,8000,Random,39,0.4121035635471344
7M,8000,Random,40,0.41298049688339233
7M,8000,Random,41,0.4141290783882141
7M,8000,Random,42,0.4115859270095825
7M,8000,Random,43,0.4162169098854065
7M,8000,Random,44,0.3968711495399475
7M,8500,Global,-1,95.5839614868164
7M,8500,Frequency,0,0.7037203907966614
7M,8500,Frequency,1,0.674712061882019
7M,8500,Frequency,2,0.6604079604148865
7M,8500,Frequency,3,0.6391236782073975
7M,8500,Frequency,4,0.6169207692146301
7M,8500,Frequency,5,0.6042042970657349
7M,8500,Frequency,6,0.5858222246170044
7M,8500,Frequency,7,0.5702301859855652
7M,8500,Frequency,8,0.5545744299888611
7M,8500,Frequency,9,0.5368354916572571
7M,8500,Frequency,10,0.5245339870452881
7M,8500,Frequency,11,0.5135527849197388
7M,8500,Frequency,12,0.4980079233646393
7M,8500,Frequency,13,0.4841698408126831
7M,8500,Frequency,14,0.46907204389572144
7M,8500,Frequency,15,0.4677056670188904
7M,8500,Frequency,16,0.4567301869392395
7M,8500,Frequency,17,0.44371166825294495
7M,8500,Frequency,18,0.4299638569355011
7M,8500,Frequency,19,0.4272557199001312
7M,8500,Frequency,20,0.4177301228046417
7M,8500,Frequency,21,0.4038342237472534
7M,8500,Frequency,22,0.4056175947189331
7M,8500,Frequency,23,0.39226362109184265
7M,8500,Frequency,24,0.3845805525779724
7M,8500,Frequency,25,0.3758185803890228
7M,8500,Frequency,26,0.370113343000412
7M,8500,Frequency,27,0.3627433180809021
7M,8500,Frequency,28,0.3553834557533264
7M,8500,Frequency,29,0.3472353219985962
7M,8500,Frequency,30,0.33938688039779663
7M,8500,Frequency,31,0.32948771119117737
7M,8500,Frequency,32,0.3222775459289551
7M,8500,Frequency,33,0.3109586834907532
7M,8500,Frequency,34,0.30131542682647705
7M,8500,Frequency,35,0.2913511097431183
7M,8500,Frequency,36,0.28161245584487915
7M,8500,Frequency,37,0.2697179317474365
7M,8500,Frequency,38,0.2605971395969391
7M,8500,Frequency,39,0.24874185025691986
7M,8500,Frequency,40,0.2411981076002121
7M,8500,Frequency,41,0.23539331555366516
7M,8500,Frequency,42,0.23130963742733002
7M,8500,Frequency,43,0.22838924825191498
7M,8500,Frequency,44,0.2281227856874466
7M,8500,Random,0,0.41707202792167664
7M,8500,Random,1,0.42008402943611145
7M,8500,Random,2,0.4291353225708008
7M,8500,Random,3,0.4200495481491089
7M,8500,Random,4,0.41940340399742126
7M,8500,Random,5,0.4143211841583252
7M,8500,Random,6,0.4205338656902313
7M,8500,Random,7,0.4231649339199066
7M,8500,Random,8,0.410749614238739
7M,8500,Random,9,0.4258273243904114
7M,8500,Random,10,0.42686066031455994
7M,8500,Random,11,0.41754668951034546
7M,8500,Random,12,0.4139108657836914
7M,8500,Random,13,0.42070454359054565
7M,8500,Random,14,0.4200323522090912
7M,8500,Random,15,0.4247360825538635
7M,8500,Random,16,0.4266059100627899
7M,8500,Random,17,0.42619597911834717
7M,8500,Random,18,0.4205711781978607
7M,8500,Random,19,0.4274638891220093
7M,8500,Random,20,0.41830193996429443
7M,8500,Random,21,0.41832447052001953
7M,8500,Random,22,0.42373642325401306
7M,8500,Random,23,0.4262828230857849
7M,8500,Random,24,0.42419853806495667
7M,8500,Random,25,0.4151137173175812
7M,8500,Random,26,0.4174305200576782
7M,8500,Random,27,0.42135894298553467
7M,8500,Random,28,0.42583563923835754
7M,8500,Random,29,0.42124632000923157
7M,8500,Random,30,0.424384742975235
7M,8500,Random,31,0.41719120740890503
7M,8500,Random,32,0.4145872890949249
7M,8500,Random,33,0.41900157928466797
7M,8500,Random,34,0.4218561351299286
7M,8500,Random,35,0.4210799038410187
7M,8500,Random,36,0.4127630591392517
7M,8500,Random,37,0.4236293137073517
7M,8500,Random,38,0.4228420555591583
7M,8500,Random,39,0.4208865761756897
7M,8500,Random,40,0.42151540517807007
7M,8500,Random,41,0.42294466495513916
7M,8500,Random,42,0.42012983560562134
7M,8500,Random,43,0.4246397912502289
7M,8500,Random,44,0.40507861971855164
7M,9000,Global,-1,97.51244354248047
7M,9000,Frequency,0,0.71922367811203
7M,9000,Frequency,1,0.6901413798332214
7M,9000,Frequency,2,0.6764488816261292
7M,9000,Frequency,3,0.6544607281684875
7M,9000,Frequency,4,0.6317476034164429
7M,9000,Frequency,5,0.6186028122901917
7M,9000,Frequency,6,0.600040853023529
7M,9000,Frequency,7,0.5834003686904907
7M,9000,Frequency,8,0.5677362084388733
7M,9000,Frequency,9,0.5490497946739197
7M,9000,Frequency,10,0.5367579460144043
7M,9000,Frequency,11,0.5252001881599426
7M,9000,Frequency,12,0.5090153813362122
7M,9000,Frequency,13,0.4955214262008667
7M,9000,Frequency,14,0.47972458600997925
7M,9000,Frequency,15,0.47779926657676697
7M,9000,Frequency,16,0.4664645493030548
7M,9000,Frequency,17,0.4529731273651123
7M,9000,Frequency,18,0.43867772817611694
7M,9000,Frequency,19,0.43615540862083435
7M,9000,Frequency,20,0.42630520462989807
7M,9000,Frequency,21,0.4117010831832886
7M,9000,Frequency,22,0.4133802354335785
7M,9000,Frequency,23,0.4002847373485565
7M,9000,Frequency,24,0.39214110374450684
7M,9000,Frequency,25,0.38267192244529724
7M,9000,Frequency,26,0.3769396245479584
7M,9000,Frequency,27,0.36963409185409546
7M,9000,Frequency,28,0.36184751987457275
7M,9000,Frequency,29,0.3531144857406616
7M,9000,Frequency,30,0.34496402740478516
7M,9000,Frequency,31,0.33468323945999146
7M,9000,Frequency,32,0.3271839916706085
7M,9000,Frequency,33,0.31534552574157715
7M,9000,Frequency,34,0.30522653460502625
7M,9000,Frequency,35,0.29506000876426697
7M,9000,Frequency,36,0.2848238945007324
7M,9000,Frequency,37,0.27238863706588745
7M,9000,Frequency,38,0.2629100978374481
7M,9000,Frequency,39,0.2502054274082184
7M,9000,Frequency,40,0.24215668439865112
7M,9000,Frequency,41,0.23595617711544037
7M,9000,Frequency,42,0.23160439729690552
7M,9000,Frequency,43,0.22849765419960022
7M,9000,Frequency,44,0.22815051674842834
7M,9000,Random,0,0.4253126382827759
7M,9000,Random,1,0.42778047919273376
7M,9000,Random,2,0.4377714991569519
7M,9000,Random,3,0.42782410979270935
7M,9000,Random,4,0.4277196228504181
7M,9000,Random,5,0.4221538007259369
7M,9000,Random,6,0.42859119176864624
7M,9000,Random,7,0.4314195513725281
7M,9000,Random,8,0.4180736839771271
7M,9000,Random,9,0.43460801243782043
7M,9000,Random,10,0.4352315366268158
7M,9000,Random,11,0.4256451427936554
7M,9000,Random,12,0.42165419459342957
7M,9000,Random,13,0.4290905296802521
7M,9000,Random,14,0.42834728956222534
7M,9000,Random,15,0.4332228899002075
7M,9000,Random,16,0.4347151219844818
7M,9000,Random,17,0.4348987340927124
7M,9000,Random,18,0.42873290181159973
7M,9000,Random,19,0.43527641892433167
7M,9000,Random,20,0.4262790083885193
7M,9000,Random,21,0.42648449540138245
7M,9000,Random,22,0.4319154918193817
7M,9000,Random,23,0.43431776762008667
7M,9000,Random,24,0.4324933588504791
7M,9000,Random,25,0.42278149724006653
7M,9000,Random,26,0.4254157245159149
7M,9000,Random,27,0.42946940660476685
7M,9000,Random,28,0.4340817630290985
7M,9000,Random,29,0.42923465371131897
7M,9000,Random,30,0.43265196681022644
7M,9000,Random,31,0.42531195282936096
7M,9000,Random,32,0.4226000905036926
7M,9000,Random,33,0.4268352687358856
7M,9000,Random,34,0.42978766560554504
7M,9000,Random,35,0.42938029766082764
7M,9000,Random,36,0.4205051362514496
7M,9000,Random,37,0.4314717948436737
7M,9000,Random,38,0.4312797784805298
7M,9000,Random,39,0.4292420446872711
7M,9000,Random,40,0.42985397577285767
7M,9000,Random,41,0.4315379559993744
7M,9000,Random,42,0.4284227788448334
7M,9000,Random,43,0.43278247117996216
7M,9000,Random,44,0.4127390384674072
7M,9500,Global,-1,99.41960144042969
7M,9500,Frequency,0,0.7342318296432495
7M,9500,Frequency,1,0.7052887082099915
7M,9500,Frequency,2,0.6926571726799011
7M,9500,Frequency,3,0.6698046326637268
7M,9500,Frequency,4,0.6462907195091248
7M,9500,Frequency,5,0.6329936981201172
7M,9500,Frequency,6,0.613741397857666
7M,9500,Frequency,7,0.5968769788742065
7M,9500,Frequency,8,0.5805971622467041
7M,9500,Frequency,9,0.5616629719734192
7M,9500,Frequency,10,0.548734188079834
7M,9500,Frequency,11,0.5369194149971008
7M,9500,Frequency,12,0.5200948715209961
7M,9500,Frequency,13,0.5064231753349304
7M,9500,Frequency,14,0.48997315764427185
7M,9500,Frequency,15,0.48766353726387024
7M,9500,Frequency,16,0.4764327108860016
7M,9500,Frequency,17,0.4624810814857483
7M,9500,Frequency,18,0.44768616557121277
7M,9500,Frequency,19,0.4446723163127899
7M,9500,Frequency,20,0.4349885582923889
7M,9500,Frequency,21,0.4201538562774658
7M,9500,Frequency,22,0.420657217502594
7M,9500,Frequency,23,0.4078921377658844
7M,9500,Frequency,24,0.398910790681839
7M,9500,Frequency,25,0.3895420432090759
7M,9500,Frequency,26,0.3836985230445862
7M,9500,Frequency,27,0.3760280907154083
7M,9500,Frequency,28,0.3676495850086212
7M,9500,Frequency,29,0.3591850697994232
7M,9500,Frequency,30,0.35033243894577026
7M,9500,Frequency,31,0.3398463726043701
7M,9500,Frequency,32,0.33234190940856934
7M,9500,Frequency,33,0.3194821774959564
7M,9500,Frequency,34,0.30939605832099915
7M,9500,Frequency,35,0.2986111044883728
7M,9500,Frequency,36,0.2880357503890991
7M,9500,Frequency,37,0.27471840381622314
7M,9500,Frequency,38,0.2651410698890686
7M,9500,Frequency,39,0.25158074498176575
7M,9500,Frequency,40,0.24316295981407166
7M,9500,Frequency,41,0.23641522228717804
7M,9500,Frequency,42,0.23190155625343323
7M,9500,Frequency,43,0.22865895926952362
7M,9500,Frequency,44,0.22818420827388763
7M,9500,Random,0,0.4332132935523987
7M,9500,Random,1,0.43564876914024353
7M,9500,Random,2,0.4456849694252014
7M,9500,Random,3,0.43568089604377747
7M,9500,Random,4,0.4354342222213745
7M,9500,Random,5,0.4296891987323761
7M,9500,Random,6,0.4365460276603699
7M,9500,Random,7,0.4394197165966034
7M,9500,Random,8,0.426095187664032
7M,9500,Random,9,0.4430363178253174
7M,9500,Random,10,0.4435826241970062
7M,9500,Random,11,0.43390458822250366
7M,9500,Random,12,0.4291379749774933
7M,9500,Random,13,0.43755096197128296
7M,9500,Random,14,0.4364827275276184
7M,9500,Random,15,0.4417119026184082
7M,9500,Random,16,0.44257834553718567
7M,9500,Random,17,0.44286423921585083
7M,9500,Random,18,0.43661460280418396
7M,9500,Random,19,0.44302302598953247
7M,9500,Random,20,0.4340754449367523
7M,9500,Random,21,0.43418726325035095
7M,9500,Random,22,0.44016599655151367
7M,9500,Random,23,0.44294464588165283
7M,9500,Random,24,0.4406979978084564
7M,9500,Random,25,0.4302489161491394
7M,9500,Random,26,0.4334208369255066
7M,9500,Random,27,0.43730688095092773
7M,9500,Random,28,0.4421737790107727
7M,9500,Random,29,0.4370307922363281
7M,9500,Random,30,0.44020548462867737
7M,9500,Random,31,0.43359121680259705
7M,9500,Random,32,0.43011555075645447
7M,9500,Random,33,0.4349774122238159
7M,9500,Random,34,0.4378015398979187
7M,9500,Random,35,0.4370196461677551
7M,9500,Random,36,0.42834293842315674
7M,9500,Random,37,0.4399074912071228
7M,9500,Random,38,0.4398125410079956
7M,9500,Random,39,0.4377616345882416
7M,9500,Random,40,0.43837931752204895
7M,9500,Random,41,0.43962451815605164
7M,9500,Random,42,0.4367341101169586
7M,9500,Random,43,0.44107839465141296
7M,9500,Random,44,0.42116785049438477
7M,10000,Global,-1,101.30390167236328
7M,10000,Frequency,0,0.7496365308761597
7M,10000,Frequency,1,0.7199341058731079
7M,10000,Frequency,2,0.707225501537323
7M,10000,Frequency,3,0.684377908706665
7M,10000,Frequency,4,0.6605201363563538
7M,10000,Frequency,5,0.6467358469963074
7M,10000,Frequency,6,0.62751704454422
7M,10000,Frequency,7,0.6098126173019409
7M,10000,Frequency,8,0.5931965708732605
7M,10000,Frequency,9,0.5738816857337952
7M,10000,Frequency,10,0.5607283711433411
7M,10000,Frequency,11,0.5488210916519165
7M,10000,Frequency,12,0.5310191512107849
7M,10000,Frequency,13,0.5169559121131897
7M,10000,Frequency,14,0.5002716183662415
7M,10000,Frequency,15,0.49761220812797546
7M,10000,Frequency,16,0.4859727621078491
7M,10000,Frequency,17,0.4719432294368744
7M,10000,Frequency,18,0.45643332600593567
7M,10000,Frequency,19,0.4535903036594391
7M,10000,Frequency,20,0.4435294568538666
7M,10000,Frequency,21,0.4277048707008362
7M,10000,Frequency,22,0.4288700222969055
7M,10000,Frequency,23,0.41526034474372864
7M,10000,Frequency,24,0.40615114569664
7M,10000,Frequency,25,0.39652711153030396
7M,10000,Frequency,26,0.3898788094520569
7M,10000,Frequency,27,0.38271355628967285
7M,10000,Frequency,28,0.3739815652370453
7M,10000,Frequency,29,0.36537986993789673
7M,10000,Frequency,30,0.3560934364795685
7M,10000,Frequency,31,0.344844788312912
7M,10000,Frequency,32,0.3376246690750122
7M,10000,Frequency,33,0.32383808493614197
7M,10000,Frequency,34,0.3136347830295563
7M,10000,Frequency,35,0.3024064004421234
7M,10000,Frequency,36,0.29147422313690186
7M,10000,Frequency,37,0.2773754298686981
7M,10000,Frequency,38,0.26731565594673157
7M,10000,Frequency,39,0.25301241874694824
7M,10000,Frequency,40,0.2441502958536148
7M,10000,Frequency,41,0.23698978126049042
7M,10000,Frequency,42,0.2323303371667862
7M,10000,Frequency,43,0.22882778942584991
7M,10000,Frequency,44,0.22834272682666779
7M,10000,Random,0,0.4412136375904083
7M,10000,Random,1,0.44373053312301636
7M,10000,Random,2,0.4540283679962158
7M,10000,Random,3,0.4438428282737732
7M,10000,Random,4,0.4432544410228729
7M,10000,Random,5,0.4378657341003418
7M,10000,Random,6,0.4443834125995636
7M,10000,Random,7,0.4471236765384674
7M,10000,Random,8,0.43402203917503357
7M,10000,Random,9,0.45086726546287537
7M,10000,Random,10,0.4519727826118469
7M,10000,Random,11,0.4417456090450287
7M,10000,Random,12,0.4364418089389801
7M,10000,Random,13,0.44611620903015137
7M,10000,Random,14,0.444468230009079
7M,10000,Random,15,0.44981613755226135
7M,10000,Random,16,0.4508620798587799
7M,10000,Random,17,0.4508243501186371
7M,10000,Random,18,0.44460657238960266
7M,10000,Random,19,0.45124053955078125
7M,10000,Random,20,0.44176411628723145
7M,10000,Random,21,0.44215765595436096
7M,10000,Random,22,0.448282927274704
7M,10000,Random,23,0.45112958550453186
7M,10000,Random,24,0.4489187002182007
7M,10000,Random,25,0.4381508231163025
7M,10000,Random,26,0.4413791000843048
7M,10000,Random,27,0.4451586604118347
7M,10000,Random,28,0.45018795132637024
7M,10000,Random,29,0.4452040195465088
7M,10000,Random,30,0.4476472735404968
7M,10000,Random,31,0.44150182604789734
7M,10000,Random,32,0.4379369020462036
7M,10000,Random,33,0.4433569312095642
7M,10000,Random,34,0.44535529613494873
7M,10000,Random,35,0.4447394907474518
7M,10000,Random,36,0.436223566532135
7M,10000,Random,37,0.44745004177093506
7M,10000,Random,38,0.44759443402290344
7M,10000,Random,39,0.4454971253871918
7M,10000,Random,40,0.44633111357688904
7M,10000,Random,41,0.4478425979614258
7M,10000,Random,42,0.44445422291755676
7M,10000,Random,43,0.4496602714061737
7M,10000,Random,44,0.42814186215400696
7M,10500,Global,-1,103.150634765625
7M,10500,Frequency,0,0.763594388961792
7M,10500,Frequency,1,0.7348425388336182
7M,10500,Frequency,2,0.721647322177887
7M,10500,Frequency,3,0.6986405849456787
7M,10500,Frequency,4,0.6739522218704224
7M,10500,Frequency,5,0.6605972647666931
7M,10500,Frequency,6,0.6411845088005066
7M,10500,Frequency,7,0.6225161552429199
7M,10500,Frequency,8,0.6053333878517151
7M,10500,Frequency,9,0.585829496383667
7M,10500,Frequency,10,0.572015643119812
7M,10500,Frequency,11,0.5605257749557495
7M,10500,Frequency,12,0.5419507026672363
7M,10500,Frequency,13,0.5276364684104919
7M,10500,Frequency,14,0.5104987621307373
7M,10500,Frequency,15,0.5078423023223877
7M,10500,Frequency,16,0.49547234177589417
7M,10500,Frequency,17,0.4812365770339966
7M,10500,Frequency,18,0.46516290307044983
7M,10500,Frequency,19,0.4620051980018616
7M,10500,Frequency,20,0.4516003429889679
7M,10500,Frequency,21,0.4354926347732544
7M,10500,Frequency,22,0.4368867874145508
7M,10500,Frequency,23,0.4227791428565979
7M,10500,Frequency,24,0.4135597348213196
7M,10500,Frequency,25,0.4033016562461853
7M,10500,Frequency,26,0.3959755301475525
7M,10500,Frequency,27,0.3889416754245758
7M,10500,Frequency,28,0.3796420693397522
7M,10500,Frequency,29,0.371399849653244
7M,10500,Frequency,30,0.36158791184425354
7M,10500,Frequency,31,0.3495422303676605
7M,10500,Frequency,32,0.34287890791893005
7M,10500,Frequency,33,0.3286025822162628
7M,10500,Frequency,34,0.31788429617881775
7M,10500,Frequency,35,0.3060322403907776
7M,10500,Frequency,36,0.2946736514568329
7M,10500,Frequency,37,0.2801016867160797
7M,10500,Frequency,38,0.26947352290153503
7M,10500,Frequency,39,0.25460085272789
7M,10500,Frequency,40,0.24522048234939575
7M,10500,Frequency,41,0.23754246532917023
7M,10500,Frequency,42,0.23273803293704987
7M,10500,Frequency,43,0.22895677387714386
7M,10500,Frequency,44,0.22839473187923431
7M,10500,Random,0,0.44911989569664
7M,10500,Random,1,0.4511219561100006
7M,10500,Random,2,0.4619142413139343
7M,10500,Random,3,0.45151543617248535
7M,10500,Random,4,0.450723797082901
7M,10500,Random,5,0.4450691044330597
7M,10500,Random,6,0.45276087522506714
7M,10500,Random,7,0.4544464647769928
7M,10500,Random,8,0.44164708256721497
7M,10500,Random,9,0.45883461833000183
7M,10500,Random,10,0.4601421654224396
7M,10500,Random,11,0.4496752619743347
7M,10500,Random,12,0.44418197870254517
7M,10500,Random,13,0.4538973271846771
7M,10500,Random,14,0.45212650299072266
7M,10500,Random,15,0.45777326822280884
7M,10500,Random,16,0.45889925956726074
7M,10500,Random,17,0.458410382270813
7M,10500,Random,18,0.45260024070739746
7M,10500,Random,19,0.45895522832870483
7M,10500,Random,20,0.4493926465511322
7M,10500,Random,21,0.4499945342540741
7M,10500,Random,22,0.4562984108924866
7M,10500,Random,23,0.45901918411254883
7M,10500,Random,24,0.4569103419780731
7M,10500,Random,25,0.4456499218940735
7M,10500,Random,26,0.44922348856925964
7M,10500,Random,27,0.4534481167793274
7M,10500,Random,28,0.4580256938934326
7M,10500,Random,29,0.45301419496536255
7M,10500,Random,30,0.45552918314933777
7M,10500,Random,31,0.44980987906455994
7M,10500,Random,32,0.44548583030700684
7M,10500,Random,33,0.4510684311389923
7M,10500,Random,34,0.45339301228523254
7M,10500,Random,35,0.4527859091758728
7M,10500,Random,36,0.4441070556640625
7M,10500,Random,37,0.45516544580459595
7M,10500,Random,38,0.4556271433830261
7M,10500,Random,39,0.452927827835083
7M,10500,Random,40,0.4543381929397583
7M,10500,Random,41,0.45557302236557007
7M,10500,Random,42,0.4521421492099762
7M,10500,Random,43,0.4578028917312622
7M,10500,Random,44,0.43462666869163513
7M,11000,Global,-1,104.9354248046875
7M,11000,Frequency,0,0.7777312994003296
7M,11000,Frequency,1,0.7491384148597717
7M,11000,Frequency,2,0.7363664507865906
7M,11000,Frequency,3,0.7125300168991089
7M,11000,Frequency,4,0.6874945163726807
7M,11000,Frequency,5,0.6737452745437622
7M,11000,Frequency,6,0.6539143919944763
7M,11000,Frequency,7,0.6347553133964539
7M,11000,Frequency,8,0.6170631051063538
7M,11000,Frequency,9,0.597240686416626
7M,11000,Frequency,10,0.5830186009407043
7M,11000,Frequency,11,0.5718682408332825
7M,11000,Frequency,12,0.5519561767578125
7M,11000,Frequency,13,0.5377355813980103
7M,11000,Frequency,14,0.5197216272354126
7M,11000,Frequency,15,0.5176047086715698
7M,11000,Frequency,16,0.5045031905174255
7M,11000,Frequency,17,0.4896245002746582
7M,11000,Frequency,18,0.47399044036865234
7M,11000,Frequency,19,0.4699627459049225
7M,11000,Frequency,20,0.4593130052089691
7M,11000,Frequency,21,0.44309261441230774
7M,11000,Frequency,22,0.444327712059021
7M,11000,Frequency,23,0.4301694333553314
7M,11000,Frequency,24,0.4200576841831207
7M,11000,Frequency,25,0.40968024730682373
7M,11000,Frequency,26,0.4022282660007477
7M,11000,Frequency,27,0.39465099573135376
7M,11000,Frequency,28,0.38506174087524414
7M,11000,Frequency,29,0.37714171409606934
7M,11000,Frequency,30,0.366451621055603
7M,11000,Frequency,31,0.35387662053108215
7M,11000,Frequency,32,0.3476888835430145
7M,11000,Frequency,33,0.33297017216682434
7M,11000,Frequency,34,0.32206159830093384
7M,11000,Frequency,35,0.30977800488471985
7M,11000,Frequency,36,0.2978561222553253
7M,11000,Frequency,37,0.28270289301872253
7M,11000,Frequency,38,0.271698534488678
7M,11000,Frequency,39,0.256220281124115
7M,11000,Frequency,40,0.24628625810146332
7M,11000,Frequency,41,0.23817697167396545
7M,11000,Frequency,42,0.2330455183982849
7M,11000,Frequency,43,0.229099839925766
7M,11000,Frequency,44,0.22847072780132294
7M,11000,Random,0,0.4563158452510834
7M,11000,Random,1,0.4585450291633606
7M,11000,Random,2,0.46970030665397644
7M,11000,Random,3,0.45877453684806824
7M,11000,Random,4,0.4585736095905304
7M,11000,Random,5,0.4522528350353241
7M,11000,Random,6,0.46058619022369385
7M,11000,Random,7,0.4616227447986603
7M,11000,Random,8,0.4486876130104065
7M,11000,Random,9,0.46641725301742554
7M,11000,Random,10,0.46780118346214294
7M,11000,Random,11,0.45676177740097046
7M,11000,Random,12,0.45156562328338623
7M,11000,Random,13,0.46136394143104553
7M,11000,Random,14,0.4596383571624756
7M,11000,Random,15,0.4649418890476227
7M,11000,Random,16,0.46714240312576294
7M,11000,Random,17,0.4657498300075531
7M,11000,Random,18,0.45997244119644165
7M,11000,Random,19,0.466953307390213
7M,11000,Random,20,0.45652100443840027
7M,11000,Random,21,0.4571504294872284
7M,11000,Random,22,0.46360909938812256
7M,11000,Random,23,0.46668481826782227
7M,11000,Random,24,0.464370459318161
7M,11000,Random,25,0.45271041989326477
7M,11000,Random,26,0.45660242438316345
7M,11000,Random,27,0.46131935715675354
7M,11000,Random,28,0.4653286337852478
7M,11000,Random,29,0.4604979455471039
7M,11000,Random,30,0.4633612036705017
7M,11000,Random,31,0.45757246017456055
7M,11000,Random,32,0.45313745737075806
7M,11000,Random,33,0.4586370289325714
7M,11000,Random,34,0.4609130620956421
7M,11000,Random,35,0.45988354086875916
7M,11000,Random,36,0.4517948627471924
7M,11000,Random,37,0.46285733580589294
7M,11000,Random,38,0.4634398818016052
7M,11000,Random,39,0.46033844351768494
7M,11000,Random,40,0.46213847398757935
7M,11000,Random,41,0.4635976552963257
7M,11000,Random,42,0.4592883288860321
7M,11000,Random,43,0.4652641713619232
7M,11000,Random,44,0.442192405462265
7M,11500,Global,-1,106.7159194946289
7M,11500,Frequency,0,0.7919480204582214
7M,11500,Frequency,1,0.763705849647522
7M,11500,Frequency,2,0.7504957318305969
7M,11500,Frequency,3,0.7263035774230957
7M,11500,Frequency,4,0.7014100551605225
7M,11500,Frequency,5,0.6871231198310852
7M,11500,Frequency,6,0.6666021347045898
7M,11500,Frequency,7,0.6473966240882874
7M,11500,Frequency,8,0.6293104887008667
7M,11500,Frequency,9,0.6086598038673401
7M,11500,Frequency,10,0.5941579341888428
7M,11500,Frequency,11,0.5829245448112488
7M,11500,Frequency,12,0.5616899132728577
7M,11500,Frequency,13,0.5484088659286499
7M,11500,Frequency,14,0.5291125774383545
7M,11500,Frequency,15,0.5263723134994507
7M,11500,Frequency,16,0.513692319393158
7M,11500,Frequency,17,0.4983253479003906
7M,11500,Frequency,18,0.48239827156066895
7M,11500,Frequency,19,0.4786619544029236
7M,11500,Frequency,20,0.4668450951576233
7M,11500,Frequency,21,0.4503788352012634
7M,11500,Frequency,22,0.45163673162460327
7M,11500,Frequency,23,0.4372289776802063
7M,11500,Frequency,24,0.42689695954322815
7M,11500,Frequency,25,0.4160018861293793
7M,11500,Frequency,26,0.4090576469898224
7M,11500,Frequency,27,0.40049684047698975
7M,11500,Frequency,28,0.3903135359287262
7M,11500,Frequency,29,0.38246405124664307
7M,11500,Frequency,30,0.37149426341056824
7M,11500,Frequency,31,0.35860663652420044
7M,11500,Frequency,32,0.3520544171333313
7M,11500,Frequency,33,0.3370661735534668
7M,11500,Frequency,34,0.3257514536380768
7M,11500,Frequency,35,0.31309857964515686
7M,11500,Frequency,36,0.30095580220222473
7M,11500,Frequency,37,0.28528299927711487
7M,11500,Frequency,38,0.2737138867378235
7M,11500,Frequency,39,0.25762054324150085
7M,11500,Frequency,40,0.24722172319889069
7M,11500,Frequency,41,0.23889786005020142
7M,11500,Frequency,42,0.23333773016929626
7M,11500,Frequency,43,0.22923791408538818
7M,11500,Frequency,44,0.22856205701828003
7M,11500,Random,0,0.4634428918361664
7M,11500,Random,1,0.4658051133155823
7M,11500,Random,2,0.47765156626701355
7M,11500,Random,3,0.4663815200328827
7M,11500,Random,4,0.46580907702445984
7M,11500,Random,5,0.4593452215194702
7M,11500,Random,6,0.4681205749511719
7M,11500,Random,7,0.4694841206073761
7M,11500,Random,8,0.4557863175868988
7M,11500,Random,9,0.4738105535507202
7M,11500,Random,10,0.4754631519317627
7M,11500,Random,11,0.4642601013183594
7M,11500,Random,12,0.4585168659687042
7M,11500,Random,13,0.4686410129070282
7M,11500,Random,14,0.46679601073265076
7M,11500,Random,15,0.4721095561981201
7M,11500,Random,16,0.47477948665618896
7M,11500,Random,17,0.47318509221076965
7M,11500,Random,18,0.4669971764087677
7M,11500,Random,19,0.4745926856994629
7M,11500,Random,20,0.46355265378952026
7M,11500,Random,21,0.46446099877357483
7M,11500,Random,22,0.4710235595703125
7M,11500,Random,23,0.4743655025959015
7M,11500,Random,24,0.47230345010757446
7M,11500,Random,25,0.460367351770401
7M,11500,Random,26,0.46375176310539246
7M,11500,Random,27,0.46875178813934326
7M,11500,Random,28,0.4729968309402466
7M,11500,Random,29,0.46819162368774414
7M,11500,Random,30,0.47096118330955505
7M,11500,Random,31,0.46517911553382874
7M,11500,Random,32,0.46078333258628845
7M,11500,Random,33,0.466266930103302
7M,11500,Random,34,0.4682576060295105
7M,11500,Random,35,0.46791860461235046
7M,11500,Random,36,0.4590565860271454
7M,11500,Random,37,0.47032853960990906
7M,11500,Random,38,0.47123441100120544
7M,11500,Random,39,0.4684376120567322
7M,11500,Random,40,0.469576895236969
7M,11500,Random,41,0.4713284373283386
7M,11500,Random,42,0.4668428301811218
7M,11500,Random,43,0.47250843048095703
7M,11500,Random,44,0.44918665289878845
7M,12000,Global,-1,108.46451568603516
7M,12000,Frequency,0,0.8060344457626343
7M,12000,Frequency,1,0.7774465084075928
7M,12000,Frequency,2,0.7646137475967407
7M,12000,Frequency,3,0.7399794459342957
7M,12000,Frequency,4,0.7146849632263184
7M,12000,Frequency,5,0.6996042728424072
7M,12000,Frequency,6,0.679516613483429
7M,12000,Frequency,7,0.6596124172210693
7M,12000,Frequency,8,0.6409111618995667
7M,12000,Frequency,9,0.6197851896286011
7M,12000,Frequency,10,0.6047183871269226
7M,12000,Frequency,11,0.5931481122970581
7M,12000,Frequency,12,0.5716877579689026
7M,12000,Frequency,13,0.5582623481750488
7M,12000,Frequency,14,0.5384130477905273
7M,12000,Frequency,15,0.535457968711853
7M,12000,Frequency,16,0.5223803520202637
7M,12000,Frequency,17,0.5071699023246765
7M,12000,Frequency,18,0.4906427562236786
7M,12000,Frequency,19,0.48690035939216614
7M,12000,Frequency,20,0.4745740592479706
7M,12000,Frequency,21,0.45766061544418335
7M,12000,Frequency,22,0.4589819312095642
7M,12000,Frequency,23,0.44377583265304565
7M,12000,Frequency,24,0.4338518977165222
7M,12000,Frequency,25,0.4226447641849518
7M,12000,Frequency,26,0.4153127372264862
7M,12000,Frequency,27,0.4059448838233948
7M,12000,Frequency,28,0.3961147665977478
7M,12000,Frequency,29,0.38791751861572266
7M,12000,Frequency,30,0.3766995966434479
7M,12000,Frequency,31,0.36320188641548157
7M,12000,Frequency,32,0.3566461503505707
7M,12000,Frequency,33,0.3411479890346527
7M,12000,Frequency,34,0.3292578160762787
7M,12000,Frequency,35,0.3166562020778656
7M,12000,Frequency,36,0.30409231781959534
7M,12000,Frequency,37,0.28764909505844116
7M,12000,Frequency,38,0.2756740152835846
7M,12000,Frequency,39,0.25920403003692627
7M,12000,Frequency,40,0.24806375801563263
7M,12000,Frequency,41,0.23961219191551208
7M,12000,Frequency,42,0.23365402221679688
7M,12000,Frequency,43,0.2294008731842041
7M,12000,Frequency,44,0.22864684462547302
7M,12000,Random,0,0.47035935521125793
7M,12000,Random,1,0.4728059470653534
7M,12000,Random,2,0.4851914346218109
7M,12000,Random,3,0.47312095761299133
7M,12000,Random,4,0.4732625484466553
7M,12000,Random,5,0.4661954343318939
7M,12000,Random,6,0.4755590558052063
7M,12000,Random,7,0.4768271744251251
7M,12000,Random,8,0.46309781074523926
7M,12000,Random,9,0.4813740849494934
7M,12000,Random,10,0.4827567934989929
7M,12000,Random,11,0.47175708413124084
7M,12000,Random,12,0.4657983183860779
7M,12000,Random,13,0.47611719369888306
7M,12000,Random,14,0.474132776260376
7M,12000,Random,15,0.479820191860199
7M,12000,Random,16,0.4819229245185852
7M,12000,Random,17,0.480927050113678
7M,12000,Random,18,0.4739454686641693
7M,12000,Random,19,0.48202869296073914
7M,12000,Random,20,0.47057104110717773
7M,12000,Random,21,0.47139716148376465
7M,12000,Random,22,0.4786437451839447
7M,12000,Random,23,0.48167312145233154
7M,12000,Random,24,0.4797807037830353
7M,12000,Random,25,0.4674068093299866
7M,12000,Random,26,0.4710286259651184
7M,12000,Random,27,0.4760996997356415
7M,12000,Random,28,0.4806494116783142
7M,12000,Random,29,0.475675493478775
7M,12000,Random,30,0.4784337878227234
7M,12000,Random,31,0.47249969840049744
7M,12000,Random,32,0.46811074018478394
7M,12000,Random,33,0.4738989472389221
7M,12000,Random,34,0.4755244553089142
7M,12000,Random,35,0.47553887963294983
7M,12000,Random,36,0.46618545055389404
7M,12000,Random,37,0.4779092073440552
7M,12000,Random,38,0.4784127175807953
7M,12000,Random,39,0.4755796790122986
7M,12000,Random,40,0.47692254185676575
7M,12000,Random,41,0.47863098978996277
7M,12000,Random,42,0.4747525155544281
7M,12000,Random,43,0.4798848032951355
7M,12000,Random,44,0.45554831624031067
7M,12500,Global,-1,110.20416259765625
7M,12500,Frequency,0,0.8192770481109619
7M,12500,Frequency,1,0.7907348871231079
7M,12500,Frequency,2,0.7778668403625488
7M,12500,Frequency,3,0.75328129529953
7M,12500,Frequency,4,0.7268987894058228
7M,12500,Frequency,5,0.7121143341064453
7M,12500,Frequency,6,0.6913260221481323
7M,12500,Frequency,7,0.6709898710250854
7M,12500,Frequency,8,0.6526340842247009
7M,12500,Frequency,9,0.631223738193512
7M,12500,Frequency,10,0.6156708598136902
7M,12500,Frequency,11,0.6031693816184998
7M,12500,Frequency,12,0.5820308327674866
7M,12500,Frequency,13,0.5681838393211365
7M,12500,Frequency,14,0.5479555726051331
7M,12500,Frequency,15,0.5448275208473206
7M,12500,Frequency,16,0.5314829349517822
7M,12500,Frequency,17,0.5160421133041382
7M,12500,Frequency,18,0.49918830394744873
7M,12500,Frequency,19,0.4953572154045105
7M,12500,Frequency,20,0.48254719376564026
7M,12500,Frequency,21,0.46518075466156006
7M,12500,Frequency,22,0.46645745635032654
7M,12500,Frequency,23,0.45105257630348206
7M,12500,Frequency,24,0.4405885338783264
7M,12500,Frequency,25,0.4292948246002197
7M,12500,Frequency,26,0.421467661857605
7M,12500,Frequency,27,0.41232967376708984
7M,12500,Frequency,28,0.40165987610816956
7M,12500,Frequency,29,0.3934406638145447
7M,12500,Frequency,30,0.382021427154541
7M,12500,Frequency,31,0.36799249053001404
7M,12500,Frequency,32,0.36131924390792847
7M,12500,Frequency,33,0.345281720161438
7M,12500,Frequency,34,0.33346980810165405
7M,12500,Frequency,35,0.3205336928367615
7M,12500,Frequency,36,0.30734577775001526
7M,12500,Frequency,37,0.2902001440525055
7M,12500,Frequency,38,0.2776961326599121
7M,12500,Frequency,39,0.2607908546924591
7M,12500,Frequency,40,0.2491835057735443
7M,12500,Frequency,41,0.24016804993152618
7M,12500,Frequency,42,0.23400503396987915
7M,12500,Frequency,43,0.22954899072647095
7M,12500,Frequency,44,0.22868137061595917
7M,12500,Random,0,0.47771385312080383
7M,12500,Random,1,0.479790061712265
7M,12500,Random,2,0.49256545305252075
7M,12500,Random,3,0.48057401180267334
7M,12500,Random,4,0.48044055700302124
7M,12500,Random,5,0.473148912191391
7M,12500,Random,6,0.483114629983902
7M,12500,Random,7,0.4844248294830322
7M,12500,Random,8,0.4702594578266144
7M,12500,Random,9,0.48875224590301514
7M,12500,Random,10,0.4900496006011963
7M,12500,Random,11,0.4794851243495941
7M,12500,Random,12,0.47311466932296753
7M,12500,Random,13,0.48354125022888184
7M,12500,Random,14,0.481241375207901
7M,12500,Random,15,0.4872439503669739
7M,12500,Random,16,0.48905953764915466
7M,12500,Random,17,0.48840051889419556
7M,12500,Random,18,0.48135241866111755
7M,12500,Random,19,0.4896273612976074
7M,12500,Random,20,0.47783929109573364
7M,12500,Random,21,0.4786013662815094
7M,12500,Random,22,0.4864404797554016
7M,12500,Random,23,0.4888685345649719
7M,12500,Random,24,0.4871021509170532
7M,12500,Random,25,0.4745963215827942
7M,12500,Random,26,0.47795188426971436
7M,12500,Random,27,0.4831465482711792
7M,12500,Random,28,0.4877815544605255
7M,12500,Random,29,0.48341789841651917
7M,12500,Random,30,0.486001580953598
7M,12500,Random,31,0.48011988401412964
7M,12500,Random,32,0.4754070043563843
7M,12500,Random,33,0.4811865985393524
7M,12500,Random,34,0.4828404486179352
7M,12500,Random,35,0.4827626347541809
7M,12500,Random,36,0.4732017517089844
7M,12500,Random,37,0.4851606488227844
7M,12500,Random,38,0.48600468039512634
7M,12500,Random,39,0.4832046627998352
7M,12500,Random,40,0.4844706654548645
7M,12500,Random,41,0.4861831068992615
7M,12500,Random,42,0.48217982053756714
7M,12500,Random,43,0.4872080087661743
7M,12500,Random,44,0.4626339077949524
7M,13000,Global,-1,111.90717315673828
7M,13000,Frequency,0,0.832535445690155
7M,13000,Frequency,1,0.8042662143707275
7M,13000,Frequency,2,0.7914771437644958
7M,13000,Frequency,3,0.766768217086792
7M,13000,Frequency,4,0.739463210105896
7M,13000,Frequency,5,0.7249963879585266
7M,13000,Frequency,6,0.7029258608818054
7M,13000,Frequency,7,0.6826253533363342
7M,13000,Frequency,8,0.6640437841415405
7M,13000,Frequency,9,0.6415186524391174
7M,13000,Frequency,10,0.6266990303993225
7M,13000,Frequency,11,0.6132683157920837
7M,13000,Frequency,12,0.5921822786331177
7M,13000,Frequency,13,0.5779403448104858
7M,13000,Frequency,14,0.55739825963974
7M,13000,Frequency,15,0.5537354350090027
7M,13000,Frequency,16,0.5402383208274841
7M,13000,Frequency,17,0.5249688625335693
7M,13000,Frequency,18,0.5071271657943726
7M,13000,Frequency,19,0.5027415752410889
7M,13000,Frequency,20,0.4902261793613434
7M,13000,Frequency,21,0.47220879793167114
7M,13000,Frequency,22,0.47347331047058105
7M,13000,Frequency,23,0.4577796161174774
7M,13000,Frequency,24,0.446895033121109
7M,13000,Frequency,25,0.43547505140304565
7M,13000,Frequency,26,0.42768073081970215
7M,13000,Frequency,27,0.41788437962532043
7M,13000,Frequency,28,0.40699976682662964
7M,13000,Frequency,29,0.39860132336616516
7M,13000,Frequency,30,0.3869766294956207
7M,13000,Frequency,31,0.3726635277271271
7M,13000,Frequency,32,0.36579713225364685
7M,13000,Frequency,33,0.3493720591068268
7M,13000,Frequency,34,0.33713412284851074
7M,13000,Frequency,35,0.323638916015625
7M,13000,Frequency,36,0.3105171322822571
7M,13000,Frequency,37,0.2926176190376282
7M,13000,Frequency,38,0.27964359521865845
7M,13000,Frequency,39,0.262229859828949
7M,13000,Frequency,40,0.2501048147678375
7M,13000,Frequency,41,0.2407446950674057
7M,13000,Frequency,42,0.23422116041183472
7M,13000,Frequency,43,0.22965215146541595
7M,13000,Frequency,44,0.22887204587459564
7M,13000,Random,0,0.4847255349159241
7M,13000,Random,1,0.4866122603416443
7M,13000,Random,2,0.4997536838054657
7M,13000,Random,3,0.48783332109451294
7M,13000,Random,4,0.48713958263397217
7M,13000,Random,5,0.4798910319805145
7M,13000,Random,6,0.4901883602142334
7M,13000,Random,7,0.4913865029811859
7M,13000,Random,8,0.4770851731300354
7M,13000,Random,9,0.4959495961666107
7M,13000,Random,10,0.497295618057251
7M,13000,Random,11,0.4864123463630676
7M,13000,Random,12,0.48019298911094666
7M,13000,Random,13,0.4908021092414856
7M,13000,Random,14,0.4886363446712494
7M,13000,Random,15,0.49436521530151367
7M,13000,Random,16,0.49638688564300537
7M,13000,Random,17,0.49612003564834595
7M,13000,Random,18,0.4881595969200134
7M,13000,Random,19,0.49727797508239746
7M,13000,Random,20,0.48452380299568176
7M,13000,Random,21,0.4861387610435486
7M,13000,Random,22,0.49388301372528076
7M,13000,Random,23,0.4961327612400055
7M,13000,Random,24,0.4941229522228241
7M,13000,Random,25,0.4815109074115753
7M,13000,Random,26,0.484632670879364
7M,13000,Random,27,0.49067965149879456
7M,13000,Random,28,0.4950810372829437
7M,13000,Random,29,0.4908052682876587
7M,13000,Random,30,0.49340325593948364
7M,13000,Random,31,0.4873349666595459
7M,13000,Random,32,0.4822719693183899
7M,13000,Random,33,0.48784422874450684
7M,13000,Random,34,0.48991572856903076
7M,13000,Random,35,0.48974186182022095
7M,13000,Random,36,0.48038873076438904
7M,13000,Random,37,0.4924984574317932
7M,13000,Random,38,0.49377667903900146
7M,13000,Random,39,0.49037694931030273
7M,13000,Random,40,0.491604208946228
7M,13000,Random,41,0.49339497089385986
7M,13000,Random,42,0.48903125524520874
7M,13000,Random,43,0.49434685707092285
7M,13000,Random,44,0.4690408706665039
7M,13500,Global,-1,113.5816879272461
7M,13500,Frequency,0,0.8454287648200989
7M,13500,Frequency,1,0.8175718784332275
7M,13500,Frequency,2,0.8042981624603271
7M,13500,Frequency,3,0.779419481754303
7M,13500,Frequency,4,0.7519362568855286
7M,13500,Frequency,5,0.7370840907096863
7M,13500,Frequency,6,0.715023398399353
7M,13500,Frequency,7,0.6940458416938782
7M,13500,Frequency,8,0.6756247878074646
7M,13500,Frequency,9,0.6523547172546387
7M,13500,Frequency,10,0.6365138292312622
7M,13500,Frequency,11,0.6235747337341309
7M,13500,Frequency,12,0.6018953919410706
7M,13500,Frequency,13,0.5867804884910583
7M,13500,Frequency,14,0.5665661096572876
7M,13500,Frequency,15,0.562648355960846
7M,13500,Frequency,16,0.5486646890640259
7M,13500,Frequency,17,0.5332019329071045
7M,13500,Frequency,18,0.5150249600410461
7M,13500,Frequency,19,0.5103775262832642
7M,13500,Frequency,20,0.4980526268482208
7M,13500,Frequency,21,0.4791300594806671
7M,13500,Frequency,22,0.4804535210132599
7M,13500,Frequency,23,0.46442100405693054
7M,13500,Frequency,24,0.45346665382385254
7M,13500,Frequency,25,0.44184747338294983
7M,13500,Frequency,26,0.4333827793598175
7M,13500,Frequency,27,0.42370325326919556
7M,13500,Frequency,28,0.41268229484558105
7M,13500,Frequency,29,0.40395259857177734
7M,13500,Frequency,30,0.39241018891334534
7M,13500,Frequency,31,0.37752288579940796
7M,13500,Frequency,32,0.36991193890571594
7M,13500,Frequency,33,0.3532828688621521
7M,13500,Frequency,34,0.3410266041755676
7M,13500,Frequency,35,0.32719144225120544
7M,13500,Frequency,36,0.31373730301856995
7M,13500,Frequency,37,0.295134037733078
7M,13500,Frequency,38,0.2819141447544098
7M,13500,Frequency,39,0.26400768756866455
7M,13500,Frequency,40,0.25100988149642944
7M,13500,Frequency,41,0.24146723747253418
7M,13500,Frequency,42,0.2344968169927597
7M,13500,Frequency,43,0.22980621457099915
7M,13500,Frequency,44,0.22891351580619812
7M,13500,Random,0,0.49151134490966797
7M,13500,Random,1,0.4933066666126251
7M,13500,Random,2,0.5072538256645203
7M,13500,Random,3,0.4950771927833557
7M,13500,Random,4,0.49383416771888733
7M,13500,Random,5,0.4866639971733093
7M,13500,Random,6,0.4973888099193573
7M,13500,Random,7,0.49850454926490784
7M,13500,Random,8,0.4840359389781952
7M,13500,Random,9,0.5033459067344666
7M,13500,Random,10,0.5046369433403015
7M,13500,Random,11,0.49350664019584656
7M,13500,Random,12,0.48701825737953186
7M,13500,Random,13,0.4978392422199249
7M,13500,Random,14,0.4955143630504608
7M,13500,Random,15,0.5015081167221069
7M,13500,Random,16,0.5036187171936035
7M,13500,Random,17,0.5032332539558411
7M,13500,Random,18,0.49591729044914246
7M,13500,Random,19,0.5049092769622803
7M,13500,Random,20,0.49196657538414
7M,13500,Random,21,0.49341627955436707
7M,13500,Random,22,0.5008007287979126
7M,13500,Random,23,0.5032128691673279
7M,13500,Random,24,0.5012214183807373
7M,13500,Random,25,0.4883500039577484
7M,13500,Random,26,0.4916861057281494
7M,13500,Random,27,0.497964471578598
7M,13500,Random,28,0.5023655295372009
7M,13500,Random,29,0.49787774682044983
7M,13500,Random,30,0.49993330240249634
7M,13500,Random,31,0.49477270245552063
7M,13500,Random,32,0.48923155665397644
7M,13500,Random,33,0.4947284460067749
7M,13500,Random,34,0.4968835711479187
7M,13500,Random,35,0.4965783655643463
7M,13500,Random,36,0.48718762397766113
7M,13500,Random,37,0.49958890676498413
7M,13500,Random,38,0.5007201433181763
7M,13500,Random,39,0.4971988797187805
7M,13500,Random,40,0.4987902343273163
7M,13500,Random,41,0.5002008676528931
7M,13500,Random,42,0.49592408537864685
7M,13500,Random,43,0.5012595057487488
7M,13500,Random,44,0.4761510193347931
7M,14000,Global,-1,115.2450180053711
7M,14000,Frequency,0,0.8581048846244812
7M,14000,Frequency,1,0.8310462832450867
7M,14000,Frequency,2,0.8172290325164795
7M,14000,Frequency,3,0.7919967770576477
7M,14000,Frequency,4,0.7642338871955872
7M,14000,Frequency,5,0.7498061656951904
7M,14000,Frequency,6,0.7264607548713684
7M,14000,Frequency,7,0.7056524753570557
7M,14000,Frequency,8,0.6862379908561707
7M,14000,Frequency,9,0.6632502675056458
7M,14000,Frequency,10,0.6465970873832703
7M,14000,Frequency,11,0.6337039470672607
7M,14000,Frequency,12,0.6121787428855896
7M,14000,Frequency,13,0.5960225462913513
7M,14000,Frequency,14,0.575100839138031
7M,14000,Frequency,15,0.5712695717811584
7M,14000,Frequency,16,0.5569811463356018
7M,14000,Frequency,17,0.5413050651550293
7M,14000,Frequency,18,0.5231438279151917
7M,14000,Frequency,19,0.5177860260009766
7M,14000,Frequency,20,0.5053312182426453
7M,14000,Frequency,21,0.4860626757144928
7M,14000,Frequency,22,0.4877454340457916
7M,14000,Frequency,23,0.4713614284992218
7M,14000,Frequency,24,0.4599698781967163
7M,14000,Frequency,25,0.4480094909667969
7M,14000,Frequency,26,0.4389674663543701
7M,14000,Frequency,27,0.42906156182289124
7M,14000,Frequency,28,0.41821885108947754
7M,14000,Frequency,29,0.4088537395000458
7M,14000,Frequency,30,0.39744049310684204
7M,14000,Frequency,31,0.3820608854293823
7M,14000,Frequency,32,0.37437140941619873
7M,14000,Frequency,33,0.35734087228775024
7M,14000,Frequency,34,0.3451838493347168
7M,14000,Frequency,35,0.3305283486843109
7M,14000,Frequency,36,0.3166196048259735
7M,14000,Frequency,37,0.29749858379364014
7M,14000,Frequency,38,0.2838999629020691
7M,14000,Frequency,39,0.26545435190200806
7M,14000,Frequency,40,0.2519950568675995
7M,14000,Frequency,41,0.24205072224140167
7M,14000,Frequency,42,0.23479536175727844
7M,14000,Frequency,43,0.22995606064796448
7M,14000,Frequency,44,0.22901484370231628
7M,14000,Random,0,0.4986902177333832
7M,14000,Random,1,0.5007742643356323
7M,14000,Random,2,0.5143399834632874
7M,14000,Random,3,0.5017399191856384
7M,14000,Random,4,0.500773012638092
7M,14000,Random,5,0.49333101511001587
7M,14000,Random,6,0.504306972026825
7M,14000,Random,7,0.5052084922790527
7M,14000,Random,8,0.4906866252422333
7M,14000,Random,9,0.5101024508476257
7M,14000,Random,10,0.5119037628173828
7M,14000,Random,11,0.5006125569343567
7M,14000,Random,12,0.49374234676361084
7M,14000,Random,13,0.5048469305038452
7M,14000,Random,14,0.5024112462997437
7M,14000,Random,15,0.508919358253479
7M,14000,Random,16,0.5106320977210999
7M,14000,Random,17,0.5106069445610046
7M,14000,Random,18,0.5024102926254272
7M,14000,Random,19,0.5121525526046753
7M,14000,Random,20,0.4989269971847534
7M,14000,Random,21,0.5004194378852844
7M,14000,Random,22,0.507851779460907
7M,14000,Random,23,0.5103800892829895
7M,14000,Random,24,0.5081196427345276
7M,14000,Random,25,0.49473682045936584
7M,14000,Random,26,0.4985294044017792
7M,14000,Random,27,0.5048587918281555
7M,14000,Random,28,0.5094254612922668
7M,14000,Random,29,0.5046999454498291
7M,14000,Random,30,0.5071099996566772
7M,14000,Random,31,0.5021041631698608
7M,14000,Random,32,0.49646759033203125
7M,14000,Random,33,0.5018607974052429
7M,14000,Random,34,0.5034157037734985
7M,14000,Random,35,0.5034570097923279
7M,14000,Random,36,0.4938701391220093
7M,14000,Random,37,0.5064857602119446
7M,14000,Random,38,0.5079852938652039
7M,14000,Random,39,0.5044336318969727
7M,14000,Random,40,0.5062167644500732
7M,14000,Random,41,0.5069541931152344
7M,14000,Random,42,0.5027942061424255
7M,14000,Random,43,0.5083307027816772
7M,14000,Random,44,0.4830673336982727
7M,14500,Global,-1,116.90542602539062
7M,14500,Frequency,0,0.8709630370140076
7M,14500,Frequency,1,0.8435901403427124
7M,14500,Frequency,2,0.8298486471176147
7M,14500,Frequency,3,0.8048118352890015
7M,14500,Frequency,4,0.7761446237564087
7M,14500,Frequency,5,0.761599600315094
7M,14500,Frequency,6,0.738448977470398
7M,14500,Frequency,7,0.7168005704879761
7M,14500,Frequency,8,0.6972206234931946
7M,14500,Frequency,9,0.6744118928909302
7M,14500,Frequency,10,0.6571657061576843
7M,14500,Frequency,11,0.6439020037651062
7M,14500,Frequency,12,0.6219707131385803
7M,14500,Frequency,13,0.6052088141441345
7M,14500,Frequency,14,0.5837200880050659
7M,14500,Frequency,15,0.5800660252571106
7M,14500,Frequency,16,0.5653960704803467
7M,14500,Frequency,17,0.549489438533783
7M,14500,Frequency,18,0.5308171510696411
7M,14500,Frequency,19,0.5259028673171997
7M,14500,Frequency,20,0.5126960873603821
7M,14500,Frequency,21,0.4927162230014801
7M,14500,Frequency,22,0.4947492778301239
7M,14500,Frequency,23,0.47812455892562866
7M,14500,Frequency,24,0.4665197730064392
7M,14500,Frequency,25,0.4539893567562103
7M,14500,Frequency,26,0.4451301395893097
7M,14500,Frequency,27,0.43437567353248596
7M,14500,Frequency,28,0.4235052168369293
7M,14500,Frequency,29,0.41426581144332886
7M,14500,Frequency,30,0.40236935019493103
7M,14500,Frequency,31,0.386680006980896
7M,14500,Frequency,32,0.3788188695907593
7M,14500,Frequency,33,0.3616456389427185
7M,14500,Frequency,34,0.34930628538131714
7M,14500,Frequency,35,0.3339586555957794
7M,14500,Frequency,36,0.3198389708995819
7M,14500,Frequency,37,0.3001006543636322
7M,14500,Frequency,38,0.28598299622535706
7M,14500,Frequency,39,0.26685550808906555
7M,14500,Frequency,40,0.25295811891555786
7M,14500,Frequency,41,0.2426905632019043
7M,14500,Frequency,42,0.23523172736167908
7M,14500,Frequency,43,0.23012109100818634
7M,14500,Frequency,44,0.22917112708091736
7M,14500,Random,0,0.5050994753837585
7M,14500,Random,1,0.5080018043518066
7M,14500,Random,2,0.5219510793685913
7M,14500,Random,3,0.5092966556549072
7M,14500,Random,4,0.507477343082428
7M,14500,Random,5,0.5000301599502563
7M,14500,Random,6,0.5111865997314453
7M,14500,Random,7,0.512266218662262
7M,14500,Random,8,0.49760064482688904
7M,14500,Random,9,0.5174098610877991
7M,14500,Random,10,0.519037127494812
7M,14500,Random,11,0.5071147084236145
7M,14500,Random,12,0.5009252429008484
7M,14500,Random,13,0.5116676688194275
7M,14500,Random,14,0.509118914604187
7M,14500,Random,15,0.515677273273468
7M,14500,Random,16,0.5178899765014648
7M,14500,Random,17,0.5177857875823975
7M,14500,Random,18,0.5095145106315613
7M,14500,Random,19,0.5188912749290466
7M,14500,Random,20,0.50596022605896
7M,14500,Random,21,0.5072043538093567
7M,14500,Random,22,0.5147388577461243
7M,14500,Random,23,0.5173431634902954
7M,14500,Random,24,0.5154579281806946
7M,14500,Random,25,0.5014060139656067
7M,14500,Random,26,0.5054688453674316
7M,14500,Random,27,0.5116230249404907
7M,14500,Random,28,0.5164852738380432
7M,14500,Random,29,0.5117983222007751
7M,14500,Random,30,0.5143988728523254
7M,14500,Random,31,0.5089690685272217
7M,14500,Random,32,0.5032857060432434
7M,14500,Random,33,0.5086953043937683
7M,14500,Random,34,0.5105297565460205
7M,14500,Random,35,0.5102145671844482
7M,14500,Random,36,0.5005388855934143
7M,14500,Random,37,0.513394296169281
7M,14500,Random,38,0.5152903199195862
7M,14500,Random,39,0.5117311477661133
7M,14500,Random,40,0.513581395149231
7M,14500,Random,41,0.5135161280632019
7M,14500,Random,42,0.510341227054596
7M,14500,Random,43,0.5153992772102356
7M,14500,Random,44,0.4893920123577118
7M,15000,Global,-1,118.5094223022461
7M,15000,Frequency,0,0.8832226395606995
7M,15000,Frequency,1,0.85597825050354
7M,15000,Frequency,2,0.8425880670547485
7M,15000,Frequency,3,0.8170781135559082
7M,15000,Frequency,4,0.7874138951301575
7M,15000,Frequency,5,0.7732228636741638
7M,15000,Frequency,6,0.7494462728500366
7M,15000,Frequency,7,0.7282873392105103
7M,15000,Frequency,8,0.7081684470176697
7M,15000,Frequency,9,0.6842865943908691
7M,15000,Frequency,10,0.6669740676879883
7M,15000,Frequency,11,0.6532592177391052
7M,15000,Frequency,12,0.6316275596618652
7M,15000,Frequency,13,0.61454176902771
7M,15000,Frequency,14,0.5923182964324951
7M,15000,Frequency,15,0.5883797407150269
7M,15000,Frequency,16,0.5738475918769836
7M,15000,Frequency,17,0.5571591258049011
7M,15000,Frequency,18,0.5379970073699951
7M,15000,Frequency,19,0.5335066914558411
7M,15000,Frequency,20,0.5196979641914368
7M,15000,Frequency,21,0.4995509088039398
7M,15000,Frequency,22,0.5014445185661316
7M,15000,Frequency,23,0.48474231362342834
7M,15000,Frequency,24,0.4727761149406433
7M,15000,Frequency,25,0.4599631726741791
7M,15000,Frequency,26,0.45048975944519043
7M,15000,Frequency,27,0.4400959610939026
7M,15000,Frequency,28,0.4289698302745819
7M,15000,Frequency,29,0.41927045583724976
7M,15000,Frequency,30,0.4072529375553131
7M,15000,Frequency,31,0.3914007246494293
7M,15000,Frequency,32,0.3830580413341522
7M,15000,Frequency,33,0.3656552731990814
7M,15000,Frequency,34,0.35315510630607605
7M,15000,Frequency,35,0.3374783992767334
7M,15000,Frequency,36,0.32289037108421326
7M,15000,Frequency,37,0.3026563823223114
7M,15000,Frequency,38,0.28822848200798035
7M,15000,Frequency,39,0.26861828565597534
7M,15000,Frequency,40,0.25412920117378235
7M,15000,Frequency,41,0.243412584066391
7M,15000,Frequency,42,0.23566998541355133
7M,15000,Frequency,43,0.23026129603385925
7M,15000,Frequency,44,0.22920076549053192
7M,15000,Random,0,0.5113534927368164
7M,15000,Random,1,0.5143681764602661
7M,15000,Random,2,0.5290731191635132
7M,15000,Random,3,0.5161759257316589
7M,15000,Random,4,0.5140098333358765
7M,15000,Random,5,0.5063335299491882
7M,15000,Random,6,0.5180203318595886
7M,15000,Random,7,0.5189342498779297
7M,15000,Random,8,0.504130482673645
7M,15000,Random,9,0.5244621634483337
7M,15000,Random,10,0.5262522101402283
7M,15000,Random,11,0.5140528678894043
7M,15000,Random,12,0.5071777105331421
7M,15000,Random,13,0.5180272459983826
7M,15000,Random,14,0.5159569382667542
7M,15000,Random,15,0.5229083895683289
7M,15000,Random,16,0.5252866148948669
7M,15000,Random,17,0.5246018171310425
7M,15000,Random,18,0.5167895555496216
7M,15000,Random,19,0.5257568359375
7M,15000,Random,20,0.5129150152206421
7M,15000,Random,21,0.514024019241333
7M,15000,Random,22,0.5216290354728699
7M,15000,Random,23,0.524220883846283
7M,15000,Random,24,0.5223109126091003
7M,15000,Random,25,0.5080162286758423
7M,15000,Random,26,0.5119624733924866
7M,15000,Random,27,0.5184837579727173
7M,15000,Random,28,0.523367166519165
7M,15000,Random,29,0.5187201499938965
7M,15000,Random,30,0.5210958123207092
7M,15000,Random,31,0.5159623622894287
7M,15000,Random,32,0.5097951889038086
7M,15000,Random,33,0.5150244235992432
7M,15000,Random,34,0.5176516175270081
7M,15000,Random,35,0.517315149307251
7M,15000,Random,36,0.5069601535797119
7M,15000,Random,37,0.5202284455299377
7M,15000,Random,38,0.5221958160400391
7M,15000,Random,39,0.5183925628662109
7M,15000,Random,40,0.5201213359832764
7M,15000,Random,41,0.5207168459892273
7M,15000,Random,42,0.5169146656990051
7M,15000,Random,43,0.522005021572113
7M,15000,Random,44,0.4961554706096649
7M,15500,Global,-1,120.10342407226562
7M,15500,Frequency,0,0.8949212431907654
7M,15500,Frequency,1,0.8685078620910645
7M,15500,Frequency,2,0.8551431894302368
7M,15500,Frequency,3,0.8294195532798767
7M,15500,Frequency,4,0.7993662357330322
7M,15500,Frequency,5,0.7851054072380066
7M,15500,Frequency,6,0.7602614760398865
7M,15500,Frequency,7,0.7395118474960327
7M,15500,Frequency,8,0.7184607982635498
7M,15500,Frequency,9,0.6943911910057068
7M,15500,Frequency,10,0.6765140295028687
7M,15500,Frequency,11,0.6620373129844666
7M,15500,Frequency,12,0.640877902507782
7M,15500,Frequency,13,0.6238974332809448
7M,15500,Frequency,14,0.6010000705718994
7M,15500,Frequency,15,0.5965694785118103
7M,15500,Frequency,16,0.5822623372077942
7M,15500,Frequency,17,0.5650061964988708
7M,15500,Frequency,18,0.5454974174499512
7M,15500,Frequency,19,0.5407150387763977
7M,15500,Frequency,20,0.5265728831291199
7M,15500,Frequency,21,0.5062524080276489
7M,15500,Frequency,22,0.5078966617584229
7M,15500,Frequency,23,0.4912931025028229
7M,15500,Frequency,24,0.4788811504840851
7M,15500,Frequency,25,0.4658239185810089
7M,15500,Frequency,26,0.45624494552612305
7M,15500,Frequency,27,0.44578349590301514
7M,15500,Frequency,28,0.434362530708313
7M,15500,Frequency,29,0.4240819215774536
7M,15500,Frequency,30,0.4125054180622101
7M,15500,Frequency,31,0.3954741358757019
7M,15500,Frequency,32,0.387307733297348
7M,15500,Frequency,33,0.36970317363739014
7M,15500,Frequency,34,0.35674431920051575
7M,15500,Frequency,35,0.34071946144104004
7M,15500,Frequency,36,0.32564684748649597
7M,15500,Frequency,37,0.30499163269996643
7M,15500,Frequency,38,0.29033952951431274
7M,15500,Frequency,39,0.27033910155296326
7M,15500,Frequency,40,0.2552085816860199
7M,15500,Frequency,41,0.24403275549411774
7M,15500,Frequency,42,0.23597541451454163
7M,15500,Frequency,43,0.2304648458957672
7M,15500,Frequency,44,0.2293339967727661
7M,15500,Random,0,0.5180394649505615
7M,15500,Random,1,0.5207326412200928
7M,15500,Random,2,0.5356579422950745
7M,15500,Random,3,0.5228928327560425
7M,15500,Random,4,0.5206149816513062
7M,15500,Random,5,0.5129114389419556
7M,15500,Random,6,0.5244151949882507
7M,15500,Random,7,0.5259091258049011
7M,15500,Random,8,0.5105578899383545
7M,15500,Random,9,0.5314390063285828
7M,15500,Random,10,0.5332310795783997
7M,15500,Random,11,0.520415723323822
7M,15500,Random,12,0.5135256052017212
7M,15500,Random,13,0.5247741341590881
7M,15500,Random,14,0.5230044722557068
7M,15500,Random,15,0.5296748280525208
7M,15500,Random,16,0.5321907997131348
7M,15500,Random,17,0.531807005405426
7M,15500,Random,18,0.52384352684021
7M,15500,Random,19,0.5326982140541077
7M,15500,Random,20,0.5194196105003357
7M,15500,Random,21,0.5204653739929199
7M,15500,Random,22,0.5283454656600952
7M,15500,Random,23,0.5307926535606384
7M,15500,Random,24,0.5291609168052673
7M,15500,Random,25,0.5145466923713684
7M,15500,Random,26,0.5187647938728333
7M,15500,Random,27,0.5252061486244202
7M,15500,Random,28,0.5299843549728394
7M,15500,Random,29,0.5253930687904358
7M,15500,Random,30,0.5279041528701782
7M,15500,Random,31,0.5224329233169556
7M,15500,Random,32,0.5163921117782593
7M,15500,Random,33,0.521723747253418
7M,15500,Random,34,0.5242457985877991
7M,15500,Random,35,0.5239006280899048
7M,15500,Random,36,0.5137025117874146
7M,15500,Random,37,0.5271151661872864
7M,15500,Random,38,0.52887362241745
7M,15500,Random,39,0.5253567099571228
7M,15500,Random,40,0.5266551375389099
7M,15500,Random,41,0.5274087190628052
7M,15500,Random,42,0.5237399935722351
7M,15500,Random,43,0.5283147096633911
7M,15500,Random,44,0.5021487474441528
7M,16000,Global,-1,121.67845153808594
7M,16000,Frequency,0,0.907633364200592
7M,16000,Frequency,1,0.8801169395446777
7M,16000,Frequency,2,0.8676388263702393
7M,16000,Frequency,3,0.8409705758094788
7M,16000,Frequency,4,0.8106786012649536
7M,16000,Frequency,5,0.7968764305114746
7M,16000,Frequency,6,0.7715400457382202
7M,16000,Frequency,7,0.7503102421760559
7M,16000,Frequency,8,0.7288039326667786
7M,16000,Frequency,9,0.7045946717262268
7M,16000,Frequency,10,0.6863839626312256
7M,16000,Frequency,11,0.6718978881835938
7M,16000,Frequency,12,0.6499791741371155
7M,16000,Frequency,13,0.6325824856758118
7M,16000,Frequency,14,0.609312891960144
7M,16000,Frequency,15,0.6053842306137085
7M,16000,Frequency,16,0.59019935131073
7M,16000,Frequency,17,0.5725044012069702
7M,16000,Frequency,18,0.5527188777923584
7M,16000,Frequency,19,0.5480985045433044
7M,16000,Frequency,20,0.5336975455284119
7M,16000,Frequency,21,0.5127274394035339
7M,16000,Frequency,22,0.514136552810669
7M,16000,Frequency,23,0.4968663454055786
7M,16000,Frequency,24,0.48473021388053894
7M,16000,Frequency,25,0.4720296859741211
7M,16000,Frequency,26,0.46193447709083557
7M,16000,Frequency,27,0.4512527585029602
7M,16000,Frequency,28,0.43979278206825256
7M,16000,Frequency,29,0.4288998246192932
7M,16000,Frequency,30,0.4172232747077942
7M,16000,Frequency,31,0.40022748708724976
7M,16000,Frequency,32,0.3914576470851898
7M,16000,Frequency,33,0.3734465539455414
7M,16000,Frequency,34,0.3603605329990387
7M,16000,Frequency,35,0.34388867020606995
7M,16000,Frequency,36,0.3284527659416199
7M,16000,Frequency,37,0.30779287219047546
7M,16000,Frequency,38,0.29248493909835815
7M,16000,Frequency,39,0.271621435880661
7M,16000,Frequency,40,0.2561478316783905
7M,16000,Frequency,41,0.2447601556777954
7M,16000,Frequency,42,0.23635730147361755
7M,16000,Frequency,43,0.2306479960680008
7M,16000,Frequency,44,0.22939208149909973
7M,16000,Random,0,0.5245764255523682
7M,16000,Random,1,0.5268968343734741
7M,16000,Random,2,0.5424389839172363
7M,16000,Random,3,0.5301302075386047
7M,16000,Random,4,0.5273630023002625
7M,16000,Random,5,0.519317626953125
7M,16000,Random,6,0.5312405228614807
7M,16000,Random,7,0.5324342846870422
7M,16000,Random,8,0.5174566507339478
7M,16000,Random,9,0.5386279225349426
7M,16000,Random,10,0.5400797724723816
7M,16000,Random,11,0.5272466540336609
7M,16000,Random,12,0.5196868181228638
7M,16000,Random,13,0.5315007567405701
7M,16000,Random,14,0.5298073291778564
7M,16000,Random,15,0.5365492105484009
7M,16000,Random,16,0.5391725897789001
7M,16000,Random,17,0.5383243560791016
7M,16000,Random,18,0.5301415324211121
7M,16000,Random,19,0.5390791893005371
7M,16000,Random,20,0.526028573513031
7M,16000,Random,21,0.5271303057670593
7M,16000,Random,22,0.5351334810256958
7M,16000,Random,23,0.5375500321388245
7M,16000,Random,24,0.5360893607139587
7M,16000,Random,25,0.5207560658454895
7M,16000,Random,26,0.5250480771064758
7M,16000,Random,27,0.5315321683883667
7M,16000,Random,28,0.5366964340209961
7M,16000,Random,29,0.5322590470314026
7M,16000,Random,30,0.5341593027114868
7M,16000,Random,31,0.52897047996521
7M,16000,Random,32,0.5231173634529114
7M,16000,Random,33,0.5282456278800964
7M,16000,Random,34,0.5307286381721497
7M,16000,Random,35,0.5305637121200562
7M,16000,Random,36,0.52024245262146
7M,16000,Random,37,0.5335903167724609
7M,16000,Random,38,0.5356541872024536
7M,16000,Random,39,0.5321122407913208
7M,16000,Random,40,0.532994270324707
7M,16000,Random,41,0.5341298580169678
7M,16000,Random,42,0.529935896396637
7M,16000,Random,43,0.5348970890045166
7M,16000,Random,44,0.5086168050765991
7M,16500,Global,-1,123.2227783203125
7M,16500,Frequency,0,0.9187201261520386
7M,16500,Frequency,1,0.8922061324119568
7M,16500,Frequency,2,0.879408061504364
7M,16500,Frequency,3,0.8527777194976807
7M,16500,Frequency,4,0.8219352960586548
7M,16500,Frequency,5,0.8088904023170471
7M,16500,Frequency,6,0.7824726700782776
7M,16500,Frequency,7,0.7612547874450684
7M,16500,Frequency,8,0.7390733361244202
7M,16500,Frequency,9,0.714902937412262
7M,16500,Frequency,10,0.6960951089859009
7M,16500,Frequency,11,0.6812220215797424
7M,16500,Frequency,12,0.65895015001297
7M,16500,Frequency,13,0.6410762667655945
7M,16500,Frequency,14,0.6170000433921814
7M,16500,Frequency,15,0.613271176815033
7M,16500,Frequency,16,0.598221480846405
7M,16500,Frequency,17,0.5799764394760132
7M,16500,Frequency,18,0.5602108240127563
7M,16500,Frequency,19,0.5550675988197327
7M,16500,Frequency,20,0.5401661992073059
7M,16500,Frequency,21,0.5190967321395874
7M,16500,Frequency,22,0.5204249024391174
7M,16500,Frequency,23,0.502616286277771
7M,16500,Frequency,24,0.490350604057312
7M,16500,Frequency,25,0.4778481721878052
7M,16500,Frequency,26,0.4678749740123749
7M,16500,Frequency,27,0.4564502537250519
7M,16500,Frequency,28,0.4451325535774231
7M,16500,Frequency,29,0.4337238371372223
7M,16500,Frequency,30,0.42158544063568115
7M,16500,Frequency,31,0.4044966697692871
7M,16500,Frequency,32,0.39581820368766785
7M,16500,Frequency,33,0.3772774040699005
7M,16500,Frequency,34,0.36388158798217773
7M,16500,Frequency,35,0.34687045216560364
7M,16500,Frequency,36,0.3317553699016571
7M,16500,Frequency,37,0.3104096055030823
7M,16500,Frequency,38,0.2944921851158142
7M,16500,Frequency,39,0.27313247323036194
7M,16500,Frequency,40,0.25710776448249817
7M,16500,Frequency,41,0.24531476199626923
7M,16500,Frequency,42,0.2366914600133896
7M,16500,Frequency,43,0.23077943921089172
7M,16500,Frequency,44,0.22940826416015625
7M,16500,Random,0,0.5311272144317627
7M,16500,Random,1,0.5331727266311646
7M,16500,Random,2,0.5488606095314026
7M,16500,Random,3,0.5367034673690796
7M,16500,Random,4,0.5338913202285767
7M,16500,Random,5,0.5256564617156982
7M,16500,Random,6,0.5378322005271912
7M,16500,Random,7,0.5386831760406494
7M,16500,Random,8,0.5234803557395935
7M,16500,Random,9,0.5452942252159119
7M,16500,Random,10,0.5462375283241272
7M,16500,Random,11,0.533275842666626
7M,16500,Random,12,0.5258930921554565
7M,16500,Random,13,0.5380218625068665
7M,16500,Random,14,0.536096453666687
7M,16500,Random,15,0.5431114435195923
7M,16500,Random,16,0.5459670424461365
7M,16500,Random,17,0.5449055433273315
7M,16500,Random,18,0.5364317893981934
7M,16500,Random,19,0.5461814999580383
7M,16500,Random,20,0.5322190523147583
7M,16500,Random,21,0.5336993932723999
7M,16500,Random,22,0.54181307554245
7M,16500,Random,23,0.544262707233429
7M,16500,Random,24,0.542974591255188
7M,16500,Random,25,0.5272060036659241
7M,16500,Random,26,0.5312545895576477
7M,16500,Random,27,0.537630021572113
7M,16500,Random,28,0.5431399345397949
7M,16500,Random,29,0.538985550403595
7M,16500,Random,30,0.5406292080879211
7M,16500,Random,31,0.5356391072273254
7M,16500,Random,32,0.5294016599655151
7M,16500,Random,33,0.5349321365356445
7M,16500,Random,34,0.5371297597885132
7M,16500,Random,35,0.5374016165733337
7M,16500,Random,36,0.5267611742019653
7M,16500,Random,37,0.5398457646369934
7M,16500,Random,38,0.542285680770874
7M,16500,Random,39,0.538345456123352
7M,16500,Random,40,0.5395980477333069
7M,16500,Random,41,0.5406022667884827
7M,16500,Random,42,0.5368508100509644
7M,16500,Random,43,0.5415685176849365
7M,16500,Random,44,0.5146693587303162
7M,17000,Global,-1,124.7564926147461
7M,17000,Frequency,0,0.930581271648407
7M,17000,Frequency,1,0.9039413928985596
7M,17000,Frequency,2,0.8912112712860107
7M,17000,Frequency,3,0.8649581074714661
7M,17000,Frequency,4,0.8333841562271118
7M,17000,Frequency,5,0.8193371295928955
7M,17000,Frequency,6,0.7937213778495789
7M,17000,Frequency,7,0.7718027234077454
7M,17000,Frequency,8,0.7488601207733154
7M,17000,Frequency,9,0.7248083353042603
7M,17000,Frequency,10,0.7055180668830872
7M,17000,Frequency,11,0.6906044483184814
7M,17000,Frequency,12,0.6677266955375671
7M,17000,Frequency,13,0.6496858596801758
7M,17000,Frequency,14,0.6249076128005981
7M,17000,Frequency,15,0.6213626265525818
7M,17000,Frequency,16,0.6061573624610901
7M,17000,Frequency,17,0.5873545408248901
7M,17000,Frequency,18,0.5675124526023865
7M,17000,Frequency,19,0.5621179342269897
7M,17000,Frequency,20,0.5468224883079529
7M,17000,Frequency,21,0.5254959464073181
7M,17000,Frequency,22,0.526787519454956
7M,17000,Frequency,23,0.5088354349136353
7M,17000,Frequency,24,0.49645543098449707
7M,17000,Frequency,25,0.48340174555778503
7M,17000,Frequency,26,0.4731282889842987
7M,17000,Frequency,27,0.46186932921409607
7M,17000,Frequency,28,0.4499065577983856
7M,17000,Frequency,29,0.43874484300613403
7M,17000,Frequency,30,0.42616692185401917
7M,17000,Frequency,31,0.4087587296962738
7M,17000,Frequency,32,0.39997515082359314
7M,17000,Frequency,33,0.38128000497817993
7M,17000,Frequency,34,0.367379754781723
7M,17000,Frequency,35,0.34978824853897095
7M,17000,Frequency,36,0.3345085382461548
7M,17000,Frequency,37,0.3127615451812744
7M,17000,Frequency,38,0.2965279817581177
7M,17000,Frequency,39,0.27448132634162903
7M,17000,Frequency,40,0.25819727778434753
7M,17000,Frequency,41,0.2459368258714676
7M,17000,Frequency,42,0.2370768040418625
7M,17000,Frequency,43,0.23086591064929962
7M,17000,Frequency,44,0.22952215373516083
7M,17000,Random,0,0.5376601815223694
7M,17000,Random,1,0.5393199324607849
7M,17000,Random,2,0.5553484559059143
7M,17000,Random,3,0.5432044267654419
7M,17000,Random,4,0.5402108430862427
7M,17000,Random,5,0.531728982925415
7M,17000,Random,6,0.5445647239685059
7M,17000,Random,7,0.5450454354286194
7M,17000,Random,8,0.5296872854232788
7M,17000,Random,9,0.551848292350769
7M,17000,Random,10,0.5533960461616516
7M,17000,Random,11,0.5395826101303101
7M,17000,Random,12,0.5322641134262085
7M,17000,Random,13,0.5444060564041138
7M,17000,Random,14,0.5425316095352173
7M,17000,Random,15,0.5497167706489563
7M,17000,Random,16,0.552436351776123
7M,17000,Random,17,0.5511036515235901
7M,17000,Random,18,0.5427753329277039
7M,17000,Random,19,0.5529013276100159
7M,17000,Random,20,0.5384813547134399
7M,17000,Random,21,0.5399300456047058
7M,17000,Random,22,0.5484287142753601
7M,17000,Random,23,0.5511650443077087
7M,17000,Random,24,0.5495007038116455
7M,17000,Random,25,0.5330023765563965
7M,17000,Random,26,0.5379018783569336
7M,17000,Random,27,0.5442506670951843
7M,17000,Random,28,0.5490865707397461
7M,17000,Random,29,0.5455278158187866
7M,17000,Random,30,0.5467976331710815
7M,17000,Random,31,0.5424016118049622
7M,17000,Random,32,0.5358541011810303
7M,17000,Random,33,0.541278064250946
7M,17000,Random,34,0.5440309643745422
7M,17000,Random,35,0.5438621044158936
7M,17000,Random,36,0.5330420136451721
7M,17000,Random,37,0.5460500717163086
7M,17000,Random,38,0.5487861037254333
7M,17000,Random,39,0.5447701215744019
7M,17000,Random,40,0.5459223389625549
7M,17000,Random,41,0.5467501282691956
7M,17000,Random,42,0.5430850982666016
7M,17000,Random,43,0.5483162999153137
7M,17000,Random,44,0.5216994881629944
7M,17500,Global,-1,126.29424285888672
7M,17500,Frequency,0,0.9425110816955566
7M,17500,Frequency,1,0.9158298969268799
7M,17500,Frequency,2,0.9026508331298828
7M,17500,Frequency,3,0.8764729499816895
7M,17500,Frequency,4,0.843956708908081
7M,17500,Frequency,5,0.8302675485610962
7M,17500,Frequency,6,0.8049298524856567
7M,17500,Frequency,7,0.7821781635284424
7M,17500,Frequency,8,0.759181022644043
7M,17500,Frequency,9,0.7344574332237244
7M,17500,Frequency,10,0.7146888375282288
7M,17500,Frequency,11,0.7002271413803101
7M,17500,Frequency,12,0.6766466498374939
7M,17500,Frequency,13,0.6584819555282593
7M,17500,Frequency,14,0.6327963471412659
7M,17500,Frequency,15,0.629252552986145
7M,17500,Frequency,16,0.6135885715484619
7M,17500,Frequency,17,0.594988226890564
7M,17500,Frequency,18,0.5747949481010437
7M,17500,Frequency,19,0.5693555474281311
7M,17500,Frequency,20,0.5537848472595215
7M,17500,Frequency,21,0.5317860245704651
7M,17500,Frequency,22,0.5331454873085022
7M,17500,Frequency,23,0.5151216983795166
7M,17500,Frequency,24,0.5024979114532471
7M,17500,Frequency,25,0.48878827691078186
7M,17500,Frequency,26,0.47874167561531067
7M,17500,Frequency,27,0.46727409958839417
7M,17500,Frequency,28,0.4552249610424042
7M,17500,Frequency,29,0.44375452399253845
7M,17500,Frequency,30,0.43111729621887207
7M,17500,Frequency,31,0.41355040669441223
7M,17500,Frequency,32,0.40419355034828186
7M,17500,Frequency,33,0.38556262850761414
7M,17500,Frequency,34,0.37105390429496765
7M,17500,Frequency,35,0.3533172011375427
7M,17500,Frequency,36,0.33773675560951233
7M,17500,Frequency,37,0.31519630551338196
7M,17500,Frequency,38,0.298692911863327
7M,17500,Frequency,39,0.27589207887649536
7M,17500,Frequency,40,0.2593085765838623
7M,17500,Frequency,41,0.24657611548900604
7M,17500,Frequency,42,0.2374228537082672
7M,17500,Frequency,43,0.23107682168483734
7M,17500,Frequency,44,0.22971543669700623
7M,17500,Random,0,0.5438945889472961
7M,17500,Random,1,0.5455383658409119
7M,17500,Random,2,0.56146240234375
7M,17500,Random,3,0.5495519042015076
7M,17500,Random,4,0.5467473268508911
7M,17500,Random,5,0.5379695892333984
7M,17500,Random,6,0.55106520652771
7M,17500,Random,7,0.5519405603408813
7M,17500,Random,8,0.5361089110374451
7M,17500,Random,9,0.5586178302764893
7M,17500,Random,10,0.5598299503326416
7M,17500,Random,11,0.5465157628059387
7M,17500,Random,12,0.5389769077301025
7M,17500,Random,13,0.5508791208267212
7M,17500,Random,14,0.5492247939109802
7M,17500,Random,15,0.5559350848197937
7M,17500,Random,16,0.5593031644821167
7M,17500,Random,17,0.5577790141105652
7M,17500,Random,18,0.549107551574707
7M,17500,Random,19,0.5595064759254456
7M,17500,Random,20,0.545287013053894
7M,17500,Random,21,0.5464310646057129
7M,17500,Random,22,0.5550875663757324
7M,17500,Random,23,0.5579087734222412
7M,17500,Random,24,0.5556982755661011
7M,17500,Random,25,0.5394161343574524
7M,17500,Random,26,0.5444096922874451
7M,17500,Random,27,0.5507135391235352
7M,17500,Random,28,0.5560067296028137
7M,17500,Random,29,0.5523976683616638
7M,17500,Random,30,0.5533340573310852
7M,17500,Random,31,0.5485442280769348
7M,17500,Random,32,0.542222261428833
7M,17500,Random,33,0.5474944114685059
7M,17500,Random,34,0.5502676963806152
7M,17500,Random,35,0.5501033067703247
7M,17500,Random,36,0.539199709892273
7M,17500,Random,37,0.5520470142364502
7M,17500,Random,38,0.555333137512207
7M,17500,Random,39,0.5511630773544312
7M,17500,Random,40,0.5525405406951904
7M,17500,Random,41,0.55359947681427
7M,17500,Random,42,0.5500295162200928
7M,17500,Random,43,0.5545144081115723
7M,17500,Random,44,0.5283880829811096
7M,18000,Global,-1,127.80402374267578
7M,18000,Frequency,0,0.9536480903625488
7M,18000,Frequency,1,0.9272511601448059
7M,18000,Frequency,2,0.9140514731407166
7M,18000,Frequency,3,0.8880475759506226
7M,18000,Frequency,4,0.8549819588661194
7M,18000,Frequency,5,0.8408182263374329
7M,18000,Frequency,6,0.815854012966156
7M,18000,Frequency,7,0.7921807765960693
7M,18000,Frequency,8,0.7690184116363525
7M,18000,Frequency,9,0.7441576719284058
7M,18000,Frequency,10,0.7235428690910339
7M,18000,Frequency,11,0.7093803286552429
7M,18000,Frequency,12,0.6853311061859131
7M,18000,Frequency,13,0.6672131419181824
7M,18000,Frequency,14,0.6410771608352661
7M,18000,Frequency,15,0.637186586856842
7M,18000,Frequency,16,0.6218408346176147
7M,18000,Frequency,17,0.6024813652038574
7M,18000,Frequency,18,0.5821887254714966
7M,18000,Frequency,19,0.5764565467834473
7M,18000,Frequency,20,0.5602639317512512
7M,18000,Frequency,21,0.5381295084953308
7M,18000,Frequency,22,0.5391104221343994
7M,18000,Frequency,23,0.52118319272995
7M,18000,Frequency,24,0.5084092020988464
7M,18000,Frequency,25,0.49429070949554443
7M,18000,Frequency,26,0.4843130111694336
7M,18000,Frequency,27,0.47302067279815674
7M,18000,Frequency,28,0.46017852425575256
7M,18000,Frequency,29,0.4486583173274994
7M,18000,Frequency,30,0.4358619451522827
7M,18000,Frequency,31,0.4178188145160675
7M,18000,Frequency,32,0.4086834192276001
7M,18000,Frequency,33,0.38898730278015137
7M,18000,Frequency,34,0.3747554123401642
7M,18000,Frequency,35,0.3567920923233032
7M,18000,Frequency,36,0.3406603932380676
7M,18000,Frequency,37,0.3175530731678009
7M,18000,Frequency,38,0.3008144199848175
7M,18000,Frequency,39,0.27745741605758667
7M,18000,Frequency,40,0.26028943061828613
7M,18000,Frequency,41,0.24738435447216034
7M,18000,Frequency,42,0.2377597689628601
7M,18000,Frequency,43,0.2311938852071762
7M,18000,Frequency,44,0.2297309935092926
7M,18000,Random,0,0.5500544309616089
7M,18000,Random,1,0.5522210001945496
7M,18000,Random,2,0.5678774118423462
7M,18000,Random,3,0.5559234023094177
7M,18000,Random,4,0.5528913736343384
7M,18000,Random,5,0.544772207736969
7M,18000,Random,6,0.5577378869056702
7M,18000,Random,7,0.5578944683074951
7M,18000,Random,8,0.5423357486724854
7M,18000,Random,9,0.5650711059570312
7M,18000,Random,10,0.5662833452224731
7M,18000,Random,11,0.552933394908905
7M,18000,Random,12,0.5453931093215942
7M,18000,Random,13,0.5573899745941162
7M,18000,Random,14,0.5559098124504089
7M,18000,Random,15,0.5626292824745178
7M,18000,Random,16,0.5655763745307922
7M,18000,Random,17,0.5641526579856873
7M,18000,Random,18,0.5556700825691223
7M,18000,Random,19,0.5662034749984741
7M,18000,Random,20,0.5516058206558228
7M,18000,Random,21,0.5528191924095154
7M,18000,Random,22,0.5613940954208374
7M,18000,Random,23,0.5644155740737915
7M,18000,Random,24,0.562008261680603
7M,18000,Random,25,0.545000433921814
7M,18000,Random,26,0.5511277914047241
7M,18000,Random,27,0.5568196177482605
7M,18000,Random,28,0.5625584721565247
7M,18000,Random,29,0.5587944388389587
7M,18000,Random,30,0.5594972372055054
7M,18000,Random,31,0.5547618865966797
7M,18000,Random,32,0.5487189292907715
7M,18000,Random,33,0.5539411902427673
7M,18000,Random,34,0.556627094745636
7M,18000,Random,35,0.5565036535263062
7M,18000,Random,36,0.5455305576324463
7M,18000,Random,37,0.5585535764694214
7M,18000,Random,38,0.5620633363723755
7M,18000,Random,39,0.55743807554245
7M,18000,Random,40,0.5588114261627197
7M,18000,Random,41,0.559549868106842
7M,18000,Random,42,0.5562914609909058
7M,18000,Random,43,0.5608941912651062
7M,18000,Random,44,0.5334653854370117
7M,18500,Global,-1,129.26055908203125
7M,18500,Frequency,0,0.9649878740310669
7M,18500,Frequency,1,0.9380364418029785
7M,18500,Frequency,2,0.9243916273117065
7M,18500,Frequency,3,0.8992685079574585
7M,18500,Frequency,4,0.8652927875518799
7M,18500,Frequency,5,0.8514204025268555
7M,18500,Frequency,6,0.8259141445159912
7M,18500,Frequency,7,0.8018103837966919
7M,18500,Frequency,8,0.7779051065444946
7M,18500,Frequency,9,0.7533990740776062
7M,18500,Frequency,10,0.7324280738830566
7M,18500,Frequency,11,0.7183797359466553
7M,18500,Frequency,12,0.6940717101097107
7M,18500,Frequency,13,0.6752887964248657
7M,18500,Frequency,14,0.6493942737579346
7M,18500,Frequency,15,0.6447983980178833
7M,18500,Frequency,16,0.6287854909896851
7M,18500,Frequency,17,0.6101083159446716
7M,18500,Frequency,18,0.5886996984481812
7M,18500,Frequency,19,0.5832539796829224
7M,18500,Frequency,20,0.5671448111534119
7M,18500,Frequency,21,0.544391930103302
7M,18500,Frequency,22,0.5450544953346252
7M,18500,Frequency,23,0.5272243022918701
7M,18500,Frequency,24,0.5136954188346863
7M,18500,Frequency,25,0.5000478625297546
7M,18500,Frequency,26,0.48950475454330444
7M,18500,Frequency,27,0.47849854826927185
7M,18500,Frequency,28,0.46517202258110046
7M,18500,Frequency,29,0.45352452993392944
7M,18500,Frequency,30,0.4405728876590729
7M,18500,Frequency,31,0.42239466309547424
7M,18500,Frequency,32,0.41282781958580017
7M,18500,Frequency,33,0.39275088906288147
7M,18500,Frequency,34,0.37859368324279785
7M,18500,Frequency,35,0.3600655198097229
7M,18500,Frequency,36,0.3437098562717438
7M,18500,Frequency,37,0.32007595896720886
7M,18500,Frequency,38,0.30292946100234985
7M,18500,Frequency,39,0.2792072892189026
7M,18500,Frequency,40,0.26137393712997437
7M,18500,Frequency,41,0.2481376975774765
7M,18500,Frequency,42,0.2381187081336975
7M,18500,Frequency,43,0.2314138263463974
7M,18500,Frequency,44,0.22988948225975037
7M,18500,Random,0,0.5559152364730835
7M,18500,Random,1,0.5578546524047852
7M,18500,Random,2,0.5745916962623596
7M,18500,Random,3,0.5618771314620972
7M,18500,Random,4,0.5589022040367126
7M,18500,Random,5,0.5509296655654907
7M,18500,Random,6,0.5637716054916382
7M,18500,Random,7,0.5642988085746765
7M,18500,Random,8,0.5482158064842224
7M,18500,Random,9,0.5715724229812622
7M,18500,Random,10,0.5728782415390015
7M,18500,Random,11,0.5591430068016052
7M,18500,Random,12,0.5515145063400269
7M,18500,Random,13,0.5636686682701111
7M,18500,Random,14,0.5624591708183289
7M,18500,Random,15,0.5686472058296204
7M,18500,Random,16,0.5719735026359558
7M,18500,Random,17,0.5708066821098328
7M,18500,Random,18,0.5616827607154846
7M,18500,Random,19,0.5724332928657532
7M,18500,Random,20,0.5576068162918091
7M,18500,Random,21,0.5587058663368225
7M,18500,Random,22,0.5678346753120422
7M,18500,Random,23,0.5707120299339294
7M,18500,Random,24,0.5683451890945435
7M,18500,Random,25,0.5509703755378723
7M,18500,Random,26,0.5571368336677551
7M,18500,Random,27,0.5630214214324951
7M,18500,Random,28,0.5690972805023193
7M,18500,Random,29,0.565062940120697
7M,18500,Random,30,0.5656774044036865
7M,18500,Random,31,0.5611055493354797
7M,18500,Random,32,0.5543113350868225
7M,18500,Random,33,0.5602954030036926
7M,18500,Random,34,0.5630135536193848
7M,18500,Random,35,0.5625720024108887
7M,18500,Random,36,0.551449716091156
7M,18500,Random,37,0.5648172497749329
7M,18500,Random,38,0.5684555768966675
7M,18500,Random,39,0.5634685158729553
7M,18500,Random,40,0.5648193359375
7M,18500,Random,41,0.5657035708427429
7M,18500,Random,42,0.5622915625572205
7M,18500,Random,43,0.5673576593399048
7M,18500,Random,44,0.5395190119743347
7M,19000,Global,-1,130.7435760498047
7M,19000,Frequency,0,0.9756027460098267
7M,19000,Frequency,1,0.9489892721176147
7M,19000,Frequency,2,0.9358765482902527
7M,19000,Frequency,3,0.9098119139671326
7M,19000,Frequency,4,0.8756742477416992
7M,19000,Frequency,5,0.8621988892555237
7M,19000,Frequency,6,0.8362583518028259
7M,19000,Frequency,7,0.8116366863250732
7M,19000,Frequency,8,0.7874879240989685
7M,19000,Frequency,9,0.7629418969154358
7M,19000,Frequency,10,0.7417364716529846
7M,19000,Frequency,11,0.7268232107162476
7M,19000,Frequency,12,0.7028456926345825
7M,19000,Frequency,13,0.6835625171661377
7M,19000,Frequency,14,0.6570048928260803
7M,19000,Frequency,15,0.652653694152832
7M,19000,Frequency,16,0.6364253163337708
7M,19000,Frequency,17,0.6175574660301208
7M,19000,Frequency,18,0.595853328704834
7M,19000,Frequency,19,0.5904719829559326
7M,19000,Frequency,20,0.5741100907325745
7M,19000,Frequency,21,0.5506130456924438
7M,19000,Frequency,22,0.5510502457618713
7M,19000,Frequency,23,0.533647358417511
7M,19000,Frequency,24,0.5194244384765625
7M,19000,Frequency,25,0.5055040717124939
7M,19000,Frequency,26,0.49496740102767944
7M,19000,Frequency,27,0.4839268624782562
7M,19000,Frequency,28,0.47045648097991943
7M,19000,Frequency,29,0.4583355784416199
7M,19000,Frequency,30,0.4451904892921448
7M,19000,Frequency,31,0.42701515555381775
7M,19000,Frequency,32,0.417514830827713
7M,19000,Frequency,33,0.39644694328308105
7M,19000,Frequency,34,0.38209253549575806
7M,19000,Frequency,35,0.3633749186992645
7M,19000,Frequency,36,0.34648895263671875
7M,19000,Frequency,37,0.32233408093452454
7M,19000,Frequency,38,0.3050999343395233
7M,19000,Frequency,39,0.280741810798645
7M,19000,Frequency,40,0.2626093626022339
7M,19000,Frequency,41,0.24894234538078308
7M,19000,Frequency,42,0.23856444656848907
7M,19000,Frequency,43,0.23156915605068207
7M,19000,Frequency,44,0.2300986796617508
7M,19000,Random,0,0.5620554685592651
7M,19000,Random,1,0.563937783241272
7M,19000,Random,2,0.5809351205825806
7M,19000,Random,3,0.5684021711349487
7M,19000,Random,4,0.5650411248207092
7M,19000,Random,5,0.5570811629295349
7M,19000,Random,6,0.569831907749176
7M,19000,Random,7,0.5704025626182556
7M,19000,Random,8,0.5544064044952393
7M,19000,Random,9,0.5776950716972351
7M,19000,Random,10,0.5790605545043945
7M,19000,Random,11,0.565251886844635
7M,19000,Random,12,0.5578831434249878
7M,19000,Random,13,0.5700288414955139
7M,19000,Random,14,0.5686942934989929
7M,19000,Random,15,0.5752288699150085
7M,19000,Random,16,0.5784578919410706
7M,19000,Random,17,0.5768106579780579
7M,19000,Random,18,0.5682503581047058
7M,19000,Random,19,0.5786640644073486
7M,19000,Random,20,0.5636411309242249
7M,19000,Random,21,0.5647333860397339
7M,19000,Random,22,0.5745629072189331
7M,19000,Random,23,0.5769975781440735
7M,19000,Random,24,0.5746893286705017
7M,19000,Random,25,0.5574319958686829
7M,19000,Random,26,0.5629849433898926
7M,19000,Random,27,0.5691508650779724
7M,19000,Random,28,0.5752785205841064
7M,19000,Random,29,0.571444034576416
7M,19000,Random,30,0.571843147277832
7M,19000,Random,31,0.5675635933876038
7M,19000,Random,32,0.5604935884475708
7M,19000,Random,33,0.566882312297821
7M,19000,Random,34,0.5691824555397034
7M,19000,Random,35,0.5688937306404114
7M,19000,Random,36,0.5571119785308838
7M,19000,Random,37,0.5714125633239746
7M,19000,Random,38,0.5750072002410889
7M,19000,Random,39,0.5702272653579712
7M,19000,Random,40,0.5709607005119324
7M,19000,Random,41,0.5719920992851257
7M,19000,Random,42,0.5684844851493835
7M,19000,Random,43,0.5740557312965393
7M,19000,Random,44,0.5445110201835632
7M,19500,Global,-1,132.20301818847656
7M,19500,Frequency,0,0.9862056374549866
7M,19500,Frequency,1,0.9612727761268616
7M,19500,Frequency,2,0.9467530846595764
7M,19500,Frequency,3,0.9204762578010559
7M,19500,Frequency,4,0.8864924311637878
7M,19500,Frequency,5,0.8724349141120911
7M,19500,Frequency,6,0.8458064794540405
7M,19500,Frequency,7,0.821674644947052
7M,19500,Frequency,8,0.7972447276115417
7M,19500,Frequency,9,0.7720561623573303
7M,19500,Frequency,10,0.7507712841033936
7M,19500,Frequency,11,0.735314130783081
7M,19500,Frequency,12,0.7107864618301392
7M,19500,Frequency,13,0.6918363571166992
7M,19500,Frequency,14,0.6645365953445435
7M,19500,Frequency,15,0.6600549817085266
7M,19500,Frequency,16,0.6436083912849426
7M,19500,Frequency,17,0.6248681545257568
7M,19500,Frequency,18,0.6028684377670288
7M,19500,Frequency,19,0.597127377986908
7M,19500,Frequency,20,0.5807408690452576
7M,19500,Frequency,21,0.5564793944358826
7M,19500,Frequency,22,0.5571099519729614
7M,19500,Frequency,23,0.5394604206085205
7M,19500,Frequency,24,0.5252927541732788
7M,19500,Frequency,25,0.5112178325653076
7M,19500,Frequency,26,0.5002347230911255
7M,19500,Frequency,27,0.48945850133895874
7M,19500,Frequency,28,0.4753735661506653
7M,19500,Frequency,29,0.46308887004852295
7M,19500,Frequency,30,0.4497869312763214
7M,19500,Frequency,31,0.4314647316932678
7M,19500,Frequency,32,0.4214912950992584
7M,19500,Frequency,33,0.4004387855529785
7M,19500,Frequency,34,0.3855532109737396
7M,19500,Frequency,35,0.3667289912700653
7M,19500,Frequency,36,0.34950175881385803
7M,19500,Frequency,37,0.32468268275260925
7M,19500,Frequency,38,0.3072494566440582
7M,19500,Frequency,39,0.2820765972137451
7M,19500,Frequency,40,0.2634972035884857
7M,19500,Frequency,41,0.24968594312667847
7M,19500,Frequency,42,0.23895014822483063
7M,19500,Frequency,43,0.23168641328811646
7M,19500,Frequency,44,0.23018011450767517
7M,19500,Random,0,0.5678694844245911
7M,19500,Random,1,0.5699014663696289
7M,19500,Random,2,0.5869350433349609
7M,19500,Random,3,0.5741928815841675
7M,19500,Random,4,0.5712754130363464
7M,19500,Random,5,0.5628299713134766
7M,19500,Random,6,0.576200544834137
7M,19500,Random,7,0.5767142176628113
7M,19500,Random,8,0.5605109333992004
7M,19500,Random,9,0.5838397741317749
7M,19500,Random,10,0.5852309465408325
7M,19500,Random,11,0.5715834498405457
7M,19500,Random,12,0.5637640357017517
7M,19500,Random,13,0.5759543776512146
7M,19500,Random,14,0.5747052431106567
7M,19500,Random,15,0.5820029377937317
7M,19500,Random,16,0.5845892429351807
7M,19500,Random,17,0.583058774471283
7M,19500,Random,18,0.5747628808021545
7M,19500,Random,19,0.5845198035240173
7M,19500,Random,20,0.5695264935493469
7M,19500,Random,21,0.5709882378578186
7M,19500,Random,22,0.5810619592666626
7M,19500,Random,23,0.5832526087760925
7M,19500,Random,24,0.5811236500740051
7M,19500,Random,25,0.5635086894035339
7M,19500,Random,26,0.5684983134269714
7M,19500,Random,27,0.5753296613693237
7M,19500,Random,28,0.5819467902183533
7M,19500,Random,29,0.577541708946228
7M,19500,Random,30,0.5778428912162781
7M,19500,Random,31,0.5740471482276917
7M,19500,Random,32,0.5664950609207153
7M,19500,Random,33,0.5732187628746033
7M,19500,Random,34,0.5752864480018616
7M,19500,Random,35,0.5751557946205139
7M,19500,Random,36,0.5632114410400391
7M,19500,Random,37,0.5775377154350281
7M,19500,Random,38,0.5815868377685547
7M,19500,Random,39,0.5762364268302917
7M,19500,Random,40,0.576795220375061
7M,19500,Random,41,0.5780788660049438
7M,19500,Random,42,0.5746117234230042
7M,19500,Random,43,0.5804336071014404
7M,19500,Random,44,0.550191342830658
7M,20000,Global,-1,133.64288330078125
7M,20000,Frequency,0,0.9973592162132263
7M,20000,Frequency,1,0.9724117517471313
7M,20000,Frequency,2,0.9575659036636353
7M,20000,Frequency,3,0.9316994547843933
7M,20000,Frequency,4,0.8970215916633606
7M,20000,Frequency,5,0.883061945438385
7M,20000,Frequency,6,0.8557586073875427
7M,20000,Frequency,7,0.8310671448707581
7M,20000,Frequency,8,0.806448757648468
7M,20000,Frequency,9,0.7812585830688477
7M,20000,Frequency,10,0.7599063515663147
7M,20000,Frequency,11,0.7438448071479797
7M,20000,Frequency,12,0.7185607552528381
7M,20000,Frequency,13,0.6998484134674072
7M,20000,Frequency,14,0.6722903847694397
7M,20000,Frequency,15,0.6676009893417358
7M,20000,Frequency,16,0.6507644057273865
7M,20000,Frequency,17,0.6318093538284302
7M,20000,Frequency,18,0.609738290309906
7M,20000,Frequency,19,0.603740930557251
7M,20000,Frequency,20,0.5868404507637024
7M,20000,Frequency,21,0.562415361404419
7M,20000,Frequency,22,0.5631148219108582
7M,20000,Frequency,23,0.5452513098716736
7M,20000,Frequency,24,0.5311383605003357
7M,20000,Frequency,25,0.5167160034179688
7M,20000,Frequency,26,0.5053126215934753
7M,20000,Frequency,27,0.4950902760028839
7M,20000,Frequency,28,0.4802972972393036
7M,20000,Frequency,29,0.46812644600868225
7M,20000,Frequency,30,0.4537511169910431
7M,20000,Frequency,31,0.43545711040496826
7M,20000,Frequency,32,0.4253045618534088
7M,20000,Frequency,33,0.40407970547676086
7M,20000,Frequency,34,0.3888647258281708
7M,20000,Frequency,35,0.36992472410202026
7M,20000,Frequency,36,0.3521762490272522
7M,20000,Frequency,37,0.3272184133529663
7M,20000,Frequency,38,0.3095339238643646
7M,20000,Frequency,39,0.28370749950408936
7M,20000,Frequency,40,0.2644868791103363
7M,20000,Frequency,41,0.25039908289909363
7M,20000,Frequency,42,0.23931017518043518
7M,20000,Frequency,43,0.2318282127380371
7M,20000,Frequency,44,0.23033004999160767
7M,20000,Random,0,0.5739607214927673
7M,20000,Random,1,0.5761334300041199
7M,20000,Random,2,0.593350350856781
7M,20000,Random,3,0.5803824067115784
7M,20000,Random,4,0.5775244832038879
7M,20000,Random,5,0.5685541033744812
7M,20000,Random,6,0.5821769833564758
7M,20000,Random,7,0.5831122994422913
7M,20000,Random,8,0.5663089752197266
7M,20000,Random,9,0.5900483131408691
7M,20000,Random,10,0.5912684798240662
7M,20000,Random,11,0.577948808670044
7M,20000,Random,12,0.5693348050117493
7M,20000,Random,13,0.582005500793457
7M,20000,Random,14,0.5807654857635498
7M,20000,Random,15,0.58814537525177
7M,20000,Random,16,0.5906919240951538
7M,20000,Random,17,0.5887486934661865
7M,20000,Random,18,0.5803688764572144
7M,20000,Random,19,0.5904237627983093
7M,20000,Random,20,0.5756285190582275
7M,20000,Random,21,0.5771946907043457
7M,20000,Random,22,0.5874497294425964
7M,20000,Random,23,0.5893548727035522
7M,20000,Random,24,0.5871333479881287
7M,20000,Random,25,0.5695712566375732
7M,20000,Random,26,0.5743892788887024
7M,20000,Random,27,0.5815195441246033
7M,20000,Random,28,0.5880117416381836
7M,20000,Random,29,0.5835228562355042
7M,20000,Random,30,0.5838847756385803
7M,20000,Random,31,0.5798674821853638
7M,20000,Random,32,0.572810173034668
7M,20000,Random,33,0.5791662335395813
7M,20000,Random,34,0.5812987089157104
7M,20000,Random,35,0.5811676979064941
7M,20000,Random,36,0.5692854523658752
7M,20000,Random,37,0.5832560062408447
7M,20000,Random,38,0.5881258249282837
7M,20000,Random,39,0.5821273922920227
7M,20000,Random,40,0.5826375484466553
7M,20000,Random,41,0.5846387147903442
7M,20000,Random,42,0.5808981657028198
7M,20000,Random,43,0.5865699052810669
7M,20000,Random,44,0.5569915771484375
7M,20500,Global,-1,135.07603454589844
7M,20500,Frequency,0,1.0078567266464233
7M,20500,Frequency,1,0.983457624912262
7M,20500,Frequency,2,0.9681647419929504
7M,20500,Frequency,3,0.9426131248474121
7M,20500,Frequency,4,0.9073923826217651
7M,20500,Frequency,5,0.8928342461585999
7M,20500,Frequency,6,0.8659918308258057
7M,20500,Frequency,7,0.8406267762184143
7M,20500,Frequency,8,0.8156430125236511
7M,20500,Frequency,9,0.7902559041976929
7M,20500,Frequency,10,0.7691274881362915
7M,20500,Frequency,11,0.7525795698165894
7M,20500,Frequency,12,0.7267960906028748
7M,20500,Frequency,13,0.7077763676643372
7M,20500,Frequency,14,0.680237352848053
7M,20500,Frequency,15,0.674881637096405
7M,20500,Frequency,16,0.6575969457626343
7M,20500,Frequency,17,0.6387087106704712
7M,20500,Frequency,18,0.616279661655426
7M,20500,Frequency,19,0.6102248430252075
7M,20500,Frequency,20,0.5929819345474243
7M,20500,Frequency,21,0.5685369372367859
7M,20500,Frequency,22,0.5696882009506226
7M,20500,Frequency,23,0.5509357452392578
7M,20500,Frequency,24,0.536709725856781
7M,20500,Frequency,25,0.5225521922111511
7M,20500,Frequency,26,0.5106896758079529
7M,20500,Frequency,27,0.5003983974456787
7M,20500,Frequency,28,0.48500362038612366
7M,20500,Frequency,29,0.4730723798274994
7M,20500,Frequency,30,0.4581652879714966
7M,20500,Frequency,31,0.43963441252708435
7M,20500,Frequency,32,0.4293728470802307
7M,20500,Frequency,33,0.4075464904308319
7M,20500,Frequency,34,0.3924716114997864
7M,20500,Frequency,35,0.3732028305530548
7M,20500,Frequency,36,0.3551952838897705
7M,20500,Frequency,37,0.32956141233444214
7M,20500,Frequency,38,0.31159135699272156
7M,20500,Frequency,39,0.2851959764957428
7M,20500,Frequency,40,0.2653990387916565
7M,20500,Frequency,41,0.25107061862945557
7M,20500,Frequency,42,0.23962220549583435
7M,20500,Frequency,43,0.23197947442531586
7M,20500,Frequency,44,0.23041221499443054
7M,20500,Random,0,0.5797327756881714
7M,20500,Random,1,0.5820334553718567
7M,20500,Random,2,0.5994799733161926
7M,20500,Random,3,0.5864540338516235
7M,20500,Random,4,0.5833920240402222
7M,20500,Random,5,0.5744608640670776
7M,20500,Random,6,0.5884286761283875
7M,20500,Random,7,0.5893270373344421
7M,20500,Random,8,0.5722305178642273
7M,20500,Random,9,0.5963208079338074
7M,20500,Random,10,0.5973912477493286
7M,20500,Random,11,0.5833806395530701
7M,20500,Random,12,0.5750641226768494
7M,20500,Random,13,0.5884966850280762
7M,20500,Random,14,0.5865634679794312
7M,20500,Random,15,0.5938909649848938
7M,20500,Random,16,0.5969665050506592
7M,20500,Random,17,0.595050036907196
7M,20500,Random,18,0.586479902267456
7M,20500,Random,19,0.596471905708313
7M,20500,Random,20,0.581596314907074
7M,20500,Random,21,0.5834773182868958
7M,20500,Random,22,0.5932800769805908
7M,20500,Random,23,0.5955509543418884
7M,20500,Random,24,0.5932519435882568
7M,20500,Random,25,0.5755041837692261
7M,20500,Random,26,0.5804873704910278
7M,20500,Random,27,0.5876510143280029
7M,20500,Random,28,0.5945174098014832
7M,20500,Random,29,0.5893585085868835
7M,20500,Random,30,0.5902203321456909
7M,20500,Random,31,0.5860546827316284
7M,20500,Random,32,0.5785170197486877
7M,20500,Random,33,0.5853410959243774
7M,20500,Random,34,0.587561845779419
7M,20500,Random,35,0.5872571468353271
7M,20500,Random,36,0.575098991394043
7M,20500,Random,37,0.5892868638038635
7M,20500,Random,38,0.5938349366188049
7M,20500,Random,39,0.588205099105835
7M,20500,Random,40,0.588398814201355
7M,20500,Random,41,0.590818464756012
7M,20500,Random,42,0.5874059796333313
7M,20500,Random,43,0.5926315784454346
7M,20500,Random,44,0.5625377297401428
7M,21000,Global,-1,136.48959350585938
7M,21000,Frequency,0,1.0180437564849854
7M,21000,Frequency,1,0.9935230612754822
7M,21000,Frequency,2,0.9782784581184387
7M,21000,Frequency,3,0.9532583951950073
7M,21000,Frequency,4,0.9178794622421265
7M,21000,Frequency,5,0.9027450084686279
7M,21000,Frequency,6,0.8763411045074463
7M,21000,Frequency,7,0.8503467440605164
7M,21000,Frequency,8,0.8246380686759949
7M,21000,Frequency,9,0.7996060848236084
7M,21000,Frequency,10,0.7776732444763184
7M,21000,Frequency,11,0.7609243392944336
7M,21000,Frequency,12,0.735251784324646
7M,21000,Frequency,13,0.7157315015792847
7M,21000,Frequency,14,0.687951922416687
7M,21000,Frequency,15,0.6818199753761292
7M,21000,Frequency,16,0.6647499203681946
7M,21000,Frequency,17,0.645734965801239
7M,21000,Frequency,18,0.6231937408447266
7M,21000,Frequency,19,0.6173674464225769
7M,21000,Frequency,20,0.599431574344635
7M,21000,Frequency,21,0.5742911100387573
7M,21000,Frequency,22,0.5755258798599243
7M,21000,Frequency,23,0.5567535161972046
7M,21000,Frequency,24,0.5422293543815613
7M,21000,Frequency,25,0.527679443359375
7M,21000,Frequency,26,0.5161260366439819
7M,21000,Frequency,27,0.5055640339851379
7M,21000,Frequency,28,0.4901255965232849
7M,21000,Frequency,29,0.47785890102386475
7M,21000,Frequency,30,0.4626339375972748
7M,21000,Frequency,31,0.4439123868942261
7M,21000,Frequency,32,0.433237761259079
7M,21000,Frequency,33,0.4110983908176422
7M,21000,Frequency,34,0.39596930146217346
7M,21000,Frequency,35,0.3761180341243744
7M,21000,Frequency,36,0.3579253554344177
7M,21000,Frequency,37,0.33217039704322815
7M,21000,Frequency,38,0.3135840892791748
7M,21000,Frequency,39,0.2866271138191223
7M,21000,Frequency,40,0.2664320170879364
7M,21000,Frequency,41,0.25185951590538025
7M,21000,Frequency,42,0.23993882536888123
7M,21000,Frequency,43,0.23207487165927887
7M,21000,Frequency,44,0.23045043647289276
7M,21000,Random,0,0.5854259729385376
7M,21000,Random,1,0.5879048109054565
7M,21000,Random,2,0.6055965423583984
7M,21000,Random,3,0.5923351049423218
7M,21000,Random,4,0.5894233584403992
7M,21000,Random,5,0.5804805755615234
7M,21000,Random,6,0.5944923758506775
7M,21000,Random,7,0.5953209400177002
7M,21000,Random,8,0.5777621865272522
7M,21000,Random,9,0.60231614112854
7M,21000,Random,10,0.6034889817237854
7M,21000,Random,11,0.5893165469169617
7M,21000,Random,12,0.58106529712677
7M,21000,Random,13,0.5946230292320251
7M,21000,Random,14,0.5925995707511902
7M,21000,Random,15,0.5997284054756165
7M,21000,Random,16,0.6028370261192322
7M,21000,Random,17,0.6009406447410583
7M,21000,Random,18,0.5924265384674072
7M,21000,Random,19,0.6029117107391357
7M,21000,Random,20,0.5880360007286072
7M,21000,Random,21,0.5893842577934265
7M,21000,Random,22,0.5996602177619934
7M,21000,Random,23,0.6016804575920105
7M,21000,Random,24,0.5991293787956238
7M,21000,Random,25,0.5813854932785034
7M,21000,Random,26,0.5861062407493591
7M,21000,Random,27,0.5937992930412292
7M,21000,Random,28,0.6012172102928162
7M,21000,Random,29,0.5952919125556946
7M,21000,Random,30,0.5967250466346741
7M,21000,Random,31,0.5918319821357727
7M,21000,Random,32,0.5842099785804749
7M,21000,Random,33,0.5907208323478699
7M,21000,Random,34,0.5932628512382507
7M,21000,Random,35,0.5929898619651794
7M,21000,Random,36,0.5809524059295654
7M,21000,Random,37,0.5953418016433716
7M,21000,Random,38,0.6001309752464294
7M,21000,Random,39,0.5943036079406738
7M,21000,Random,40,0.5945444107055664
7M,21000,Random,41,0.5969043970108032
7M,21000,Random,42,0.5930206775665283
7M,21000,Random,43,0.5986158847808838
7M,21000,Random,44,0.5677405595779419
7M,21500,Global,-1,137.94888305664062
7M,21500,Frequency,0,1.0284069776535034
7M,21500,Frequency,1,1.003678798675537
7M,21500,Frequency,2,0.9898360371589661
7M,21500,Frequency,3,0.9646245837211609
7M,21500,Frequency,4,0.929040789604187
7M,21500,Frequency,5,0.9127504229545593
7M,21500,Frequency,6,0.8865461945533752
7M,21500,Frequency,7,0.8603817224502563
7M,21500,Frequency,8,0.8337097764015198
7M,21500,Frequency,9,0.8088937401771545
7M,21500,Frequency,10,0.7861990928649902
7M,21500,Frequency,11,0.7695489525794983
7M,21500,Frequency,12,0.7433732748031616
7M,21500,Frequency,13,0.7240256667137146
7M,21500,Frequency,14,0.6956872940063477
7M,21500,Frequency,15,0.6898019909858704
7M,21500,Frequency,16,0.6721819043159485
7M,21500,Frequency,17,0.6533260941505432
7M,21500,Frequency,18,0.6300108432769775
7M,21500,Frequency,19,0.6243658065795898
7M,21500,Frequency,20,0.6061481237411499
7M,21500,Frequency,21,0.5805220007896423
7M,21500,Frequency,22,0.5822070240974426
7M,21500,Frequency,23,0.5626256465911865
7M,21500,Frequency,24,0.5480186343193054
7M,21500,Frequency,25,0.533483624458313
7M,21500,Frequency,26,0.5215717554092407
7M,21500,Frequency,27,0.5102738738059998
7M,21500,Frequency,28,0.4952933192253113
7M,21500,Frequency,29,0.4827212393283844
7M,21500,Frequency,30,0.4672498404979706
7M,21500,Frequency,31,0.4480941891670227
7M,21500,Frequency,32,0.43722766637802124
7M,21500,Frequency,33,0.41443926095962524
7M,21500,Frequency,34,0.39945822954177856
7M,21500,Frequency,35,0.3795258402824402
7M,21500,Frequency,36,0.36078065633773804
7M,21500,Frequency,37,0.33434417843818665
7M,21500,Frequency,38,0.31566062569618225
7M,21500,Frequency,39,0.28822579979896545
7M,21500,Frequency,40,0.267426997423172
7M,21500,Frequency,41,0.25240394473075867
7M,21500,Frequency,42,0.24032138288021088
7M,21500,Frequency,43,0.23218436539173126
7M,21500,Frequency,44,0.230499729514122
7M,21500,Random,0,0.5916165709495544
7M,21500,Random,1,0.593795895576477
7M,21500,Random,2,0.6120604872703552
7M,21500,Random,3,0.5981972813606262
7M,21500,Random,4,0.595485508441925
7M,21500,Random,5,0.5864697694778442
7M,21500,Random,6,0.6005070805549622
7M,21500,Random,7,0.6014776825904846
7M,21500,Random,8,0.5838991403579712
7M,21500,Random,9,0.6087908148765564
7M,21500,Random,10,0.6096238493919373
7M,21500,Random,11,0.5955756902694702
7M,21500,Random,12,0.5871937274932861
7M,21500,Random,13,0.6006656289100647
7M,21500,Random,14,0.598274290561676
7M,21500,Random,15,0.605905294418335
7M,21500,Random,16,0.6093659400939941
7M,21500,Random,17,0.6073786020278931
7M,21500,Random,18,0.5984668731689453
7M,21500,Random,19,0.6090583205223083
7M,21500,Random,20,0.5935481786727905
7M,21500,Random,21,0.5958197116851807
7M,21500,Random,22,0.6058462858200073
7M,21500,Random,23,0.6077325344085693
7M,21500,Random,24,0.6051272749900818
7M,21500,Random,25,0.5872321724891663
7M,21500,Random,26,0.5925803184509277
7M,21500,Random,27,0.5996778011322021
7M,21500,Random,28,0.6072503924369812
7M,21500,Random,29,0.6014417409896851
7M,21500,Random,30,0.6031534671783447
7M,21500,Random,31,0.5977522730827332
7M,21500,Random,32,0.5904998779296875
7M,21500,Random,33,0.5969902276992798
7M,21500,Random,34,0.5994888544082642
7M,21500,Random,35,0.5991805195808411
7M,21500,Random,36,0.5870667695999146
7M,21500,Random,37,0.6018152832984924
7M,21500,Random,38,0.6063582301139832
7M,21500,Random,39,0.600514829158783
7M,21500,Random,40,0.6010174751281738
7M,21500,Random,41,0.6032376885414124
7M,21500,Random,42,0.5988755226135254
7M,21500,Random,43,0.6048098206520081
7M,21500,Random,44,0.5749682188034058
7M,22000,Global,-1,139.36289978027344
7M,22000,Frequency,0,1.0397968292236328
7M,22000,Frequency,1,1.0143718719482422
7M,22000,Frequency,2,1.0005584955215454
7M,22000,Frequency,3,0.9749221205711365
7M,22000,Frequency,4,0.9383562207221985
7M,22000,Frequency,5,0.9226484894752502
7M,22000,Frequency,6,0.8959497213363647
7M,22000,Frequency,7,0.8699926733970642
7M,22000,Frequency,8,0.842983603477478
7M,22000,Frequency,9,0.8176328539848328
7M,22000,Frequency,10,0.7940293550491333
7M,22000,Frequency,11,0.7778635025024414
7M,22000,Frequency,12,0.7517497539520264
7M,22000,Frequency,13,0.7318726778030396
7M,22000,Frequency,14,0.7030156254768372
7M,22000,Frequency,15,0.6977051496505737
7M,22000,Frequency,16,0.6791820526123047
7M,22000,Frequency,17,0.6607239842414856
7M,22000,Frequency,18,0.6373604536056519
7M,22000,Frequency,19,0.631292462348938
7M,22000,Frequency,20,0.6124054789543152
7M,22000,Frequency,21,0.5861518979072571
7M,22000,Frequency,22,0.587854266166687
7M,22000,Frequency,23,0.5683144927024841
7M,22000,Frequency,24,0.5537481904029846
7M,22000,Frequency,25,0.5388839244842529
7M,22000,Frequency,26,0.5266750454902649
7M,22000,Frequency,27,0.5154578685760498
7M,22000,Frequency,28,0.5000239014625549
7M,22000,Frequency,29,0.487734854221344
7M,22000,Frequency,30,0.4715498089790344
7M,22000,Frequency,31,0.45249730348587036
7M,22000,Frequency,32,0.4414193630218506
7M,22000,Frequency,33,0.41816580295562744
7M,22000,Frequency,34,0.4030735194683075
7M,22000,Frequency,35,0.38289862871170044
7M,22000,Frequency,36,0.3638376295566559
7M,22000,Frequency,37,0.3365839421749115
7M,22000,Frequency,38,0.31772470474243164
7M,22000,Frequency,39,0.2899421155452728
7M,22000,Frequency,40,0.26845529675483704
7M,22000,Frequency,41,0.25297361612319946
7M,22000,Frequency,42,0.24070416390895844
7M,22000,Frequency,43,0.2324034869670868
7M,22000,Frequency,44,0.23062753677368164
7M,22000,Random,0,0.5974210500717163
7M,22000,Random,1,0.5998015403747559
7M,22000,Random,2,0.6181535720825195
7M,22000,Random,3,0.6040502786636353
7M,22000,Random,4,0.6014507412910461
7M,22000,Random,5,0.5921960473060608
7M,22000,Random,6,0.606599748134613
7M,22000,Random,7,0.6071544289588928
7M,22000,Random,8,0.5893957018852234
7M,22000,Random,9,0.6149448156356812
7M,22000,Random,10,0.6154764890670776
7M,22000,Random,11,0.6017498970031738
7M,22000,Random,12,0.5929247140884399
7M,22000,Random,13,0.6068701148033142
7M,22000,Random,14,0.6046464443206787
7M,22000,Random,15,0.6118780374526978
7M,22000,Random,16,0.6151191592216492
7M,22000,Random,17,0.6134008169174194
7M,22000,Random,18,0.6047433018684387
7M,22000,Random,19,0.6148130297660828
7M,22000,Random,20,0.599675178527832
7M,22000,Random,21,0.6021894812583923
7M,22000,Random,22,0.6119260191917419
7M,22000,Random,23,0.6137338876724243
7M,22000,Random,24,0.6112589240074158
7M,22000,Random,25,0.5930951833724976
7M,22000,Random,26,0.5982412099838257
7M,22000,Random,27,0.6058164238929749
7M,22000,Random,28,0.6134560108184814
7M,22000,Random,29,0.6074423789978027
7M,22000,Random,30,0.6094801425933838
7M,22000,Random,31,0.6035342812538147
7M,22000,Random,32,0.5964696407318115
7M,22000,Random,33,0.6033758521080017
7M,22000,Random,34,0.6057791709899902
7M,22000,Random,35,0.6052787899971008
7M,22000,Random,36,0.5929436683654785
7M,22000,Random,37,0.6075433492660522
7M,22000,Random,38,0.6122015118598938
7M,22000,Random,39,0.6062654852867126
7M,22000,Random,40,0.6073296070098877
7M,22000,Random,41,0.6086459159851074
7M,22000,Random,42,0.605072557926178
7M,22000,Random,43,0.6108531951904297
7M,22000,Random,44,0.5803857445716858
7M,22500,Global,-1,140.75892639160156
7M,22500,Frequency,0,1.0498424768447876
7M,22500,Frequency,1,1.0250873565673828
7M,22500,Frequency,2,1.0109045505523682
7M,22500,Frequency,3,0.9851740002632141
7M,22500,Frequency,4,0.947982907295227
7M,22500,Frequency,5,0.9325720071792603
7M,22500,Frequency,6,0.905525267124176
7M,22500,Frequency,7,0.8791726231575012
7M,22500,Frequency,8,0.8516600728034973
7M,22500,Frequency,9,0.8269612193107605
7M,22500,Frequency,10,0.8029214143753052
7M,22500,Frequency,11,0.7860763072967529
7M,22500,Frequency,12,0.7594919800758362
7M,22500,Frequency,13,0.7397775053977966
7M,22500,Frequency,14,0.7101024389266968
7M,22500,Frequency,15,0.7053248286247253
7M,22500,Frequency,16,0.685673713684082
7M,22500,Frequency,17,0.6677613854408264
7M,22500,Frequency,18,0.6441088318824768
7M,22500,Frequency,19,0.6377739310264587
7M,22500,Frequency,20,0.619129478931427
7M,22500,Frequency,21,0.5920627117156982
7M,22500,Frequency,22,0.5941447615623474
7M,22500,Frequency,23,0.5741719603538513
7M,22500,Frequency,24,0.5589927434921265
7M,22500,Frequency,25,0.544247031211853
7M,22500,Frequency,26,0.5317674279212952
7M,22500,Frequency,27,0.5204578042030334
7M,22500,Frequency,28,0.5046188831329346
7M,22500,Frequency,29,0.4923487901687622
7M,22500,Frequency,30,0.4762216806411743
7M,22500,Frequency,31,0.45653778314590454
7M,22500,Frequency,32,0.44523149728775024
7M,22500,Frequency,33,0.4220659136772156
7M,22500,Frequency,34,0.40649887919425964
7M,22500,Frequency,35,0.38578787446022034
7M,22500,Frequency,36,0.3668572008609772
7M,22500,Frequency,37,0.33884167671203613
7M,22500,Frequency,38,0.31984075903892517
7M,22500,Frequency,39,0.29144126176834106
7M,22500,Frequency,40,0.2696913182735443
7M,22500,Frequency,41,0.25357896089553833
7M,22500,Frequency,42,0.24111297726631165
7M,22500,Frequency,43,0.23262690007686615
7M,22500,Frequency,44,0.23073413968086243
7M,22500,Random,0,0.6034278273582458
7M,22500,Random,1,0.6057917475700378
7M,22500,Random,2,0.6238359808921814
7M,22500,Random,3,0.6099683046340942
7M,22500,Random,4,0.6074804067611694
7M,22500,Random,5,0.5979354381561279
7M,22500,Random,6,0.6123621463775635
7M,22500,Random,7,0.6129755973815918
7M,22500,Random,8,0.594913899898529
7M,22500,Random,9,0.6211081147193909
7M,22500,Random,10,0.6213108897209167
7M,22500,Random,11,0.6077332496643066
7M,22500,Random,12,0.5986373424530029
7M,22500,Random,13,0.612739086151123
7M,22500,Random,14,0.6104884147644043
7M,22500,Random,15,0.6178945899009705
7M,22500,Random,16,0.6210313439369202
7M,22500,Random,17,0.6191098690032959
7M,22500,Random,18,0.610465943813324
7M,22500,Random,19,0.6212378144264221
7M,22500,Random,20,0.6057738065719604
7M,22500,Random,21,0.6080648899078369
7M,22500,Random,22,0.6182509064674377
7M,22500,Random,23,0.6195939183235168
7M,22500,Random,24,0.6172082424163818
7M,22500,Random,25,0.5987644195556641
7M,22500,Random,26,0.6041327714920044
7M,22500,Random,27,0.6118267774581909
7M,22500,Random,28,0.6196659803390503
7M,22500,Random,29,0.6133135557174683
7M,22500,Random,30,0.6150400042533875
7M,22500,Random,31,0.6093155741691589
7M,22500,Random,32,0.6022023558616638
7M,22500,Random,33,0.6090853810310364
7M,22500,Random,34,0.6118147373199463
7M,22500,Random,35,0.6110481023788452
7M,22500,Random,36,0.5987617373466492
7M,22500,Random,37,0.6130219101905823
7M,22500,Random,38,0.617975652217865
7M,22500,Random,39,0.612362265586853
7M,22500,Random,40,0.6137704849243164
7M,22500,Random,41,0.6146373152732849
7M,22500,Random,42,0.6106900572776794
7M,22500,Random,43,0.6169926524162292
7M,22500,Random,44,0.5857939720153809
7M,23000,Global,-1,142.14271545410156
7M,23000,Frequency,0,1.060028076171875
7M,23000,Frequency,1,1.036072015762329
7M,23000,Frequency,2,1.0211530923843384
7M,23000,Frequency,3,0.9954614043235779
7M,23000,Frequency,4,0.9580477476119995
7M,23000,Frequency,5,0.9422582983970642
7M,23000,Frequency,6,0.9152252674102783
7M,23000,Frequency,7,0.8884643316268921
7M,23000,Frequency,8,0.8602275252342224
7M,23000,Frequency,9,0.8358519077301025
7M,23000,Frequency,10,0.8112645149230957
7M,23000,Frequency,11,0.7940042018890381
7M,23000,Frequency,12,0.7670443058013916
7M,23000,Frequency,13,0.7473374009132385
7M,23000,Frequency,14,0.7171842455863953
7M,23000,Frequency,15,0.7128592729568481
7M,23000,Frequency,16,0.6926594972610474
7M,23000,Frequency,17,0.6743936538696289
7M,23000,Frequency,18,0.6503311395645142
7M,23000,Frequency,19,0.6438878178596497
7M,23000,Frequency,20,0.6255385875701904
7M,23000,Frequency,21,0.5976909399032593
7M,23000,Frequency,22,0.600339949131012
7M,23000,Frequency,23,0.5801692008972168
7M,23000,Frequency,24,0.5642712116241455
7M,23000,Frequency,25,0.5497655272483826
7M,23000,Frequency,26,0.5369867086410522
7M,23000,Frequency,27,0.5253934860229492
7M,23000,Frequency,28,0.509254515171051
7M,23000,Frequency,29,0.49679848551750183
7M,23000,Frequency,30,0.48009783029556274
7M,23000,Frequency,31,0.46071872115135193
7M,23000,Frequency,32,0.44914674758911133
7M,23000,Frequency,33,0.4257723093032837
7M,23000,Frequency,34,0.4100320339202881
7M,23000,Frequency,35,0.388860285282135
7M,23000,Frequency,36,0.36989572644233704
7M,23000,Frequency,37,0.3412328064441681
7M,23000,Frequency,38,0.3219950497150421
7M,23000,Frequency,39,0.2931702733039856
7M,23000,Frequency,40,0.27095118165016174
7M,23000,Frequency,41,0.2545224726200104
7M,23000,Frequency,42,0.241471529006958
7M,23000,Frequency,43,0.23284326493740082
7M,23000,Frequency,44,0.23083290457725525
7M,23000,Random,0,0.6094130873680115
7M,23000,Random,1,0.6115948557853699
7M,23000,Random,2,0.6298943758010864
7M,23000,Random,3,0.6155465841293335
7M,23000,Random,4,0.6138185858726501
7M,23000,Random,5,0.6037588119506836
7M,23000,Random,6,0.6184395551681519
7M,23000,Random,7,0.6188040971755981
7M,23000,Random,8,0.6002588868141174
7M,23000,Random,9,0.6270821690559387
7M,23000,Random,10,0.6271492838859558
7M,23000,Random,11,0.6132345795631409
7M,23000,Random,12,0.6046810150146484
7M,23000,Random,13,0.6187684535980225
7M,23000,Random,14,0.6162574291229248
7M,23000,Random,15,0.623400866985321
7M,23000,Random,16,0.6270602941513062
7M,23000,Random,17,0.6253619194030762
7M,23000,Random,18,0.6162552833557129
7M,23000,Random,19,0.6269692778587341
7M,23000,Random,20,0.6115004420280457
7M,23000,Random,21,0.6137492656707764
7M,23000,Random,22,0.6239428520202637
7M,23000,Random,23,0.6253477931022644
7M,23000,Random,24,0.62324059009552
7M,23000,Random,25,0.6045401692390442
7M,23000,Random,26,0.6093783974647522
7M,23000,Random,27,0.6179279088973999
7M,23000,Random,28,0.6257436871528625
7M,23000,Random,29,0.6190654039382935
7M,23000,Random,30,0.621129035949707
7M,23000,Random,31,0.6150980591773987
7M,23000,Random,32,0.6078603267669678
7M,23000,Random,33,0.6147368550300598
7M,23000,Random,34,0.6180917024612427
7M,23000,Random,35,0.6164517998695374
7M,23000,Random,36,0.604673445224762
7M,23000,Random,37,0.6189290881156921
7M,23000,Random,38,0.623685896396637
7M,23000,Random,39,0.617729127407074
7M,23000,Random,40,0.620049238204956
7M,23000,Random,41,0.6204474568367004
7M,23000,Random,42,0.6166188716888428
7M,23000,Random,43,0.6232089996337891
7M,23000,Random,44,0.5913894772529602
7M,23500,Global,-1,143.52182006835938
7M,23500,Frequency,0,1.070274829864502
7M,23500,Frequency,1,1.0463663339614868
7M,23500,Frequency,2,1.0319656133651733
7M,23500,Frequency,3,1.0051052570343018
7M,23500,Frequency,4,0.968270480632782
7M,23500,Frequency,5,0.9526742696762085
7M,23500,Frequency,6,0.925107479095459
7M,23500,Frequency,7,0.8973678946495056
7M,23500,Frequency,8,0.8689189553260803
7M,23500,Frequency,9,0.8444626331329346
7M,23500,Frequency,10,0.8197053074836731
7M,23500,Frequency,11,0.8026790618896484
7M,23500,Frequency,12,0.7752195596694946
7M,23500,Frequency,13,0.7546961903572083
7M,23500,Frequency,14,0.7244733572006226
7M,23500,Frequency,15,0.7202145457267761
7M,23500,Frequency,16,0.6997697949409485
7M,23500,Frequency,17,0.6814089417457581
7M,23500,Frequency,18,0.6565462350845337
7M,23500,Frequency,19,0.6502038836479187
7M,23500,Frequency,20,0.6312229037284851
7M,23500,Frequency,21,0.6038832068443298
7M,23500,Frequency,22,0.6064558029174805
7M,23500,Frequency,23,0.5854202508926392
7M,23500,Frequency,24,0.5692973136901855
7M,23500,Frequency,25,0.5551050901412964
7M,23500,Frequency,26,0.5419875979423523
7M,23500,Frequency,27,0.5304232239723206
7M,23500,Frequency,28,0.5136566162109375
7M,23500,Frequency,29,0.5011628270149231
7M,23500,Frequency,30,0.48438408970832825
7M,23500,Frequency,31,0.4648609459400177
7M,23500,Frequency,32,0.45323675870895386
7M,23500,Frequency,33,0.42933979630470276
7M,23500,Frequency,34,0.41333529353141785
7M,23500,Frequency,35,0.3918848931789398
7M,23500,Frequency,36,0.3726760745048523
7M,23500,Frequency,37,0.3435210585594177
7M,23500,Frequency,38,0.3241405189037323
7M,23500,Frequency,39,0.2945725619792938
7M,23500,Frequency,40,0.27173328399658203
7M,23500,Frequency,41,0.25511404871940613
7M,23500,Frequency,42,0.24182148277759552
7M,23500,Frequency,43,0.23295485973358154
7M,23500,Frequency,44,0.23084674775600433
7M,23500,Random,0,0.6149587631225586
7M,23500,Random,1,0.6172183752059937
7M,23500,Random,2,0.6364724040031433
7M,23500,Random,3,0.62093585729599
7M,23500,Random,4,0.6195885539054871
7M,23500,Random,5,0.6093146204948425
7M,23500,Random,6,0.6242707371711731
7M,23500,Random,7,0.6245918869972229
7M,23500,Random,8,0.6056885719299316
7M,23500,Random,9,0.6331053376197815
7M,23500,Random,10,0.633159339427948
7M,23500,Random,11,0.6188666820526123
7M,23500,Random,12,0.609957754611969
7M,23500,Random,13,0.6244677901268005
7M,23500,Random,14,0.6221054792404175
7M,23500,Random,15,0.6290491819381714
7M,23500,Random,16,0.6330305933952332
7M,23500,Random,17,0.6314444541931152
7M,23500,Random,18,0.6218907237052917
7M,23500,Random,19,0.6331201195716858
7M,23500,Random,20,0.617020308971405
7M,23500,Random,21,0.6197986602783203
7M,23500,Random,22,0.6303027272224426
7M,23500,Random,23,0.6313877105712891
7M,23500,Random,24,0.6292616128921509
7M,23500,Random,25,0.6099317073822021
7M,23500,Random,26,0.6149770021438599
7M,23500,Random,27,0.6236632466316223
7M,23500,Random,28,0.6314951181411743
7M,23500,Random,29,0.6250723004341125
7M,23500,Random,30,0.6272055506706238
7M,23500,Random,31,0.6209026575088501
7M,23500,Random,32,0.6137449145317078
7M,23500,Random,33,0.6205858588218689
7M,23500,Random,34,0.6239531636238098
7M,23500,Random,35,0.6219702363014221
7M,23500,Random,36,0.6100416779518127
7M,23500,Random,37,0.6249088048934937
7M,23500,Random,38,0.6296728253364563
7M,23500,Random,39,0.6237003803253174
7M,23500,Random,40,0.6258661150932312
7M,23500,Random,41,0.6263185739517212
7M,23500,Random,42,0.6225261688232422
7M,23500,Random,43,0.6288217306137085
7M,23500,Random,44,0.5973313450813293
7M,24000,Global,-1,144.87127685546875
7M,24000,Frequency,0,1.0799477100372314
7M,24000,Frequency,1,1.0562297105789185
7M,24000,Frequency,2,1.0417263507843018
7M,24000,Frequency,3,1.0151646137237549
7M,24000,Frequency,4,0.9778560400009155
7M,24000,Frequency,5,0.9626600742340088
7M,24000,Frequency,6,0.9346152544021606
7M,24000,Frequency,7,0.9063224196434021
7M,24000,Frequency,8,0.8780090808868408
7M,24000,Frequency,9,0.8531147837638855
7M,24000,Frequency,10,0.8280851244926453
7M,24000,Frequency,11,0.81072998046875
7M,24000,Frequency,12,0.7830285429954529
7M,24000,Frequency,13,0.7624870538711548
7M,24000,Frequency,14,0.7316864728927612
7M,24000,Frequency,15,0.7273860573768616
7M,24000,Frequency,16,0.7062067985534668
7M,24000,Frequency,17,0.6879942417144775
7M,24000,Frequency,18,0.6632199287414551
7M,24000,Frequency,19,0.6559908390045166
7M,24000,Frequency,20,0.6376284956932068
7M,24000,Frequency,21,0.6093186736106873
7M,24000,Frequency,22,0.6123017072677612
7M,24000,Frequency,23,0.5907233357429504
7M,24000,Frequency,24,0.5745593905448914
7M,24000,Frequency,25,0.5599648356437683
7M,24000,Frequency,26,0.5467793941497803
7M,24000,Frequency,27,0.5349365472793579
7M,24000,Frequency,28,0.5183607935905457
7M,24000,Frequency,29,0.5056308507919312
7M,24000,Frequency,30,0.48877957463264465
7M,24000,Frequency,31,0.4688597321510315
7M,24000,Frequency,32,0.4571082293987274
7M,24000,Frequency,33,0.4329163134098053
7M,24000,Frequency,34,0.4167155921459198
7M,24000,Frequency,35,0.39506664872169495
7M,24000,Frequency,36,0.37544459104537964
7M,24000,Frequency,37,0.3458366096019745
7M,24000,Frequency,38,0.3263205587863922
7M,24000,Frequency,39,0.29603907465934753
7M,24000,Frequency,40,0.27285078167915344
7M,24000,Frequency,41,0.25592246651649475
7M,24000,Frequency,42,0.24224324524402618
7M,24000,Frequency,43,0.23306308686733246
7M,24000,Frequency,44,0.23093101382255554
7M,24000,Random,0,0.6206514239311218
7M,24000,Random,1,0.6232749819755554
7M,24000,Random,2,0.6422587037086487
7M,24000,Random,3,0.6265909075737
7M,24000,Random,4,0.6256317496299744
7M,24000,Random,5,0.6148124933242798
7M,24000,Random,6,0.6300447583198547
7M,24000,Random,7,0.6304721832275391
7M,24000,Random,8,0.6112312078475952
7M,24000,Random,9,0.6389909982681274
7M,24000,Random,10,0.6387072801589966
7M,24000,Random,11,0.6246396899223328
7M,24000,Random,12,0.6155714988708496
7M,24000,Random,13,0.6303778886795044
7M,24000,Random,14,0.6281934976577759
7M,24000,Random,15,0.6347072124481201
7M,24000,Random,16,0.6388706564903259
7M,24000,Random,17,0.637147843837738
7M,24000,Random,18,0.6271961331367493
7M,24000,Random,19,0.6390600204467773
7M,24000,Random,20,0.6226561665534973
7M,24000,Random,21,0.6255446672439575
7M,24000,Random,22,0.6360651850700378
7M,24000,Random,23,0.6372868418693542
7M,24000,Random,24,0.6350752711296082
7M,24000,Random,25,0.6154850721359253
7M,24000,Random,26,0.6201704144477844
7M,24000,Random,27,0.6292935609817505
7M,24000,Random,28,0.6372537612915039
7M,24000,Random,29,0.6305187344551086
7M,24000,Random,30,0.6327797174453735
7M,24000,Random,31,0.6267333030700684
7M,24000,Random,32,0.6188927888870239
7M,24000,Random,33,0.6263051629066467
7M,24000,Random,34,0.6292319297790527
7M,24000,Random,35,0.6275725960731506
7M,24000,Random,36,0.6154752373695374
7M,24000,Random,37,0.6305384039878845
7M,24000,Random,38,0.6355409622192383
7M,24000,Random,39,0.6294026970863342
7M,24000,Random,40,0.6316965818405151
7M,24000,Random,41,0.6321930289268494
7M,24000,Random,42,0.628446102142334
7M,24000,Random,43,0.6345170736312866
7M,24000,Random,44,0.6033199429512024
7M,24500,Global,-1,146.22720336914062
7M,24500,Frequency,0,1.089391827583313
7M,24500,Frequency,1,1.0664561986923218
7M,24500,Frequency,2,1.051552176475525
7M,24500,Frequency,3,1.025283932685852
7M,24500,Frequency,4,0.9867104291915894
7M,24500,Frequency,5,0.9724062085151672
7M,24500,Frequency,6,0.9433383941650391
7M,24500,Frequency,7,0.9157794713973999
7M,24500,Frequency,8,0.8866700530052185
7M,24500,Frequency,9,0.8616187572479248
7M,24500,Frequency,10,0.8361555933952332
7M,24500,Frequency,11,0.8185960054397583
7M,24500,Frequency,12,0.7907124161720276
7M,24500,Frequency,13,0.770739734172821
7M,24500,Frequency,14,0.7385203838348389
7M,24500,Frequency,15,0.7345042824745178
7M,24500,Frequency,16,0.7127950191497803
7M,24500,Frequency,17,0.6949387192726135
7M,24500,Frequency,18,0.6698043346405029
7M,24500,Frequency,19,0.6625952124595642
7M,24500,Frequency,20,0.6437888145446777
7M,24500,Frequency,21,0.6153622269630432
7M,24500,Frequency,22,0.6185295581817627
7M,24500,Frequency,23,0.596168577671051
7M,24500,Frequency,24,0.5806843638420105
7M,24500,Frequency,25,0.564793586730957
7M,24500,Frequency,26,0.5517827272415161
7M,24500,Frequency,27,0.5398619771003723
7M,24500,Frequency,28,0.5229750871658325
7M,24500,Frequency,29,0.5100763440132141
7M,24500,Frequency,30,0.49323028326034546
7M,24500,Frequency,31,0.47298675775527954
7M,24500,Frequency,32,0.4608394503593445
7M,24500,Frequency,33,0.43676501512527466
7M,24500,Frequency,34,0.4201400578022003
7M,24500,Frequency,35,0.3981693983078003
7M,24500,Frequency,36,0.37828296422958374
7M,24500,Frequency,37,0.3482782542705536
7M,24500,Frequency,38,0.3282574415206909
7M,24500,Frequency,39,0.29742640256881714
7M,24500,Frequency,40,0.2739899754524231
7M,24500,Frequency,41,0.25671321153640747
7M,24500,Frequency,42,0.24261873960494995
7M,24500,Frequency,43,0.23324084281921387
7M,24500,Frequency,44,0.23097993433475494
7M,24500,Random,0,0.6259649395942688
7M,24500,Random,1,0.6286952495574951
7M,24500,Random,2,0.6479287147521973
7M,24500,Random,3,0.6319441199302673
7M,24500,Random,4,0.6311962604522705
7M,24500,Random,5,0.6205288171768188
7M,24500,Random,6,0.6359986066818237
7M,24500,Random,7,0.6362602114677429
7M,24500,Random,8,0.6167037487030029
7M,24500,Random,9,0.6450682282447815
7M,24500,Random,10,0.6445986032485962
7M,24500,Random,11,0.6301429867744446
7M,24500,Random,12,0.6213405132293701
7M,24500,Random,13,0.6360129117965698
7M,24500,Random,14,0.6338808536529541
7M,24500,Random,15,0.6406909227371216
7M,24500,Random,16,0.6446595788002014
7M,24500,Random,17,0.642998456954956
7M,24500,Random,18,0.6330405473709106
7M,24500,Random,19,0.6453065276145935
7M,24500,Random,20,0.628328800201416
7M,24500,Random,21,0.6314635872840881
7M,24500,Random,22,0.6418022513389587
7M,24500,Random,23,0.6429576277732849
7M,24500,Random,24,0.6410032510757446
7M,24500,Random,25,0.6206021904945374
7M,24500,Random,26,0.6261029839515686
7M,24500,Random,27,0.6348581314086914
7M,24500,Random,28,0.6429662704467773
7M,24500,Random,29,0.6359868049621582
7M,24500,Random,30,0.6384657621383667
7M,24500,Random,31,0.6327728033065796
7M,24500,Random,32,0.6246961951255798
7M,24500,Random,33,0.631967306137085
7M,24500,Random,34,0.634878396987915
7M,24500,Random,35,0.6336016058921814
7M,24500,Random,36,0.6211544275283813
7M,24500,Random,37,0.6362712383270264
7M,24500,Random,38,0.6410057544708252
7M,24500,Random,39,0.6355542540550232
7M,24500,Random,40,0.6374108791351318
7M,24500,Random,41,0.6379091739654541
7M,24500,Random,42,0.6342731714248657
7M,24500,Random,43,0.640405535697937
7M,24500,Random,44,0.6090168356895447
7M,25000,Global,-1,147.56520080566406
7M,25000,Frequency,0,1.0994138717651367
7M,25000,Frequency,1,1.076104998588562
7M,25000,Frequency,2,1.061312198638916
7M,25000,Frequency,3,1.0351871252059937
7M,25000,Frequency,4,0.995637834072113
7M,25000,Frequency,5,0.9817467331886292
7M,25000,Frequency,6,0.9529703259468079
7M,25000,Frequency,7,0.92436683177948
7M,25000,Frequency,8,0.8952736258506775
7M,25000,Frequency,9,0.8700032234191895
7M,25000,Frequency,10,0.8441851735115051
7M,25000,Frequency,11,0.8262442350387573
7M,25000,Frequency,12,0.7985098958015442
7M,25000,Frequency,13,0.7781738042831421
7M,25000,Frequency,14,0.7458049058914185
7M,25000,Frequency,15,0.7416113018989563
7M,25000,Frequency,16,0.7194839715957642
7M,25000,Frequency,17,0.7016908526420593
7M,25000,Frequency,18,0.676320493221283
7M,25000,Frequency,19,0.6689510345458984
7M,25000,Frequency,20,0.6502369046211243
7M,25000,Frequency,21,0.6214158535003662
7M,25000,Frequency,22,0.6241036653518677
7M,25000,Frequency,23,0.6015166640281677
7M,25000,Frequency,24,0.5861397981643677
7M,25000,Frequency,25,0.5700082182884216
7M,25000,Frequency,26,0.5569794178009033
7M,25000,Frequency,27,0.5447864532470703
7M,25000,Frequency,28,0.5275023579597473
7M,25000,Frequency,29,0.5145699977874756
7M,25000,Frequency,30,0.49788323044776917
7M,25000,Frequency,31,0.4769326448440552
7M,25000,Frequency,32,0.46451106667518616
7M,25000,Frequency,33,0.4402104616165161
7M,25000,Frequency,34,0.42349666357040405
7M,25000,Frequency,35,0.4009714722633362
7M,25000,Frequency,36,0.380703330039978
7M,25000,Frequency,37,0.35082241892814636
7M,25000,Frequency,38,0.330382764339447
7M,25000,Frequency,39,0.29898062348365784
7M,25000,Frequency,40,0.2750714123249054
7M,25000,Frequency,41,0.25745686888694763
7M,25000,Frequency,42,0.24300913512706757
7M,25000,Frequency,43,0.23342394828796387
7M,25000,Frequency,44,0.23103384673595428
7M,25000,Random,0,0.6314733624458313
7M,25000,Random,1,0.634188175201416
7M,25000,Random,2,0.6534217000007629
7M,25000,Random,3,0.6378946304321289
7M,25000,Random,4,0.6370367407798767
7M,25000,Random,5,0.6257538795471191
7M,25000,Random,6,0.6419348120689392
7M,25000,Random,7,0.6419782638549805
7M,25000,Random,8,0.6224002838134766
7M,25000,Random,9,0.6508433222770691
7M,25000,Random,10,0.6504687666893005
7M,25000,Random,11,0.6355388164520264
7M,25000,Random,12,0.6265867352485657
7M,25000,Random,13,0.6414452195167542
7M,25000,Random,14,0.6400157809257507
7M,25000,Random,15,0.646263599395752
7M,25000,Random,16,0.6504720449447632
7M,25000,Random,17,0.6483813524246216
7M,25000,Random,18,0.6387566924095154
7M,25000,Random,19,0.6510705351829529
7M,25000,Random,20,0.6337265372276306
7M,25000,Random,21,0.6371764540672302
7M,25000,Random,22,0.6477261781692505
7M,25000,Random,23,0.6488267183303833
7M,25000,Random,24,0.6467382311820984
7M,25000,Random,25,0.626365065574646
7M,25000,Random,26,0.6315569281578064
7M,25000,Random,27,0.6404720544815063
7M,25000,Random,28,0.6485457420349121
7M,25000,Random,29,0.6419162750244141
7M,25000,Random,30,0.6442441940307617
7M,25000,Random,31,0.6380569934844971
7M,25000,Random,32,0.6302894949913025
7M,25000,Random,33,0.6372562050819397
7M,25000,Random,34,0.6403481960296631
7M,25000,Random,35,0.6395492553710938
7M,25000,Random,36,0.6266878247261047
7M,25000,Random,37,0.6427567005157471
7M,25000,Random,38,0.6464575529098511
7M,25000,Random,39,0.6413875818252563
7M,25000,Random,40,0.6432351469993591
7M,25000,Random,41,0.6432011127471924
7M,25000,Random,42,0.6397287845611572
7M,25000,Random,43,0.6464826464653015
7M,25000,Random,44,0.6143715381622314
7M,25500,Global,-1,148.9114532470703
7M,25500,Frequency,0,1.1094844341278076
7M,25500,Frequency,1,1.085476279258728
7M,25500,Frequency,2,1.071580410003662
7M,25500,Frequency,3,1.0445232391357422
7M,25500,Frequency,4,1.0049573183059692
7M,25500,Frequency,5,0.9913126230239868
7M,25500,Frequency,6,0.9616910219192505
7M,25500,Frequency,7,0.9332093596458435
7M,25500,Frequency,8,0.9033666849136353
7M,25500,Frequency,9,0.8787029981613159
7M,25500,Frequency,10,0.8522344827651978
7M,25500,Frequency,11,0.8341647982597351
7M,25500,Frequency,12,0.8069658875465393
7M,25500,Frequency,13,0.7855571508407593
7M,25500,Frequency,14,0.7533100843429565
7M,25500,Frequency,15,0.7487478256225586
7M,25500,Frequency,16,0.7266011238098145
7M,25500,Frequency,17,0.7086665034294128
7M,25500,Frequency,18,0.682776689529419
7M,25500,Frequency,19,0.6753090620040894
7M,25500,Frequency,20,0.656205415725708
7M,25500,Frequency,21,0.627555787563324
7M,25500,Frequency,22,0.6301596760749817
7M,25500,Frequency,23,0.6073991656303406
7M,25500,Frequency,24,0.5911222696304321
7M,25500,Frequency,25,0.5748677253723145
7M,25500,Frequency,26,0.5616767406463623
7M,25500,Frequency,27,0.5494633913040161
7M,25500,Frequency,28,0.5318392515182495
7M,25500,Frequency,29,0.5191243290901184
7M,25500,Frequency,30,0.5020698308944702
7M,25500,Frequency,31,0.48077869415283203
7M,25500,Frequency,32,0.468067467212677
7M,25500,Frequency,33,0.44414350390434265
7M,25500,Frequency,34,0.42726004123687744
7M,25500,Frequency,35,0.40419474244117737
7M,25500,Frequency,36,0.3836396336555481
7M,25500,Frequency,37,0.35321885347366333
7M,25500,Frequency,38,0.3322674036026001
7M,25500,Frequency,39,0.30088183283805847
7M,25500,Frequency,40,0.2762514650821686
7M,25500,Frequency,41,0.25822174549102783
7M,25500,Frequency,42,0.24342361092567444
7M,25500,Frequency,43,0.23357748985290527
7M,25500,Frequency,44,0.23111486434936523
7M,25500,Random,0,0.6368816494941711
7M,25500,Random,1,0.6399393081665039
7M,25500,Random,2,0.6592172980308533
7M,25500,Random,3,0.6435893774032593
7M,25500,Random,4,0.6425785422325134
7M,25500,Random,5,0.6314675807952881
7M,25500,Random,6,0.6476830840110779
7M,25500,Random,7,0.6472753882408142
7M,25500,Random,8,0.6283324360847473
7M,25500,Random,9,0.6565226912498474
7M,25500,Random,10,0.6559966206550598
7M,25500,Random,11,0.6413529515266418
7M,25500,Random,12,0.6324800848960876
7M,25500,Random,13,0.6473444104194641
7M,25500,Random,14,0.6460499167442322
7M,25500,Random,15,0.6522424221038818
7M,25500,Random,16,0.6563047170639038
7M,25500,Random,17,0.6539003252983093
7M,25500,Random,18,0.6444111466407776
7M,25500,Random,19,0.6567104458808899
7M,25500,Random,20,0.6392397284507751
7M,25500,Random,21,0.6427653431892395
7M,25500,Random,22,0.6534945964813232
7M,25500,Random,23,0.6545882821083069
7M,25500,Random,24,0.652953028678894
7M,25500,Random,25,0.631788969039917
7M,25500,Random,26,0.6371133923530579
7M,25500,Random,27,0.6462038159370422
7M,25500,Random,28,0.6543479561805725
7M,25500,Random,29,0.6475138068199158
7M,25500,Random,30,0.6499555110931396
7M,25500,Random,31,0.6434714198112488
7M,25500,Random,32,0.6363203525543213
7M,25500,Random,33,0.6429259777069092
7M,25500,Random,34,0.6463295221328735
7M,25500,Random,35,0.6452015042304993
7M,25500,Random,36,0.6323398351669312
7M,25500,Random,37,0.6481325626373291
7M,25500,Random,38,0.6522712111473083
7M,25500,Random,39,0.6471307277679443
7M,25500,Random,40,0.6485665440559387
7M,25500,Random,41,0.64858478307724
7M,25500,Random,42,0.6456226706504822
7M,25500,Random,43,0.6521058082580566
7M,25500,Random,44,0.6198690533638
7M,26000,Global,-1,150.22544860839844
7M,26000,Frequency,0,1.118288516998291
7M,26000,Frequency,1,1.0950260162353516
7M,26000,Frequency,2,1.0811158418655396
7M,26000,Frequency,3,1.0540119409561157
7M,26000,Frequency,4,1.014339566230774
7M,26000,Frequency,5,1.0008068084716797
7M,26000,Frequency,6,0.9700428247451782
7M,26000,Frequency,7,0.9421544075012207
7M,26000,Frequency,8,0.9119504690170288
7M,26000,Frequency,9,0.8871451616287231
7M,26000,Frequency,10,0.8599852323532104
7M,26000,Frequency,11,0.8421071767807007
7M,26000,Frequency,12,0.8146959543228149
7M,26000,Frequency,13,0.7927778959274292
7M,26000,Frequency,14,0.760291337966919
7M,26000,Frequency,15,0.7554923892021179
7M,26000,Frequency,16,0.7334622144699097
7M,26000,Frequency,17,0.715147852897644
7M,26000,Frequency,18,0.6889433860778809
7M,26000,Frequency,19,0.6816898584365845
7M,26000,Frequency,20,0.6623809933662415
7M,26000,Frequency,21,0.6333982944488525
7M,26000,Frequency,22,0.6358658075332642
7M,26000,Frequency,23,0.6131263375282288
7M,26000,Frequency,24,0.5959927439689636
7M,26000,Frequency,25,0.5804157853126526
7M,26000,Frequency,26,0.5665443539619446
7M,26000,Frequency,27,0.5541520714759827
7M,26000,Frequency,28,0.5361607670783997
7M,26000,Frequency,29,0.5237445831298828
7M,26000,Frequency,30,0.5067027807235718
7M,26000,Frequency,31,0.48459339141845703
7M,26000,Frequency,32,0.4720452129840851
7M,26000,Frequency,33,0.4476487338542938
7M,26000,Frequency,34,0.4308587908744812
7M,26000,Frequency,35,0.4071245789527893
7M,26000,Frequency,36,0.3863486051559448
7M,26000,Frequency,37,0.3553465008735657
7M,26000,Frequency,38,0.334238737821579
7M,26000,Frequency,39,0.3025527894496918
7M,26000,Frequency,40,0.277198851108551
7M,26000,Frequency,41,0.2589995861053467
7M,26000,Frequency,42,0.24391499161720276
7M,26000,Frequency,43,0.23373593389987946
7M,26000,Frequency,44,0.23125989735126495
7M,26000,Random,0,0.6422359347343445
7M,26000,Random,1,0.6457412242889404
7M,26000,Random,2,0.66500324010849
7M,26000,Random,3,0.6490857005119324
7M,26000,Random,4,0.6481444239616394
7M,26000,Random,5,0.6371467113494873
7M,26000,Random,6,0.6534067988395691
7M,26000,Random,7,0.6527541875839233
7M,26000,Random,8,0.6339215040206909
7M,26000,Random,9,0.6624265909194946
7M,26000,Random,10,0.6613819599151611
7M,26000,Random,11,0.6464658379554749
7M,26000,Random,12,0.6376585960388184
7M,26000,Random,13,0.653144896030426
7M,26000,Random,14,0.6513318419456482
7M,26000,Random,15,0.657741367816925
7M,26000,Random,16,0.6619095206260681
7M,26000,Random,17,0.6595361232757568
7M,26000,Random,18,0.6500323414802551
7M,26000,Random,19,0.6626201272010803
7M,26000,Random,20,0.6443504095077515
7M,26000,Random,21,0.648378849029541
7M,26000,Random,22,0.6592136025428772
7M,26000,Random,23,0.66036456823349
7M,26000,Random,24,0.6585925221443176
7M,26000,Random,25,0.6367491483688354
7M,26000,Random,26,0.6423887014389038
7M,26000,Random,27,0.6513816118240356
7M,26000,Random,28,0.6600427031517029
7M,26000,Random,29,0.6532902121543884
7M,26000,Random,30,0.6558624505996704
7M,26000,Random,31,0.6487746238708496
7M,26000,Random,32,0.6419462561607361
7M,26000,Random,33,0.6483641266822815
7M,26000,Random,34,0.6520869731903076
7M,26000,Random,35,0.6508162617683411
7M,26000,Random,36,0.6382472515106201
7M,26000,Random,37,0.6537935137748718
7M,26000,Random,38,0.6578117609024048
7M,26000,Random,39,0.6530542969703674
7M,26000,Random,40,0.6542909741401672
7M,26000,Random,41,0.6544524431228638
7M,26000,Random,42,0.6510288715362549
7M,26000,Random,43,0.657459557056427
7M,26000,Random,44,0.6253786087036133
7M,26500,Global,-1,151.5406494140625
7M,26500,Frequency,0,1.127455234527588
7M,26500,Frequency,1,1.1047629117965698
7M,26500,Frequency,2,1.09060537815094
7M,26500,Frequency,3,1.063422441482544
7M,26500,Frequency,4,1.0236506462097168
7M,26500,Frequency,5,1.0095648765563965
7M,26500,Frequency,6,0.9784318208694458
7M,26500,Frequency,7,0.9506844282150269
7M,26500,Frequency,8,0.9200752973556519
7M,26500,Frequency,9,0.8955206871032715
7M,26500,Frequency,10,0.868146538734436
7M,26500,Frequency,11,0.8503241539001465
7M,26500,Frequency,12,0.8220637440681458
7M,26500,Frequency,13,0.8003787398338318
7M,26500,Frequency,14,0.7678154706954956
7M,26500,Frequency,15,0.7625535726547241
7M,26500,Frequency,16,0.7406101226806641
7M,26500,Frequency,17,0.7217410206794739
7M,26500,Frequency,18,0.6950927972793579
7M,26500,Frequency,19,0.6878743171691895
7M,26500,Frequency,20,0.6684198975563049
7M,26500,Frequency,21,0.639914333820343
7M,26500,Frequency,22,0.6415983438491821
7M,26500,Frequency,23,0.6184112429618835
7M,26500,Frequency,24,0.6013222932815552
7M,26500,Frequency,25,0.5854440331459045
7M,26500,Frequency,26,0.5713189840316772
7M,26500,Frequency,27,0.5589962601661682
7M,26500,Frequency,28,0.5410575270652771
7M,26500,Frequency,29,0.5281237363815308
7M,26500,Frequency,30,0.510590672492981
7M,26500,Frequency,31,0.4886583387851715
7M,26500,Frequency,32,0.47587406635284424
7M,26500,Frequency,33,0.45106667280197144
7M,26500,Frequency,34,0.43420228362083435
7M,26500,Frequency,35,0.4106244742870331
7M,26500,Frequency,36,0.3890078663825989
7M,26500,Frequency,37,0.35770195722579956
7M,26500,Frequency,38,0.33611631393432617
7M,26500,Frequency,39,0.304220587015152
7M,26500,Frequency,40,0.2783101499080658
7M,26500,Frequency,41,0.25966373085975647
7M,26500,Frequency,42,0.2443162351846695
7M,26500,Frequency,43,0.2338714301586151
7M,26500,Frequency,44,0.2313661426305771
7M,26500,Random,0,0.6476957201957703
7M,26500,Random,1,0.6511887311935425
7M,26500,Random,2,0.6707529425621033
7M,26500,Random,3,0.6544768214225769
7M,26500,Random,4,0.6537013053894043
7M,26500,Random,5,0.6424298286437988
7M,26500,Random,6,0.6586968302726746
7M,26500,Random,7,0.6585249900817871
7M,26500,Random,8,0.6393387317657471
7M,26500,Random,9,0.6682872772216797
7M,26500,Random,10,0.667019784450531
7M,26500,Random,11,0.6522472500801086
7M,26500,Random,12,0.6432995200157166
7M,26500,Random,13,0.6584283113479614
7M,26500,Random,14,0.6567245721817017
7M,26500,Random,15,0.663318932056427
7M,26500,Random,16,0.6679195165634155
7M,26500,Random,17,0.6654956340789795
7M,26500,Random,18,0.6554928421974182
7M,26500,Random,19,0.6682940721511841
7M,26500,Random,20,0.6497507691383362
7M,26500,Random,21,0.6536734700202942
7M,26500,Random,22,0.6651179194450378
7M,26500,Random,23,0.666002631187439
7M,26500,Random,24,0.6643195152282715
7M,26500,Random,25,0.6417566537857056
7M,26500,Random,26,0.6480017900466919
7M,26500,Random,27,0.6569429636001587
7M,26500,Random,28,0.6658740639686584
7M,26500,Random,29,0.6584486365318298
7M,26500,Random,30,0.6614055633544922
7M,26500,Random,31,0.6546192169189453
7M,26500,Random,32,0.6472581624984741
7M,26500,Random,33,0.6541928052902222
7M,26500,Random,34,0.6574082374572754
7M,26500,Random,35,0.6563867330551147
7M,26500,Random,36,0.6436851620674133
7M,26500,Random,37,0.6590649485588074
7M,26500,Random,38,0.6639906167984009
7M,26500,Random,39,0.6587877869606018
7M,26500,Random,40,0.6604262590408325
7M,26500,Random,41,0.6598361134529114
7M,26500,Random,42,0.6563971638679504
7M,26500,Random,43,0.6633492708206177
7M,26500,Random,44,0.6312685012817383
7M,27000,Global,-1,152.86248779296875
7M,27000,Frequency,0,1.1367253065109253
7M,27000,Frequency,1,1.1147102117538452
7M,27000,Frequency,2,1.1005059480667114
7M,27000,Frequency,3,1.0723528861999512
7M,27000,Frequency,4,1.0331141948699951
7M,27000,Frequency,5,1.0188052654266357
7M,27000,Frequency,6,0.9870273470878601
7M,27000,Frequency,7,0.9598347544670105
7M,27000,Frequency,8,0.9288131594657898
7M,27000,Frequency,9,0.9039542078971863
7M,27000,Frequency,10,0.8759344816207886
7M,27000,Frequency,11,0.8581332564353943
7M,27000,Frequency,12,0.8298236727714539
7M,27000,Frequency,13,0.8073588609695435
7M,27000,Frequency,14,0.7746530175209045
7M,27000,Frequency,15,0.7695972323417664
7M,27000,Frequency,16,0.7471520900726318
7M,27000,Frequency,17,0.7286108732223511
7M,27000,Frequency,18,0.7013441920280457
7M,27000,Frequency,19,0.6941156983375549
7M,27000,Frequency,20,0.6744991540908813
7M,27000,Frequency,21,0.6453817486763
7M,27000,Frequency,22,0.6471932530403137
7M,27000,Frequency,23,0.6239452958106995
7M,27000,Frequency,24,0.6063981056213379
7M,27000,Frequency,25,0.5903066396713257
7M,27000,Frequency,26,0.5762106776237488
7M,27000,Frequency,27,0.5641276240348816
7M,27000,Frequency,28,0.5457706451416016
7M,27000,Frequency,29,0.5322172045707703
7M,27000,Frequency,30,0.5152078866958618
7M,27000,Frequency,31,0.49279534816741943
7M,27000,Frequency,32,0.47982674837112427
7M,27000,Frequency,33,0.45465990900993347
7M,27000,Frequency,34,0.4375893473625183
7M,27000,Frequency,35,0.41358068585395813
7M,27000,Frequency,36,0.3918286859989166
7M,27000,Frequency,37,0.3603772819042206
7M,27000,Frequency,38,0.3383166790008545
7M,27000,Frequency,39,0.30585384368896484
7M,27000,Frequency,40,0.2793702483177185
7M,27000,Frequency,41,0.260331928730011
7M,27000,Frequency,42,0.24482694268226624
7M,27000,Frequency,43,0.23400184512138367
7M,27000,Frequency,44,0.2315957099199295
7M,27000,Random,0,0.6530289053916931
7M,27000,Random,1,0.65681391954422
7M,27000,Random,2,0.6766323447227478
7M,27000,Random,3,0.6601937413215637
7M,27000,Random,4,0.6592893004417419
7M,27000,Random,5,0.6478909850120544
7M,27000,Random,6,0.6645203828811646
7M,27000,Random,7,0.6642087697982788
7M,27000,Random,8,0.6448438763618469
7M,27000,Random,9,0.6735622882843018
7M,27000,Random,10,0.672469973564148
7M,27000,Random,11,0.65771484375
7M,27000,Random,12,0.6488101482391357
7M,27000,Random,13,0.6640068888664246
7M,27000,Random,14,0.6623392701148987
7M,27000,Random,15,0.668956995010376
7M,27000,Random,16,0.673772394657135
7M,27000,Random,17,0.6711869835853577
7M,27000,Random,18,0.6609601974487305
7M,27000,Random,19,0.674062192440033
7M,27000,Random,20,0.6546987295150757
7M,27000,Random,21,0.6595050096511841
7M,27000,Random,22,0.6707137227058411
7M,27000,Random,23,0.6714814901351929
7M,27000,Random,24,0.669296383857727
7M,27000,Random,25,0.6471511125564575
7M,27000,Random,26,0.6535660624504089
7M,27000,Random,27,0.6624326109886169
7M,27000,Random,28,0.671643853187561
7M,27000,Random,29,0.6643264293670654
7M,27000,Random,30,0.6670925617218018
7M,27000,Random,31,0.6602946519851685
7M,27000,Random,32,0.652599573135376
7M,27000,Random,33,0.6596639156341553
7M,27000,Random,34,0.6634958982467651
7M,27000,Random,35,0.6621111631393433
7M,27000,Random,36,0.649257481098175
7M,27000,Random,37,0.6645511388778687
7M,27000,Random,38,0.6696683168411255
7M,27000,Random,39,0.6646602749824524
7M,27000,Random,40,0.6657665371894836
7M,27000,Random,41,0.6657871007919312
7M,27000,Random,42,0.6623390913009644
7M,27000,Random,43,0.668827474117279
7M,27000,Random,44,0.6371762752532959
7M,27500,Global,-1,154.1624298095703
7M,27500,Frequency,0,1.1459245681762695
7M,27500,Frequency,1,1.1240800619125366
7M,27500,Frequency,2,1.1100293397903442
7M,27500,Frequency,3,1.0818462371826172
7M,27500,Frequency,4,1.042008876800537
7M,27500,Frequency,5,1.027531623840332
7M,27500,Frequency,6,0.9961300492286682
7M,27500,Frequency,7,0.9683892130851746
7M,27500,Frequency,8,0.9372071027755737
7M,27500,Frequency,9,0.9119350910186768
7M,27500,Frequency,10,0.8842100501060486
7M,27500,Frequency,11,0.8659937381744385
7M,27500,Frequency,12,0.8368546366691589
7M,27500,Frequency,13,0.8146315217018127
7M,27500,Frequency,14,0.7815970182418823
7M,27500,Frequency,15,0.7761774659156799
7M,27500,Frequency,16,0.7536383867263794
7M,27500,Frequency,17,0.7351486682891846
7M,27500,Frequency,18,0.7079901099205017
7M,27500,Frequency,19,0.6998541355133057
7M,27500,Frequency,20,0.6802207231521606
7M,27500,Frequency,21,0.6510648131370544
7M,27500,Frequency,22,0.6522273421287537
7M,27500,Frequency,23,0.6292732954025269
7M,27500,Frequency,24,0.611990749835968
7M,27500,Frequency,25,0.5954026579856873
7M,27500,Frequency,26,0.5812534093856812
7M,27500,Frequency,27,0.5689471960067749
7M,27500,Frequency,28,0.5505191087722778
7M,27500,Frequency,29,0.5367529988288879
7M,27500,Frequency,30,0.5199626088142395
7M,27500,Frequency,31,0.49738597869873047
7M,27500,Frequency,32,0.4837130606174469
7M,27500,Frequency,33,0.4580995440483093
7M,27500,Frequency,34,0.44096168875694275
7M,27500,Frequency,35,0.41670313477516174
7M,27500,Frequency,36,0.3950076997280121
7M,27500,Frequency,37,0.3627767264842987
7M,27500,Frequency,38,0.3404831290245056
7M,27500,Frequency,39,0.3076149821281433
7M,27500,Frequency,40,0.2803293764591217
7M,27500,Frequency,41,0.26091086864471436
7M,27500,Frequency,42,0.24519899487495422
7M,27500,Frequency,43,0.2341463416814804
7M,27500,Frequency,44,0.23167242109775543
7M,27500,Random,0,0.658274233341217
7M,27500,Random,1,0.6624426245689392
7M,27500,Random,2,0.6822251677513123
7M,27500,Random,3,0.6656839847564697
7M,27500,Random,4,0.6649223566055298
7M,27500,Random,5,0.6533409357070923
7M,27500,Random,6,0.6700682640075684
7M,27500,Random,7,0.6696755290031433
7M,27500,Random,8,0.6504005193710327
7M,27500,Random,9,0.6793023943901062
7M,27500,Random,10,0.6778563261032104
7M,27500,Random,11,0.6631419062614441
7M,27500,Random,12,0.6539345979690552
7M,27500,Random,13,0.6696877479553223
7M,27500,Random,14,0.6687158942222595
7M,27500,Random,15,0.6743819117546082
7M,27500,Random,16,0.6792653203010559
7M,27500,Random,17,0.6765602827072144
7M,27500,Random,18,0.6665721535682678
7M,27500,Random,19,0.679804265499115
7M,27500,Random,20,0.6605374217033386
7M,27500,Random,21,0.6651031970977783
7M,27500,Random,22,0.6759759783744812
7M,27500,Random,23,0.677061140537262
7M,27500,Random,24,0.6748610138893127
7M,27500,Random,25,0.6521570682525635
7M,27500,Random,26,0.6594498157501221
7M,27500,Random,27,0.6676238775253296
7M,27500,Random,28,0.6773840188980103
7M,27500,Random,29,0.6697912216186523
7M,27500,Random,30,0.6719561219215393
7M,27500,Random,31,0.6661284565925598
7M,27500,Random,32,0.6582844853401184
7M,27500,Random,33,0.6656862497329712
7M,27500,Random,34,0.6689184904098511
7M,27500,Random,35,0.6676046252250671
7M,27500,Random,36,0.6548824310302734
7M,27500,Random,37,0.6699769496917725
7M,27500,Random,38,0.6751853227615356
7M,27500,Random,39,0.6701677441596985
7M,27500,Random,40,0.6711992025375366
7M,27500,Random,41,0.6714834570884705
7M,27500,Random,42,0.6678253412246704
7M,27500,Random,43,0.6746166944503784
7M,27500,Random,44,0.6413440704345703
7M,28000,Global,-1,155.45156860351562
7M,28000,Frequency,0,1.154354214668274
7M,28000,Frequency,1,1.1333450078964233
7M,28000,Frequency,2,1.1199676990509033
7M,28000,Frequency,3,1.0910896062850952
7M,28000,Frequency,4,1.05129075050354
7M,28000,Frequency,5,1.0376235246658325
7M,28000,Frequency,6,1.0044180154800415
7M,28000,Frequency,7,0.9767099022865295
7M,28000,Frequency,8,0.9454118609428406
7M,28000,Frequency,9,0.9200997352600098
7M,28000,Frequency,10,0.8927869200706482
7M,28000,Frequency,11,0.8733931183815002
7M,28000,Frequency,12,0.8441482782363892
7M,28000,Frequency,13,0.8211228251457214
7M,28000,Frequency,14,0.788532018661499
7M,28000,Frequency,15,0.7826310992240906
7M,28000,Frequency,16,0.7604714035987854
7M,28000,Frequency,17,0.741584062576294
7M,28000,Frequency,18,0.7141550779342651
7M,28000,Frequency,19,0.7059515714645386
7M,28000,Frequency,20,0.6861547231674194
7M,28000,Frequency,21,0.6570733785629272
7M,28000,Frequency,22,0.6577867269515991
7M,28000,Frequency,23,0.6342414617538452
7M,28000,Frequency,24,0.6170750260353088
7M,28000,Frequency,25,0.6004129648208618
7M,28000,Frequency,26,0.5857614278793335
7M,28000,Frequency,27,0.5736992359161377
7M,28000,Frequency,28,0.5552513003349304
7M,28000,Frequency,29,0.5412963628768921
7M,28000,Frequency,30,0.5240809321403503
7M,28000,Frequency,31,0.5013455152511597
7M,28000,Frequency,32,0.48749879002571106
7M,28000,Frequency,33,0.46162205934524536
7M,28000,Frequency,34,0.44408634305000305
7M,28000,Frequency,35,0.41964051127433777
7M,28000,Frequency,36,0.39766427874565125
7M,28000,Frequency,37,0.36530593037605286
7M,28000,Frequency,38,0.34215447306632996
7M,28000,Frequency,39,0.30919739603996277
7M,28000,Frequency,40,0.2816604673862457
7M,28000,Frequency,41,0.2616576552391052
7M,28000,Frequency,42,0.24562770128250122
7M,28000,Frequency,43,0.23430155217647552
7M,28000,Frequency,44,0.23181848227977753
7M,28000,Random,0,0.6633034348487854
7M,28000,Random,1,0.667565107345581
7M,28000,Random,2,0.6878100633621216
7M,28000,Random,3,0.6710205674171448
7M,28000,Random,4,0.6701554656028748
7M,28000,Random,5,0.6585911512374878
7M,28000,Random,6,0.6755368113517761
7M,28000,Random,7,0.6756693124771118
7M,28000,Random,8,0.6555277705192566
7M,28000,Random,9,0.6849808692932129
7M,28000,Random,10,0.683354377746582
7M,28000,Random,11,0.6687590479850769
7M,28000,Random,12,0.659176230430603
7M,28000,Random,13,0.6747353672981262
7M,28000,Random,14,0.6737052798271179
7M,28000,Random,15,0.6800504326820374
7M,28000,Random,16,0.6851468682289124
7M,28000,Random,17,0.6819115877151489
7M,28000,Random,18,0.6716802716255188
7M,28000,Random,19,0.6855594515800476
7M,28000,Random,20,0.6659342646598816
7M,28000,Random,21,0.6706194877624512
7M,28000,Random,22,0.6814271211624146
7M,28000,Random,23,0.6825819611549377
7M,28000,Random,24,0.6807381510734558
7M,28000,Random,25,0.6574708223342896
7M,28000,Random,26,0.6648761034011841
7M,28000,Random,27,0.6732497215270996
7M,28000,Random,28,0.6827875375747681
7M,28000,Random,29,0.6758979558944702
7M,28000,Random,30,0.6772224307060242
7M,28000,Random,31,0.6714726090431213
7M,28000,Random,32,0.6635324954986572
7M,28000,Random,33,0.6708366870880127
7M,28000,Random,34,0.6742978096008301
7M,28000,Random,35,0.6733666658401489
7M,28000,Random,36,0.6601390838623047
7M,28000,Random,37,0.6757692694664001
7M,28000,Random,38,0.6805381178855896
7M,28000,Random,39,0.6755656003952026
7M,28000,Random,40,0.6772593855857849
7M,28000,Random,41,0.6771133542060852
7M,28000,Random,42,0.6734308004379272
7M,28000,Random,43,0.6800222992897034
7M,28000,Random,44,0.6466540098190308
7M,28500,Global,-1,156.73155212402344
7M,28500,Frequency,0,1.1628775596618652
7M,28500,Frequency,1,1.1430186033248901
7M,28500,Frequency,2,1.128949761390686
7M,28500,Frequency,3,1.0999464988708496
7M,28500,Frequency,4,1.060417890548706
7M,28500,Frequency,5,1.0460656881332397
7M,28500,Frequency,6,1.0131161212921143
7M,28500,Frequency,7,0.9852422475814819
7M,28500,Frequency,8,0.953456461429596
7M,28500,Frequency,9,0.9276399612426758
7M,28500,Frequency,10,0.9003856778144836
7M,28500,Frequency,11,0.8807455897331238
7M,28500,Frequency,12,0.8518988490104675
7M,28500,Frequency,13,0.828562319278717
7M,28500,Frequency,14,0.7954831719398499
7M,28500,Frequency,15,0.7894537448883057
7M,28500,Frequency,16,0.7668835520744324
7M,28500,Frequency,17,0.7477439045906067
7M,28500,Frequency,18,0.7205019593238831
7M,28500,Frequency,19,0.7120009660720825
7M,28500,Frequency,20,0.691704511642456
7M,28500,Frequency,21,0.6628366708755493
7M,28500,Frequency,22,0.6635178327560425
7M,28500,Frequency,23,0.639719545841217
7M,28500,Frequency,24,0.6223564743995667
7M,28500,Frequency,25,0.6054284572601318
7M,28500,Frequency,26,0.5910698771476746
7M,28500,Frequency,27,0.5782666802406311
7M,28500,Frequency,28,0.5600611567497253
7M,28500,Frequency,29,0.5458656549453735
7M,28500,Frequency,30,0.5286057591438293
7M,28500,Frequency,31,0.5055873990058899
7M,28500,Frequency,32,0.4911448657512665
7M,28500,Frequency,33,0.46518340706825256
7M,28500,Frequency,34,0.44728103280067444
7M,28500,Frequency,35,0.42270877957344055
7M,28500,Frequency,36,0.4005429148674011
7M,28500,Frequency,37,0.3675720989704132
7M,28500,Frequency,38,0.34407904744148254
7M,28500,Frequency,39,0.31086602807044983
7M,28500,Frequency,40,0.2827041745185852
7M,28500,Frequency,41,0.2624954879283905
7M,28500,Frequency,42,0.24600231647491455
7M,28500,Frequency,43,0.23449452221393585
7M,28500,Frequency,44,0.2319447547197342
7M,28500,Random,0,0.668461799621582
7M,28500,Random,1,0.6728224754333496
7M,28500,Random,2,0.6932458877563477
7M,28500,Random,3,0.6766981482505798
7M,28500,Random,4,0.6760178804397583
7M,28500,Random,5,0.6636854410171509
7M,28500,Random,6,0.681270956993103
7M,28500,Random,7,0.6807471513748169
7M,28500,Random,8,0.6607397198677063
7M,28500,Random,9,0.6900228261947632
7M,28500,Random,10,0.6885334849357605
7M,28500,Random,11,0.6740285158157349
7M,28500,Random,12,0.6640870571136475
7M,28500,Random,13,0.6801154613494873
7M,28500,Random,14,0.6794489026069641
7M,28500,Random,15,0.6856144666671753
7M,28500,Random,16,0.6906231641769409
7M,28500,Random,17,0.687631368637085
7M,28500,Random,18,0.6774901747703552
7M,28500,Random,19,0.690930187702179
7M,28500,Random,20,0.6710877418518066
7M,28500,Random,21,0.6760565638542175
7M,28500,Random,22,0.6873365044593811
7M,28500,Random,23,0.6875684261322021
7M,28500,Random,24,0.6865160465240479
7M,28500,Random,25,0.6627063155174255
7M,28500,Random,26,0.670511782169342
7M,28500,Random,27,0.6784750819206238
7M,28500,Random,28,0.6884992718696594
7M,28500,Random,29,0.6813854575157166
7M,28500,Random,30,0.6826045513153076
7M,28500,Random,31,0.6770273447036743
7M,28500,Random,32,0.6689336895942688
7M,28500,Random,33,0.6760261654853821
7M,28500,Random,34,0.679969072341919
7M,28500,Random,35,0.6789246797561646
7M,28500,Random,36,0.6657028794288635
7M,28500,Random,37,0.6812500953674316
7M,28500,Random,38,0.686024010181427
7M,28500,Random,39,0.6811679005622864
7M,28500,Random,40,0.6828380227088928
7M,28500,Random,41,0.6826968193054199
7M,28500,Random,42,0.6789377331733704
7M,28500,Random,43,0.6853120923042297
7M,28500,Random,44,0.6524742841720581
7M,0,Global,-1,50.71732711791992
7M,0,Frequency,0,0.2260807603597641
7M,0,Frequency,1,0.22585195302963257
7M,0,Frequency,2,0.22566938400268555
7M,0,Frequency,3,0.22594720125198364
7M,0,Frequency,4,0.22523869574069977
7M,0,Frequency,5,0.2262258231639862
7M,0,Frequency,6,0.22537174820899963
7M,0,Frequency,7,0.22580979764461517
7M,0,Frequency,8,0.22542962431907654
7M,0,Frequency,9,0.22575215995311737
7M,0,Frequency,10,0.22568517923355103
7M,0,Frequency,11,0.22545066475868225
7M,0,Frequency,12,0.22660301625728607
7M,0,Frequency,13,0.22575190663337708
7M,0,Frequency,14,0.22625966370105743
7M,0,Frequency,15,0.22568966448307037
7M,0,Frequency,16,0.22590190172195435
7M,0,Frequency,17,0.22503934800624847
7M,0,Frequency,18,0.22525952756404877
7M,0,Frequency,19,0.22663237154483795
7M,0,Frequency,20,0.2255675494670868
7M,0,Frequency,21,0.22620654106140137
7M,0,Frequency,22,0.22537854313850403
7M,0,Frequency,23,0.22522656619548798
7M,0,Frequency,24,0.22660274803638458
7M,0,Frequency,25,0.2254285216331482
7M,0,Frequency,26,0.22634723782539368
7M,0,Frequency,27,0.22608794271945953
7M,0,Frequency,28,0.22514751553535461
7M,0,Frequency,29,0.22611577808856964
7M,0,Frequency,30,0.22633183002471924
7M,0,Frequency,31,0.22485578060150146
7M,0,Frequency,32,0.22636958956718445
7M,0,Frequency,33,0.2266305387020111
7M,0,Frequency,34,0.225751131772995
7M,0,Frequency,35,0.22579751908779144
7M,0,Frequency,36,0.22600097954273224
7M,0,Frequency,37,0.22555722296237946
7M,0,Frequency,38,0.22601670026779175
7M,0,Frequency,39,0.2257622331380844
7M,0,Frequency,40,0.22589269280433655
7M,0,Frequency,41,0.22600045800209045
7M,0,Frequency,42,0.2261081486940384
7M,0,Frequency,43,0.22568540275096893
7M,0,Frequency,44,0.2260737419128418
7M,0,Random,0,0.22541384398937225
7M,0,Random,1,0.226302832365036
7M,0,Random,2,0.2256060540676117
7M,0,Random,3,0.22638900578022003
7M,0,Random,4,0.22471719980239868
7M,0,Random,5,0.22567293047904968
7M,0,Random,6,0.22590072453022003
7M,0,Random,7,0.2256476730108261
7M,0,Random,8,0.2250632494688034
7M,0,Random,9,0.22558876872062683
7M,0,Random,10,0.22560694813728333
7M,0,Random,11,0.2257814109325409
7M,0,Random,12,0.22601497173309326
7M,0,Random,13,0.22609098255634308
7M,0,Random,14,0.22575776278972626
7M,0,Random,15,0.22558219730854034
7M,0,Random,16,0.225336492061615
7M,0,Random,17,0.2262425422668457
7M,0,Random,18,0.22555367648601532
7M,0,Random,19,0.22650054097175598
7M,0,Random,20,0.22609704732894897
7M,0,Random,21,0.22546379268169403
7M,0,Random,22,0.22640173137187958
7M,0,Random,23,0.2255755513906479
7M,0,Random,24,0.22627447545528412
7M,0,Random,25,0.22591997683048248
7M,0,Random,26,0.22591455280780792
7M,0,Random,27,0.2258141040802002
7M,0,Random,28,0.2259671837091446
7M,0,Random,29,0.22669531404972076
7M,0,Random,30,0.22574207186698914
7M,0,Random,31,0.2261551320552826
7M,0,Random,32,0.22587238252162933
7M,0,Random,33,0.22526490688323975
7M,0,Random,34,0.22670578956604004
7M,0,Random,35,0.22710368037223816
7M,0,Random,36,0.22574728727340698
7M,0,Random,37,0.2260168045759201
7M,0,Random,38,0.2256947159767151
7M,0,Random,39,0.22566941380500793
7M,0,Random,40,0.22561447322368622
7M,0,Random,41,0.2258247584104538
7M,0,Random,42,0.22541211545467377
7M,0,Random,43,0.2253868132829666
7M,0,Random,44,0.22372834384441376
7M,500,Global,-1,53.76607131958008
7M,500,Frequency,0,0.30756431818008423
7M,500,Frequency,1,0.28014877438545227
7M,500,Frequency,2,0.27263233065605164
7M,500,Frequency,3,0.26734182238578796
7M,500,Frequency,4,0.2604004144668579
7M,500,Frequency,5,0.2590758502483368
7M,500,Frequency,6,0.254533976316452
7M,500,Frequency,7,0.25243595242500305
7M,500,Frequency,8,0.2505979537963867
7M,500,Frequency,9,0.24884314835071564
7M,500,Frequency,10,0.24658961594104767
7M,500,Frequency,11,0.24528361856937408
7M,500,Frequency,12,0.24391156435012817
7M,500,Frequency,13,0.24160921573638916
7M,500,Frequency,14,0.24093247950077057
7M,500,Frequency,15,0.23987962305545807
7M,500,Frequency,16,0.2392158806324005
7M,500,Frequency,17,0.2374839037656784
7M,500,Frequency,18,0.23623451590538025
7M,500,Frequency,19,0.2368762046098709
7M,500,Frequency,20,0.2352619618177414
7M,500,Frequency,21,0.23476266860961914
7M,500,Frequency,22,0.23392783105373383
7M,500,Frequency,23,0.23306313157081604
7M,500,Frequency,24,0.23419912159442902
7M,500,Frequency,25,0.23265011608600616
7M,500,Frequency,26,0.2324361652135849
7M,500,Frequency,27,0.23218846321105957
7M,500,Frequency,28,0.23077411949634552
7M,500,Frequency,29,0.2312648743391037
7M,500,Frequency,30,0.23100696504116058
7M,500,Frequency,31,0.2288859486579895
7M,500,Frequency,32,0.22994275391101837
7M,500,Frequency,33,0.2295714169740677
7M,500,Frequency,34,0.22863805294036865
7M,500,Frequency,35,0.22817446291446686
7M,500,Frequency,36,0.22788375616073608
7M,500,Frequency,37,0.22718298435211182
7M,500,Frequency,38,0.22721444070339203
7M,500,Frequency,39,0.22653277218341827
7M,500,Frequency,40,0.22651678323745728
7M,500,Frequency,41,0.22635076940059662
7M,500,Frequency,42,0.2262798696756363
7M,500,Frequency,43,0.2257848083972931
7M,500,Frequency,44,0.2262079417705536
7M,500,Random,0,0.2390531301498413
7M,500,Random,1,0.24131186306476593
7M,500,Random,2,0.2423824816942215
7M,500,Random,3,0.24046002328395844
7M,500,Random,4,0.23901112377643585
7M,500,Random,5,0.23926520347595215
7M,500,Random,6,0.24056532979011536
7M,500,Random,7,0.24062204360961914
7M,500,Random,8,0.23906011879444122
7M,500,Random,9,0.24048087000846863
7M,500,Random,10,0.24091167747974396
7M,500,Random,11,0.23951569199562073
7M,500,Random,12,0.24019454419612885
7M,500,Random,13,0.24015368521213531
7M,500,Random,14,0.2399980127811432
7M,500,Random,15,0.24077437818050385
7M,500,Random,16,0.24048039317131042
7M,500,Random,17,0.24107156693935394
7M,500,Random,18,0.24010474979877472
7M,500,Random,19,0.2413671612739563
7M,500,Random,20,0.24048471450805664
7M,500,Random,21,0.23983289301395416
7M,500,Random,22,0.2409125715494156
7M,500,Random,23,0.24077185988426208
7M,500,Random,24,0.24151018261909485
7M,500,Random,25,0.23920951783657074
7M,500,Random,26,0.23996102809906006
7M,500,Random,27,0.240494966506958
7M,500,Random,28,0.24078921973705292
7M,500,Random,29,0.24137982726097107
7M,500,Random,30,0.24091708660125732
7M,500,Random,31,0.2406785935163498
7M,500,Random,32,0.24056290090084076
7M,500,Random,33,0.23958803713321686
7M,500,Random,34,0.24228814244270325
7M,500,Random,35,0.24138393998146057
7M,500,Random,36,0.23935289680957794
7M,500,Random,37,0.2411089837551117
7M,500,Random,38,0.24018481373786926
7M,500,Random,39,0.23976507782936096
7M,500,Random,40,0.24037697911262512
7M,500,Random,41,0.24087123572826385
7M,500,Random,42,0.2396848201751709
7M,500,Random,43,0.24065078794956207
7M,500,Random,44,0.23641064763069153
7M,1000,Global,-1,57.264801025390625
7M,1000,Frequency,0,0.36574071645736694
7M,1000,Frequency,1,0.3278381824493408
7M,1000,Frequency,2,0.3152325451374054
7M,1000,Frequency,3,0.3074644207954407
7M,1000,Frequency,4,0.2975206673145294
7M,1000,Frequency,5,0.29420703649520874
7M,1000,Frequency,6,0.2864152193069458
7M,1000,Frequency,7,0.2824094295501709
7M,1000,Frequency,8,0.2785743474960327
7M,1000,Frequency,9,0.2747304141521454
7M,1000,Frequency,10,0.27108776569366455
7M,1000,Frequency,11,0.2687564790248871
7M,1000,Frequency,12,0.26541852951049805
7M,1000,Frequency,13,0.2620852291584015
7M,1000,Frequency,14,0.25928571820259094
7M,1000,Frequency,15,0.25838011503219604
7M,1000,Frequency,16,0.2563779354095459
7M,1000,Frequency,17,0.253467321395874
7M,1000,Frequency,18,0.2511773705482483
7M,1000,Frequency,19,0.25098341703414917
7M,1000,Frequency,20,0.24869376420974731
7M,1000,Frequency,21,0.2471780627965927
7M,1000,Frequency,22,0.24622175097465515
7M,1000,Frequency,23,0.24449610710144043
7M,1000,Frequency,24,0.24414068460464478
7M,1000,Frequency,25,0.24230241775512695
7M,1000,Frequency,26,0.24100930988788605
7M,1000,Frequency,27,0.24029693007469177
7M,1000,Frequency,28,0.23784975707530975
7M,1000,Frequency,29,0.23795893788337708
7M,1000,Frequency,30,0.23722350597381592
7M,1000,Frequency,31,0.23475036025047302
7M,1000,Frequency,32,0.2348378747701645
7M,1000,Frequency,33,0.2338879108428955
7M,1000,Frequency,34,0.2319743037223816
7M,1000,Frequency,35,0.23137883841991425
7M,1000,Frequency,36,0.23060369491577148
7M,1000,Frequency,37,0.22909706830978394
7M,1000,Frequency,38,0.22875533998012543
7M,1000,Frequency,39,0.22746075689792633
7M,1000,Frequency,40,0.22711670398712158
7M,1000,Frequency,41,0.22673779726028442
7M,1000,Frequency,42,0.22644846141338348
7M,1000,Frequency,43,0.22595202922821045
7M,1000,Frequency,44,0.22632211446762085
7M,1000,Random,0,0.2541453242301941
7M,1000,Random,1,0.2573103606700897
7M,1000,Random,2,0.2592432498931885
7M,1000,Random,3,0.2563309967517853
7M,1000,Random,4,0.2546526789665222
7M,1000,Random,5,0.2548214793205261
7M,1000,Random,6,0.2559131383895874
7M,1000,Random,7,0.25710436701774597
7M,1000,Random,8,0.25442230701446533
7M,1000,Random,9,0.25606006383895874
7M,1000,Random,10,0.2573436200618744
7M,1000,Random,11,0.2553689479827881
7M,1000,Random,12,0.25527146458625793
7M,1000,Random,13,0.2557225525379181
7M,1000,Random,14,0.2556813955307007
7M,1000,Random,15,0.25719159841537476
7M,1000,Random,16,0.256742924451828
7M,1000,Random,17,0.25762224197387695
7M,1000,Random,18,0.25593793392181396
7M,1000,Random,19,0.2577003240585327
7M,1000,Random,20,0.2558640241622925
7M,1000,Random,21,0.25593799352645874
7M,1000,Random,22,0.2565353214740753
7M,1000,Random,23,0.25721436738967896
7M,1000,Random,24,0.2579522132873535
7M,1000,Random,25,0.25449177622795105
7M,1000,Random,26,0.255531907081604
7M,1000,Random,27,0.25684288144111633
7M,1000,Random,28,0.2574361264705658
7M,1000,Random,29,0.2569246292114258
7M,1000,Random,30,0.25674840807914734
7M,1000,Random,31,0.25601956248283386
7M,1000,Random,32,0.25567683577537537
7M,1000,Random,33,0.2552641034126282
7M,1000,Random,34,0.25816845893859863
7M,1000,Random,35,0.2567586898803711
7M,1000,Random,36,0.254355251789093
7M,1000,Random,37,0.25754237174987793
7M,1000,Random,38,0.2558899521827698
7M,1000,Random,39,0.25561314821243286
7M,1000,Random,40,0.2567138075828552
7M,1000,Random,41,0.2569616734981537
7M,1000,Random,42,0.2554609477519989
7M,1000,Random,43,0.25723129510879517
7M,1000,Random,44,0.24962560832500458
7M,29000,Global,-1,157.4048614501953
7M,29000,Frequency,0,1.1675564050674438
7M,29000,Frequency,1,1.1480584144592285
7M,29000,Frequency,2,1.1342395544052124
7M,29000,Frequency,3,1.10486900806427
7M,29000,Frequency,4,1.0651724338531494
7M,29000,Frequency,5,1.0505284070968628
7M,29000,Frequency,6,1.0179085731506348
7M,29000,Frequency,7,0.9897595047950745
7M,29000,Frequency,8,0.9576890468597412
7M,29000,Frequency,9,0.9318493604660034
7M,29000,Frequency,10,0.9044398665428162
7M,29000,Frequency,11,0.8842064738273621
7M,29000,Frequency,12,0.8556881546974182
7M,29000,Frequency,13,0.8323166370391846
7M,29000,Frequency,14,0.7990869879722595
7M,29000,Frequency,15,0.7928131222724915
7M,29000,Frequency,16,0.7701483964920044
7M,29000,Frequency,17,0.751254141330719
7M,29000,Frequency,18,0.7236889004707336
7M,29000,Frequency,19,0.7152044773101807
7M,29000,Frequency,20,0.6947348713874817
7M,29000,Frequency,21,0.6659924387931824
7M,29000,Frequency,22,0.6666061282157898
7M,29000,Frequency,23,0.6425260305404663
7M,29000,Frequency,24,0.6250292062759399
7M,29000,Frequency,25,0.6080776453018188
7M,29000,Frequency,26,0.5934049487113953
7M,29000,Frequency,27,0.5807293057441711
7M,29000,Frequency,28,0.5624133348464966
7M,29000,Frequency,29,0.5479667782783508
7M,29000,Frequency,30,0.5308887958526611
7M,29000,Frequency,31,0.5075606107711792
7M,29000,Frequency,32,0.49312824010849
7M,29000,Frequency,33,0.4669887125492096
7M,29000,Frequency,34,0.4488893449306488
7M,29000,Frequency,35,0.4243958592414856
7M,29000,Frequency,36,0.401925653219223
7M,29000,Frequency,37,0.3690090477466583
7M,29000,Frequency,38,0.34515613317489624
7M,29000,Frequency,39,0.31148186326026917
7M,29000,Frequency,40,0.28322404623031616
7M,29000,Frequency,41,0.26281434297561646
7M,29000,Frequency,42,0.2462032586336136
7M,29000,Frequency,43,0.23455241322517395
7M,29000,Frequency,44,0.23199142515659332
7M,29000,Random,0,0.6714021563529968
7M,29000,Random,1,0.6754539608955383
7M,29000,Random,2,0.6962248086929321
7M,29000,Random,3,0.6796037554740906
7M,29000,Random,4,0.6789076924324036
7M,29000,Random,5,0.6662757396697998
7M,29000,Random,6,0.6840397119522095
7M,29000,Random,7,0.6834607124328613
7M,29000,Random,8,0.6632947325706482
7M,29000,Random,9,0.6932389736175537
7M,29000,Random,10,0.6914834380149841
7M,29000,Random,11,0.6768453121185303
7M,29000,Random,12,0.6670274138450623
7M,29000,Random,13,0.6830515265464783
7M,29000,Random,14,0.6821596622467041
7M,29000,Random,15,0.6882947683334351
7M,29000,Random,16,0.6934530138969421
7M,29000,Random,17,0.6906635761260986
7M,29000,Random,18,0.6804288625717163
7M,29000,Random,19,0.6938626766204834
7M,29000,Random,20,0.6738896369934082
7M,29000,Random,21,0.6789658069610596
7M,29000,Random,22,0.6903039813041687
7M,29000,Random,23,0.6902692317962646
7M,29000,Random,24,0.689312756061554
7M,29000,Random,25,0.6654187440872192
7M,29000,Random,26,0.6732268333435059
7M,29000,Random,27,0.6809430718421936
7M,29000,Random,28,0.6913151741027832
7M,29000,Random,29,0.6842043399810791
7M,29000,Random,30,0.6852841973304749
7M,29000,Random,31,0.680076003074646
7M,29000,Random,32,0.6716388463973999
7M,29000,Random,33,0.6788947582244873
7M,29000,Random,34,0.6828606128692627
7M,29000,Random,35,0.6815713047981262
7M,29000,Random,36,0.6688560843467712
7M,29000,Random,37,0.684099018573761
7M,29000,Random,38,0.6889090538024902
7M,29000,Random,39,0.6840944290161133
7M,29000,Random,40,0.6858917474746704
7M,29000,Random,41,0.6854977607727051
7M,29000,Random,42,0.6818203330039978
7M,29000,Random,43,0.6883693933486938
7M,29000,Random,44,0.6548510789871216
